# vsim -t 1ps -c -l ./log/vsim_tb_00_report.log work.tb_top -L UNISIMS_VER -L SECUREIP -L SIMPRIMS_VER -L work -voptargs="+acc" work.glbl -wav ./wave/tb_00.wlf 
# Start time: 16:52:53 on Apr 10,2025
# ** Note: (vsim-3813) Design is being optimized due to module recompilation...
# Loading work.tb_top(fast)
# Loading work.SIM_MODEL(fast)
# Loading work.USB_SIM(fast)
# Loading work.sfifo_i32o32_d1024(fast)
# Loading UNISIMS_VER.GND(fast)
# Loading UNISIMS_VER.LUT1(fast)
# Loading UNISIMS_VER.LUT2(fast)
# Loading UNISIMS_VER.LUT3(fast)
# Loading UNISIMS_VER.FDRE(fast)
# Loading UNISIMS_VER.CARRY4(fast)
# Loading UNISIMS_VER.LUT5(fast)
# Loading UNISIMS_VER.LUT5(fast__1)
# Loading UNISIMS_VER.FDSE(fast)
# Loading UNISIMS_VER.LUT4(fast)
# Loading UNISIMS_VER.LUT4(fast__1)
# Loading UNISIMS_VER.LUT3(fast__1)
# Loading UNISIMS_VER.LUT3(fast__2)
# Loading UNISIMS_VER.LUT4(fast__2)
# Loading UNISIMS_VER.LUT6(fast)
# Loading UNISIMS_VER.LUT2(fast__1)
# Loading UNISIMS_VER.LUT3(fast__3)
# Loading UNISIMS_VER.LUT4(fast__3)
# Loading UNISIMS_VER.LUT5(fast__2)
# Loading UNISIMS_VER.LUT6(fast__1)
# Loading UNISIMS_VER.LUT6(fast__2)
# Loading UNISIMS_VER.LUT4(fast__4)
# Loading UNISIMS_VER.LUT2(fast__2)
# Loading UNISIMS_VER.LUT5(fast__3)
# Loading UNISIMS_VER.LUT4(fast__5)
# Loading UNISIMS_VER.LUT1(fast__1)
# Loading UNISIMS_VER.RAMB36E1(fast)
# Loading UNISIMS_VER.RB36_INTERNAL_VLOG(fast)
# Loading work.USB_TOP(fast)
# Loading work.USB_IF(fast)
# Loading UNISIMS_VER.ODDR(fast)
# Loading work.REG_IF(fast)
# Loading work.REG_ACK(fast)
# Loading work.USB_DN_IF(fast)
# Loading work.afifo_i90o90_d512(fast)
# Loading work.afifo_i90o90_d512_xpm_cdc_gray(fast)
# Loading UNISIMS_VER.LUT4(fast__6)
# Loading UNISIMS_VER.LUT3(fast__4)
# Loading UNISIMS_VER.LUT6(fast__3)
# Loading UNISIMS_VER.LUT5(fast__4)
# Loading work.afifo_i90o90_d512_xpm_cdc_gray__2(fast)
# Loading UNISIMS_VER.FDPE(fast)
# Loading UNISIMS_VER.LUT4(fast__7)
# Loading UNISIMS_VER.FDCE(fast)
# Loading UNISIMS_VER.LUT4(fast__8)
# Loading UNISIMS_VER.LUT6(fast__4)
# Loading UNISIMS_VER.LUT5(fast__5)
# Loading UNISIMS_VER.LUT6(fast__5)
# Loading UNISIMS_VER.LUT5(fast__6)
# Loading UNISIMS_VER.LUT5(fast__7)
# Loading UNISIMS_VER.LUT5(fast__8)
# Loading UNISIMS_VER.LUT5(fast__9)
# Loading UNISIMS_VER.RAM64M(fast)
# Loading UNISIMS_VER.LUT6(fast__6)
# Loading UNISIMS_VER.MUXF7(fast)
# Loading UNISIMS_VER.LUT2(fast__3)
# Loading work.afifo_i90o90_d512_xpm_cdc_async_rst(fast)
# Loading UNISIMS_VER.FDPE(fast__1)
# Loading UNISIMS_VER.LUT3(fast__5)
# Loading UNISIMS_VER.LUT5(fast__10)
# Loading work.afifo_i90o90_d512_xpm_cdc_single(fast)
# Loading work.afifo_i90o90_d512_xpm_cdc_single__2(fast)
# Loading work.afifo_i90o90_d512_xpm_cdc_async_rst__1(fast)
# Loading work.afifo_i32o32_d2048(fast)
# Loading work.afifo_i32o32_d2048_xpm_cdc_gray(fast)
# Loading work.afifo_i32o32_d2048_xpm_cdc_gray__2(fast)
# Loading UNISIMS_VER.LUT6(fast__7)
# Loading UNISIMS_VER.FDSE(fast__1)
# Loading UNISIMS_VER.RAMB36E1(fast__1)
# Loading UNISIMS_VER.RB36_INTERNAL_VLOG(fast__1)
# Loading UNISIMS_VER.SRL16E(fast)
# Loading UNISIMS_VER.FDRE(fast__1)
# Loading UNISIMS_VER.LUT3(fast__6)
# Loading UNISIMS_VER.LUT4(fast__9)
# Loading UNISIMS_VER.LUT6(fast__8)
# Loading work.afifo_i32o32_d2048_xpm_cdc_single(fast)
# Loading work.afifo_i32o32_d2048_xpm_cdc_single__2(fast)
# Loading work.afifo_i32o32_d2048_xpm_cdc_sync_rst(fast)
# Loading work.afifo_i32o32_d2048_xpm_cdc_sync_rst__2(fast)
# Loading work.USB_UP_IF(fast)
# Loading work.USB_UP_ARBIT(fast)
# Loading work.BIST_REG(fast)
# Loading work.glbl(fast)
# ** Warning: (vsim-3015) [PCDPC] - Port size (16) does not match connection size (13) for port 'LBUS_ADDR'. The port definition is at: sim_model/sim_model.v(46).
#    Time: 0 ps  Iteration: 0  Instance: /tb_top/U_SIM_MODEL File: sim_model/tb_top.v Line: 389
# ** Warning: (vsim-3015) [PCDPC] - Port size (32) does not match connection size (10) for port 'REG0_OP_ADDR'. The port definition is at: sim_model/sim_model.v(63).
#    Time: 0 ps  Iteration: 0  Instance: /tb_top/U_SIM_MODEL File: sim_model/tb_top.v Line: 389
# ** Warning: (vsim-3015) [PCDPC] - Port size (32) does not match connection size (10) for port 'REG1_OP_ADDR'. The port definition is at: sim_model/sim_model.v(71).
#    Time: 0 ps  Iteration: 0  Instance: /tb_top/U_SIM_MODEL File: sim_model/tb_top.v Line: 389
# ** Warning: (vsim-3015) [PCDPC] - Port size (32) does not match connection size (10) for port 'REG2_OP_ADDR'. The port definition is at: sim_model/sim_model.v(79).
#    Time: 0 ps  Iteration: 0  Instance: /tb_top/U_SIM_MODEL File: sim_model/tb_top.v Line: 389
# ** Warning: (vsim-3015) [PCDPC] - Port size (32) does not match connection size (10) for port 'REG3_OP_ADDR'. The port definition is at: sim_model/sim_model.v(87).
#    Time: 0 ps  Iteration: 0  Instance: /tb_top/U_SIM_MODEL File: sim_model/tb_top.v Line: 389
# ** Warning: (vsim-3015) [PCDPC] - Port size (32) does not match connection size (10) for port 'REG4_OP_ADDR'. The port definition is at: sim_model/sim_model.v(95).
#    Time: 0 ps  Iteration: 0  Instance: /tb_top/U_SIM_MODEL File: sim_model/tb_top.v Line: 389
# ** Warning: (vsim-3015) [PCDPC] - Port size (32) does not match connection size (10) for port 'REG5_OP_ADDR'. The port definition is at: sim_model/sim_model.v(103).
#    Time: 0 ps  Iteration: 0  Instance: /tb_top/U_SIM_MODEL File: sim_model/tb_top.v Line: 389
# ** Warning: (vsim-3015) [PCDPC] - Port size (32) does not match connection size (10) for port 'REG6_OP_ADDR'. The port definition is at: sim_model/sim_model.v(111).
#    Time: 0 ps  Iteration: 0  Instance: /tb_top/U_SIM_MODEL File: sim_model/tb_top.v Line: 389
# ** Warning: (vsim-3015) [PCDPC] - Port size (32) does not match connection size (10) for port 'REG7_OP_ADDR'. The port definition is at: sim_model/sim_model.v(119).
#    Time: 0 ps  Iteration: 0  Instance: /tb_top/U_SIM_MODEL File: sim_model/tb_top.v Line: 389
# ** Warning: (vsim-3015) [PCDPC] - Port size (12) does not match connection size (16) for port 'DRAM2_WR_SIZE'. The port definition is at: sim_model/sim_model.v(237).
#    Time: 0 ps  Iteration: 0  Instance: /tb_top/U_SIM_MODEL File: sim_model/tb_top.v Line: 389
# ** Warning: (vsim-3015) [PCDPC] - Port size (12) does not match connection size (16) for port 'DRAM3_WR_SIZE'. The port definition is at: sim_model/sim_model.v(256).
#    Time: 0 ps  Iteration: 0  Instance: /tb_top/U_SIM_MODEL File: sim_model/tb_top.v Line: 389
# ** Warning: (vsim-3015) [PCDPC] - Port size (12) does not match connection size (16) for port 'DRAM4_WR_SIZE'. The port definition is at: sim_model/sim_model.v(275).
#    Time: 0 ps  Iteration: 0  Instance: /tb_top/U_SIM_MODEL File: sim_model/tb_top.v Line: 389
# ** Warning: (vsim-3015) [PCDPC] - Port size (12) does not match connection size (16) for port 'DRAM5_WR_SIZE'. The port definition is at: sim_model/sim_model.v(294).
#    Time: 0 ps  Iteration: 0  Instance: /tb_top/U_SIM_MODEL File: sim_model/tb_top.v Line: 389
# ** Warning: (vsim-3015) [PCDPC] - Port size (12) does not match connection size (16) for port 'DRAM6_WR_SIZE'. The port definition is at: sim_model/sim_model.v(313).
#    Time: 0 ps  Iteration: 0  Instance: /tb_top/U_SIM_MODEL File: sim_model/tb_top.v Line: 389
# ** Warning: (vsim-3015) [PCDPC] - Port size (32) does not match connection size (1) for port 'dout'. The port definition is at: ../rtl/00_xilinx_ip/00_afifo/afifo_i32o32_d2048/afifo_i32o32_d2048_sim_netlist.V(24).
#    Time: 0 ps  Iteration: 0  Instance: /tb_top/U_USB_TOP/U_USB_DN_IF/U_DN_LBUF File: ../rtl/03_usb/usb_dn_if.v Line: 306
# ** Warning: (vsim-3015) [PCDPC] - Port size (32) does not match connection size (1) for port 'dout'. The port definition is at: ../rtl/00_xilinx_ip/00_afifo/afifo_i32o32_d2048/afifo_i32o32_d2048_sim_netlist.V(24).
#    Time: 0 ps  Iteration: 0  Instance: /tb_top/U_USB_TOP/U_USB_UP_IF/U_DN_LBUF File: ../rtl/03_usb/usb_up_if.v Line: 289
# ** Warning: (vsim-PLI-3406) Too many digits (16) in data on line 1 of file "tb_pattern/tb_00/file_i/dram0_exp.txt". (Max is 8.)    : sim_model/sim_model.v(1206)
#    Time: 0 ps  Iteration: 0  Instance: /tb_top/U_SIM_MODEL
# ** Warning: (vsim-PLI-3406) Too many digits (16) in data on line 1 of file "tb_pattern/tb_00/file_i/dram1_exp.txt". (Max is 8.)    : sim_model/sim_model.v(1207)
#    Time: 0 ps  Iteration: 0  Instance: /tb_top/U_SIM_MODEL
#  
# ******<<<<<<<<<<<<<<<<<<<<<<Simulation tb_00 start>>>>>>>>>>>>>>>>>>>>>>> ******
#  
# ---- Initial simulation
# ---- clock ---- 1111 ---- enable
# ---- Wait for  64 cycles
# ---- Wait for  64 cycles end
# ---- Wait for  16 cycles
# ---- Wait for  16 cycles end
# ---- reseting by cycle
# ---- reset0   64 cycle end
# ---- Wait for  16 cycles
# ---- Wait for  16 cycles end
# ---- reseting by ns
# ---- reset1  255 ns end
# ---- Write register   PORT :0x0    ADD :0x00000200    DATA :0x89abcd0e
# ---- Wait for  16 cycles
# ---- Wait for  16 cycles end
# ---- Wait for  64 cycles
# ---- Wait for  64 cycles end
# ---- DRAM write PORT :0x01    ADD :0x0000010    SIZE :0x080
# ---- DRAM write end
# ---- Wait for  16 cycles
# ---- Wait for  16 cycles end
# ---- Wait for 128 cycles
# ---- Wait for 128 cycles end
# ---- DRAM read PORT :0x02    ADD :0x0000010    SIZE :0x080
# ---- [Error      ]Read dram wait data timeout
# ---- [Error      ]DRAM  PORT :0x02    ADD :0x0000010    SIZE :0x080    faild read end
# ---- Wait for  16 cycles
# ---- Wait for  16 cycles end
# ---- Wait for 255 cycles
# ---- Wait for 255 cycles end
# ---- tb_00 test completed !
#  
# ******<<<<<<<<<<<<<<<<<<<<<<Simulation tb_00 Fail End>>>>>>>>>>>>>>>>>>>>>>> ******
#  
do do/tb_00.do
# Model Technology ModelSim SE-64 vlog 2020.4 Compiler 2020.10 Oct 13 2020
# Start time: 16:54:08 on Apr 10,2025
# vlog -reportprogress 300 "+define+tb_00=1" -work work sim_model\define\define.v 
# End time: 16:54:08 on Apr 10,2025, Elapsed time: 0:00:00
# Errors: 0, Warnings: 0
# Model Technology ModelSim SE-64 vlog 2020.4 Compiler 2020.10 Oct 13 2020
# Start time: 16:54:08 on Apr 10,2025
# vlog -reportprogress 300 "+define+tb_00=1" -work work "+incdir+{sim_modeldefine}" sim_model\tb_top.v 
# -- Compiling module tb_top
# 
# Top level modules:
# 	tb_top
# End time: 16:54:08 on Apr 10,2025, Elapsed time: 0:00:00
# Errors: 0, Warnings: 0
# End time: 16:54:11 on Apr 10,2025, Elapsed time: 0:01:18
# Errors: 0, Warnings: 18
# vsim -t 1ps -c -l ./log/vsim_tb_00_report.log work.tb_top -L UNISIMS_VER -L SECUREIP -L SIMPRIMS_VER -L work -voptargs="+acc" work.glbl -wav ./wave/tb_00.wlf 
# Start time: 16:54:11 on Apr 10,2025
# ** Note: (vsim-8009) Loading existing optimized design _opt
# Loading work.tb_top(fast)
# Loading work.SIM_MODEL(fast)
# Loading work.USB_SIM(fast)
# Loading work.sfifo_i32o32_d1024(fast)
# Loading UNISIMS_VER.GND(fast)
# Loading UNISIMS_VER.LUT1(fast)
# Loading UNISIMS_VER.LUT2(fast)
# Loading UNISIMS_VER.LUT3(fast)
# Loading UNISIMS_VER.FDRE(fast)
# Loading UNISIMS_VER.CARRY4(fast)
# Loading UNISIMS_VER.LUT5(fast)
# Loading UNISIMS_VER.LUT5(fast__1)
# Loading UNISIMS_VER.FDSE(fast)
# Loading UNISIMS_VER.LUT4(fast)
# Loading UNISIMS_VER.LUT4(fast__1)
# Loading UNISIMS_VER.LUT3(fast__1)
# Loading UNISIMS_VER.LUT3(fast__2)
# Loading UNISIMS_VER.LUT4(fast__2)
# Loading UNISIMS_VER.LUT6(fast)
# Loading UNISIMS_VER.LUT2(fast__1)
# Loading UNISIMS_VER.LUT3(fast__3)
# Loading UNISIMS_VER.LUT4(fast__3)
# Loading UNISIMS_VER.LUT5(fast__2)
# Loading UNISIMS_VER.LUT6(fast__1)
# Loading UNISIMS_VER.LUT6(fast__2)
# Loading UNISIMS_VER.LUT4(fast__4)
# Loading UNISIMS_VER.LUT2(fast__2)
# Loading UNISIMS_VER.LUT5(fast__3)
# Loading UNISIMS_VER.LUT4(fast__5)
# Loading UNISIMS_VER.LUT1(fast__1)
# Loading UNISIMS_VER.RAMB36E1(fast)
# Loading UNISIMS_VER.RB36_INTERNAL_VLOG(fast)
# Loading work.USB_TOP(fast)
# Loading work.USB_IF(fast)
# Loading UNISIMS_VER.ODDR(fast)
# Loading work.REG_IF(fast)
# Loading work.REG_ACK(fast)
# Loading work.USB_DN_IF(fast)
# Loading work.afifo_i90o90_d512(fast)
# Loading work.afifo_i90o90_d512_xpm_cdc_gray(fast)
# Loading UNISIMS_VER.LUT4(fast__6)
# Loading UNISIMS_VER.LUT3(fast__4)
# Loading UNISIMS_VER.LUT6(fast__3)
# Loading UNISIMS_VER.LUT5(fast__4)
# Loading work.afifo_i90o90_d512_xpm_cdc_gray__2(fast)
# Loading UNISIMS_VER.FDPE(fast)
# Loading UNISIMS_VER.LUT4(fast__7)
# Loading UNISIMS_VER.FDCE(fast)
# Loading UNISIMS_VER.LUT4(fast__8)
# Loading UNISIMS_VER.LUT6(fast__4)
# Loading UNISIMS_VER.LUT5(fast__5)
# Loading UNISIMS_VER.LUT6(fast__5)
# Loading UNISIMS_VER.LUT5(fast__6)
# Loading UNISIMS_VER.LUT5(fast__7)
# Loading UNISIMS_VER.LUT5(fast__8)
# Loading UNISIMS_VER.LUT5(fast__9)
# Loading UNISIMS_VER.RAM64M(fast)
# Loading UNISIMS_VER.LUT6(fast__6)
# Loading UNISIMS_VER.MUXF7(fast)
# Loading UNISIMS_VER.LUT2(fast__3)
# Loading work.afifo_i90o90_d512_xpm_cdc_async_rst(fast)
# Loading UNISIMS_VER.FDPE(fast__1)
# Loading UNISIMS_VER.LUT3(fast__5)
# Loading UNISIMS_VER.LUT5(fast__10)
# Loading work.afifo_i90o90_d512_xpm_cdc_single(fast)
# Loading work.afifo_i90o90_d512_xpm_cdc_single__2(fast)
# Loading work.afifo_i90o90_d512_xpm_cdc_async_rst__1(fast)
# Loading work.afifo_i32o32_d2048(fast)
# Loading work.afifo_i32o32_d2048_xpm_cdc_gray(fast)
# Loading work.afifo_i32o32_d2048_xpm_cdc_gray__2(fast)
# Loading UNISIMS_VER.LUT6(fast__7)
# Loading UNISIMS_VER.FDSE(fast__1)
# Loading UNISIMS_VER.RAMB36E1(fast__1)
# Loading UNISIMS_VER.RB36_INTERNAL_VLOG(fast__1)
# Loading UNISIMS_VER.SRL16E(fast)
# Loading UNISIMS_VER.FDRE(fast__1)
# Loading UNISIMS_VER.LUT3(fast__6)
# Loading UNISIMS_VER.LUT4(fast__9)
# Loading UNISIMS_VER.LUT6(fast__8)
# Loading work.afifo_i32o32_d2048_xpm_cdc_single(fast)
# Loading work.afifo_i32o32_d2048_xpm_cdc_single__2(fast)
# Loading work.afifo_i32o32_d2048_xpm_cdc_sync_rst(fast)
# Loading work.afifo_i32o32_d2048_xpm_cdc_sync_rst__2(fast)
# Loading work.USB_UP_IF(fast)
# Loading work.USB_UP_ARBIT(fast)
# Loading work.BIST_REG(fast)
# Loading work.glbl(fast)
# ** Warning: (vsim-3015) [PCDPC] - Port size (16) does not match connection size (13) for port 'LBUS_ADDR'. The port definition is at: sim_model/sim_model.v(46).
#    Time: 0 ps  Iteration: 0  Instance: /tb_top/U_SIM_MODEL File: sim_model/tb_top.v Line: 389
# ** Warning: (vsim-3015) [PCDPC] - Port size (32) does not match connection size (10) for port 'REG0_OP_ADDR'. The port definition is at: sim_model/sim_model.v(63).
#    Time: 0 ps  Iteration: 0  Instance: /tb_top/U_SIM_MODEL File: sim_model/tb_top.v Line: 389
# ** Warning: (vsim-3015) [PCDPC] - Port size (32) does not match connection size (10) for port 'REG1_OP_ADDR'. The port definition is at: sim_model/sim_model.v(71).
#    Time: 0 ps  Iteration: 0  Instance: /tb_top/U_SIM_MODEL File: sim_model/tb_top.v Line: 389
# ** Warning: (vsim-3015) [PCDPC] - Port size (32) does not match connection size (10) for port 'REG2_OP_ADDR'. The port definition is at: sim_model/sim_model.v(79).
#    Time: 0 ps  Iteration: 0  Instance: /tb_top/U_SIM_MODEL File: sim_model/tb_top.v Line: 389
# ** Warning: (vsim-3015) [PCDPC] - Port size (32) does not match connection size (10) for port 'REG3_OP_ADDR'. The port definition is at: sim_model/sim_model.v(87).
#    Time: 0 ps  Iteration: 0  Instance: /tb_top/U_SIM_MODEL File: sim_model/tb_top.v Line: 389
# ** Warning: (vsim-3015) [PCDPC] - Port size (32) does not match connection size (10) for port 'REG4_OP_ADDR'. The port definition is at: sim_model/sim_model.v(95).
#    Time: 0 ps  Iteration: 0  Instance: /tb_top/U_SIM_MODEL File: sim_model/tb_top.v Line: 389
# ** Warning: (vsim-3015) [PCDPC] - Port size (32) does not match connection size (10) for port 'REG5_OP_ADDR'. The port definition is at: sim_model/sim_model.v(103).
#    Time: 0 ps  Iteration: 0  Instance: /tb_top/U_SIM_MODEL File: sim_model/tb_top.v Line: 389
# ** Warning: (vsim-3015) [PCDPC] - Port size (32) does not match connection size (10) for port 'REG6_OP_ADDR'. The port definition is at: sim_model/sim_model.v(111).
#    Time: 0 ps  Iteration: 0  Instance: /tb_top/U_SIM_MODEL File: sim_model/tb_top.v Line: 389
# ** Warning: (vsim-3015) [PCDPC] - Port size (32) does not match connection size (10) for port 'REG7_OP_ADDR'. The port definition is at: sim_model/sim_model.v(119).
#    Time: 0 ps  Iteration: 0  Instance: /tb_top/U_SIM_MODEL File: sim_model/tb_top.v Line: 389
# ** Warning: (vsim-3015) [PCDPC] - Port size (12) does not match connection size (16) for port 'DRAM2_WR_SIZE'. The port definition is at: sim_model/sim_model.v(237).
#    Time: 0 ps  Iteration: 0  Instance: /tb_top/U_SIM_MODEL File: sim_model/tb_top.v Line: 389
# ** Warning: (vsim-3015) [PCDPC] - Port size (12) does not match connection size (16) for port 'DRAM3_WR_SIZE'. The port definition is at: sim_model/sim_model.v(256).
#    Time: 0 ps  Iteration: 0  Instance: /tb_top/U_SIM_MODEL File: sim_model/tb_top.v Line: 389
# ** Warning: (vsim-3015) [PCDPC] - Port size (12) does not match connection size (16) for port 'DRAM4_WR_SIZE'. The port definition is at: sim_model/sim_model.v(275).
#    Time: 0 ps  Iteration: 0  Instance: /tb_top/U_SIM_MODEL File: sim_model/tb_top.v Line: 389
# ** Warning: (vsim-3015) [PCDPC] - Port size (12) does not match connection size (16) for port 'DRAM5_WR_SIZE'. The port definition is at: sim_model/sim_model.v(294).
#    Time: 0 ps  Iteration: 0  Instance: /tb_top/U_SIM_MODEL File: sim_model/tb_top.v Line: 389
# ** Warning: (vsim-3015) [PCDPC] - Port size (12) does not match connection size (16) for port 'DRAM6_WR_SIZE'. The port definition is at: sim_model/sim_model.v(313).
#    Time: 0 ps  Iteration: 0  Instance: /tb_top/U_SIM_MODEL File: sim_model/tb_top.v Line: 389
# ** Warning: (vsim-3015) [PCDPC] - Port size (32) does not match connection size (1) for port 'dout'. The port definition is at: ../rtl/00_xilinx_ip/00_afifo/afifo_i32o32_d2048/afifo_i32o32_d2048_sim_netlist.V(24).
#    Time: 0 ps  Iteration: 0  Instance: /tb_top/U_USB_TOP/U_USB_DN_IF/U_DN_LBUF File: ../rtl/03_usb/usb_dn_if.v Line: 306
# ** Warning: (vsim-3015) [PCDPC] - Port size (32) does not match connection size (1) for port 'dout'. The port definition is at: ../rtl/00_xilinx_ip/00_afifo/afifo_i32o32_d2048/afifo_i32o32_d2048_sim_netlist.V(24).
#    Time: 0 ps  Iteration: 0  Instance: /tb_top/U_USB_TOP/U_USB_UP_IF/U_DN_LBUF File: ../rtl/03_usb/usb_up_if.v Line: 289
# ** Warning: (vsim-PLI-3406) Too many digits (16) in data on line 1 of file "tb_pattern/tb_00/file_i/dram0_exp.txt". (Max is 8.)    : sim_model/sim_model.v(1206)
#    Time: 0 ps  Iteration: 0  Instance: /tb_top/U_SIM_MODEL
# ** Warning: (vsim-PLI-3406) Too many digits (16) in data on line 1 of file "tb_pattern/tb_00/file_i/dram1_exp.txt". (Max is 8.)    : sim_model/sim_model.v(1207)
#    Time: 0 ps  Iteration: 0  Instance: /tb_top/U_SIM_MODEL
#  
# ******<<<<<<<<<<<<<<<<<<<<<<Simulation tb_00 start>>>>>>>>>>>>>>>>>>>>>>> ******
#  
# ---- Initial simulation
# ---- clock ---- 1111 ---- enable
# ---- Wait for  64 cycles
# ---- Wait for  64 cycles end
# ---- Wait for  16 cycles
# ---- Wait for  16 cycles end
# ---- reseting by cycle
# ---- reset0   64 cycle end
# ---- Wait for  16 cycles
# ---- Wait for  16 cycles end
# ---- reseting by ns
# ---- reset1  255 ns end
# ---- Write register   PORT :0x0    ADD :0x00000200    DATA :0x89abcd0e
# ---- Wait for  16 cycles
# ---- Wait for  16 cycles end
# ---- Wait for  64 cycles
# ---- Wait for  64 cycles end
# ---- DRAM write PORT :0x01    ADD :0x0000010    SIZE :0x080
# ---- DRAM write end
# ---- Wait for  16 cycles
# ---- Wait for  16 cycles end
# ---- Wait for 128 cycles
# ---- Wait for 128 cycles end
# ---- DRAM write PORT :0x02    ADD :0x0000010    SIZE :0x080
# ---- DRAM write end
# ---- Wait for  16 cycles
# ---- Wait for  16 cycles end
# ---- Wait for 255 cycles
# ---- Wait for 255 cycles end
# ---- tb_00 test completed !
#  
# ******<<<<<<<<<<<<<<<<<<<<Simulation tb_00 Successful End>>>>>>>>>>>>>>>>>>> ******
#  
do do/tb_00.do
# Model Technology ModelSim SE-64 vlog 2020.4 Compiler 2020.10 Oct 13 2020
# Start time: 16:55:35 on Apr 10,2025
# vlog -reportprogress 300 "+define+tb_00=1" -work work sim_model\define\define.v 
# End time: 16:55:35 on Apr 10,2025, Elapsed time: 0:00:00
# Errors: 0, Warnings: 0
# Model Technology ModelSim SE-64 vlog 2020.4 Compiler 2020.10 Oct 13 2020
# Start time: 16:55:35 on Apr 10,2025
# vlog -reportprogress 300 "+define+tb_00=1" -work work "+incdir+{sim_modeldefine}" sim_model\tb_top.v 
# -- Compiling module tb_top
# 
# Top level modules:
# 	tb_top
# End time: 16:55:36 on Apr 10,2025, Elapsed time: 0:00:01
# Errors: 0, Warnings: 0
# End time: 16:55:38 on Apr 10,2025, Elapsed time: 0:01:27
# Errors: 0, Warnings: 18
# vsim -t 1ps -c -l ./log/vsim_tb_00_report.log work.tb_top -L UNISIMS_VER -L SECUREIP -L SIMPRIMS_VER -L work -voptargs="+acc" work.glbl -wav ./wave/tb_00.wlf 
# Start time: 16:55:38 on Apr 10,2025
# ** Note: (vsim-8009) Loading existing optimized design _opt
# Loading work.tb_top(fast)
# Loading work.SIM_MODEL(fast)
# Loading work.USB_SIM(fast)
# Loading work.sfifo_i32o32_d1024(fast)
# Loading UNISIMS_VER.GND(fast)
# Loading UNISIMS_VER.LUT1(fast)
# Loading UNISIMS_VER.LUT2(fast)
# Loading UNISIMS_VER.LUT3(fast)
# Loading UNISIMS_VER.FDRE(fast)
# Loading UNISIMS_VER.CARRY4(fast)
# Loading UNISIMS_VER.LUT5(fast)
# Loading UNISIMS_VER.LUT5(fast__1)
# Loading UNISIMS_VER.FDSE(fast)
# Loading UNISIMS_VER.LUT4(fast)
# Loading UNISIMS_VER.LUT4(fast__1)
# Loading UNISIMS_VER.LUT3(fast__1)
# Loading UNISIMS_VER.LUT3(fast__2)
# Loading UNISIMS_VER.LUT4(fast__2)
# Loading UNISIMS_VER.LUT6(fast)
# Loading UNISIMS_VER.LUT2(fast__1)
# Loading UNISIMS_VER.LUT3(fast__3)
# Loading UNISIMS_VER.LUT4(fast__3)
# Loading UNISIMS_VER.LUT5(fast__2)
# Loading UNISIMS_VER.LUT6(fast__1)
# Loading UNISIMS_VER.LUT6(fast__2)
# Loading UNISIMS_VER.LUT4(fast__4)
# Loading UNISIMS_VER.LUT2(fast__2)
# Loading UNISIMS_VER.LUT5(fast__3)
# Loading UNISIMS_VER.LUT4(fast__5)
# Loading UNISIMS_VER.LUT1(fast__1)
# Loading UNISIMS_VER.RAMB36E1(fast)
# Loading UNISIMS_VER.RB36_INTERNAL_VLOG(fast)
# Loading work.USB_TOP(fast)
# Loading work.USB_IF(fast)
# Loading UNISIMS_VER.ODDR(fast)
# Loading work.REG_IF(fast)
# Loading work.REG_ACK(fast)
# Loading work.USB_DN_IF(fast)
# Loading work.afifo_i90o90_d512(fast)
# Loading work.afifo_i90o90_d512_xpm_cdc_gray(fast)
# Loading UNISIMS_VER.LUT4(fast__6)
# Loading UNISIMS_VER.LUT3(fast__4)
# Loading UNISIMS_VER.LUT6(fast__3)
# Loading UNISIMS_VER.LUT5(fast__4)
# Loading work.afifo_i90o90_d512_xpm_cdc_gray__2(fast)
# Loading UNISIMS_VER.FDPE(fast)
# Loading UNISIMS_VER.LUT4(fast__7)
# Loading UNISIMS_VER.FDCE(fast)
# Loading UNISIMS_VER.LUT4(fast__8)
# Loading UNISIMS_VER.LUT6(fast__4)
# Loading UNISIMS_VER.LUT5(fast__5)
# Loading UNISIMS_VER.LUT6(fast__5)
# Loading UNISIMS_VER.LUT5(fast__6)
# Loading UNISIMS_VER.LUT5(fast__7)
# Loading UNISIMS_VER.LUT5(fast__8)
# Loading UNISIMS_VER.LUT5(fast__9)
# Loading UNISIMS_VER.RAM64M(fast)
# Loading UNISIMS_VER.LUT6(fast__6)
# Loading UNISIMS_VER.MUXF7(fast)
# Loading UNISIMS_VER.LUT2(fast__3)
# Loading work.afifo_i90o90_d512_xpm_cdc_async_rst(fast)
# Loading UNISIMS_VER.FDPE(fast__1)
# Loading UNISIMS_VER.LUT3(fast__5)
# Loading UNISIMS_VER.LUT5(fast__10)
# Loading work.afifo_i90o90_d512_xpm_cdc_single(fast)
# Loading work.afifo_i90o90_d512_xpm_cdc_single__2(fast)
# Loading work.afifo_i90o90_d512_xpm_cdc_async_rst__1(fast)
# Loading work.afifo_i32o32_d2048(fast)
# Loading work.afifo_i32o32_d2048_xpm_cdc_gray(fast)
# Loading work.afifo_i32o32_d2048_xpm_cdc_gray__2(fast)
# Loading UNISIMS_VER.LUT6(fast__7)
# Loading UNISIMS_VER.FDSE(fast__1)
# Loading UNISIMS_VER.RAMB36E1(fast__1)
# Loading UNISIMS_VER.RB36_INTERNAL_VLOG(fast__1)
# Loading UNISIMS_VER.SRL16E(fast)
# Loading UNISIMS_VER.FDRE(fast__1)
# Loading UNISIMS_VER.LUT3(fast__6)
# Loading UNISIMS_VER.LUT4(fast__9)
# Loading UNISIMS_VER.LUT6(fast__8)
# Loading work.afifo_i32o32_d2048_xpm_cdc_single(fast)
# Loading work.afifo_i32o32_d2048_xpm_cdc_single__2(fast)
# Loading work.afifo_i32o32_d2048_xpm_cdc_sync_rst(fast)
# Loading work.afifo_i32o32_d2048_xpm_cdc_sync_rst__2(fast)
# Loading work.USB_UP_IF(fast)
# Loading work.USB_UP_ARBIT(fast)
# Loading work.BIST_REG(fast)
# Loading work.glbl(fast)
# ** Warning: (vsim-3015) [PCDPC] - Port size (16) does not match connection size (13) for port 'LBUS_ADDR'. The port definition is at: sim_model/sim_model.v(46).
#    Time: 0 ps  Iteration: 0  Instance: /tb_top/U_SIM_MODEL File: sim_model/tb_top.v Line: 389
# ** Warning: (vsim-3015) [PCDPC] - Port size (32) does not match connection size (10) for port 'REG0_OP_ADDR'. The port definition is at: sim_model/sim_model.v(63).
#    Time: 0 ps  Iteration: 0  Instance: /tb_top/U_SIM_MODEL File: sim_model/tb_top.v Line: 389
# ** Warning: (vsim-3015) [PCDPC] - Port size (32) does not match connection size (10) for port 'REG1_OP_ADDR'. The port definition is at: sim_model/sim_model.v(71).
#    Time: 0 ps  Iteration: 0  Instance: /tb_top/U_SIM_MODEL File: sim_model/tb_top.v Line: 389
# ** Warning: (vsim-3015) [PCDPC] - Port size (32) does not match connection size (10) for port 'REG2_OP_ADDR'. The port definition is at: sim_model/sim_model.v(79).
#    Time: 0 ps  Iteration: 0  Instance: /tb_top/U_SIM_MODEL File: sim_model/tb_top.v Line: 389
# ** Warning: (vsim-3015) [PCDPC] - Port size (32) does not match connection size (10) for port 'REG3_OP_ADDR'. The port definition is at: sim_model/sim_model.v(87).
#    Time: 0 ps  Iteration: 0  Instance: /tb_top/U_SIM_MODEL File: sim_model/tb_top.v Line: 389
# ** Warning: (vsim-3015) [PCDPC] - Port size (32) does not match connection size (10) for port 'REG4_OP_ADDR'. The port definition is at: sim_model/sim_model.v(95).
#    Time: 0 ps  Iteration: 0  Instance: /tb_top/U_SIM_MODEL File: sim_model/tb_top.v Line: 389
# ** Warning: (vsim-3015) [PCDPC] - Port size (32) does not match connection size (10) for port 'REG5_OP_ADDR'. The port definition is at: sim_model/sim_model.v(103).
#    Time: 0 ps  Iteration: 0  Instance: /tb_top/U_SIM_MODEL File: sim_model/tb_top.v Line: 389
# ** Warning: (vsim-3015) [PCDPC] - Port size (32) does not match connection size (10) for port 'REG6_OP_ADDR'. The port definition is at: sim_model/sim_model.v(111).
#    Time: 0 ps  Iteration: 0  Instance: /tb_top/U_SIM_MODEL File: sim_model/tb_top.v Line: 389
# ** Warning: (vsim-3015) [PCDPC] - Port size (32) does not match connection size (10) for port 'REG7_OP_ADDR'. The port definition is at: sim_model/sim_model.v(119).
#    Time: 0 ps  Iteration: 0  Instance: /tb_top/U_SIM_MODEL File: sim_model/tb_top.v Line: 389
# ** Warning: (vsim-3015) [PCDPC] - Port size (12) does not match connection size (16) for port 'DRAM2_WR_SIZE'. The port definition is at: sim_model/sim_model.v(237).
#    Time: 0 ps  Iteration: 0  Instance: /tb_top/U_SIM_MODEL File: sim_model/tb_top.v Line: 389
# ** Warning: (vsim-3015) [PCDPC] - Port size (12) does not match connection size (16) for port 'DRAM3_WR_SIZE'. The port definition is at: sim_model/sim_model.v(256).
#    Time: 0 ps  Iteration: 0  Instance: /tb_top/U_SIM_MODEL File: sim_model/tb_top.v Line: 389
# ** Warning: (vsim-3015) [PCDPC] - Port size (12) does not match connection size (16) for port 'DRAM4_WR_SIZE'. The port definition is at: sim_model/sim_model.v(275).
#    Time: 0 ps  Iteration: 0  Instance: /tb_top/U_SIM_MODEL File: sim_model/tb_top.v Line: 389
# ** Warning: (vsim-3015) [PCDPC] - Port size (12) does not match connection size (16) for port 'DRAM5_WR_SIZE'. The port definition is at: sim_model/sim_model.v(294).
#    Time: 0 ps  Iteration: 0  Instance: /tb_top/U_SIM_MODEL File: sim_model/tb_top.v Line: 389
# ** Warning: (vsim-3015) [PCDPC] - Port size (12) does not match connection size (16) for port 'DRAM6_WR_SIZE'. The port definition is at: sim_model/sim_model.v(313).
#    Time: 0 ps  Iteration: 0  Instance: /tb_top/U_SIM_MODEL File: sim_model/tb_top.v Line: 389
# ** Warning: (vsim-3015) [PCDPC] - Port size (32) does not match connection size (1) for port 'dout'. The port definition is at: ../rtl/00_xilinx_ip/00_afifo/afifo_i32o32_d2048/afifo_i32o32_d2048_sim_netlist.V(24).
#    Time: 0 ps  Iteration: 0  Instance: /tb_top/U_USB_TOP/U_USB_DN_IF/U_DN_LBUF File: ../rtl/03_usb/usb_dn_if.v Line: 306
# ** Warning: (vsim-3015) [PCDPC] - Port size (32) does not match connection size (1) for port 'dout'. The port definition is at: ../rtl/00_xilinx_ip/00_afifo/afifo_i32o32_d2048/afifo_i32o32_d2048_sim_netlist.V(24).
#    Time: 0 ps  Iteration: 0  Instance: /tb_top/U_USB_TOP/U_USB_UP_IF/U_DN_LBUF File: ../rtl/03_usb/usb_up_if.v Line: 289
# ** Warning: (vsim-PLI-3406) Too many digits (16) in data on line 1 of file "tb_pattern/tb_00/file_i/dram0_exp.txt". (Max is 8.)    : sim_model/sim_model.v(1206)
#    Time: 0 ps  Iteration: 0  Instance: /tb_top/U_SIM_MODEL
# ** Warning: (vsim-PLI-3406) Too many digits (16) in data on line 1 of file "tb_pattern/tb_00/file_i/dram1_exp.txt". (Max is 8.)    : sim_model/sim_model.v(1207)
#    Time: 0 ps  Iteration: 0  Instance: /tb_top/U_SIM_MODEL
#  
# ******<<<<<<<<<<<<<<<<<<<<<<Simulation tb_00 start>>>>>>>>>>>>>>>>>>>>>>> ******
#  
# ---- Initial simulation
# ---- clock ---- 1111 ---- enable
# ---- Wait for  64 cycles
# ---- Wait for  64 cycles end
# ---- Wait for  16 cycles
# ---- Wait for  16 cycles end
# ---- reseting by cycle
# ---- reset0   64 cycle end
# ---- Wait for  16 cycles
# ---- Wait for  16 cycles end
# ---- reseting by ns
# ---- reset1  255 ns end
# ---- Write register   PORT :0x0    ADD :0x00000200    DATA :0x89abcd0e
# ---- Wait for  16 cycles
# ---- Wait for  16 cycles end
# ---- Wait for  64 cycles
# ---- Wait for  64 cycles end
# ---- [Success  ]Read register   PORT :0x0    ADD :0x00000008    EDAT :0x00000000    RDAT :0x00000000
# ---- Wait for  16 cycles
# ---- Wait for  16 cycles end
# ---- Wait for  64 cycles
# ---- Wait for  64 cycles end
# ---- DRAM write PORT :0x01    ADD :0x0000010    SIZE :0x080
# ---- DRAM write end
# ---- Wait for  16 cycles
# ---- Wait for  16 cycles end
# ---- Wait for 128 cycles
# ---- Wait for 128 cycles end
# ---- DRAM write PORT :0x02    ADD :0x0000010    SIZE :0x080
# ---- DRAM write end
# ---- Wait for  16 cycles
# ---- Wait for  16 cycles end
# ---- Wait for 255 cycles
# ---- Wait for 255 cycles end
# ---- tb_00 test completed !
#  
# ******<<<<<<<<<<<<<<<<<<<<Simulation tb_00 Successful End>>>>>>>>>>>>>>>>>>> ******
#  
do do/tb_00.do
# Model Technology ModelSim SE-64 vlog 2020.4 Compiler 2020.10 Oct 13 2020
# Start time: 17:06:37 on Apr 10,2025
# vlog -reportprogress 300 "+define+tb_00=1" -work work sim_model\define\define.v 
# End time: 17:06:37 on Apr 10,2025, Elapsed time: 0:00:00
# Errors: 0, Warnings: 0
# Model Technology ModelSim SE-64 vlog 2020.4 Compiler 2020.10 Oct 13 2020
# Start time: 17:06:37 on Apr 10,2025
# vlog -reportprogress 300 "+define+tb_00=1" -work work "+incdir+{sim_modeldefine}" sim_model\tb_top.v 
# -- Compiling module tb_top
# 
# Top level modules:
# 	tb_top
# End time: 17:06:37 on Apr 10,2025, Elapsed time: 0:00:00
# Errors: 0, Warnings: 0
# End time: 17:06:40 on Apr 10,2025, Elapsed time: 0:11:02
# Errors: 0, Warnings: 18
# vsim -t 1ps -c -l ./log/vsim_tb_00_report.log work.tb_top -L UNISIMS_VER -L SECUREIP -L SIMPRIMS_VER -L work -voptargs="+acc" work.glbl -wav ./wave/tb_00.wlf 
# Start time: 17:06:40 on Apr 10,2025
# ** Note: (vsim-8009) Loading existing optimized design _opt
# Loading work.tb_top(fast)
# Loading work.SIM_MODEL(fast)
# Loading work.USB_SIM(fast)
# Loading work.sfifo_i32o32_d1024(fast)
# Loading UNISIMS_VER.GND(fast)
# Loading UNISIMS_VER.LUT1(fast)
# Loading UNISIMS_VER.LUT2(fast)
# Loading UNISIMS_VER.LUT3(fast)
# Loading UNISIMS_VER.FDRE(fast)
# Loading UNISIMS_VER.CARRY4(fast)
# Loading UNISIMS_VER.LUT5(fast)
# Loading UNISIMS_VER.LUT5(fast__1)
# Loading UNISIMS_VER.FDSE(fast)
# Loading UNISIMS_VER.LUT4(fast)
# Loading UNISIMS_VER.LUT4(fast__1)
# Loading UNISIMS_VER.LUT3(fast__1)
# Loading UNISIMS_VER.LUT3(fast__2)
# Loading UNISIMS_VER.LUT4(fast__2)
# Loading UNISIMS_VER.LUT6(fast)
# Loading UNISIMS_VER.LUT2(fast__1)
# Loading UNISIMS_VER.LUT3(fast__3)
# Loading UNISIMS_VER.LUT4(fast__3)
# Loading UNISIMS_VER.LUT5(fast__2)
# Loading UNISIMS_VER.LUT6(fast__1)
# Loading UNISIMS_VER.LUT6(fast__2)
# Loading UNISIMS_VER.LUT4(fast__4)
# Loading UNISIMS_VER.LUT2(fast__2)
# Loading UNISIMS_VER.LUT5(fast__3)
# Loading UNISIMS_VER.LUT4(fast__5)
# Loading UNISIMS_VER.LUT1(fast__1)
# Loading UNISIMS_VER.RAMB36E1(fast)
# Loading UNISIMS_VER.RB36_INTERNAL_VLOG(fast)
# Loading work.USB_TOP(fast)
# Loading work.USB_IF(fast)
# Loading UNISIMS_VER.ODDR(fast)
# Loading work.REG_IF(fast)
# Loading work.REG_ACK(fast)
# Loading work.USB_DN_IF(fast)
# Loading work.afifo_i90o90_d512(fast)
# Loading work.afifo_i90o90_d512_xpm_cdc_gray(fast)
# Loading UNISIMS_VER.LUT4(fast__6)
# Loading UNISIMS_VER.LUT3(fast__4)
# Loading UNISIMS_VER.LUT6(fast__3)
# Loading UNISIMS_VER.LUT5(fast__4)
# Loading work.afifo_i90o90_d512_xpm_cdc_gray__2(fast)
# Loading UNISIMS_VER.FDPE(fast)
# Loading UNISIMS_VER.LUT4(fast__7)
# Loading UNISIMS_VER.FDCE(fast)
# Loading UNISIMS_VER.LUT4(fast__8)
# Loading UNISIMS_VER.LUT6(fast__4)
# Loading UNISIMS_VER.LUT5(fast__5)
# Loading UNISIMS_VER.LUT6(fast__5)
# Loading UNISIMS_VER.LUT5(fast__6)
# Loading UNISIMS_VER.LUT5(fast__7)
# Loading UNISIMS_VER.LUT5(fast__8)
# Loading UNISIMS_VER.LUT5(fast__9)
# Loading UNISIMS_VER.RAM64M(fast)
# Loading UNISIMS_VER.LUT6(fast__6)
# Loading UNISIMS_VER.MUXF7(fast)
# Loading UNISIMS_VER.LUT2(fast__3)
# Loading work.afifo_i90o90_d512_xpm_cdc_async_rst(fast)
# Loading UNISIMS_VER.FDPE(fast__1)
# Loading UNISIMS_VER.LUT3(fast__5)
# Loading UNISIMS_VER.LUT5(fast__10)
# Loading work.afifo_i90o90_d512_xpm_cdc_single(fast)
# Loading work.afifo_i90o90_d512_xpm_cdc_single__2(fast)
# Loading work.afifo_i90o90_d512_xpm_cdc_async_rst__1(fast)
# Loading work.afifo_i32o32_d2048(fast)
# Loading work.afifo_i32o32_d2048_xpm_cdc_gray(fast)
# Loading work.afifo_i32o32_d2048_xpm_cdc_gray__2(fast)
# Loading UNISIMS_VER.LUT6(fast__7)
# Loading UNISIMS_VER.FDSE(fast__1)
# Loading UNISIMS_VER.RAMB36E1(fast__1)
# Loading UNISIMS_VER.RB36_INTERNAL_VLOG(fast__1)
# Loading UNISIMS_VER.SRL16E(fast)
# Loading UNISIMS_VER.FDRE(fast__1)
# Loading UNISIMS_VER.LUT3(fast__6)
# Loading UNISIMS_VER.LUT4(fast__9)
# Loading UNISIMS_VER.LUT6(fast__8)
# Loading work.afifo_i32o32_d2048_xpm_cdc_single(fast)
# Loading work.afifo_i32o32_d2048_xpm_cdc_single__2(fast)
# Loading work.afifo_i32o32_d2048_xpm_cdc_sync_rst(fast)
# Loading work.afifo_i32o32_d2048_xpm_cdc_sync_rst__2(fast)
# Loading work.USB_UP_IF(fast)
# Loading work.USB_UP_ARBIT(fast)
# Loading work.BIST_REG(fast)
# Loading work.glbl(fast)
# ** Warning: (vsim-3015) [PCDPC] - Port size (16) does not match connection size (13) for port 'LBUS_ADDR'. The port definition is at: sim_model/sim_model.v(46).
#    Time: 0 ps  Iteration: 0  Instance: /tb_top/U_SIM_MODEL File: sim_model/tb_top.v Line: 389
# ** Warning: (vsim-3015) [PCDPC] - Port size (32) does not match connection size (10) for port 'REG0_OP_ADDR'. The port definition is at: sim_model/sim_model.v(63).
#    Time: 0 ps  Iteration: 0  Instance: /tb_top/U_SIM_MODEL File: sim_model/tb_top.v Line: 389
# ** Warning: (vsim-3015) [PCDPC] - Port size (32) does not match connection size (10) for port 'REG1_OP_ADDR'. The port definition is at: sim_model/sim_model.v(71).
#    Time: 0 ps  Iteration: 0  Instance: /tb_top/U_SIM_MODEL File: sim_model/tb_top.v Line: 389
# ** Warning: (vsim-3015) [PCDPC] - Port size (32) does not match connection size (10) for port 'REG2_OP_ADDR'. The port definition is at: sim_model/sim_model.v(79).
#    Time: 0 ps  Iteration: 0  Instance: /tb_top/U_SIM_MODEL File: sim_model/tb_top.v Line: 389
# ** Warning: (vsim-3015) [PCDPC] - Port size (32) does not match connection size (10) for port 'REG3_OP_ADDR'. The port definition is at: sim_model/sim_model.v(87).
#    Time: 0 ps  Iteration: 0  Instance: /tb_top/U_SIM_MODEL File: sim_model/tb_top.v Line: 389
# ** Warning: (vsim-3015) [PCDPC] - Port size (32) does not match connection size (10) for port 'REG4_OP_ADDR'. The port definition is at: sim_model/sim_model.v(95).
#    Time: 0 ps  Iteration: 0  Instance: /tb_top/U_SIM_MODEL File: sim_model/tb_top.v Line: 389
# ** Warning: (vsim-3015) [PCDPC] - Port size (32) does not match connection size (10) for port 'REG5_OP_ADDR'. The port definition is at: sim_model/sim_model.v(103).
#    Time: 0 ps  Iteration: 0  Instance: /tb_top/U_SIM_MODEL File: sim_model/tb_top.v Line: 389
# ** Warning: (vsim-3015) [PCDPC] - Port size (32) does not match connection size (10) for port 'REG6_OP_ADDR'. The port definition is at: sim_model/sim_model.v(111).
#    Time: 0 ps  Iteration: 0  Instance: /tb_top/U_SIM_MODEL File: sim_model/tb_top.v Line: 389
# ** Warning: (vsim-3015) [PCDPC] - Port size (32) does not match connection size (10) for port 'REG7_OP_ADDR'. The port definition is at: sim_model/sim_model.v(119).
#    Time: 0 ps  Iteration: 0  Instance: /tb_top/U_SIM_MODEL File: sim_model/tb_top.v Line: 389
# ** Warning: (vsim-3015) [PCDPC] - Port size (12) does not match connection size (16) for port 'DRAM2_WR_SIZE'. The port definition is at: sim_model/sim_model.v(237).
#    Time: 0 ps  Iteration: 0  Instance: /tb_top/U_SIM_MODEL File: sim_model/tb_top.v Line: 389
# ** Warning: (vsim-3015) [PCDPC] - Port size (12) does not match connection size (16) for port 'DRAM3_WR_SIZE'. The port definition is at: sim_model/sim_model.v(256).
#    Time: 0 ps  Iteration: 0  Instance: /tb_top/U_SIM_MODEL File: sim_model/tb_top.v Line: 389
# ** Warning: (vsim-3015) [PCDPC] - Port size (12) does not match connection size (16) for port 'DRAM4_WR_SIZE'. The port definition is at: sim_model/sim_model.v(275).
#    Time: 0 ps  Iteration: 0  Instance: /tb_top/U_SIM_MODEL File: sim_model/tb_top.v Line: 389
# ** Warning: (vsim-3015) [PCDPC] - Port size (12) does not match connection size (16) for port 'DRAM5_WR_SIZE'. The port definition is at: sim_model/sim_model.v(294).
#    Time: 0 ps  Iteration: 0  Instance: /tb_top/U_SIM_MODEL File: sim_model/tb_top.v Line: 389
# ** Warning: (vsim-3015) [PCDPC] - Port size (12) does not match connection size (16) for port 'DRAM6_WR_SIZE'. The port definition is at: sim_model/sim_model.v(313).
#    Time: 0 ps  Iteration: 0  Instance: /tb_top/U_SIM_MODEL File: sim_model/tb_top.v Line: 389
# ** Warning: (vsim-3015) [PCDPC] - Port size (32) does not match connection size (1) for port 'dout'. The port definition is at: ../rtl/00_xilinx_ip/00_afifo/afifo_i32o32_d2048/afifo_i32o32_d2048_sim_netlist.V(24).
#    Time: 0 ps  Iteration: 0  Instance: /tb_top/U_USB_TOP/U_USB_DN_IF/U_DN_LBUF File: ../rtl/03_usb/usb_dn_if.v Line: 306
# ** Warning: (vsim-3015) [PCDPC] - Port size (32) does not match connection size (1) for port 'dout'. The port definition is at: ../rtl/00_xilinx_ip/00_afifo/afifo_i32o32_d2048/afifo_i32o32_d2048_sim_netlist.V(24).
#    Time: 0 ps  Iteration: 0  Instance: /tb_top/U_USB_TOP/U_USB_UP_IF/U_DN_LBUF File: ../rtl/03_usb/usb_up_if.v Line: 289
# ** Warning: (vsim-PLI-3406) Too many digits (16) in data on line 1 of file "tb_pattern/tb_00/file_i/dram0_exp.txt". (Max is 8.)    : sim_model/sim_model.v(1206)
#    Time: 0 ps  Iteration: 0  Instance: /tb_top/U_SIM_MODEL
# ** Warning: (vsim-PLI-3406) Too many digits (16) in data on line 1 of file "tb_pattern/tb_00/file_i/dram1_exp.txt". (Max is 8.)    : sim_model/sim_model.v(1207)
#    Time: 0 ps  Iteration: 0  Instance: /tb_top/U_SIM_MODEL
#  
# ******<<<<<<<<<<<<<<<<<<<<<<Simulation tb_00 start>>>>>>>>>>>>>>>>>>>>>>> ******
#  
# ---- Initial simulation
# ---- clock ---- 1111 ---- enable
# ---- Wait for  64 cycles
# ---- Wait for  64 cycles end
# ---- Wait for  16 cycles
# ---- Wait for  16 cycles end
# ---- reseting by cycle
# ---- reset0   64 cycle end
# ---- Wait for  16 cycles
# ---- Wait for  16 cycles end
# ---- reseting by ns
# ---- reset1  255 ns end
# ---- Write register   PORT :0x0    ADD :0x00000200    DATA :0x89abcd0e
# ---- Wait for  16 cycles
# ---- Wait for  16 cycles end
# ---- Wait for  64 cycles
# ---- Wait for  64 cycles end
# ---- DRAM write PORT :0x01    ADD :0x0000010    SIZE :0x080
# ---- DRAM write end
# ---- Wait for  16 cycles
# ---- Wait for  16 cycles end
# ---- Wait for 255 cycles
# ---- Wait for 255 cycles end
# ---- tb_00 test completed !
#  
# ******<<<<<<<<<<<<<<<<<<<<Simulation tb_00 Successful End>>>>>>>>>>>>>>>>>>> ******
#  
do do/compile_all.do
# ** Warning: (vlib-34) Library already exists at "work".
# Errors: 0, Warnings: 1
# Model Technology ModelSim SE-64 vmap 2020.4 Lib Mapping Utility 2020.10 Oct 13 2020
# vmap work 
# Reading C:/modeltech64_2020.4/win64/../modelsim.ini
# "work" maps to directory ./work. (Default mapping)
# Model Technology ModelSim SE-64 vlog 2020.4 Compiler 2020.10 Oct 13 2020
# Start time: 17:10:26 on Apr 10,2025
# vlog -reportprogress 300 -work work sim_model/lib/glbl.v 
# -- Compiling module glbl
# 
# Top level modules:
# 	glbl
# End time: 17:10:26 on Apr 10,2025, Elapsed time: 0:00:00
# Errors: 0, Warnings: 0
# ** Warning: (vlib-34) Library already exists at "work".
# Errors: 0, Warnings: 1
# Model Technology ModelSim SE-64 vmap 2020.4 Lib Mapping Utility 2020.10 Oct 13 2020
# vmap work 
# Reading C:/modeltech64_2020.4/win64/../modelsim.ini
# "work" maps to directory ./work. (Default mapping)
# Model Technology ModelSim SE-64 vlog 2020.4 Compiler 2020.10 Oct 13 2020
# Start time: 17:10:27 on Apr 10,2025
# vlog -reportprogress 300 -work work ../rtl/00_xilinx_ip/00_afifo/afifo_i32o32_d2048/afifo_i32o32_d2048_sim_netlist.V 
# -- Compiling module afifo_i32o32_d2048
# -- Compiling module afifo_i32o32_d2048_xpm_cdc_gray
# -- Compiling module afifo_i32o32_d2048_xpm_cdc_gray__2
# -- Compiling module afifo_i32o32_d2048_xpm_cdc_single
# -- Compiling module afifo_i32o32_d2048_xpm_cdc_single__2
# -- Compiling module afifo_i32o32_d2048_xpm_cdc_sync_rst
# -- Compiling module afifo_i32o32_d2048_xpm_cdc_sync_rst__2
# -- Compiling module glbl
# 
# Top level modules:
# 	afifo_i32o32_d2048
# 	glbl
# End time: 17:10:27 on Apr 10,2025, Elapsed time: 0:00:00
# Errors: 0, Warnings: 0
# Model Technology ModelSim SE-64 vlog 2020.4 Compiler 2020.10 Oct 13 2020
# Start time: 17:10:27 on Apr 10,2025
# vlog -reportprogress 300 -work work ../rtl/00_xilinx_ip/00_afifo/afifo_i90o90_d512/afifo_i90o90_d512_sim_netlist.V 
# -- Compiling module afifo_i90o90_d512
# -- Compiling module afifo_i90o90_d512_xpm_cdc_async_rst
# -- Compiling module afifo_i90o90_d512_xpm_cdc_async_rst__1
# -- Compiling module afifo_i90o90_d512_xpm_cdc_gray
# -- Compiling module afifo_i90o90_d512_xpm_cdc_gray__2
# -- Compiling module afifo_i90o90_d512_xpm_cdc_single
# -- Compiling module afifo_i90o90_d512_xpm_cdc_single__2
# -- Compiling module glbl
# 
# Top level modules:
# 	afifo_i90o90_d512
# 	glbl
# End time: 17:10:27 on Apr 10,2025, Elapsed time: 0:00:00
# Errors: 0, Warnings: 0
# Model Technology ModelSim SE-64 vlog 2020.4 Compiler 2020.10 Oct 13 2020
# Start time: 17:10:28 on Apr 10,2025
# vlog -reportprogress 300 -work work ../rtl/00_xilinx_ip/01_sfifo/sfifo_i32o32_d1024/sfifo_i32o32_d1024_sim_netlist.V 
# -- Compiling module sfifo_i32o32_d1024
# -- Compiling module glbl
# 
# Top level modules:
# 	sfifo_i32o32_d1024
# 	glbl
# End time: 17:10:28 on Apr 10,2025, Elapsed time: 0:00:00
# Errors: 0, Warnings: 0
# Model Technology ModelSim SE-64 vlog 2020.4 Compiler 2020.10 Oct 13 2020
# Start time: 17:10:28 on Apr 10,2025
# vlog -reportprogress 300 -work work ../rtl/03_usb/reg_ack.v ../rtl/03_usb/reg_if.v ../rtl/03_usb/usb_dn_if.v ../rtl/03_usb/usb_if.v ../rtl/03_usb/usb_top.v ../rtl/03_usb/usb_up_arbit.v ../rtl/03_usb/usb_up_if.v 
# -- Compiling module REG_ACK
# -- Compiling module REG_IF
# -- Compiling module USB_DN_IF
# -- Compiling module USB_IF
# -- Compiling module USB_TOP
# -- Compiling module USB_UP_ARBIT
# -- Compiling module USB_UP_IF
# 
# Top level modules:
# 	USB_TOP
# End time: 17:10:28 on Apr 10,2025, Elapsed time: 0:00:00
# Errors: 0, Warnings: 0
# Model Technology ModelSim SE-64 vlog 2020.4 Compiler 2020.10 Oct 13 2020
# Start time: 17:10:28 on Apr 10,2025
# vlog -reportprogress 300 -work work ../rtl/04_bist/bist_reg.v 
# -- Compiling module BIST_REG
# 
# Top level modules:
# 	BIST_REG
# End time: 17:10:28 on Apr 10,2025, Elapsed time: 0:00:00
# Errors: 0, Warnings: 0
# ** Warning: (vlib-34) Library already exists at "work".
# Errors: 0, Warnings: 1
# Model Technology ModelSim SE-64 vmap 2020.4 Lib Mapping Utility 2020.10 Oct 13 2020
# vmap work 
# Reading C:/modeltech64_2020.4/win64/../modelsim.ini
# "work" maps to directory ./work. (Default mapping)
# Model Technology ModelSim SE-64 vlog 2020.4 Compiler 2020.10 Oct 13 2020
# Start time: 17:10:28 on Apr 10,2025
# vlog -reportprogress 300 -work work sim_model/define/define.v 
# End time: 17:10:28 on Apr 10,2025, Elapsed time: 0:00:00
# Errors: 0, Warnings: 0
# Model Technology ModelSim SE-64 vlog 2020.4 Compiler 2020.10 Oct 13 2020
# Start time: 17:10:28 on Apr 10,2025
# vlog -reportprogress 300 "+define+tb_00=1" -work work "+incdir+{sim_model/define}" sim_model/sim_model.v 
# -- Compiling module SIM_MODEL
# 
# Top level modules:
# 	SIM_MODEL
# End time: 17:10:29 on Apr 10,2025, Elapsed time: 0:00:01
# Errors: 0, Warnings: 0
# Model Technology ModelSim SE-64 vlog 2020.4 Compiler 2020.10 Oct 13 2020
# Start time: 17:10:29 on Apr 10,2025
# vlog -reportprogress 300 "+define+tb_00=1" -work work "+incdir+{sim_model/define}" sim_model/tb_top.v 
# -- Compiling module tb_top
# 
# Top level modules:
# 	tb_top
# End time: 17:10:29 on Apr 10,2025, Elapsed time: 0:00:00
# Errors: 0, Warnings: 0
# Model Technology ModelSim SE-64 vlog 2020.4 Compiler 2020.10 Oct 13 2020
# Start time: 17:10:29 on Apr 10,2025
# vlog -reportprogress 300 "+define+tb_00=1" -work work "+incdir+{sim_model/define}" sim_model/usb_sim.v 
# -- Compiling module USB_SIM
# 
# Top level modules:
# 	USB_SIM
# End time: 17:10:29 on Apr 10,2025, Elapsed time: 0:00:00
# Errors: 0, Warnings: 0
do do/tb_00.do
# Model Technology ModelSim SE-64 vlog 2020.4 Compiler 2020.10 Oct 13 2020
# Start time: 17:10:31 on Apr 10,2025
# vlog -reportprogress 300 "+define+tb_00=1" -work work sim_model\define\define.v 
# End time: 17:10:31 on Apr 10,2025, Elapsed time: 0:00:00
# Errors: 0, Warnings: 0
# Model Technology ModelSim SE-64 vlog 2020.4 Compiler 2020.10 Oct 13 2020
# Start time: 17:10:31 on Apr 10,2025
# vlog -reportprogress 300 "+define+tb_00=1" -work work "+incdir+{sim_modeldefine}" sim_model\tb_top.v 
# -- Compiling module tb_top
# 
# Top level modules:
# 	tb_top
# End time: 17:10:31 on Apr 10,2025, Elapsed time: 0:00:00
# Errors: 0, Warnings: 0
# End time: 17:10:34 on Apr 10,2025, Elapsed time: 0:03:54
# Errors: 0, Warnings: 18
# vsim -t 1ps -c -l ./log/vsim_tb_00_report.log work.tb_top -L UNISIMS_VER -L SECUREIP -L SIMPRIMS_VER -L work -voptargs="+acc" work.glbl -wav ./wave/tb_00.wlf 
# Start time: 17:10:34 on Apr 10,2025
# ** Note: (vsim-3813) Design is being optimized due to module recompilation...
# ** Warning: ../rtl/03_usb/usb_dn_if.v(306): (vopt-2685) [TFMPC] - Too few port connections for 'U_DN_LBUF'.  Expected 15, found 13.
# ** Warning: ../rtl/03_usb/usb_dn_if.v(306): (vopt-2718) [TFMPC] - Missing connection for port 'rd_rst_busy'.
# ** Warning: ../rtl/03_usb/usb_dn_if.v(306): (vopt-2718) [TFMPC] - Missing connection for port 'wr_rst_busy'.
# ** Note: (vopt-143) Recognized 1 FSM in module "USB_DN_IF(fast)".
# ** Note: (vsim-12126) Error and warning message counts have been restored: Errors=0, Warnings=3.
# Loading work.tb_top(fast)
# Loading work.SIM_MODEL(fast)
# Loading work.USB_SIM(fast)
# Loading work.sfifo_i32o32_d1024(fast)
# Loading UNISIMS_VER.GND(fast)
# Loading UNISIMS_VER.LUT1(fast)
# Loading UNISIMS_VER.LUT2(fast)
# Loading UNISIMS_VER.LUT3(fast)
# Loading UNISIMS_VER.FDRE(fast)
# Loading UNISIMS_VER.CARRY4(fast)
# Loading UNISIMS_VER.LUT5(fast)
# Loading UNISIMS_VER.LUT5(fast__1)
# Loading UNISIMS_VER.FDSE(fast)
# Loading UNISIMS_VER.LUT4(fast)
# Loading UNISIMS_VER.LUT4(fast__1)
# Loading UNISIMS_VER.LUT3(fast__1)
# Loading UNISIMS_VER.LUT3(fast__2)
# Loading UNISIMS_VER.LUT4(fast__2)
# Loading UNISIMS_VER.LUT6(fast)
# Loading UNISIMS_VER.LUT2(fast__1)
# Loading UNISIMS_VER.LUT3(fast__3)
# Loading UNISIMS_VER.LUT4(fast__3)
# Loading UNISIMS_VER.LUT5(fast__2)
# Loading UNISIMS_VER.LUT6(fast__1)
# Loading UNISIMS_VER.LUT6(fast__2)
# Loading UNISIMS_VER.LUT4(fast__4)
# Loading UNISIMS_VER.LUT2(fast__2)
# Loading UNISIMS_VER.LUT5(fast__3)
# Loading UNISIMS_VER.LUT4(fast__5)
# Loading UNISIMS_VER.LUT1(fast__1)
# Loading UNISIMS_VER.RAMB36E1(fast)
# Loading UNISIMS_VER.RB36_INTERNAL_VLOG(fast)
# Loading work.USB_TOP(fast)
# Loading work.USB_IF(fast)
# Loading UNISIMS_VER.ODDR(fast)
# Loading work.REG_IF(fast)
# Loading work.REG_ACK(fast)
# Loading work.USB_DN_IF(fast)
# Loading work.afifo_i90o90_d512(fast)
# Loading work.afifo_i90o90_d512_xpm_cdc_gray(fast)
# Loading UNISIMS_VER.LUT4(fast__6)
# Loading UNISIMS_VER.LUT3(fast__4)
# Loading UNISIMS_VER.LUT6(fast__3)
# Loading UNISIMS_VER.LUT5(fast__4)
# Loading work.afifo_i90o90_d512_xpm_cdc_gray__2(fast)
# Loading UNISIMS_VER.FDPE(fast)
# Loading UNISIMS_VER.LUT4(fast__7)
# Loading UNISIMS_VER.FDCE(fast)
# Loading UNISIMS_VER.LUT4(fast__8)
# Loading UNISIMS_VER.LUT6(fast__4)
# Loading UNISIMS_VER.LUT5(fast__5)
# Loading UNISIMS_VER.LUT6(fast__5)
# Loading UNISIMS_VER.LUT5(fast__6)
# Loading UNISIMS_VER.LUT5(fast__7)
# Loading UNISIMS_VER.LUT5(fast__8)
# Loading UNISIMS_VER.LUT5(fast__9)
# Loading UNISIMS_VER.RAM64M(fast)
# Loading UNISIMS_VER.LUT6(fast__6)
# Loading UNISIMS_VER.MUXF7(fast)
# Loading UNISIMS_VER.LUT2(fast__3)
# Loading work.afifo_i90o90_d512_xpm_cdc_async_rst(fast)
# Loading UNISIMS_VER.FDPE(fast__1)
# Loading UNISIMS_VER.LUT3(fast__5)
# Loading UNISIMS_VER.LUT5(fast__10)
# Loading work.afifo_i90o90_d512_xpm_cdc_single(fast)
# Loading work.afifo_i90o90_d512_xpm_cdc_single__2(fast)
# Loading work.afifo_i90o90_d512_xpm_cdc_async_rst__1(fast)
# Loading work.afifo_i32o32_d2048(fast)
# Loading work.afifo_i32o32_d2048_xpm_cdc_gray(fast)
# Loading work.afifo_i32o32_d2048_xpm_cdc_gray__2(fast)
# Loading UNISIMS_VER.LUT6(fast__7)
# Loading UNISIMS_VER.FDSE(fast__1)
# Loading UNISIMS_VER.RAMB36E1(fast__1)
# Loading UNISIMS_VER.RB36_INTERNAL_VLOG(fast__1)
# Loading UNISIMS_VER.SRL16E(fast)
# Loading UNISIMS_VER.FDRE(fast__1)
# Loading UNISIMS_VER.LUT3(fast__6)
# Loading UNISIMS_VER.LUT4(fast__9)
# Loading UNISIMS_VER.LUT6(fast__8)
# Loading work.afifo_i32o32_d2048_xpm_cdc_single(fast)
# Loading work.afifo_i32o32_d2048_xpm_cdc_single__2(fast)
# Loading work.afifo_i32o32_d2048_xpm_cdc_sync_rst(fast)
# Loading work.afifo_i32o32_d2048_xpm_cdc_sync_rst__2(fast)
# Loading work.USB_UP_IF(fast)
# Loading work.USB_UP_ARBIT(fast)
# Loading work.BIST_REG(fast)
# Loading work.glbl(fast)
# ** Warning: (vsim-3015) [PCDPC] - Port size (16) does not match connection size (13) for port 'LBUS_ADDR'. The port definition is at: sim_model/sim_model.v(46).
#    Time: 0 ps  Iteration: 0  Instance: /tb_top/U_SIM_MODEL File: sim_model/tb_top.v Line: 389
# ** Warning: (vsim-3015) [PCDPC] - Port size (32) does not match connection size (10) for port 'REG0_OP_ADDR'. The port definition is at: sim_model/sim_model.v(63).
#    Time: 0 ps  Iteration: 0  Instance: /tb_top/U_SIM_MODEL File: sim_model/tb_top.v Line: 389
# ** Warning: (vsim-3015) [PCDPC] - Port size (32) does not match connection size (10) for port 'REG1_OP_ADDR'. The port definition is at: sim_model/sim_model.v(71).
#    Time: 0 ps  Iteration: 0  Instance: /tb_top/U_SIM_MODEL File: sim_model/tb_top.v Line: 389
# ** Warning: (vsim-3015) [PCDPC] - Port size (32) does not match connection size (10) for port 'REG2_OP_ADDR'. The port definition is at: sim_model/sim_model.v(79).
#    Time: 0 ps  Iteration: 0  Instance: /tb_top/U_SIM_MODEL File: sim_model/tb_top.v Line: 389
# ** Warning: (vsim-3015) [PCDPC] - Port size (32) does not match connection size (10) for port 'REG3_OP_ADDR'. The port definition is at: sim_model/sim_model.v(87).
#    Time: 0 ps  Iteration: 0  Instance: /tb_top/U_SIM_MODEL File: sim_model/tb_top.v Line: 389
# ** Warning: (vsim-3015) [PCDPC] - Port size (32) does not match connection size (10) for port 'REG4_OP_ADDR'. The port definition is at: sim_model/sim_model.v(95).
#    Time: 0 ps  Iteration: 0  Instance: /tb_top/U_SIM_MODEL File: sim_model/tb_top.v Line: 389
# ** Warning: (vsim-3015) [PCDPC] - Port size (32) does not match connection size (10) for port 'REG5_OP_ADDR'. The port definition is at: sim_model/sim_model.v(103).
#    Time: 0 ps  Iteration: 0  Instance: /tb_top/U_SIM_MODEL File: sim_model/tb_top.v Line: 389
# ** Warning: (vsim-3015) [PCDPC] - Port size (32) does not match connection size (10) for port 'REG6_OP_ADDR'. The port definition is at: sim_model/sim_model.v(111).
#    Time: 0 ps  Iteration: 0  Instance: /tb_top/U_SIM_MODEL File: sim_model/tb_top.v Line: 389
# ** Warning: (vsim-3015) [PCDPC] - Port size (32) does not match connection size (10) for port 'REG7_OP_ADDR'. The port definition is at: sim_model/sim_model.v(119).
#    Time: 0 ps  Iteration: 0  Instance: /tb_top/U_SIM_MODEL File: sim_model/tb_top.v Line: 389
# ** Warning: (vsim-3015) [PCDPC] - Port size (12) does not match connection size (16) for port 'DRAM2_WR_SIZE'. The port definition is at: sim_model/sim_model.v(237).
#    Time: 0 ps  Iteration: 0  Instance: /tb_top/U_SIM_MODEL File: sim_model/tb_top.v Line: 389
# ** Warning: (vsim-3015) [PCDPC] - Port size (12) does not match connection size (16) for port 'DRAM3_WR_SIZE'. The port definition is at: sim_model/sim_model.v(256).
#    Time: 0 ps  Iteration: 0  Instance: /tb_top/U_SIM_MODEL File: sim_model/tb_top.v Line: 389
# ** Warning: (vsim-3015) [PCDPC] - Port size (12) does not match connection size (16) for port 'DRAM4_WR_SIZE'. The port definition is at: sim_model/sim_model.v(275).
#    Time: 0 ps  Iteration: 0  Instance: /tb_top/U_SIM_MODEL File: sim_model/tb_top.v Line: 389
# ** Warning: (vsim-3015) [PCDPC] - Port size (12) does not match connection size (16) for port 'DRAM5_WR_SIZE'. The port definition is at: sim_model/sim_model.v(294).
#    Time: 0 ps  Iteration: 0  Instance: /tb_top/U_SIM_MODEL File: sim_model/tb_top.v Line: 389
# ** Warning: (vsim-3015) [PCDPC] - Port size (12) does not match connection size (16) for port 'DRAM6_WR_SIZE'. The port definition is at: sim_model/sim_model.v(313).
#    Time: 0 ps  Iteration: 0  Instance: /tb_top/U_SIM_MODEL File: sim_model/tb_top.v Line: 389
# ** Warning: (vsim-3015) [PCDPC] - Port size (32) does not match connection size (1) for port 'dout'. The port definition is at: ../rtl/00_xilinx_ip/00_afifo/afifo_i32o32_d2048/afifo_i32o32_d2048_sim_netlist.V(24).
#    Time: 0 ps  Iteration: 0  Instance: /tb_top/U_USB_TOP/U_USB_DN_IF/U_DN_LBUF File: ../rtl/03_usb/usb_dn_if.v Line: 306
# ** Warning: (vsim-3015) [PCDPC] - Port size (32) does not match connection size (1) for port 'dout'. The port definition is at: ../rtl/00_xilinx_ip/00_afifo/afifo_i32o32_d2048/afifo_i32o32_d2048_sim_netlist.V(24).
#    Time: 0 ps  Iteration: 0  Instance: /tb_top/U_USB_TOP/U_USB_UP_IF/U_DN_LBUF File: ../rtl/03_usb/usb_up_if.v Line: 289
# ** Warning: (vsim-PLI-3406) Too many digits (16) in data on line 1 of file "tb_pattern/tb_00/file_i/dram0_exp.txt". (Max is 8.)    : sim_model/sim_model.v(1206)
#    Time: 0 ps  Iteration: 0  Instance: /tb_top/U_SIM_MODEL
# ** Warning: (vsim-PLI-3406) Too many digits (16) in data on line 1 of file "tb_pattern/tb_00/file_i/dram1_exp.txt". (Max is 8.)    : sim_model/sim_model.v(1207)
#    Time: 0 ps  Iteration: 0  Instance: /tb_top/U_SIM_MODEL
#  
# ******<<<<<<<<<<<<<<<<<<<<<<Simulation tb_00 start>>>>>>>>>>>>>>>>>>>>>>> ******
#  
# ---- Initial simulation
# ---- clock ---- 1111 ---- enable
# ---- Wait for  64 cycles
# ---- Wait for  64 cycles end
# ---- Wait for  16 cycles
# ---- Wait for  16 cycles end
# ---- reseting by cycle
# ---- reset0   64 cycle end
# ---- Wait for  16 cycles
# ---- Wait for  16 cycles end
# ---- reseting by ns
# ---- reset1  255 ns end
# ---- Write register   PORT :0x0    ADD :0x00000200    DATA :0x89abcd0e
# ---- Wait for  16 cycles
# ---- Wait for  16 cycles end
# ---- Wait for  64 cycles
# ---- Wait for  64 cycles end
# ---- DRAM write PORT :0x01    ADD :0x0000010    SIZE :0x080
# ---- DRAM write end
# ---- Wait for  16 cycles
# ---- Wait for  16 cycles end
# ---- Wait for 255 cycles
# ---- Wait for 255 cycles end
# ---- tb_00 test completed !
#  
# ******<<<<<<<<<<<<<<<<<<<<Simulation tb_00 Successful End>>>>>>>>>>>>>>>>>>> ******
#  
do do/compile_all.do
# ** Warning: (vlib-34) Library already exists at "work".
# Errors: 0, Warnings: 1
# Model Technology ModelSim SE-64 vmap 2020.4 Lib Mapping Utility 2020.10 Oct 13 2020
# vmap work 
# Reading C:/modeltech64_2020.4/win64/../modelsim.ini
# "work" maps to directory ./work. (Default mapping)
# Model Technology ModelSim SE-64 vlog 2020.4 Compiler 2020.10 Oct 13 2020
# Start time: 17:14:42 on Apr 10,2025
# vlog -reportprogress 300 -work work sim_model/lib/glbl.v 
# -- Compiling module glbl
# 
# Top level modules:
# 	glbl
# End time: 17:14:42 on Apr 10,2025, Elapsed time: 0:00:00
# Errors: 0, Warnings: 0
# ** Warning: (vlib-34) Library already exists at "work".
# Errors: 0, Warnings: 1
# Model Technology ModelSim SE-64 vmap 2020.4 Lib Mapping Utility 2020.10 Oct 13 2020
# vmap work 
# Reading C:/modeltech64_2020.4/win64/../modelsim.ini
# "work" maps to directory ./work. (Default mapping)
# Model Technology ModelSim SE-64 vlog 2020.4 Compiler 2020.10 Oct 13 2020
# Start time: 17:14:42 on Apr 10,2025
# vlog -reportprogress 300 -work work ../rtl/00_xilinx_ip/00_afifo/afifo_i32o32_d2048/afifo_i32o32_d2048_sim_netlist.V 
# -- Compiling module afifo_i32o32_d2048
# -- Compiling module afifo_i32o32_d2048_xpm_cdc_gray
# -- Compiling module afifo_i32o32_d2048_xpm_cdc_gray__2
# -- Compiling module afifo_i32o32_d2048_xpm_cdc_single
# -- Compiling module afifo_i32o32_d2048_xpm_cdc_single__2
# -- Compiling module afifo_i32o32_d2048_xpm_cdc_sync_rst
# -- Compiling module afifo_i32o32_d2048_xpm_cdc_sync_rst__2
# -- Compiling module glbl
# 
# Top level modules:
# 	afifo_i32o32_d2048
# 	glbl
# End time: 17:14:43 on Apr 10,2025, Elapsed time: 0:00:01
# Errors: 0, Warnings: 0
# Model Technology ModelSim SE-64 vlog 2020.4 Compiler 2020.10 Oct 13 2020
# Start time: 17:14:43 on Apr 10,2025
# vlog -reportprogress 300 -work work ../rtl/00_xilinx_ip/00_afifo/afifo_i90o90_d512/afifo_i90o90_d512_sim_netlist.V 
# -- Compiling module afifo_i90o90_d512
# -- Compiling module afifo_i90o90_d512_xpm_cdc_async_rst
# -- Compiling module afifo_i90o90_d512_xpm_cdc_async_rst__1
# -- Compiling module afifo_i90o90_d512_xpm_cdc_gray
# -- Compiling module afifo_i90o90_d512_xpm_cdc_gray__2
# -- Compiling module afifo_i90o90_d512_xpm_cdc_single
# -- Compiling module afifo_i90o90_d512_xpm_cdc_single__2
# -- Compiling module glbl
# 
# Top level modules:
# 	afifo_i90o90_d512
# 	glbl
# End time: 17:14:43 on Apr 10,2025, Elapsed time: 0:00:00
# Errors: 0, Warnings: 0
# Model Technology ModelSim SE-64 vlog 2020.4 Compiler 2020.10 Oct 13 2020
# Start time: 17:14:43 on Apr 10,2025
# vlog -reportprogress 300 -work work ../rtl/00_xilinx_ip/01_sfifo/sfifo_i32o32_d1024/sfifo_i32o32_d1024_sim_netlist.V 
# -- Compiling module sfifo_i32o32_d1024
# -- Compiling module glbl
# 
# Top level modules:
# 	sfifo_i32o32_d1024
# 	glbl
# End time: 17:14:44 on Apr 10,2025, Elapsed time: 0:00:01
# Errors: 0, Warnings: 0
# Model Technology ModelSim SE-64 vlog 2020.4 Compiler 2020.10 Oct 13 2020
# Start time: 17:14:44 on Apr 10,2025
# vlog -reportprogress 300 -work work ../rtl/03_usb/reg_ack.v ../rtl/03_usb/reg_if.v ../rtl/03_usb/usb_dn_if.v ../rtl/03_usb/usb_if.v ../rtl/03_usb/usb_top.v ../rtl/03_usb/usb_up_arbit.v ../rtl/03_usb/usb_up_if.v 
# -- Compiling module REG_ACK
# -- Compiling module REG_IF
# -- Compiling module USB_DN_IF
# -- Compiling module USB_IF
# -- Compiling module USB_TOP
# -- Compiling module USB_UP_ARBIT
# -- Compiling module USB_UP_IF
# 
# Top level modules:
# 	USB_TOP
# End time: 17:14:44 on Apr 10,2025, Elapsed time: 0:00:00
# Errors: 0, Warnings: 0
# Model Technology ModelSim SE-64 vlog 2020.4 Compiler 2020.10 Oct 13 2020
# Start time: 17:14:44 on Apr 10,2025
# vlog -reportprogress 300 -work work ../rtl/04_bist/bist_reg.v 
# -- Compiling module BIST_REG
# 
# Top level modules:
# 	BIST_REG
# End time: 17:14:44 on Apr 10,2025, Elapsed time: 0:00:00
# Errors: 0, Warnings: 0
# ** Warning: (vlib-34) Library already exists at "work".
# Errors: 0, Warnings: 1
# Model Technology ModelSim SE-64 vmap 2020.4 Lib Mapping Utility 2020.10 Oct 13 2020
# vmap work 
# Reading C:/modeltech64_2020.4/win64/../modelsim.ini
# "work" maps to directory ./work. (Default mapping)
# Model Technology ModelSim SE-64 vlog 2020.4 Compiler 2020.10 Oct 13 2020
# Start time: 17:14:44 on Apr 10,2025
# vlog -reportprogress 300 -work work sim_model/define/define.v 
# End time: 17:14:44 on Apr 10,2025, Elapsed time: 0:00:00
# Errors: 0, Warnings: 0
# Model Technology ModelSim SE-64 vlog 2020.4 Compiler 2020.10 Oct 13 2020
# Start time: 17:14:44 on Apr 10,2025
# vlog -reportprogress 300 "+define+tb_00=1" -work work "+incdir+{sim_model/define}" sim_model/sim_model.v 
# -- Compiling module SIM_MODEL
# 
# Top level modules:
# 	SIM_MODEL
# End time: 17:14:44 on Apr 10,2025, Elapsed time: 0:00:00
# Errors: 0, Warnings: 0
# Model Technology ModelSim SE-64 vlog 2020.4 Compiler 2020.10 Oct 13 2020
# Start time: 17:14:44 on Apr 10,2025
# vlog -reportprogress 300 "+define+tb_00=1" -work work "+incdir+{sim_model/define}" sim_model/tb_top.v 
# -- Compiling module tb_top
# 
# Top level modules:
# 	tb_top
# End time: 17:14:44 on Apr 10,2025, Elapsed time: 0:00:00
# Errors: 0, Warnings: 0
# Model Technology ModelSim SE-64 vlog 2020.4 Compiler 2020.10 Oct 13 2020
# Start time: 17:14:45 on Apr 10,2025
# vlog -reportprogress 300 "+define+tb_00=1" -work work "+incdir+{sim_model/define}" sim_model/usb_sim.v 
# -- Compiling module USB_SIM
# 
# Top level modules:
# 	USB_SIM
# End time: 17:14:45 on Apr 10,2025, Elapsed time: 0:00:00
# Errors: 0, Warnings: 0
do do/tb_00.do
# Model Technology ModelSim SE-64 vlog 2020.4 Compiler 2020.10 Oct 13 2020
# Start time: 17:14:47 on Apr 10,2025
# vlog -reportprogress 300 "+define+tb_00=1" -work work sim_model\define\define.v 
# End time: 17:14:47 on Apr 10,2025, Elapsed time: 0:00:00
# Errors: 0, Warnings: 0
# Model Technology ModelSim SE-64 vlog 2020.4 Compiler 2020.10 Oct 13 2020
# Start time: 17:14:47 on Apr 10,2025
# vlog -reportprogress 300 "+define+tb_00=1" -work work "+incdir+{sim_modeldefine}" sim_model\tb_top.v 
# -- Compiling module tb_top
# 
# Top level modules:
# 	tb_top
# End time: 17:14:47 on Apr 10,2025, Elapsed time: 0:00:00
# Errors: 0, Warnings: 0
# End time: 17:14:50 on Apr 10,2025, Elapsed time: 0:04:16
# Errors: 0, Warnings: 21
# vsim -t 1ps -c -l ./log/vsim_tb_00_report.log work.tb_top -L UNISIMS_VER -L SECUREIP -L SIMPRIMS_VER -L work -voptargs="+acc" work.glbl -wav ./wave/tb_00.wlf 
# Start time: 17:14:50 on Apr 10,2025
# ** Note: (vsim-3813) Design is being optimized due to module recompilation...
# ** Warning: ../rtl/03_usb/usb_dn_if.v(306): (vopt-2685) [TFMPC] - Too few port connections for 'U_DN_LBUF'.  Expected 15, found 13.
# ** Warning: ../rtl/03_usb/usb_dn_if.v(306): (vopt-2718) [TFMPC] - Missing connection for port 'rd_rst_busy'.
# ** Warning: ../rtl/03_usb/usb_dn_if.v(306): (vopt-2718) [TFMPC] - Missing connection for port 'wr_rst_busy'.
# ** Note: (vopt-143) Recognized 1 FSM in module "USB_DN_IF(fast)".
# ** Warning: ../rtl/03_usb/usb_up_if.v(289): (vopt-2685) [TFMPC] - Too few port connections for 'U_DN_LBUF'.  Expected 15, found 13.
# ** Warning: ../rtl/03_usb/usb_up_if.v(289): (vopt-2718) [TFMPC] - Missing connection for port 'rd_rst_busy'.
# ** Warning: ../rtl/03_usb/usb_up_if.v(289): (vopt-2718) [TFMPC] - Missing connection for port 'wr_rst_busy'.
# ** Note: (vopt-143) Recognized 1 FSM in module "USB_UP_IF(fast)".
# ** Note: (vsim-12126) Error and warning message counts have been restored: Errors=0, Warnings=6.
# Loading work.tb_top(fast)
# Loading work.SIM_MODEL(fast)
# Loading work.USB_SIM(fast)
# Loading work.sfifo_i32o32_d1024(fast)
# Loading UNISIMS_VER.GND(fast)
# Loading UNISIMS_VER.LUT1(fast)
# Loading UNISIMS_VER.LUT2(fast)
# Loading UNISIMS_VER.LUT3(fast)
# Loading UNISIMS_VER.FDRE(fast)
# Loading UNISIMS_VER.CARRY4(fast)
# Loading UNISIMS_VER.LUT5(fast)
# Loading UNISIMS_VER.LUT5(fast__1)
# Loading UNISIMS_VER.FDSE(fast)
# Loading UNISIMS_VER.LUT4(fast)
# Loading UNISIMS_VER.LUT4(fast__1)
# Loading UNISIMS_VER.LUT3(fast__1)
# Loading UNISIMS_VER.LUT3(fast__2)
# Loading UNISIMS_VER.LUT4(fast__2)
# Loading UNISIMS_VER.LUT6(fast)
# Loading UNISIMS_VER.LUT2(fast__1)
# Loading UNISIMS_VER.LUT3(fast__3)
# Loading UNISIMS_VER.LUT4(fast__3)
# Loading UNISIMS_VER.LUT5(fast__2)
# Loading UNISIMS_VER.LUT6(fast__1)
# Loading UNISIMS_VER.LUT6(fast__2)
# Loading UNISIMS_VER.LUT4(fast__4)
# Loading UNISIMS_VER.LUT2(fast__2)
# Loading UNISIMS_VER.LUT5(fast__3)
# Loading UNISIMS_VER.LUT4(fast__5)
# Loading UNISIMS_VER.LUT1(fast__1)
# Loading UNISIMS_VER.RAMB36E1(fast)
# Loading UNISIMS_VER.RB36_INTERNAL_VLOG(fast)
# Loading work.USB_TOP(fast)
# Loading work.USB_IF(fast)
# Loading UNISIMS_VER.ODDR(fast)
# Loading work.REG_IF(fast)
# Loading work.REG_ACK(fast)
# Loading work.USB_DN_IF(fast)
# Loading work.afifo_i90o90_d512(fast)
# Loading work.afifo_i90o90_d512_xpm_cdc_gray(fast)
# Loading UNISIMS_VER.LUT4(fast__6)
# Loading UNISIMS_VER.LUT3(fast__4)
# Loading UNISIMS_VER.LUT6(fast__3)
# Loading UNISIMS_VER.LUT5(fast__4)
# Loading work.afifo_i90o90_d512_xpm_cdc_gray__2(fast)
# Loading UNISIMS_VER.FDPE(fast)
# Loading UNISIMS_VER.LUT4(fast__7)
# Loading UNISIMS_VER.FDCE(fast)
# Loading UNISIMS_VER.LUT4(fast__8)
# Loading UNISIMS_VER.LUT6(fast__4)
# Loading UNISIMS_VER.LUT5(fast__5)
# Loading UNISIMS_VER.LUT6(fast__5)
# Loading UNISIMS_VER.LUT5(fast__6)
# Loading UNISIMS_VER.LUT5(fast__7)
# Loading UNISIMS_VER.LUT5(fast__8)
# Loading UNISIMS_VER.LUT5(fast__9)
# Loading UNISIMS_VER.RAM64M(fast)
# Loading UNISIMS_VER.LUT6(fast__6)
# Loading UNISIMS_VER.MUXF7(fast)
# Loading UNISIMS_VER.LUT2(fast__3)
# Loading work.afifo_i90o90_d512_xpm_cdc_async_rst(fast)
# Loading UNISIMS_VER.FDPE(fast__1)
# Loading UNISIMS_VER.LUT3(fast__5)
# Loading UNISIMS_VER.LUT5(fast__10)
# Loading work.afifo_i90o90_d512_xpm_cdc_single(fast)
# Loading work.afifo_i90o90_d512_xpm_cdc_single__2(fast)
# Loading work.afifo_i90o90_d512_xpm_cdc_async_rst__1(fast)
# Loading work.afifo_i32o32_d2048(fast)
# Loading work.afifo_i32o32_d2048_xpm_cdc_gray(fast)
# Loading work.afifo_i32o32_d2048_xpm_cdc_gray__2(fast)
# Loading UNISIMS_VER.LUT6(fast__7)
# Loading UNISIMS_VER.FDSE(fast__1)
# Loading UNISIMS_VER.RAMB36E1(fast__1)
# Loading UNISIMS_VER.RB36_INTERNAL_VLOG(fast__1)
# Loading UNISIMS_VER.SRL16E(fast)
# Loading UNISIMS_VER.FDRE(fast__1)
# Loading UNISIMS_VER.LUT3(fast__6)
# Loading UNISIMS_VER.LUT4(fast__9)
# Loading UNISIMS_VER.LUT6(fast__8)
# Loading work.afifo_i32o32_d2048_xpm_cdc_single(fast)
# Loading work.afifo_i32o32_d2048_xpm_cdc_single__2(fast)
# Loading work.afifo_i32o32_d2048_xpm_cdc_sync_rst(fast)
# Loading work.afifo_i32o32_d2048_xpm_cdc_sync_rst__2(fast)
# Loading work.USB_UP_IF(fast)
# Loading work.USB_UP_ARBIT(fast)
# Loading work.BIST_REG(fast)
# Loading work.glbl(fast)
# ** Warning: (vsim-3015) [PCDPC] - Port size (16) does not match connection size (13) for port 'LBUS_ADDR'. The port definition is at: sim_model/sim_model.v(46).
#    Time: 0 ps  Iteration: 0  Instance: /tb_top/U_SIM_MODEL File: sim_model/tb_top.v Line: 389
# ** Warning: (vsim-3015) [PCDPC] - Port size (32) does not match connection size (10) for port 'REG0_OP_ADDR'. The port definition is at: sim_model/sim_model.v(63).
#    Time: 0 ps  Iteration: 0  Instance: /tb_top/U_SIM_MODEL File: sim_model/tb_top.v Line: 389
# ** Warning: (vsim-3015) [PCDPC] - Port size (32) does not match connection size (10) for port 'REG1_OP_ADDR'. The port definition is at: sim_model/sim_model.v(71).
#    Time: 0 ps  Iteration: 0  Instance: /tb_top/U_SIM_MODEL File: sim_model/tb_top.v Line: 389
# ** Warning: (vsim-3015) [PCDPC] - Port size (32) does not match connection size (10) for port 'REG2_OP_ADDR'. The port definition is at: sim_model/sim_model.v(79).
#    Time: 0 ps  Iteration: 0  Instance: /tb_top/U_SIM_MODEL File: sim_model/tb_top.v Line: 389
# ** Warning: (vsim-3015) [PCDPC] - Port size (32) does not match connection size (10) for port 'REG3_OP_ADDR'. The port definition is at: sim_model/sim_model.v(87).
#    Time: 0 ps  Iteration: 0  Instance: /tb_top/U_SIM_MODEL File: sim_model/tb_top.v Line: 389
# ** Warning: (vsim-3015) [PCDPC] - Port size (32) does not match connection size (10) for port 'REG4_OP_ADDR'. The port definition is at: sim_model/sim_model.v(95).
#    Time: 0 ps  Iteration: 0  Instance: /tb_top/U_SIM_MODEL File: sim_model/tb_top.v Line: 389
# ** Warning: (vsim-3015) [PCDPC] - Port size (32) does not match connection size (10) for port 'REG5_OP_ADDR'. The port definition is at: sim_model/sim_model.v(103).
#    Time: 0 ps  Iteration: 0  Instance: /tb_top/U_SIM_MODEL File: sim_model/tb_top.v Line: 389
# ** Warning: (vsim-3015) [PCDPC] - Port size (32) does not match connection size (10) for port 'REG6_OP_ADDR'. The port definition is at: sim_model/sim_model.v(111).
#    Time: 0 ps  Iteration: 0  Instance: /tb_top/U_SIM_MODEL File: sim_model/tb_top.v Line: 389
# ** Warning: (vsim-3015) [PCDPC] - Port size (32) does not match connection size (10) for port 'REG7_OP_ADDR'. The port definition is at: sim_model/sim_model.v(119).
#    Time: 0 ps  Iteration: 0  Instance: /tb_top/U_SIM_MODEL File: sim_model/tb_top.v Line: 389
# ** Warning: (vsim-3015) [PCDPC] - Port size (12) does not match connection size (16) for port 'DRAM2_WR_SIZE'. The port definition is at: sim_model/sim_model.v(237).
#    Time: 0 ps  Iteration: 0  Instance: /tb_top/U_SIM_MODEL File: sim_model/tb_top.v Line: 389
# ** Warning: (vsim-3015) [PCDPC] - Port size (12) does not match connection size (16) for port 'DRAM3_WR_SIZE'. The port definition is at: sim_model/sim_model.v(256).
#    Time: 0 ps  Iteration: 0  Instance: /tb_top/U_SIM_MODEL File: sim_model/tb_top.v Line: 389
# ** Warning: (vsim-3015) [PCDPC] - Port size (12) does not match connection size (16) for port 'DRAM4_WR_SIZE'. The port definition is at: sim_model/sim_model.v(275).
#    Time: 0 ps  Iteration: 0  Instance: /tb_top/U_SIM_MODEL File: sim_model/tb_top.v Line: 389
# ** Warning: (vsim-3015) [PCDPC] - Port size (12) does not match connection size (16) for port 'DRAM5_WR_SIZE'. The port definition is at: sim_model/sim_model.v(294).
#    Time: 0 ps  Iteration: 0  Instance: /tb_top/U_SIM_MODEL File: sim_model/tb_top.v Line: 389
# ** Warning: (vsim-3015) [PCDPC] - Port size (12) does not match connection size (16) for port 'DRAM6_WR_SIZE'. The port definition is at: sim_model/sim_model.v(313).
#    Time: 0 ps  Iteration: 0  Instance: /tb_top/U_SIM_MODEL File: sim_model/tb_top.v Line: 389
# ** Warning: (vsim-3015) [PCDPC] - Port size (32) does not match connection size (1) for port 'dout'. The port definition is at: ../rtl/00_xilinx_ip/00_afifo/afifo_i32o32_d2048/afifo_i32o32_d2048_sim_netlist.V(24).
#    Time: 0 ps  Iteration: 0  Instance: /tb_top/U_USB_TOP/U_USB_DN_IF/U_DN_LBUF File: ../rtl/03_usb/usb_dn_if.v Line: 306
# ** Warning: (vsim-3015) [PCDPC] - Port size (32) does not match connection size (1) for port 'dout'. The port definition is at: ../rtl/00_xilinx_ip/00_afifo/afifo_i32o32_d2048/afifo_i32o32_d2048_sim_netlist.V(24).
#    Time: 0 ps  Iteration: 0  Instance: /tb_top/U_USB_TOP/U_USB_UP_IF/U_DN_LBUF File: ../rtl/03_usb/usb_up_if.v Line: 289
# ** Warning: (vsim-PLI-3406) Too many digits (16) in data on line 1 of file "tb_pattern/tb_00/file_i/dram0_exp.txt". (Max is 8.)    : sim_model/sim_model.v(1206)
#    Time: 0 ps  Iteration: 0  Instance: /tb_top/U_SIM_MODEL
# ** Warning: (vsim-PLI-3406) Too many digits (16) in data on line 1 of file "tb_pattern/tb_00/file_i/dram1_exp.txt". (Max is 8.)    : sim_model/sim_model.v(1207)
#    Time: 0 ps  Iteration: 0  Instance: /tb_top/U_SIM_MODEL
#  
# ******<<<<<<<<<<<<<<<<<<<<<<Simulation tb_00 start>>>>>>>>>>>>>>>>>>>>>>> ******
#  
# ---- Initial simulation
# ---- clock ---- 1111 ---- enable
# ---- Wait for  64 cycles
# ---- Wait for  64 cycles end
# ---- Wait for  16 cycles
# ---- Wait for  16 cycles end
# ---- reseting by cycle
# ---- reset0   64 cycle end
# ---- Wait for  16 cycles
# ---- Wait for  16 cycles end
# ---- reseting by ns
# ---- reset1  255 ns end
# ---- Write register   PORT :0x0    ADD :0x00000200    DATA :0x89abcd0e
# ---- Wait for  16 cycles
# ---- Wait for  16 cycles end
# ---- Wait for  64 cycles
# ---- Wait for  64 cycles end
# ---- DRAM write PORT :0x01    ADD :0x0000010    SIZE :0x080
# ---- DRAM write end
# ---- Wait for  16 cycles
# ---- Wait for  16 cycles end
# ---- Wait for 255 cycles
# ---- Wait for 255 cycles end
# ---- tb_00 test completed !
#  
# ******<<<<<<<<<<<<<<<<<<<<Simulation tb_00 Successful End>>>>>>>>>>>>>>>>>>> ******
#  
do do/compile_all.do
# ** Warning: (vlib-34) Library already exists at "work".
# Errors: 0, Warnings: 1
# Model Technology ModelSim SE-64 vmap 2020.4 Lib Mapping Utility 2020.10 Oct 13 2020
# vmap work 
# Reading C:/modeltech64_2020.4/win64/../modelsim.ini
# "work" maps to directory ./work. (Default mapping)
# Model Technology ModelSim SE-64 vlog 2020.4 Compiler 2020.10 Oct 13 2020
# Start time: 17:18:14 on Apr 10,2025
# vlog -reportprogress 300 -work work sim_model/lib/glbl.v 
# -- Compiling module glbl
# 
# Top level modules:
# 	glbl
# End time: 17:18:14 on Apr 10,2025, Elapsed time: 0:00:00
# Errors: 0, Warnings: 0
# ** Warning: (vlib-34) Library already exists at "work".
# Errors: 0, Warnings: 1
# Model Technology ModelSim SE-64 vmap 2020.4 Lib Mapping Utility 2020.10 Oct 13 2020
# vmap work 
# Reading C:/modeltech64_2020.4/win64/../modelsim.ini
# "work" maps to directory ./work. (Default mapping)
# Model Technology ModelSim SE-64 vlog 2020.4 Compiler 2020.10 Oct 13 2020
# Start time: 17:18:14 on Apr 10,2025
# vlog -reportprogress 300 -work work ../rtl/00_xilinx_ip/00_afifo/afifo_i32o32_d2048/afifo_i32o32_d2048_sim_netlist.V 
# -- Compiling module afifo_i32o32_d2048
# -- Compiling module afifo_i32o32_d2048_xpm_cdc_gray
# -- Compiling module afifo_i32o32_d2048_xpm_cdc_gray__2
# -- Compiling module afifo_i32o32_d2048_xpm_cdc_single
# -- Compiling module afifo_i32o32_d2048_xpm_cdc_single__2
# -- Compiling module afifo_i32o32_d2048_xpm_cdc_sync_rst
# -- Compiling module afifo_i32o32_d2048_xpm_cdc_sync_rst__2
# -- Compiling module glbl
# 
# Top level modules:
# 	afifo_i32o32_d2048
# 	glbl
# End time: 17:18:14 on Apr 10,2025, Elapsed time: 0:00:00
# Errors: 0, Warnings: 0
# Model Technology ModelSim SE-64 vlog 2020.4 Compiler 2020.10 Oct 13 2020
# Start time: 17:18:14 on Apr 10,2025
# vlog -reportprogress 300 -work work ../rtl/00_xilinx_ip/00_afifo/afifo_i90o90_d512/afifo_i90o90_d512_sim_netlist.V 
# -- Compiling module afifo_i90o90_d512
# -- Compiling module afifo_i90o90_d512_xpm_cdc_async_rst
# -- Compiling module afifo_i90o90_d512_xpm_cdc_async_rst__1
# -- Compiling module afifo_i90o90_d512_xpm_cdc_gray
# -- Compiling module afifo_i90o90_d512_xpm_cdc_gray__2
# -- Compiling module afifo_i90o90_d512_xpm_cdc_single
# -- Compiling module afifo_i90o90_d512_xpm_cdc_single__2
# -- Compiling module glbl
# 
# Top level modules:
# 	afifo_i90o90_d512
# 	glbl
# End time: 17:18:15 on Apr 10,2025, Elapsed time: 0:00:01
# Errors: 0, Warnings: 0
# Model Technology ModelSim SE-64 vlog 2020.4 Compiler 2020.10 Oct 13 2020
# Start time: 17:18:15 on Apr 10,2025
# vlog -reportprogress 300 -work work ../rtl/00_xilinx_ip/01_sfifo/sfifo_i32o32_d1024/sfifo_i32o32_d1024_sim_netlist.V 
# -- Compiling module sfifo_i32o32_d1024
# -- Compiling module glbl
# 
# Top level modules:
# 	sfifo_i32o32_d1024
# 	glbl
# End time: 17:18:15 on Apr 10,2025, Elapsed time: 0:00:00
# Errors: 0, Warnings: 0
# Model Technology ModelSim SE-64 vlog 2020.4 Compiler 2020.10 Oct 13 2020
# Start time: 17:18:15 on Apr 10,2025
# vlog -reportprogress 300 -work work ../rtl/03_usb/reg_ack.v ../rtl/03_usb/reg_if.v ../rtl/03_usb/usb_dn_if.v ../rtl/03_usb/usb_if.v ../rtl/03_usb/usb_top.v ../rtl/03_usb/usb_up_arbit.v ../rtl/03_usb/usb_up_if.v 
# -- Compiling module REG_ACK
# -- Compiling module REG_IF
# -- Compiling module USB_DN_IF
# -- Compiling module USB_IF
# -- Compiling module USB_TOP
# -- Compiling module USB_UP_ARBIT
# -- Compiling module USB_UP_IF
# 
# Top level modules:
# 	USB_TOP
# End time: 17:18:15 on Apr 10,2025, Elapsed time: 0:00:00
# Errors: 0, Warnings: 0
# Model Technology ModelSim SE-64 vlog 2020.4 Compiler 2020.10 Oct 13 2020
# Start time: 17:18:15 on Apr 10,2025
# vlog -reportprogress 300 -work work ../rtl/04_bist/bist_reg.v 
# -- Compiling module BIST_REG
# 
# Top level modules:
# 	BIST_REG
# End time: 17:18:15 on Apr 10,2025, Elapsed time: 0:00:00
# Errors: 0, Warnings: 0
# ** Warning: (vlib-34) Library already exists at "work".
# Errors: 0, Warnings: 1
# Model Technology ModelSim SE-64 vmap 2020.4 Lib Mapping Utility 2020.10 Oct 13 2020
# vmap work 
# Reading C:/modeltech64_2020.4/win64/../modelsim.ini
# "work" maps to directory ./work. (Default mapping)
# Model Technology ModelSim SE-64 vlog 2020.4 Compiler 2020.10 Oct 13 2020
# Start time: 17:18:15 on Apr 10,2025
# vlog -reportprogress 300 -work work sim_model/define/define.v 
# End time: 17:18:15 on Apr 10,2025, Elapsed time: 0:00:00
# Errors: 0, Warnings: 0
# Model Technology ModelSim SE-64 vlog 2020.4 Compiler 2020.10 Oct 13 2020
# Start time: 17:18:16 on Apr 10,2025
# vlog -reportprogress 300 "+define+tb_00=1" -work work "+incdir+{sim_model/define}" sim_model/sim_model.v 
# -- Compiling module SIM_MODEL
# 
# Top level modules:
# 	SIM_MODEL
# End time: 17:18:16 on Apr 10,2025, Elapsed time: 0:00:00
# Errors: 0, Warnings: 0
# Model Technology ModelSim SE-64 vlog 2020.4 Compiler 2020.10 Oct 13 2020
# Start time: 17:18:16 on Apr 10,2025
# vlog -reportprogress 300 "+define+tb_00=1" -work work "+incdir+{sim_model/define}" sim_model/tb_top.v 
# -- Compiling module tb_top
# 
# Top level modules:
# 	tb_top
# End time: 17:18:16 on Apr 10,2025, Elapsed time: 0:00:00
# Errors: 0, Warnings: 0
# Model Technology ModelSim SE-64 vlog 2020.4 Compiler 2020.10 Oct 13 2020
# Start time: 17:18:16 on Apr 10,2025
# vlog -reportprogress 300 "+define+tb_00=1" -work work "+incdir+{sim_model/define}" sim_model/usb_sim.v 
# -- Compiling module USB_SIM
# 
# Top level modules:
# 	USB_SIM
# End time: 17:18:16 on Apr 10,2025, Elapsed time: 0:00:00
# Errors: 0, Warnings: 0
do do/tb_00.do
# Model Technology ModelSim SE-64 vlog 2020.4 Compiler 2020.10 Oct 13 2020
# Start time: 17:18:18 on Apr 10,2025
# vlog -reportprogress 300 "+define+tb_00=1" -work work sim_model\define\define.v 
# End time: 17:18:18 on Apr 10,2025, Elapsed time: 0:00:00
# Errors: 0, Warnings: 0
# Model Technology ModelSim SE-64 vlog 2020.4 Compiler 2020.10 Oct 13 2020
# Start time: 17:18:18 on Apr 10,2025
# vlog -reportprogress 300 "+define+tb_00=1" -work work "+incdir+{sim_modeldefine}" sim_model\tb_top.v 
# -- Compiling module tb_top
# 
# Top level modules:
# 	tb_top
# End time: 17:18:18 on Apr 10,2025, Elapsed time: 0:00:00
# Errors: 0, Warnings: 0
# End time: 17:18:21 on Apr 10,2025, Elapsed time: 0:03:31
# Errors: 0, Warnings: 24
# vsim -t 1ps -c -l ./log/vsim_tb_00_report.log work.tb_top -L UNISIMS_VER -L SECUREIP -L SIMPRIMS_VER -L work -voptargs="+acc" work.glbl -wav ./wave/tb_00.wlf 
# Start time: 17:18:21 on Apr 10,2025
# ** Note: (vsim-3813) Design is being optimized due to module recompilation...
# ** Warning: ../rtl/03_usb/usb_dn_if.v(306): (vopt-2685) [TFMPC] - Too few port connections for 'U_DN_LBUF'.  Expected 15, found 13.
# ** Warning: ../rtl/03_usb/usb_dn_if.v(306): (vopt-2718) [TFMPC] - Missing connection for port 'rd_rst_busy'.
# ** Warning: ../rtl/03_usb/usb_dn_if.v(306): (vopt-2718) [TFMPC] - Missing connection for port 'wr_rst_busy'.
# ** Note: (vopt-143) Recognized 1 FSM in module "USB_DN_IF(fast)".
# ** Note: (vsim-12126) Error and warning message counts have been restored: Errors=0, Warnings=3.
# Loading work.tb_top(fast)
# Loading work.SIM_MODEL(fast)
# Loading work.USB_SIM(fast)
# Loading work.sfifo_i32o32_d1024(fast)
# Loading UNISIMS_VER.GND(fast)
# Loading UNISIMS_VER.LUT1(fast)
# Loading UNISIMS_VER.LUT2(fast)
# Loading UNISIMS_VER.LUT3(fast)
# Loading UNISIMS_VER.FDRE(fast)
# Loading UNISIMS_VER.CARRY4(fast)
# Loading UNISIMS_VER.LUT5(fast)
# Loading UNISIMS_VER.LUT5(fast__1)
# Loading UNISIMS_VER.FDSE(fast)
# Loading UNISIMS_VER.LUT4(fast)
# Loading UNISIMS_VER.LUT4(fast__1)
# Loading UNISIMS_VER.LUT3(fast__1)
# Loading UNISIMS_VER.LUT3(fast__2)
# Loading UNISIMS_VER.LUT4(fast__2)
# Loading UNISIMS_VER.LUT6(fast)
# Loading UNISIMS_VER.LUT2(fast__1)
# Loading UNISIMS_VER.LUT3(fast__3)
# Loading UNISIMS_VER.LUT4(fast__3)
# Loading UNISIMS_VER.LUT5(fast__2)
# Loading UNISIMS_VER.LUT6(fast__1)
# Loading UNISIMS_VER.LUT6(fast__2)
# Loading UNISIMS_VER.LUT4(fast__4)
# Loading UNISIMS_VER.LUT2(fast__2)
# Loading UNISIMS_VER.LUT5(fast__3)
# Loading UNISIMS_VER.LUT4(fast__5)
# Loading UNISIMS_VER.LUT1(fast__1)
# Loading UNISIMS_VER.RAMB36E1(fast)
# Loading UNISIMS_VER.RB36_INTERNAL_VLOG(fast)
# Loading work.USB_TOP(fast)
# Loading work.USB_IF(fast)
# Loading UNISIMS_VER.ODDR(fast)
# Loading work.REG_IF(fast)
# Loading work.REG_ACK(fast)
# Loading work.USB_DN_IF(fast)
# Loading work.afifo_i90o90_d512(fast)
# Loading work.afifo_i90o90_d512_xpm_cdc_gray(fast)
# Loading UNISIMS_VER.LUT4(fast__6)
# Loading UNISIMS_VER.LUT3(fast__4)
# Loading UNISIMS_VER.LUT6(fast__3)
# Loading UNISIMS_VER.LUT5(fast__4)
# Loading work.afifo_i90o90_d512_xpm_cdc_gray__2(fast)
# Loading UNISIMS_VER.FDPE(fast)
# Loading UNISIMS_VER.LUT4(fast__7)
# Loading UNISIMS_VER.FDCE(fast)
# Loading UNISIMS_VER.LUT4(fast__8)
# Loading UNISIMS_VER.LUT6(fast__4)
# Loading UNISIMS_VER.LUT5(fast__5)
# Loading UNISIMS_VER.LUT6(fast__5)
# Loading UNISIMS_VER.LUT5(fast__6)
# Loading UNISIMS_VER.LUT5(fast__7)
# Loading UNISIMS_VER.LUT5(fast__8)
# Loading UNISIMS_VER.LUT5(fast__9)
# Loading UNISIMS_VER.RAM64M(fast)
# Loading UNISIMS_VER.LUT6(fast__6)
# Loading UNISIMS_VER.MUXF7(fast)
# Loading UNISIMS_VER.LUT2(fast__3)
# Loading work.afifo_i90o90_d512_xpm_cdc_async_rst(fast)
# Loading UNISIMS_VER.FDPE(fast__1)
# Loading UNISIMS_VER.LUT3(fast__5)
# Loading UNISIMS_VER.LUT5(fast__10)
# Loading work.afifo_i90o90_d512_xpm_cdc_single(fast)
# Loading work.afifo_i90o90_d512_xpm_cdc_single__2(fast)
# Loading work.afifo_i90o90_d512_xpm_cdc_async_rst__1(fast)
# Loading work.afifo_i32o32_d2048(fast)
# Loading work.afifo_i32o32_d2048_xpm_cdc_gray(fast)
# Loading work.afifo_i32o32_d2048_xpm_cdc_gray__2(fast)
# Loading UNISIMS_VER.LUT6(fast__7)
# Loading UNISIMS_VER.FDSE(fast__1)
# Loading UNISIMS_VER.RAMB36E1(fast__1)
# Loading UNISIMS_VER.RB36_INTERNAL_VLOG(fast__1)
# Loading UNISIMS_VER.SRL16E(fast)
# Loading UNISIMS_VER.FDRE(fast__1)
# Loading UNISIMS_VER.LUT3(fast__6)
# Loading UNISIMS_VER.LUT4(fast__9)
# Loading UNISIMS_VER.LUT6(fast__8)
# Loading work.afifo_i32o32_d2048_xpm_cdc_single(fast)
# Loading work.afifo_i32o32_d2048_xpm_cdc_single__2(fast)
# Loading work.afifo_i32o32_d2048_xpm_cdc_sync_rst(fast)
# Loading work.afifo_i32o32_d2048_xpm_cdc_sync_rst__2(fast)
# Loading work.USB_UP_IF(fast)
# Loading work.USB_UP_ARBIT(fast)
# Loading work.BIST_REG(fast)
# Loading work.glbl(fast)
# ** Warning: (vsim-3015) [PCDPC] - Port size (16) does not match connection size (13) for port 'LBUS_ADDR'. The port definition is at: sim_model/sim_model.v(46).
#    Time: 0 ps  Iteration: 0  Instance: /tb_top/U_SIM_MODEL File: sim_model/tb_top.v Line: 389
# ** Warning: (vsim-3015) [PCDPC] - Port size (32) does not match connection size (10) for port 'REG0_OP_ADDR'. The port definition is at: sim_model/sim_model.v(63).
#    Time: 0 ps  Iteration: 0  Instance: /tb_top/U_SIM_MODEL File: sim_model/tb_top.v Line: 389
# ** Warning: (vsim-3015) [PCDPC] - Port size (32) does not match connection size (10) for port 'REG1_OP_ADDR'. The port definition is at: sim_model/sim_model.v(71).
#    Time: 0 ps  Iteration: 0  Instance: /tb_top/U_SIM_MODEL File: sim_model/tb_top.v Line: 389
# ** Warning: (vsim-3015) [PCDPC] - Port size (32) does not match connection size (10) for port 'REG2_OP_ADDR'. The port definition is at: sim_model/sim_model.v(79).
#    Time: 0 ps  Iteration: 0  Instance: /tb_top/U_SIM_MODEL File: sim_model/tb_top.v Line: 389
# ** Warning: (vsim-3015) [PCDPC] - Port size (32) does not match connection size (10) for port 'REG3_OP_ADDR'. The port definition is at: sim_model/sim_model.v(87).
#    Time: 0 ps  Iteration: 0  Instance: /tb_top/U_SIM_MODEL File: sim_model/tb_top.v Line: 389
# ** Warning: (vsim-3015) [PCDPC] - Port size (32) does not match connection size (10) for port 'REG4_OP_ADDR'. The port definition is at: sim_model/sim_model.v(95).
#    Time: 0 ps  Iteration: 0  Instance: /tb_top/U_SIM_MODEL File: sim_model/tb_top.v Line: 389
# ** Warning: (vsim-3015) [PCDPC] - Port size (32) does not match connection size (10) for port 'REG5_OP_ADDR'. The port definition is at: sim_model/sim_model.v(103).
#    Time: 0 ps  Iteration: 0  Instance: /tb_top/U_SIM_MODEL File: sim_model/tb_top.v Line: 389
# ** Warning: (vsim-3015) [PCDPC] - Port size (32) does not match connection size (10) for port 'REG6_OP_ADDR'. The port definition is at: sim_model/sim_model.v(111).
#    Time: 0 ps  Iteration: 0  Instance: /tb_top/U_SIM_MODEL File: sim_model/tb_top.v Line: 389
# ** Warning: (vsim-3015) [PCDPC] - Port size (32) does not match connection size (10) for port 'REG7_OP_ADDR'. The port definition is at: sim_model/sim_model.v(119).
#    Time: 0 ps  Iteration: 0  Instance: /tb_top/U_SIM_MODEL File: sim_model/tb_top.v Line: 389
# ** Warning: (vsim-3015) [PCDPC] - Port size (12) does not match connection size (16) for port 'DRAM2_WR_SIZE'. The port definition is at: sim_model/sim_model.v(237).
#    Time: 0 ps  Iteration: 0  Instance: /tb_top/U_SIM_MODEL File: sim_model/tb_top.v Line: 389
# ** Warning: (vsim-3015) [PCDPC] - Port size (12) does not match connection size (16) for port 'DRAM3_WR_SIZE'. The port definition is at: sim_model/sim_model.v(256).
#    Time: 0 ps  Iteration: 0  Instance: /tb_top/U_SIM_MODEL File: sim_model/tb_top.v Line: 389
# ** Warning: (vsim-3015) [PCDPC] - Port size (12) does not match connection size (16) for port 'DRAM4_WR_SIZE'. The port definition is at: sim_model/sim_model.v(275).
#    Time: 0 ps  Iteration: 0  Instance: /tb_top/U_SIM_MODEL File: sim_model/tb_top.v Line: 389
# ** Warning: (vsim-3015) [PCDPC] - Port size (12) does not match connection size (16) for port 'DRAM5_WR_SIZE'. The port definition is at: sim_model/sim_model.v(294).
#    Time: 0 ps  Iteration: 0  Instance: /tb_top/U_SIM_MODEL File: sim_model/tb_top.v Line: 389
# ** Warning: (vsim-3015) [PCDPC] - Port size (12) does not match connection size (16) for port 'DRAM6_WR_SIZE'. The port definition is at: sim_model/sim_model.v(313).
#    Time: 0 ps  Iteration: 0  Instance: /tb_top/U_SIM_MODEL File: sim_model/tb_top.v Line: 389
# ** Warning: (vsim-3015) [PCDPC] - Port size (32) does not match connection size (1) for port 'dout'. The port definition is at: ../rtl/00_xilinx_ip/00_afifo/afifo_i32o32_d2048/afifo_i32o32_d2048_sim_netlist.V(24).
#    Time: 0 ps  Iteration: 0  Instance: /tb_top/U_USB_TOP/U_USB_DN_IF/U_DN_LBUF File: ../rtl/03_usb/usb_dn_if.v Line: 306
# ** Warning: (vsim-3015) [PCDPC] - Port size (32) does not match connection size (1) for port 'dout'. The port definition is at: ../rtl/00_xilinx_ip/00_afifo/afifo_i32o32_d2048/afifo_i32o32_d2048_sim_netlist.V(24).
#    Time: 0 ps  Iteration: 0  Instance: /tb_top/U_USB_TOP/U_USB_UP_IF/U_DN_LBUF File: ../rtl/03_usb/usb_up_if.v Line: 289
# ** Warning: (vsim-PLI-3406) Too many digits (16) in data on line 1 of file "tb_pattern/tb_00/file_i/dram0_exp.txt". (Max is 8.)    : sim_model/sim_model.v(1206)
#    Time: 0 ps  Iteration: 0  Instance: /tb_top/U_SIM_MODEL
# ** Warning: (vsim-PLI-3406) Too many digits (16) in data on line 1 of file "tb_pattern/tb_00/file_i/dram1_exp.txt". (Max is 8.)    : sim_model/sim_model.v(1207)
#    Time: 0 ps  Iteration: 0  Instance: /tb_top/U_SIM_MODEL
#  
# ******<<<<<<<<<<<<<<<<<<<<<<Simulation tb_00 start>>>>>>>>>>>>>>>>>>>>>>> ******
#  
# ---- Initial simulation
# ---- clock ---- 1111 ---- enable
# ---- Wait for  64 cycles
# ---- Wait for  64 cycles end
# ---- Wait for  16 cycles
# ---- Wait for  16 cycles end
# ---- reseting by cycle
# ---- reset0   64 cycle end
# ---- Wait for  16 cycles
# ---- Wait for  16 cycles end
# ---- reseting by ns
# ---- reset1  255 ns end
# ---- Write register   PORT :0x0    ADD :0x00000200    DATA :0x89abcd0e
# ---- Wait for  16 cycles
# ---- Wait for  16 cycles end
# ---- Wait for  64 cycles
# ---- Wait for  64 cycles end
# ---- DRAM write PORT :0x01    ADD :0x0000010    SIZE :0x080
# ---- DRAM write end
# ---- Wait for  16 cycles
# ---- Wait for  16 cycles end
# ---- Wait for 255 cycles
# ---- Wait for 255 cycles end
# ---- tb_00 test completed !
#  
# ******<<<<<<<<<<<<<<<<<<<<Simulation tb_00 Successful End>>>>>>>>>>>>>>>>>>> ******
#  
do do/compile_all.do
# ** Warning: (vlib-34) Library already exists at "work".
# Errors: 0, Warnings: 1
# Model Technology ModelSim SE-64 vmap 2020.4 Lib Mapping Utility 2020.10 Oct 13 2020
# vmap work 
# Reading C:/modeltech64_2020.4/win64/../modelsim.ini
# "work" maps to directory ./work. (Default mapping)
# Model Technology ModelSim SE-64 vlog 2020.4 Compiler 2020.10 Oct 13 2020
# Start time: 17:19:41 on Apr 10,2025
# vlog -reportprogress 300 -work work sim_model/lib/glbl.v 
# -- Compiling module glbl
# 
# Top level modules:
# 	glbl
# End time: 17:19:41 on Apr 10,2025, Elapsed time: 0:00:00
# Errors: 0, Warnings: 0
# ** Warning: (vlib-34) Library already exists at "work".
# Errors: 0, Warnings: 1
# Model Technology ModelSim SE-64 vmap 2020.4 Lib Mapping Utility 2020.10 Oct 13 2020
# vmap work 
# Reading C:/modeltech64_2020.4/win64/../modelsim.ini
# "work" maps to directory ./work. (Default mapping)
# Model Technology ModelSim SE-64 vlog 2020.4 Compiler 2020.10 Oct 13 2020
# Start time: 17:19:41 on Apr 10,2025
# vlog -reportprogress 300 -work work ../rtl/00_xilinx_ip/00_afifo/afifo_i32o32_d2048/afifo_i32o32_d2048_sim_netlist.V 
# -- Compiling module afifo_i32o32_d2048
# -- Compiling module afifo_i32o32_d2048_xpm_cdc_gray
# -- Compiling module afifo_i32o32_d2048_xpm_cdc_gray__2
# -- Compiling module afifo_i32o32_d2048_xpm_cdc_single
# -- Compiling module afifo_i32o32_d2048_xpm_cdc_single__2
# -- Compiling module afifo_i32o32_d2048_xpm_cdc_sync_rst
# -- Compiling module afifo_i32o32_d2048_xpm_cdc_sync_rst__2
# -- Compiling module glbl
# 
# Top level modules:
# 	afifo_i32o32_d2048
# 	glbl
# End time: 17:19:42 on Apr 10,2025, Elapsed time: 0:00:01
# Errors: 0, Warnings: 0
# Model Technology ModelSim SE-64 vlog 2020.4 Compiler 2020.10 Oct 13 2020
# Start time: 17:19:42 on Apr 10,2025
# vlog -reportprogress 300 -work work ../rtl/00_xilinx_ip/00_afifo/afifo_i90o90_d512/afifo_i90o90_d512_sim_netlist.V 
# -- Compiling module afifo_i90o90_d512
# -- Compiling module afifo_i90o90_d512_xpm_cdc_async_rst
# -- Compiling module afifo_i90o90_d512_xpm_cdc_async_rst__1
# -- Compiling module afifo_i90o90_d512_xpm_cdc_gray
# -- Compiling module afifo_i90o90_d512_xpm_cdc_gray__2
# -- Compiling module afifo_i90o90_d512_xpm_cdc_single
# -- Compiling module afifo_i90o90_d512_xpm_cdc_single__2
# -- Compiling module glbl
# 
# Top level modules:
# 	afifo_i90o90_d512
# 	glbl
# End time: 17:19:42 on Apr 10,2025, Elapsed time: 0:00:00
# Errors: 0, Warnings: 0
# Model Technology ModelSim SE-64 vlog 2020.4 Compiler 2020.10 Oct 13 2020
# Start time: 17:19:42 on Apr 10,2025
# vlog -reportprogress 300 -work work ../rtl/00_xilinx_ip/01_sfifo/sfifo_i32o32_d1024/sfifo_i32o32_d1024_sim_netlist.V 
# -- Compiling module sfifo_i32o32_d1024
# -- Compiling module glbl
# 
# Top level modules:
# 	sfifo_i32o32_d1024
# 	glbl
# End time: 17:19:43 on Apr 10,2025, Elapsed time: 0:00:01
# Errors: 0, Warnings: 0
# Model Technology ModelSim SE-64 vlog 2020.4 Compiler 2020.10 Oct 13 2020
# Start time: 17:19:43 on Apr 10,2025
# vlog -reportprogress 300 -work work ../rtl/03_usb/reg_ack.v ../rtl/03_usb/reg_if.v ../rtl/03_usb/usb_dn_if.v ../rtl/03_usb/usb_if.v ../rtl/03_usb/usb_top.v ../rtl/03_usb/usb_up_arbit.v ../rtl/03_usb/usb_up_if.v 
# -- Compiling module REG_ACK
# -- Compiling module REG_IF
# -- Compiling module USB_DN_IF
# -- Compiling module USB_IF
# -- Compiling module USB_TOP
# -- Compiling module USB_UP_ARBIT
# -- Compiling module USB_UP_IF
# 
# Top level modules:
# 	USB_TOP
# End time: 17:19:43 on Apr 10,2025, Elapsed time: 0:00:00
# Errors: 0, Warnings: 0
# Model Technology ModelSim SE-64 vlog 2020.4 Compiler 2020.10 Oct 13 2020
# Start time: 17:19:43 on Apr 10,2025
# vlog -reportprogress 300 -work work ../rtl/04_bist/bist_reg.v 
# -- Compiling module BIST_REG
# 
# Top level modules:
# 	BIST_REG
# End time: 17:19:43 on Apr 10,2025, Elapsed time: 0:00:00
# Errors: 0, Warnings: 0
# ** Warning: (vlib-34) Library already exists at "work".
# Errors: 0, Warnings: 1
# Model Technology ModelSim SE-64 vmap 2020.4 Lib Mapping Utility 2020.10 Oct 13 2020
# vmap work 
# Reading C:/modeltech64_2020.4/win64/../modelsim.ini
# "work" maps to directory ./work. (Default mapping)
# Model Technology ModelSim SE-64 vlog 2020.4 Compiler 2020.10 Oct 13 2020
# Start time: 17:19:43 on Apr 10,2025
# vlog -reportprogress 300 -work work sim_model/define/define.v 
# End time: 17:19:43 on Apr 10,2025, Elapsed time: 0:00:00
# Errors: 0, Warnings: 0
# Model Technology ModelSim SE-64 vlog 2020.4 Compiler 2020.10 Oct 13 2020
# Start time: 17:19:43 on Apr 10,2025
# vlog -reportprogress 300 "+define+tb_00=1" -work work "+incdir+{sim_model/define}" sim_model/sim_model.v 
# -- Compiling module SIM_MODEL
# 
# Top level modules:
# 	SIM_MODEL
# End time: 17:19:43 on Apr 10,2025, Elapsed time: 0:00:00
# Errors: 0, Warnings: 0
# Model Technology ModelSim SE-64 vlog 2020.4 Compiler 2020.10 Oct 13 2020
# Start time: 17:19:43 on Apr 10,2025
# vlog -reportprogress 300 "+define+tb_00=1" -work work "+incdir+{sim_model/define}" sim_model/tb_top.v 
# -- Compiling module tb_top
# 
# Top level modules:
# 	tb_top
# End time: 17:19:43 on Apr 10,2025, Elapsed time: 0:00:00
# Errors: 0, Warnings: 0
# Model Technology ModelSim SE-64 vlog 2020.4 Compiler 2020.10 Oct 13 2020
# Start time: 17:19:44 on Apr 10,2025
# vlog -reportprogress 300 "+define+tb_00=1" -work work "+incdir+{sim_model/define}" sim_model/usb_sim.v 
# -- Compiling module USB_SIM
# 
# Top level modules:
# 	USB_SIM
# End time: 17:19:44 on Apr 10,2025, Elapsed time: 0:00:00
# Errors: 0, Warnings: 0
do do/tb_00.do
# Model Technology ModelSim SE-64 vlog 2020.4 Compiler 2020.10 Oct 13 2020
# Start time: 17:19:46 on Apr 10,2025
# vlog -reportprogress 300 "+define+tb_00=1" -work work sim_model\define\define.v 
# End time: 17:19:46 on Apr 10,2025, Elapsed time: 0:00:00
# Errors: 0, Warnings: 0
# Model Technology ModelSim SE-64 vlog 2020.4 Compiler 2020.10 Oct 13 2020
# Start time: 17:19:46 on Apr 10,2025
# vlog -reportprogress 300 "+define+tb_00=1" -work work "+incdir+{sim_modeldefine}" sim_model\tb_top.v 
# -- Compiling module tb_top
# 
# Top level modules:
# 	tb_top
# End time: 17:19:46 on Apr 10,2025, Elapsed time: 0:00:00
# Errors: 0, Warnings: 0
# End time: 17:19:49 on Apr 10,2025, Elapsed time: 0:01:28
# Errors: 0, Warnings: 21
# vsim -t 1ps -c -l ./log/vsim_tb_00_report.log work.tb_top -L UNISIMS_VER -L SECUREIP -L SIMPRIMS_VER -L work -voptargs="+acc" work.glbl -wav ./wave/tb_00.wlf 
# Start time: 17:19:49 on Apr 10,2025
# ** Note: (vsim-3813) Design is being optimized due to module recompilation...
# ** Warning: ../rtl/03_usb/usb_dn_if.v(307): (vopt-2685) [TFMPC] - Too few port connections for 'U_DN_LBUF'.  Expected 15, found 13.
# ** Warning: ../rtl/03_usb/usb_dn_if.v(307): (vopt-2718) [TFMPC] - Missing connection for port 'rd_rst_busy'.
# ** Warning: ../rtl/03_usb/usb_dn_if.v(307): (vopt-2718) [TFMPC] - Missing connection for port 'wr_rst_busy'.
# ** Note: (vopt-143) Recognized 1 FSM in module "USB_DN_IF(fast)".
# ** Note: (vsim-12126) Error and warning message counts have been restored: Errors=0, Warnings=3.
# Loading work.tb_top(fast)
# Loading work.SIM_MODEL(fast)
# Loading work.USB_SIM(fast)
# Loading work.sfifo_i32o32_d1024(fast)
# Loading UNISIMS_VER.GND(fast)
# Loading UNISIMS_VER.LUT1(fast)
# Loading UNISIMS_VER.LUT2(fast)
# Loading UNISIMS_VER.LUT3(fast)
# Loading UNISIMS_VER.FDRE(fast)
# Loading UNISIMS_VER.CARRY4(fast)
# Loading UNISIMS_VER.LUT5(fast)
# Loading UNISIMS_VER.LUT5(fast__1)
# Loading UNISIMS_VER.FDSE(fast)
# Loading UNISIMS_VER.LUT4(fast)
# Loading UNISIMS_VER.LUT4(fast__1)
# Loading UNISIMS_VER.LUT3(fast__1)
# Loading UNISIMS_VER.LUT3(fast__2)
# Loading UNISIMS_VER.LUT4(fast__2)
# Loading UNISIMS_VER.LUT6(fast)
# Loading UNISIMS_VER.LUT2(fast__1)
# Loading UNISIMS_VER.LUT3(fast__3)
# Loading UNISIMS_VER.LUT4(fast__3)
# Loading UNISIMS_VER.LUT5(fast__2)
# Loading UNISIMS_VER.LUT6(fast__1)
# Loading UNISIMS_VER.LUT6(fast__2)
# Loading UNISIMS_VER.LUT4(fast__4)
# Loading UNISIMS_VER.LUT2(fast__2)
# Loading UNISIMS_VER.LUT5(fast__3)
# Loading UNISIMS_VER.LUT4(fast__5)
# Loading UNISIMS_VER.LUT1(fast__1)
# Loading UNISIMS_VER.RAMB36E1(fast)
# Loading UNISIMS_VER.RB36_INTERNAL_VLOG(fast)
# Loading work.USB_TOP(fast)
# Loading work.USB_IF(fast)
# Loading UNISIMS_VER.ODDR(fast)
# Loading work.REG_IF(fast)
# Loading work.REG_ACK(fast)
# Loading work.USB_DN_IF(fast)
# Loading work.afifo_i90o90_d512(fast)
# Loading work.afifo_i90o90_d512_xpm_cdc_gray(fast)
# Loading UNISIMS_VER.LUT4(fast__6)
# Loading UNISIMS_VER.LUT3(fast__4)
# Loading UNISIMS_VER.LUT6(fast__3)
# Loading UNISIMS_VER.LUT5(fast__4)
# Loading work.afifo_i90o90_d512_xpm_cdc_gray__2(fast)
# Loading UNISIMS_VER.FDPE(fast)
# Loading UNISIMS_VER.LUT4(fast__7)
# Loading UNISIMS_VER.FDCE(fast)
# Loading UNISIMS_VER.LUT4(fast__8)
# Loading UNISIMS_VER.LUT6(fast__4)
# Loading UNISIMS_VER.LUT5(fast__5)
# Loading UNISIMS_VER.LUT6(fast__5)
# Loading UNISIMS_VER.LUT5(fast__6)
# Loading UNISIMS_VER.LUT5(fast__7)
# Loading UNISIMS_VER.LUT5(fast__8)
# Loading UNISIMS_VER.LUT5(fast__9)
# Loading UNISIMS_VER.RAM64M(fast)
# Loading UNISIMS_VER.LUT6(fast__6)
# Loading UNISIMS_VER.MUXF7(fast)
# Loading UNISIMS_VER.LUT2(fast__3)
# Loading work.afifo_i90o90_d512_xpm_cdc_async_rst(fast)
# Loading UNISIMS_VER.FDPE(fast__1)
# Loading UNISIMS_VER.LUT3(fast__5)
# Loading UNISIMS_VER.LUT5(fast__10)
# Loading work.afifo_i90o90_d512_xpm_cdc_single(fast)
# Loading work.afifo_i90o90_d512_xpm_cdc_single__2(fast)
# Loading work.afifo_i90o90_d512_xpm_cdc_async_rst__1(fast)
# Loading work.afifo_i32o32_d2048(fast)
# Loading work.afifo_i32o32_d2048_xpm_cdc_gray(fast)
# Loading work.afifo_i32o32_d2048_xpm_cdc_gray__2(fast)
# Loading UNISIMS_VER.LUT6(fast__7)
# Loading UNISIMS_VER.FDSE(fast__1)
# Loading UNISIMS_VER.RAMB36E1(fast__1)
# Loading UNISIMS_VER.RB36_INTERNAL_VLOG(fast__1)
# Loading UNISIMS_VER.SRL16E(fast)
# Loading UNISIMS_VER.FDRE(fast__1)
# Loading UNISIMS_VER.LUT3(fast__6)
# Loading UNISIMS_VER.LUT4(fast__9)
# Loading UNISIMS_VER.LUT6(fast__8)
# Loading work.afifo_i32o32_d2048_xpm_cdc_single(fast)
# Loading work.afifo_i32o32_d2048_xpm_cdc_single__2(fast)
# Loading work.afifo_i32o32_d2048_xpm_cdc_sync_rst(fast)
# Loading work.afifo_i32o32_d2048_xpm_cdc_sync_rst__2(fast)
# Loading work.USB_UP_IF(fast)
# Loading work.USB_UP_ARBIT(fast)
# Loading work.BIST_REG(fast)
# Loading work.glbl(fast)
# ** Warning: (vsim-3015) [PCDPC] - Port size (16) does not match connection size (13) for port 'LBUS_ADDR'. The port definition is at: sim_model/sim_model.v(46).
#    Time: 0 ps  Iteration: 0  Instance: /tb_top/U_SIM_MODEL File: sim_model/tb_top.v Line: 389
# ** Warning: (vsim-3015) [PCDPC] - Port size (32) does not match connection size (10) for port 'REG0_OP_ADDR'. The port definition is at: sim_model/sim_model.v(63).
#    Time: 0 ps  Iteration: 0  Instance: /tb_top/U_SIM_MODEL File: sim_model/tb_top.v Line: 389
# ** Warning: (vsim-3015) [PCDPC] - Port size (32) does not match connection size (10) for port 'REG1_OP_ADDR'. The port definition is at: sim_model/sim_model.v(71).
#    Time: 0 ps  Iteration: 0  Instance: /tb_top/U_SIM_MODEL File: sim_model/tb_top.v Line: 389
# ** Warning: (vsim-3015) [PCDPC] - Port size (32) does not match connection size (10) for port 'REG2_OP_ADDR'. The port definition is at: sim_model/sim_model.v(79).
#    Time: 0 ps  Iteration: 0  Instance: /tb_top/U_SIM_MODEL File: sim_model/tb_top.v Line: 389
# ** Warning: (vsim-3015) [PCDPC] - Port size (32) does not match connection size (10) for port 'REG3_OP_ADDR'. The port definition is at: sim_model/sim_model.v(87).
#    Time: 0 ps  Iteration: 0  Instance: /tb_top/U_SIM_MODEL File: sim_model/tb_top.v Line: 389
# ** Warning: (vsim-3015) [PCDPC] - Port size (32) does not match connection size (10) for port 'REG4_OP_ADDR'. The port definition is at: sim_model/sim_model.v(95).
#    Time: 0 ps  Iteration: 0  Instance: /tb_top/U_SIM_MODEL File: sim_model/tb_top.v Line: 389
# ** Warning: (vsim-3015) [PCDPC] - Port size (32) does not match connection size (10) for port 'REG5_OP_ADDR'. The port definition is at: sim_model/sim_model.v(103).
#    Time: 0 ps  Iteration: 0  Instance: /tb_top/U_SIM_MODEL File: sim_model/tb_top.v Line: 389
# ** Warning: (vsim-3015) [PCDPC] - Port size (32) does not match connection size (10) for port 'REG6_OP_ADDR'. The port definition is at: sim_model/sim_model.v(111).
#    Time: 0 ps  Iteration: 0  Instance: /tb_top/U_SIM_MODEL File: sim_model/tb_top.v Line: 389
# ** Warning: (vsim-3015) [PCDPC] - Port size (32) does not match connection size (10) for port 'REG7_OP_ADDR'. The port definition is at: sim_model/sim_model.v(119).
#    Time: 0 ps  Iteration: 0  Instance: /tb_top/U_SIM_MODEL File: sim_model/tb_top.v Line: 389
# ** Warning: (vsim-3015) [PCDPC] - Port size (12) does not match connection size (16) for port 'DRAM2_WR_SIZE'. The port definition is at: sim_model/sim_model.v(237).
#    Time: 0 ps  Iteration: 0  Instance: /tb_top/U_SIM_MODEL File: sim_model/tb_top.v Line: 389
# ** Warning: (vsim-3015) [PCDPC] - Port size (12) does not match connection size (16) for port 'DRAM3_WR_SIZE'. The port definition is at: sim_model/sim_model.v(256).
#    Time: 0 ps  Iteration: 0  Instance: /tb_top/U_SIM_MODEL File: sim_model/tb_top.v Line: 389
# ** Warning: (vsim-3015) [PCDPC] - Port size (12) does not match connection size (16) for port 'DRAM4_WR_SIZE'. The port definition is at: sim_model/sim_model.v(275).
#    Time: 0 ps  Iteration: 0  Instance: /tb_top/U_SIM_MODEL File: sim_model/tb_top.v Line: 389
# ** Warning: (vsim-3015) [PCDPC] - Port size (12) does not match connection size (16) for port 'DRAM5_WR_SIZE'. The port definition is at: sim_model/sim_model.v(294).
#    Time: 0 ps  Iteration: 0  Instance: /tb_top/U_SIM_MODEL File: sim_model/tb_top.v Line: 389
# ** Warning: (vsim-3015) [PCDPC] - Port size (12) does not match connection size (16) for port 'DRAM6_WR_SIZE'. The port definition is at: sim_model/sim_model.v(313).
#    Time: 0 ps  Iteration: 0  Instance: /tb_top/U_SIM_MODEL File: sim_model/tb_top.v Line: 389
# ** Warning: (vsim-3015) [PCDPC] - Port size (32) does not match connection size (1) for port 'dout'. The port definition is at: ../rtl/00_xilinx_ip/00_afifo/afifo_i32o32_d2048/afifo_i32o32_d2048_sim_netlist.V(24).
#    Time: 0 ps  Iteration: 0  Instance: /tb_top/U_USB_TOP/U_USB_DN_IF/U_DN_LBUF File: ../rtl/03_usb/usb_dn_if.v Line: 307
# ** Warning: (vsim-3015) [PCDPC] - Port size (32) does not match connection size (1) for port 'dout'. The port definition is at: ../rtl/00_xilinx_ip/00_afifo/afifo_i32o32_d2048/afifo_i32o32_d2048_sim_netlist.V(24).
#    Time: 0 ps  Iteration: 0  Instance: /tb_top/U_USB_TOP/U_USB_UP_IF/U_DN_LBUF File: ../rtl/03_usb/usb_up_if.v Line: 289
# ** Warning: (vsim-PLI-3406) Too many digits (16) in data on line 1 of file "tb_pattern/tb_00/file_i/dram0_exp.txt". (Max is 8.)    : sim_model/sim_model.v(1206)
#    Time: 0 ps  Iteration: 0  Instance: /tb_top/U_SIM_MODEL
# ** Warning: (vsim-PLI-3406) Too many digits (16) in data on line 1 of file "tb_pattern/tb_00/file_i/dram1_exp.txt". (Max is 8.)    : sim_model/sim_model.v(1207)
#    Time: 0 ps  Iteration: 0  Instance: /tb_top/U_SIM_MODEL
#  
# ******<<<<<<<<<<<<<<<<<<<<<<Simulation tb_00 start>>>>>>>>>>>>>>>>>>>>>>> ******
#  
# ---- Initial simulation
# ---- clock ---- 1111 ---- enable
# ---- Wait for  64 cycles
# ---- Wait for  64 cycles end
# ---- Wait for  16 cycles
# ---- Wait for  16 cycles end
# ---- reseting by cycle
# ---- reset0   64 cycle end
# ---- Wait for  16 cycles
# ---- Wait for  16 cycles end
# ---- reseting by ns
# ---- reset1  255 ns end
# ---- Write register   PORT :0x0    ADD :0x00000200    DATA :0x89abcd0e
# ---- Wait for  16 cycles
# ---- Wait for  16 cycles end
# ---- Wait for  64 cycles
# ---- Wait for  64 cycles end
# ---- DRAM write PORT :0x01    ADD :0x0000010    SIZE :0x080
# ---- DRAM write end
# ---- Wait for  16 cycles
# ---- Wait for  16 cycles end
# ---- Wait for 255 cycles
# ---- Wait for 255 cycles end
# ---- tb_00 test completed !
#  
# ******<<<<<<<<<<<<<<<<<<<<Simulation tb_00 Successful End>>>>>>>>>>>>>>>>>>> ******
#  
do do/tb_00.do
# Model Technology ModelSim SE-64 vlog 2020.4 Compiler 2020.10 Oct 13 2020
# Start time: 17:20:32 on Apr 10,2025
# vlog -reportprogress 300 "+define+tb_00=1" -work work sim_model\define\define.v 
# End time: 17:20:32 on Apr 10,2025, Elapsed time: 0:00:00
# Errors: 0, Warnings: 0
# Model Technology ModelSim SE-64 vlog 2020.4 Compiler 2020.10 Oct 13 2020
# Start time: 17:20:32 on Apr 10,2025
# vlog -reportprogress 300 "+define+tb_00=1" -work work "+incdir+{sim_modeldefine}" sim_model\tb_top.v 
# -- Compiling module tb_top
# 
# Top level modules:
# 	tb_top
# End time: 17:20:32 on Apr 10,2025, Elapsed time: 0:00:00
# Errors: 0, Warnings: 0
# End time: 17:20:35 on Apr 10,2025, Elapsed time: 0:00:46
# Errors: 0, Warnings: 21
# vsim -t 1ps -c -l ./log/vsim_tb_00_report.log work.tb_top -L UNISIMS_VER -L SECUREIP -L SIMPRIMS_VER -L work -voptargs="+acc" work.glbl -wav ./wave/tb_00.wlf 
# Start time: 17:20:35 on Apr 10,2025
# ** Note: (vsim-8009) Loading existing optimized design _opt
# Loading work.tb_top(fast)
# Loading work.SIM_MODEL(fast)
# Loading work.USB_SIM(fast)
# Loading work.sfifo_i32o32_d1024(fast)
# Loading UNISIMS_VER.GND(fast)
# Loading UNISIMS_VER.LUT1(fast)
# Loading UNISIMS_VER.LUT2(fast)
# Loading UNISIMS_VER.LUT3(fast)
# Loading UNISIMS_VER.FDRE(fast)
# Loading UNISIMS_VER.CARRY4(fast)
# Loading UNISIMS_VER.LUT5(fast)
# Loading UNISIMS_VER.LUT5(fast__1)
# Loading UNISIMS_VER.FDSE(fast)
# Loading UNISIMS_VER.LUT4(fast)
# Loading UNISIMS_VER.LUT4(fast__1)
# Loading UNISIMS_VER.LUT3(fast__1)
# Loading UNISIMS_VER.LUT3(fast__2)
# Loading UNISIMS_VER.LUT4(fast__2)
# Loading UNISIMS_VER.LUT6(fast)
# Loading UNISIMS_VER.LUT2(fast__1)
# Loading UNISIMS_VER.LUT3(fast__3)
# Loading UNISIMS_VER.LUT4(fast__3)
# Loading UNISIMS_VER.LUT5(fast__2)
# Loading UNISIMS_VER.LUT6(fast__1)
# Loading UNISIMS_VER.LUT6(fast__2)
# Loading UNISIMS_VER.LUT4(fast__4)
# Loading UNISIMS_VER.LUT2(fast__2)
# Loading UNISIMS_VER.LUT5(fast__3)
# Loading UNISIMS_VER.LUT4(fast__5)
# Loading UNISIMS_VER.LUT1(fast__1)
# Loading UNISIMS_VER.RAMB36E1(fast)
# Loading UNISIMS_VER.RB36_INTERNAL_VLOG(fast)
# Loading work.USB_TOP(fast)
# Loading work.USB_IF(fast)
# Loading UNISIMS_VER.ODDR(fast)
# Loading work.REG_IF(fast)
# Loading work.REG_ACK(fast)
# Loading work.USB_DN_IF(fast)
# Loading work.afifo_i90o90_d512(fast)
# Loading work.afifo_i90o90_d512_xpm_cdc_gray(fast)
# Loading UNISIMS_VER.LUT4(fast__6)
# Loading UNISIMS_VER.LUT3(fast__4)
# Loading UNISIMS_VER.LUT6(fast__3)
# Loading UNISIMS_VER.LUT5(fast__4)
# Loading work.afifo_i90o90_d512_xpm_cdc_gray__2(fast)
# Loading UNISIMS_VER.FDPE(fast)
# Loading UNISIMS_VER.LUT4(fast__7)
# Loading UNISIMS_VER.FDCE(fast)
# Loading UNISIMS_VER.LUT4(fast__8)
# Loading UNISIMS_VER.LUT6(fast__4)
# Loading UNISIMS_VER.LUT5(fast__5)
# Loading UNISIMS_VER.LUT6(fast__5)
# Loading UNISIMS_VER.LUT5(fast__6)
# Loading UNISIMS_VER.LUT5(fast__7)
# Loading UNISIMS_VER.LUT5(fast__8)
# Loading UNISIMS_VER.LUT5(fast__9)
# Loading UNISIMS_VER.RAM64M(fast)
# Loading UNISIMS_VER.LUT6(fast__6)
# Loading UNISIMS_VER.MUXF7(fast)
# Loading UNISIMS_VER.LUT2(fast__3)
# Loading work.afifo_i90o90_d512_xpm_cdc_async_rst(fast)
# Loading UNISIMS_VER.FDPE(fast__1)
# Loading UNISIMS_VER.LUT3(fast__5)
# Loading UNISIMS_VER.LUT5(fast__10)
# Loading work.afifo_i90o90_d512_xpm_cdc_single(fast)
# Loading work.afifo_i90o90_d512_xpm_cdc_single__2(fast)
# Loading work.afifo_i90o90_d512_xpm_cdc_async_rst__1(fast)
# Loading work.afifo_i32o32_d2048(fast)
# Loading work.afifo_i32o32_d2048_xpm_cdc_gray(fast)
# Loading work.afifo_i32o32_d2048_xpm_cdc_gray__2(fast)
# Loading UNISIMS_VER.LUT6(fast__7)
# Loading UNISIMS_VER.FDSE(fast__1)
# Loading UNISIMS_VER.RAMB36E1(fast__1)
# Loading UNISIMS_VER.RB36_INTERNAL_VLOG(fast__1)
# Loading UNISIMS_VER.SRL16E(fast)
# Loading UNISIMS_VER.FDRE(fast__1)
# Loading UNISIMS_VER.LUT3(fast__6)
# Loading UNISIMS_VER.LUT4(fast__9)
# Loading UNISIMS_VER.LUT6(fast__8)
# Loading work.afifo_i32o32_d2048_xpm_cdc_single(fast)
# Loading work.afifo_i32o32_d2048_xpm_cdc_single__2(fast)
# Loading work.afifo_i32o32_d2048_xpm_cdc_sync_rst(fast)
# Loading work.afifo_i32o32_d2048_xpm_cdc_sync_rst__2(fast)
# Loading work.USB_UP_IF(fast)
# Loading work.USB_UP_ARBIT(fast)
# Loading work.BIST_REG(fast)
# Loading work.glbl(fast)
# ** Warning: (vsim-3015) [PCDPC] - Port size (16) does not match connection size (13) for port 'LBUS_ADDR'. The port definition is at: sim_model/sim_model.v(46).
#    Time: 0 ps  Iteration: 0  Instance: /tb_top/U_SIM_MODEL File: sim_model/tb_top.v Line: 389
# ** Warning: (vsim-3015) [PCDPC] - Port size (32) does not match connection size (10) for port 'REG0_OP_ADDR'. The port definition is at: sim_model/sim_model.v(63).
#    Time: 0 ps  Iteration: 0  Instance: /tb_top/U_SIM_MODEL File: sim_model/tb_top.v Line: 389
# ** Warning: (vsim-3015) [PCDPC] - Port size (32) does not match connection size (10) for port 'REG1_OP_ADDR'. The port definition is at: sim_model/sim_model.v(71).
#    Time: 0 ps  Iteration: 0  Instance: /tb_top/U_SIM_MODEL File: sim_model/tb_top.v Line: 389
# ** Warning: (vsim-3015) [PCDPC] - Port size (32) does not match connection size (10) for port 'REG2_OP_ADDR'. The port definition is at: sim_model/sim_model.v(79).
#    Time: 0 ps  Iteration: 0  Instance: /tb_top/U_SIM_MODEL File: sim_model/tb_top.v Line: 389
# ** Warning: (vsim-3015) [PCDPC] - Port size (32) does not match connection size (10) for port 'REG3_OP_ADDR'. The port definition is at: sim_model/sim_model.v(87).
#    Time: 0 ps  Iteration: 0  Instance: /tb_top/U_SIM_MODEL File: sim_model/tb_top.v Line: 389
# ** Warning: (vsim-3015) [PCDPC] - Port size (32) does not match connection size (10) for port 'REG4_OP_ADDR'. The port definition is at: sim_model/sim_model.v(95).
#    Time: 0 ps  Iteration: 0  Instance: /tb_top/U_SIM_MODEL File: sim_model/tb_top.v Line: 389
# ** Warning: (vsim-3015) [PCDPC] - Port size (32) does not match connection size (10) for port 'REG5_OP_ADDR'. The port definition is at: sim_model/sim_model.v(103).
#    Time: 0 ps  Iteration: 0  Instance: /tb_top/U_SIM_MODEL File: sim_model/tb_top.v Line: 389
# ** Warning: (vsim-3015) [PCDPC] - Port size (32) does not match connection size (10) for port 'REG6_OP_ADDR'. The port definition is at: sim_model/sim_model.v(111).
#    Time: 0 ps  Iteration: 0  Instance: /tb_top/U_SIM_MODEL File: sim_model/tb_top.v Line: 389
# ** Warning: (vsim-3015) [PCDPC] - Port size (32) does not match connection size (10) for port 'REG7_OP_ADDR'. The port definition is at: sim_model/sim_model.v(119).
#    Time: 0 ps  Iteration: 0  Instance: /tb_top/U_SIM_MODEL File: sim_model/tb_top.v Line: 389
# ** Warning: (vsim-3015) [PCDPC] - Port size (12) does not match connection size (16) for port 'DRAM2_WR_SIZE'. The port definition is at: sim_model/sim_model.v(237).
#    Time: 0 ps  Iteration: 0  Instance: /tb_top/U_SIM_MODEL File: sim_model/tb_top.v Line: 389
# ** Warning: (vsim-3015) [PCDPC] - Port size (12) does not match connection size (16) for port 'DRAM3_WR_SIZE'. The port definition is at: sim_model/sim_model.v(256).
#    Time: 0 ps  Iteration: 0  Instance: /tb_top/U_SIM_MODEL File: sim_model/tb_top.v Line: 389
# ** Warning: (vsim-3015) [PCDPC] - Port size (12) does not match connection size (16) for port 'DRAM4_WR_SIZE'. The port definition is at: sim_model/sim_model.v(275).
#    Time: 0 ps  Iteration: 0  Instance: /tb_top/U_SIM_MODEL File: sim_model/tb_top.v Line: 389
# ** Warning: (vsim-3015) [PCDPC] - Port size (12) does not match connection size (16) for port 'DRAM5_WR_SIZE'. The port definition is at: sim_model/sim_model.v(294).
#    Time: 0 ps  Iteration: 0  Instance: /tb_top/U_SIM_MODEL File: sim_model/tb_top.v Line: 389
# ** Warning: (vsim-3015) [PCDPC] - Port size (12) does not match connection size (16) for port 'DRAM6_WR_SIZE'. The port definition is at: sim_model/sim_model.v(313).
#    Time: 0 ps  Iteration: 0  Instance: /tb_top/U_SIM_MODEL File: sim_model/tb_top.v Line: 389
# ** Warning: (vsim-3015) [PCDPC] - Port size (32) does not match connection size (1) for port 'dout'. The port definition is at: ../rtl/00_xilinx_ip/00_afifo/afifo_i32o32_d2048/afifo_i32o32_d2048_sim_netlist.V(24).
#    Time: 0 ps  Iteration: 0  Instance: /tb_top/U_USB_TOP/U_USB_DN_IF/U_DN_LBUF File: ../rtl/03_usb/usb_dn_if.v Line: 307
# ** Warning: (vsim-3015) [PCDPC] - Port size (32) does not match connection size (1) for port 'dout'. The port definition is at: ../rtl/00_xilinx_ip/00_afifo/afifo_i32o32_d2048/afifo_i32o32_d2048_sim_netlist.V(24).
#    Time: 0 ps  Iteration: 0  Instance: /tb_top/U_USB_TOP/U_USB_UP_IF/U_DN_LBUF File: ../rtl/03_usb/usb_up_if.v Line: 289
# ** Warning: (vsim-PLI-3406) Too many digits (16) in data on line 1 of file "tb_pattern/tb_00/file_i/dram0_exp.txt". (Max is 8.)    : sim_model/sim_model.v(1206)
#    Time: 0 ps  Iteration: 0  Instance: /tb_top/U_SIM_MODEL
# ** Warning: (vsim-PLI-3406) Too many digits (16) in data on line 1 of file "tb_pattern/tb_00/file_i/dram1_exp.txt". (Max is 8.)    : sim_model/sim_model.v(1207)
#    Time: 0 ps  Iteration: 0  Instance: /tb_top/U_SIM_MODEL
#  
# ******<<<<<<<<<<<<<<<<<<<<<<Simulation tb_00 start>>>>>>>>>>>>>>>>>>>>>>> ******
#  
# ---- Initial simulation
# ---- clock ---- 1111 ---- enable
# ---- Wait for  64 cycles
# ---- Wait for  64 cycles end
# ---- Wait for  16 cycles
# ---- Wait for  16 cycles end
# ---- reseting by cycle
# ---- reset0   64 cycle end
# ---- Wait for  16 cycles
# ---- Wait for  16 cycles end
# ---- reseting by ns
# ---- reset1  255 ns end
# ---- Write register   PORT :0x0    ADD :0x00000200    DATA :0x89abcd0e
# ---- Wait for  16 cycles
# ---- Wait for  16 cycles end
# ---- Wait for  64 cycles
# ---- Wait for  64 cycles end
# ---- [Success  ]Read register   PORT :0x0    ADD :0x00000008    EDAT :0x00000000    RDAT :0x00000000
# ---- Wait for  16 cycles
# ---- Wait for  16 cycles end
# ---- Wait for 255 cycles
# ---- Wait for 255 cycles end
# ---- tb_00 test completed !
#  
# ******<<<<<<<<<<<<<<<<<<<<Simulation tb_00 Successful End>>>>>>>>>>>>>>>>>>> ******
#  
do do/compile_all.do
# ** Warning: (vlib-34) Library already exists at "work".
# Errors: 0, Warnings: 1
# Model Technology ModelSim SE-64 vmap 2020.4 Lib Mapping Utility 2020.10 Oct 13 2020
# vmap work 
# Reading C:/modeltech64_2020.4/win64/../modelsim.ini
# "work" maps to directory ./work. (Default mapping)
# Model Technology ModelSim SE-64 vlog 2020.4 Compiler 2020.10 Oct 13 2020
# Start time: 17:41:07 on Apr 10,2025
# vlog -reportprogress 300 -work work sim_model/lib/glbl.v 
# -- Compiling module glbl
# 
# Top level modules:
# 	glbl
# End time: 17:41:07 on Apr 10,2025, Elapsed time: 0:00:00
# Errors: 0, Warnings: 0
# ** Warning: (vlib-34) Library already exists at "work".
# Errors: 0, Warnings: 1
# Model Technology ModelSim SE-64 vmap 2020.4 Lib Mapping Utility 2020.10 Oct 13 2020
# vmap work 
# Reading C:/modeltech64_2020.4/win64/../modelsim.ini
# "work" maps to directory ./work. (Default mapping)
# Model Technology ModelSim SE-64 vlog 2020.4 Compiler 2020.10 Oct 13 2020
# Start time: 17:41:08 on Apr 10,2025
# vlog -reportprogress 300 -work work ../rtl/00_xilinx_ip/00_afifo/afifo_i32o32_d2048/afifo_i32o32_d2048_sim_netlist.V 
# -- Compiling module afifo_i32o32_d2048
# -- Compiling module afifo_i32o32_d2048_xpm_cdc_gray
# -- Compiling module afifo_i32o32_d2048_xpm_cdc_gray__2
# -- Compiling module afifo_i32o32_d2048_xpm_cdc_single
# -- Compiling module afifo_i32o32_d2048_xpm_cdc_single__2
# -- Compiling module afifo_i32o32_d2048_xpm_cdc_sync_rst
# -- Compiling module afifo_i32o32_d2048_xpm_cdc_sync_rst__2
# -- Compiling module glbl
# 
# Top level modules:
# 	afifo_i32o32_d2048
# 	glbl
# End time: 17:41:08 on Apr 10,2025, Elapsed time: 0:00:00
# Errors: 0, Warnings: 0
# Model Technology ModelSim SE-64 vlog 2020.4 Compiler 2020.10 Oct 13 2020
# Start time: 17:41:08 on Apr 10,2025
# vlog -reportprogress 300 -work work ../rtl/00_xilinx_ip/00_afifo/afifo_i90o90_d512/afifo_i90o90_d512_sim_netlist.V 
# -- Compiling module afifo_i90o90_d512
# -- Compiling module afifo_i90o90_d512_xpm_cdc_async_rst
# -- Compiling module afifo_i90o90_d512_xpm_cdc_async_rst__1
# -- Compiling module afifo_i90o90_d512_xpm_cdc_gray
# -- Compiling module afifo_i90o90_d512_xpm_cdc_gray__2
# -- Compiling module afifo_i90o90_d512_xpm_cdc_single
# -- Compiling module afifo_i90o90_d512_xpm_cdc_single__2
# -- Compiling module glbl
# 
# Top level modules:
# 	afifo_i90o90_d512
# 	glbl
# End time: 17:41:08 on Apr 10,2025, Elapsed time: 0:00:00
# Errors: 0, Warnings: 0
# Model Technology ModelSim SE-64 vlog 2020.4 Compiler 2020.10 Oct 13 2020
# Start time: 17:41:08 on Apr 10,2025
# vlog -reportprogress 300 -work work ../rtl/00_xilinx_ip/01_sfifo/sfifo_i32o32_d1024/sfifo_i32o32_d1024_sim_netlist.V 
# -- Compiling module sfifo_i32o32_d1024
# -- Compiling module glbl
# 
# Top level modules:
# 	sfifo_i32o32_d1024
# 	glbl
# End time: 17:41:09 on Apr 10,2025, Elapsed time: 0:00:01
# Errors: 0, Warnings: 0
# Model Technology ModelSim SE-64 vlog 2020.4 Compiler 2020.10 Oct 13 2020
# Start time: 17:41:09 on Apr 10,2025
# vlog -reportprogress 300 -work work ../rtl/03_usb/reg_ack.v ../rtl/03_usb/reg_if.v ../rtl/03_usb/usb_dn_if.v ../rtl/03_usb/usb_if.v ../rtl/03_usb/usb_top.v ../rtl/03_usb/usb_up_arbit.v ../rtl/03_usb/usb_up_if.v 
# -- Compiling module REG_ACK
# -- Compiling module REG_IF
# -- Compiling module USB_DN_IF
# -- Compiling module USB_IF
# -- Compiling module USB_TOP
# -- Compiling module USB_UP_ARBIT
# -- Compiling module USB_UP_IF
# 
# Top level modules:
# 	USB_TOP
# End time: 17:41:09 on Apr 10,2025, Elapsed time: 0:00:00
# Errors: 0, Warnings: 0
# Model Technology ModelSim SE-64 vlog 2020.4 Compiler 2020.10 Oct 13 2020
# Start time: 17:41:09 on Apr 10,2025
# vlog -reportprogress 300 -work work ../rtl/04_bist/bist_reg.v 
# -- Compiling module BIST_REG
# 
# Top level modules:
# 	BIST_REG
# End time: 17:41:09 on Apr 10,2025, Elapsed time: 0:00:00
# Errors: 0, Warnings: 0
# ** Warning: (vlib-34) Library already exists at "work".
# Errors: 0, Warnings: 1
# Model Technology ModelSim SE-64 vmap 2020.4 Lib Mapping Utility 2020.10 Oct 13 2020
# vmap work 
# Reading C:/modeltech64_2020.4/win64/../modelsim.ini
# "work" maps to directory ./work. (Default mapping)
# Model Technology ModelSim SE-64 vlog 2020.4 Compiler 2020.10 Oct 13 2020
# Start time: 17:41:09 on Apr 10,2025
# vlog -reportprogress 300 -work work sim_model/define/define.v 
# End time: 17:41:09 on Apr 10,2025, Elapsed time: 0:00:00
# Errors: 0, Warnings: 0
# Model Technology ModelSim SE-64 vlog 2020.4 Compiler 2020.10 Oct 13 2020
# Start time: 17:41:09 on Apr 10,2025
# vlog -reportprogress 300 "+define+tb_00=1" -work work "+incdir+{sim_model/define}" sim_model/sim_model.v 
# -- Compiling module SIM_MODEL
# 
# Top level modules:
# 	SIM_MODEL
# End time: 17:41:09 on Apr 10,2025, Elapsed time: 0:00:00
# Errors: 0, Warnings: 0
# Model Technology ModelSim SE-64 vlog 2020.4 Compiler 2020.10 Oct 13 2020
# Start time: 17:41:09 on Apr 10,2025
# vlog -reportprogress 300 "+define+tb_00=1" -work work "+incdir+{sim_model/define}" sim_model/tb_top.v 
# -- Compiling module tb_top
# 
# Top level modules:
# 	tb_top
# End time: 17:41:10 on Apr 10,2025, Elapsed time: 0:00:01
# Errors: 0, Warnings: 0
# Model Technology ModelSim SE-64 vlog 2020.4 Compiler 2020.10 Oct 13 2020
# Start time: 17:41:10 on Apr 10,2025
# vlog -reportprogress 300 "+define+tb_00=1" -work work "+incdir+{sim_model/define}" sim_model/usb_sim.v 
# -- Compiling module USB_SIM
# 
# Top level modules:
# 	USB_SIM
# End time: 17:41:10 on Apr 10,2025, Elapsed time: 0:00:00
# Errors: 0, Warnings: 0
do do/tb_00.do
# Model Technology ModelSim SE-64 vlog 2020.4 Compiler 2020.10 Oct 13 2020
# Start time: 17:41:12 on Apr 10,2025
# vlog -reportprogress 300 "+define+tb_00=1" -work work sim_model\define\define.v 
# End time: 17:41:12 on Apr 10,2025, Elapsed time: 0:00:00
# Errors: 0, Warnings: 0
# Model Technology ModelSim SE-64 vlog 2020.4 Compiler 2020.10 Oct 13 2020
# Start time: 17:41:12 on Apr 10,2025
# vlog -reportprogress 300 "+define+tb_00=1" -work work "+incdir+{sim_modeldefine}" sim_model\tb_top.v 
# -- Compiling module tb_top
# 
# Top level modules:
# 	tb_top
# End time: 17:41:12 on Apr 10,2025, Elapsed time: 0:00:00
# Errors: 0, Warnings: 0
# End time: 17:41:15 on Apr 10,2025, Elapsed time: 0:20:40
# Errors: 0, Warnings: 18
# vsim -t 1ps -c -l ./log/vsim_tb_00_report.log work.tb_top -L UNISIMS_VER -L SECUREIP -L SIMPRIMS_VER -L work -voptargs="+acc" work.glbl -wav ./wave/tb_00.wlf 
# Start time: 17:41:15 on Apr 10,2025
# ** Note: (vsim-3813) Design is being optimized due to module recompilation...
# ** Note: (vopt-143) Recognized 1 FSM in module "USB_IF(fast)".
# Loading work.tb_top(fast)
# Loading work.SIM_MODEL(fast)
# Loading work.USB_SIM(fast)
# Loading work.sfifo_i32o32_d1024(fast)
# Loading UNISIMS_VER.GND(fast)
# Loading UNISIMS_VER.LUT1(fast)
# Loading UNISIMS_VER.LUT2(fast)
# Loading UNISIMS_VER.LUT3(fast)
# Loading UNISIMS_VER.FDRE(fast)
# Loading UNISIMS_VER.CARRY4(fast)
# Loading UNISIMS_VER.LUT5(fast)
# Loading UNISIMS_VER.LUT5(fast__1)
# Loading UNISIMS_VER.FDSE(fast)
# Loading UNISIMS_VER.LUT4(fast)
# Loading UNISIMS_VER.LUT4(fast__1)
# Loading UNISIMS_VER.LUT3(fast__1)
# Loading UNISIMS_VER.LUT3(fast__2)
# Loading UNISIMS_VER.LUT4(fast__2)
# Loading UNISIMS_VER.LUT6(fast)
# Loading UNISIMS_VER.LUT2(fast__1)
# Loading UNISIMS_VER.LUT3(fast__3)
# Loading UNISIMS_VER.LUT4(fast__3)
# Loading UNISIMS_VER.LUT5(fast__2)
# Loading UNISIMS_VER.LUT6(fast__1)
# Loading UNISIMS_VER.LUT6(fast__2)
# Loading UNISIMS_VER.LUT4(fast__4)
# Loading UNISIMS_VER.LUT2(fast__2)
# Loading UNISIMS_VER.LUT5(fast__3)
# Loading UNISIMS_VER.LUT4(fast__5)
# Loading UNISIMS_VER.LUT1(fast__1)
# Loading UNISIMS_VER.RAMB36E1(fast)
# Loading UNISIMS_VER.RB36_INTERNAL_VLOG(fast)
# Loading work.USB_TOP(fast)
# Loading work.USB_IF(fast)
# Loading UNISIMS_VER.ODDR(fast)
# Loading work.REG_IF(fast)
# Loading work.REG_ACK(fast)
# Loading work.USB_DN_IF(fast)
# Loading work.afifo_i90o90_d512(fast)
# Loading work.afifo_i90o90_d512_xpm_cdc_gray(fast)
# Loading UNISIMS_VER.LUT4(fast__6)
# Loading UNISIMS_VER.LUT3(fast__4)
# Loading UNISIMS_VER.LUT6(fast__3)
# Loading UNISIMS_VER.LUT5(fast__4)
# Loading work.afifo_i90o90_d512_xpm_cdc_gray__2(fast)
# Loading UNISIMS_VER.FDPE(fast)
# Loading UNISIMS_VER.LUT4(fast__7)
# Loading UNISIMS_VER.FDCE(fast)
# Loading UNISIMS_VER.LUT4(fast__8)
# Loading UNISIMS_VER.LUT6(fast__4)
# Loading UNISIMS_VER.LUT5(fast__5)
# Loading UNISIMS_VER.LUT6(fast__5)
# Loading UNISIMS_VER.LUT5(fast__6)
# Loading UNISIMS_VER.LUT5(fast__7)
# Loading UNISIMS_VER.LUT5(fast__8)
# Loading UNISIMS_VER.LUT5(fast__9)
# Loading UNISIMS_VER.RAM64M(fast)
# Loading UNISIMS_VER.LUT6(fast__6)
# Loading UNISIMS_VER.MUXF7(fast)
# Loading UNISIMS_VER.LUT2(fast__3)
# Loading work.afifo_i90o90_d512_xpm_cdc_async_rst(fast)
# Loading UNISIMS_VER.FDPE(fast__1)
# Loading UNISIMS_VER.LUT3(fast__5)
# Loading UNISIMS_VER.LUT5(fast__10)
# Loading work.afifo_i90o90_d512_xpm_cdc_single(fast)
# Loading work.afifo_i90o90_d512_xpm_cdc_single__2(fast)
# Loading work.afifo_i90o90_d512_xpm_cdc_async_rst__1(fast)
# Loading work.afifo_i32o32_d2048(fast)
# Loading work.afifo_i32o32_d2048_xpm_cdc_gray(fast)
# Loading work.afifo_i32o32_d2048_xpm_cdc_gray__2(fast)
# Loading UNISIMS_VER.LUT6(fast__7)
# Loading UNISIMS_VER.FDSE(fast__1)
# Loading UNISIMS_VER.RAMB36E1(fast__1)
# Loading UNISIMS_VER.RB36_INTERNAL_VLOG(fast__1)
# Loading UNISIMS_VER.SRL16E(fast)
# Loading UNISIMS_VER.FDRE(fast__1)
# Loading UNISIMS_VER.LUT3(fast__6)
# Loading UNISIMS_VER.LUT4(fast__9)
# Loading UNISIMS_VER.LUT6(fast__8)
# Loading work.afifo_i32o32_d2048_xpm_cdc_single(fast)
# Loading work.afifo_i32o32_d2048_xpm_cdc_single__2(fast)
# Loading work.afifo_i32o32_d2048_xpm_cdc_sync_rst(fast)
# Loading work.afifo_i32o32_d2048_xpm_cdc_sync_rst__2(fast)
# Loading work.USB_UP_IF(fast)
# Loading work.USB_UP_ARBIT(fast)
# Loading work.BIST_REG(fast)
# Loading work.glbl(fast)
# ** Warning: (vsim-3015) [PCDPC] - Port size (16) does not match connection size (13) for port 'LBUS_ADDR'. The port definition is at: sim_model/sim_model.v(46).
#    Time: 0 ps  Iteration: 0  Instance: /tb_top/U_SIM_MODEL File: sim_model/tb_top.v Line: 389
# ** Warning: (vsim-3015) [PCDPC] - Port size (32) does not match connection size (10) for port 'REG0_OP_ADDR'. The port definition is at: sim_model/sim_model.v(63).
#    Time: 0 ps  Iteration: 0  Instance: /tb_top/U_SIM_MODEL File: sim_model/tb_top.v Line: 389
# ** Warning: (vsim-3015) [PCDPC] - Port size (32) does not match connection size (10) for port 'REG1_OP_ADDR'. The port definition is at: sim_model/sim_model.v(71).
#    Time: 0 ps  Iteration: 0  Instance: /tb_top/U_SIM_MODEL File: sim_model/tb_top.v Line: 389
# ** Warning: (vsim-3015) [PCDPC] - Port size (32) does not match connection size (10) for port 'REG2_OP_ADDR'. The port definition is at: sim_model/sim_model.v(79).
#    Time: 0 ps  Iteration: 0  Instance: /tb_top/U_SIM_MODEL File: sim_model/tb_top.v Line: 389
# ** Warning: (vsim-3015) [PCDPC] - Port size (32) does not match connection size (10) for port 'REG3_OP_ADDR'. The port definition is at: sim_model/sim_model.v(87).
#    Time: 0 ps  Iteration: 0  Instance: /tb_top/U_SIM_MODEL File: sim_model/tb_top.v Line: 389
# ** Warning: (vsim-3015) [PCDPC] - Port size (32) does not match connection size (10) for port 'REG4_OP_ADDR'. The port definition is at: sim_model/sim_model.v(95).
#    Time: 0 ps  Iteration: 0  Instance: /tb_top/U_SIM_MODEL File: sim_model/tb_top.v Line: 389
# ** Warning: (vsim-3015) [PCDPC] - Port size (32) does not match connection size (10) for port 'REG5_OP_ADDR'. The port definition is at: sim_model/sim_model.v(103).
#    Time: 0 ps  Iteration: 0  Instance: /tb_top/U_SIM_MODEL File: sim_model/tb_top.v Line: 389
# ** Warning: (vsim-3015) [PCDPC] - Port size (32) does not match connection size (10) for port 'REG6_OP_ADDR'. The port definition is at: sim_model/sim_model.v(111).
#    Time: 0 ps  Iteration: 0  Instance: /tb_top/U_SIM_MODEL File: sim_model/tb_top.v Line: 389
# ** Warning: (vsim-3015) [PCDPC] - Port size (32) does not match connection size (10) for port 'REG7_OP_ADDR'. The port definition is at: sim_model/sim_model.v(119).
#    Time: 0 ps  Iteration: 0  Instance: /tb_top/U_SIM_MODEL File: sim_model/tb_top.v Line: 389
# ** Warning: (vsim-3015) [PCDPC] - Port size (12) does not match connection size (16) for port 'DRAM2_WR_SIZE'. The port definition is at: sim_model/sim_model.v(237).
#    Time: 0 ps  Iteration: 0  Instance: /tb_top/U_SIM_MODEL File: sim_model/tb_top.v Line: 389
# ** Warning: (vsim-3015) [PCDPC] - Port size (12) does not match connection size (16) for port 'DRAM3_WR_SIZE'. The port definition is at: sim_model/sim_model.v(256).
#    Time: 0 ps  Iteration: 0  Instance: /tb_top/U_SIM_MODEL File: sim_model/tb_top.v Line: 389
# ** Warning: (vsim-3015) [PCDPC] - Port size (12) does not match connection size (16) for port 'DRAM4_WR_SIZE'. The port definition is at: sim_model/sim_model.v(275).
#    Time: 0 ps  Iteration: 0  Instance: /tb_top/U_SIM_MODEL File: sim_model/tb_top.v Line: 389
# ** Warning: (vsim-3015) [PCDPC] - Port size (12) does not match connection size (16) for port 'DRAM5_WR_SIZE'. The port definition is at: sim_model/sim_model.v(294).
#    Time: 0 ps  Iteration: 0  Instance: /tb_top/U_SIM_MODEL File: sim_model/tb_top.v Line: 389
# ** Warning: (vsim-3015) [PCDPC] - Port size (12) does not match connection size (16) for port 'DRAM6_WR_SIZE'. The port definition is at: sim_model/sim_model.v(313).
#    Time: 0 ps  Iteration: 0  Instance: /tb_top/U_SIM_MODEL File: sim_model/tb_top.v Line: 389
# ** Warning: (vsim-3015) [PCDPC] - Port size (32) does not match connection size (1) for port 'dout'. The port definition is at: ../rtl/00_xilinx_ip/00_afifo/afifo_i32o32_d2048/afifo_i32o32_d2048_sim_netlist.V(24).
#    Time: 0 ps  Iteration: 0  Instance: /tb_top/U_USB_TOP/U_USB_DN_IF/U_DN_LBUF File: ../rtl/03_usb/usb_dn_if.v Line: 307
# ** Warning: (vsim-3015) [PCDPC] - Port size (32) does not match connection size (1) for port 'dout'. The port definition is at: ../rtl/00_xilinx_ip/00_afifo/afifo_i32o32_d2048/afifo_i32o32_d2048_sim_netlist.V(24).
#    Time: 0 ps  Iteration: 0  Instance: /tb_top/U_USB_TOP/U_USB_UP_IF/U_DN_LBUF File: ../rtl/03_usb/usb_up_if.v Line: 289
# ** Warning: (vsim-PLI-3406) Too many digits (16) in data on line 1 of file "tb_pattern/tb_00/file_i/dram0_exp.txt". (Max is 8.)    : sim_model/sim_model.v(1206)
#    Time: 0 ps  Iteration: 0  Instance: /tb_top/U_SIM_MODEL
# ** Warning: (vsim-PLI-3406) Too many digits (16) in data on line 1 of file "tb_pattern/tb_00/file_i/dram1_exp.txt". (Max is 8.)    : sim_model/sim_model.v(1207)
#    Time: 0 ps  Iteration: 0  Instance: /tb_top/U_SIM_MODEL
#  
# ******<<<<<<<<<<<<<<<<<<<<<<Simulation tb_00 start>>>>>>>>>>>>>>>>>>>>>>> ******
#  
# ---- Initial simulation
# ---- clock ---- 1111 ---- enable
# ---- Wait for  64 cycles
# ---- Wait for  64 cycles end
# ---- Wait for  16 cycles
# ---- Wait for  16 cycles end
# ---- reseting by cycle
# ---- reset0   64 cycle end
# ---- Wait for  16 cycles
# ---- Wait for  16 cycles end
# ---- reseting by ns
# ---- reset1  255 ns end
# ---- Write register   PORT :0x0    ADD :0x00000200    DATA :0x89abcd0e
# ---- Wait for  16 cycles
# ---- Wait for  16 cycles end
# ---- Wait for  64 cycles
# ---- Wait for  64 cycles end
# ---- [Success  ]Read register   PORT :0x0    ADD :0x00000008    EDAT :0x00000000    RDAT :0x00000000
# ---- Wait for  16 cycles
# ---- Wait for  16 cycles end
# ---- Wait for 255 cycles
# ---- Wait for 255 cycles end
# ---- tb_00 test completed !
#  
# ******<<<<<<<<<<<<<<<<<<<<Simulation tb_00 Successful End>>>>>>>>>>>>>>>>>>> ******
#  
do do/tb_00.do
# Model Technology ModelSim SE-64 vlog 2020.4 Compiler 2020.10 Oct 13 2020
# Start time: 17:42:02 on Apr 10,2025
# vlog -reportprogress 300 "+define+tb_00=1" -work work sim_model\define\define.v 
# End time: 17:42:02 on Apr 10,2025, Elapsed time: 0:00:00
# Errors: 0, Warnings: 0
# Model Technology ModelSim SE-64 vlog 2020.4 Compiler 2020.10 Oct 13 2020
# Start time: 17:42:02 on Apr 10,2025
# vlog -reportprogress 300 "+define+tb_00=1" -work work "+incdir+{sim_modeldefine}" sim_model\tb_top.v 
# -- Compiling module tb_top
# 
# Top level modules:
# 	tb_top
# End time: 17:42:02 on Apr 10,2025, Elapsed time: 0:00:00
# Errors: 0, Warnings: 0
# End time: 17:42:05 on Apr 10,2025, Elapsed time: 0:00:50
# Errors: 0, Warnings: 18
# vsim -t 1ps -c -l ./log/vsim_tb_00_report.log work.tb_top -L UNISIMS_VER -L SECUREIP -L SIMPRIMS_VER -L work -voptargs="+acc" work.glbl -wav ./wave/tb_00.wlf 
# Start time: 17:42:05 on Apr 10,2025
# ** Note: (vsim-8009) Loading existing optimized design _opt
# Loading work.tb_top(fast)
# Loading work.SIM_MODEL(fast)
# Loading work.USB_SIM(fast)
# Loading work.sfifo_i32o32_d1024(fast)
# Loading UNISIMS_VER.GND(fast)
# Loading UNISIMS_VER.LUT1(fast)
# Loading UNISIMS_VER.LUT2(fast)
# Loading UNISIMS_VER.LUT3(fast)
# Loading UNISIMS_VER.FDRE(fast)
# Loading UNISIMS_VER.CARRY4(fast)
# Loading UNISIMS_VER.LUT5(fast)
# Loading UNISIMS_VER.LUT5(fast__1)
# Loading UNISIMS_VER.FDSE(fast)
# Loading UNISIMS_VER.LUT4(fast)
# Loading UNISIMS_VER.LUT4(fast__1)
# Loading UNISIMS_VER.LUT3(fast__1)
# Loading UNISIMS_VER.LUT3(fast__2)
# Loading UNISIMS_VER.LUT4(fast__2)
# Loading UNISIMS_VER.LUT6(fast)
# Loading UNISIMS_VER.LUT2(fast__1)
# Loading UNISIMS_VER.LUT3(fast__3)
# Loading UNISIMS_VER.LUT4(fast__3)
# Loading UNISIMS_VER.LUT5(fast__2)
# Loading UNISIMS_VER.LUT6(fast__1)
# Loading UNISIMS_VER.LUT6(fast__2)
# Loading UNISIMS_VER.LUT4(fast__4)
# Loading UNISIMS_VER.LUT2(fast__2)
# Loading UNISIMS_VER.LUT5(fast__3)
# Loading UNISIMS_VER.LUT4(fast__5)
# Loading UNISIMS_VER.LUT1(fast__1)
# Loading UNISIMS_VER.RAMB36E1(fast)
# Loading UNISIMS_VER.RB36_INTERNAL_VLOG(fast)
# Loading work.USB_TOP(fast)
# Loading work.USB_IF(fast)
# Loading UNISIMS_VER.ODDR(fast)
# Loading work.REG_IF(fast)
# Loading work.REG_ACK(fast)
# Loading work.USB_DN_IF(fast)
# Loading work.afifo_i90o90_d512(fast)
# Loading work.afifo_i90o90_d512_xpm_cdc_gray(fast)
# Loading UNISIMS_VER.LUT4(fast__6)
# Loading UNISIMS_VER.LUT3(fast__4)
# Loading UNISIMS_VER.LUT6(fast__3)
# Loading UNISIMS_VER.LUT5(fast__4)
# Loading work.afifo_i90o90_d512_xpm_cdc_gray__2(fast)
# Loading UNISIMS_VER.FDPE(fast)
# Loading UNISIMS_VER.LUT4(fast__7)
# Loading UNISIMS_VER.FDCE(fast)
# Loading UNISIMS_VER.LUT4(fast__8)
# Loading UNISIMS_VER.LUT6(fast__4)
# Loading UNISIMS_VER.LUT5(fast__5)
# Loading UNISIMS_VER.LUT6(fast__5)
# Loading UNISIMS_VER.LUT5(fast__6)
# Loading UNISIMS_VER.LUT5(fast__7)
# Loading UNISIMS_VER.LUT5(fast__8)
# Loading UNISIMS_VER.LUT5(fast__9)
# Loading UNISIMS_VER.RAM64M(fast)
# Loading UNISIMS_VER.LUT6(fast__6)
# Loading UNISIMS_VER.MUXF7(fast)
# Loading UNISIMS_VER.LUT2(fast__3)
# Loading work.afifo_i90o90_d512_xpm_cdc_async_rst(fast)
# Loading UNISIMS_VER.FDPE(fast__1)
# Loading UNISIMS_VER.LUT3(fast__5)
# Loading UNISIMS_VER.LUT5(fast__10)
# Loading work.afifo_i90o90_d512_xpm_cdc_single(fast)
# Loading work.afifo_i90o90_d512_xpm_cdc_single__2(fast)
# Loading work.afifo_i90o90_d512_xpm_cdc_async_rst__1(fast)
# Loading work.afifo_i32o32_d2048(fast)
# Loading work.afifo_i32o32_d2048_xpm_cdc_gray(fast)
# Loading work.afifo_i32o32_d2048_xpm_cdc_gray__2(fast)
# Loading UNISIMS_VER.LUT6(fast__7)
# Loading UNISIMS_VER.FDSE(fast__1)
# Loading UNISIMS_VER.RAMB36E1(fast__1)
# Loading UNISIMS_VER.RB36_INTERNAL_VLOG(fast__1)
# Loading UNISIMS_VER.SRL16E(fast)
# Loading UNISIMS_VER.FDRE(fast__1)
# Loading UNISIMS_VER.LUT3(fast__6)
# Loading UNISIMS_VER.LUT4(fast__9)
# Loading UNISIMS_VER.LUT6(fast__8)
# Loading work.afifo_i32o32_d2048_xpm_cdc_single(fast)
# Loading work.afifo_i32o32_d2048_xpm_cdc_single__2(fast)
# Loading work.afifo_i32o32_d2048_xpm_cdc_sync_rst(fast)
# Loading work.afifo_i32o32_d2048_xpm_cdc_sync_rst__2(fast)
# Loading work.USB_UP_IF(fast)
# Loading work.USB_UP_ARBIT(fast)
# Loading work.BIST_REG(fast)
# Loading work.glbl(fast)
# ** Warning: (vsim-3015) [PCDPC] - Port size (16) does not match connection size (13) for port 'LBUS_ADDR'. The port definition is at: sim_model/sim_model.v(46).
#    Time: 0 ps  Iteration: 0  Instance: /tb_top/U_SIM_MODEL File: sim_model/tb_top.v Line: 389
# ** Warning: (vsim-3015) [PCDPC] - Port size (32) does not match connection size (10) for port 'REG0_OP_ADDR'. The port definition is at: sim_model/sim_model.v(63).
#    Time: 0 ps  Iteration: 0  Instance: /tb_top/U_SIM_MODEL File: sim_model/tb_top.v Line: 389
# ** Warning: (vsim-3015) [PCDPC] - Port size (32) does not match connection size (10) for port 'REG1_OP_ADDR'. The port definition is at: sim_model/sim_model.v(71).
#    Time: 0 ps  Iteration: 0  Instance: /tb_top/U_SIM_MODEL File: sim_model/tb_top.v Line: 389
# ** Warning: (vsim-3015) [PCDPC] - Port size (32) does not match connection size (10) for port 'REG2_OP_ADDR'. The port definition is at: sim_model/sim_model.v(79).
#    Time: 0 ps  Iteration: 0  Instance: /tb_top/U_SIM_MODEL File: sim_model/tb_top.v Line: 389
# ** Warning: (vsim-3015) [PCDPC] - Port size (32) does not match connection size (10) for port 'REG3_OP_ADDR'. The port definition is at: sim_model/sim_model.v(87).
#    Time: 0 ps  Iteration: 0  Instance: /tb_top/U_SIM_MODEL File: sim_model/tb_top.v Line: 389
# ** Warning: (vsim-3015) [PCDPC] - Port size (32) does not match connection size (10) for port 'REG4_OP_ADDR'. The port definition is at: sim_model/sim_model.v(95).
#    Time: 0 ps  Iteration: 0  Instance: /tb_top/U_SIM_MODEL File: sim_model/tb_top.v Line: 389
# ** Warning: (vsim-3015) [PCDPC] - Port size (32) does not match connection size (10) for port 'REG5_OP_ADDR'. The port definition is at: sim_model/sim_model.v(103).
#    Time: 0 ps  Iteration: 0  Instance: /tb_top/U_SIM_MODEL File: sim_model/tb_top.v Line: 389
# ** Warning: (vsim-3015) [PCDPC] - Port size (32) does not match connection size (10) for port 'REG6_OP_ADDR'. The port definition is at: sim_model/sim_model.v(111).
#    Time: 0 ps  Iteration: 0  Instance: /tb_top/U_SIM_MODEL File: sim_model/tb_top.v Line: 389
# ** Warning: (vsim-3015) [PCDPC] - Port size (32) does not match connection size (10) for port 'REG7_OP_ADDR'. The port definition is at: sim_model/sim_model.v(119).
#    Time: 0 ps  Iteration: 0  Instance: /tb_top/U_SIM_MODEL File: sim_model/tb_top.v Line: 389
# ** Warning: (vsim-3015) [PCDPC] - Port size (12) does not match connection size (16) for port 'DRAM2_WR_SIZE'. The port definition is at: sim_model/sim_model.v(237).
#    Time: 0 ps  Iteration: 0  Instance: /tb_top/U_SIM_MODEL File: sim_model/tb_top.v Line: 389
# ** Warning: (vsim-3015) [PCDPC] - Port size (12) does not match connection size (16) for port 'DRAM3_WR_SIZE'. The port definition is at: sim_model/sim_model.v(256).
#    Time: 0 ps  Iteration: 0  Instance: /tb_top/U_SIM_MODEL File: sim_model/tb_top.v Line: 389
# ** Warning: (vsim-3015) [PCDPC] - Port size (12) does not match connection size (16) for port 'DRAM4_WR_SIZE'. The port definition is at: sim_model/sim_model.v(275).
#    Time: 0 ps  Iteration: 0  Instance: /tb_top/U_SIM_MODEL File: sim_model/tb_top.v Line: 389
# ** Warning: (vsim-3015) [PCDPC] - Port size (12) does not match connection size (16) for port 'DRAM5_WR_SIZE'. The port definition is at: sim_model/sim_model.v(294).
#    Time: 0 ps  Iteration: 0  Instance: /tb_top/U_SIM_MODEL File: sim_model/tb_top.v Line: 389
# ** Warning: (vsim-3015) [PCDPC] - Port size (12) does not match connection size (16) for port 'DRAM6_WR_SIZE'. The port definition is at: sim_model/sim_model.v(313).
#    Time: 0 ps  Iteration: 0  Instance: /tb_top/U_SIM_MODEL File: sim_model/tb_top.v Line: 389
# ** Warning: (vsim-3015) [PCDPC] - Port size (32) does not match connection size (1) for port 'dout'. The port definition is at: ../rtl/00_xilinx_ip/00_afifo/afifo_i32o32_d2048/afifo_i32o32_d2048_sim_netlist.V(24).
#    Time: 0 ps  Iteration: 0  Instance: /tb_top/U_USB_TOP/U_USB_DN_IF/U_DN_LBUF File: ../rtl/03_usb/usb_dn_if.v Line: 307
# ** Warning: (vsim-3015) [PCDPC] - Port size (32) does not match connection size (1) for port 'dout'. The port definition is at: ../rtl/00_xilinx_ip/00_afifo/afifo_i32o32_d2048/afifo_i32o32_d2048_sim_netlist.V(24).
#    Time: 0 ps  Iteration: 0  Instance: /tb_top/U_USB_TOP/U_USB_UP_IF/U_DN_LBUF File: ../rtl/03_usb/usb_up_if.v Line: 289
# ** Warning: (vsim-PLI-3406) Too many digits (16) in data on line 1 of file "tb_pattern/tb_00/file_i/dram0_exp.txt". (Max is 8.)    : sim_model/sim_model.v(1206)
#    Time: 0 ps  Iteration: 0  Instance: /tb_top/U_SIM_MODEL
# ** Warning: (vsim-PLI-3406) Too many digits (16) in data on line 1 of file "tb_pattern/tb_00/file_i/dram1_exp.txt". (Max is 8.)    : sim_model/sim_model.v(1207)
#    Time: 0 ps  Iteration: 0  Instance: /tb_top/U_SIM_MODEL
#  
# ******<<<<<<<<<<<<<<<<<<<<<<Simulation tb_00 start>>>>>>>>>>>>>>>>>>>>>>> ******
#  
# ---- Initial simulation
# ---- clock ---- 1111 ---- enable
# ---- Wait for  64 cycles
# ---- Wait for  64 cycles end
# ---- Wait for  16 cycles
# ---- Wait for  16 cycles end
# ---- reseting by cycle
# ---- reset0   64 cycle end
# ---- Wait for  16 cycles
# ---- Wait for  16 cycles end
# ---- reseting by ns
# ---- reset1  255 ns end
# ---- Write register   PORT :0x0    ADD :0x00000200    DATA :0x89abcd0e
# ---- Wait for  16 cycles
# ---- Wait for  16 cycles end
# ---- Wait for  64 cycles
# ---- Wait for  64 cycles end
# ---- [Success  ]Read register   PORT :0x0    ADD :0x00000008    EDAT :0x00000000    RDAT :0x00000000
# ---- Wait for  16 cycles
# ---- Wait for  16 cycles end
# ---- Wait for  64 cycles
# ---- Wait for  64 cycles end
# ---- DRAM write PORT :0x01    ADD :0x0000010    SIZE :0x080
# ---- DRAM write end
# ---- Wait for  16 cycles
# ---- Wait for  16 cycles end
# ---- Wait for 128 cycles
# ---- Wait for 128 cycles end
# ---- DRAM write PORT :0x02    ADD :0x0000010    SIZE :0x080
# ---- DRAM write end
# ---- Wait for  16 cycles
# ---- Wait for  16 cycles end
# ---- Wait for 255 cycles
# ---- Wait for 255 cycles end
# ---- tb_00 test completed !
#  
# ******<<<<<<<<<<<<<<<<<<<<Simulation tb_00 Successful End>>>>>>>>>>>>>>>>>>> ******
#  
do do/compile_all.do
# ** Warning: (vlib-34) Library already exists at "work".
# Errors: 0, Warnings: 1
# Model Technology ModelSim SE-64 vmap 2020.4 Lib Mapping Utility 2020.10 Oct 13 2020
# vmap work 
# Reading C:/modeltech64_2020.4/win64/../modelsim.ini
# "work" maps to directory ./work. (Default mapping)
# Model Technology ModelSim SE-64 vlog 2020.4 Compiler 2020.10 Oct 13 2020
# Start time: 17:44:59 on Apr 10,2025
# vlog -reportprogress 300 -work work sim_model/lib/glbl.v 
# -- Compiling module glbl
# 
# Top level modules:
# 	glbl
# End time: 17:45:00 on Apr 10,2025, Elapsed time: 0:00:01
# Errors: 0, Warnings: 0
# ** Warning: (vlib-34) Library already exists at "work".
# Errors: 0, Warnings: 1
# Model Technology ModelSim SE-64 vmap 2020.4 Lib Mapping Utility 2020.10 Oct 13 2020
# vmap work 
# Reading C:/modeltech64_2020.4/win64/../modelsim.ini
# "work" maps to directory ./work. (Default mapping)
# Model Technology ModelSim SE-64 vlog 2020.4 Compiler 2020.10 Oct 13 2020
# Start time: 17:45:00 on Apr 10,2025
# vlog -reportprogress 300 -work work ../rtl/00_xilinx_ip/00_afifo/afifo_i32o32_d2048/afifo_i32o32_d2048_sim_netlist.V 
# -- Compiling module afifo_i32o32_d2048
# -- Compiling module afifo_i32o32_d2048_xpm_cdc_gray
# -- Compiling module afifo_i32o32_d2048_xpm_cdc_gray__2
# -- Compiling module afifo_i32o32_d2048_xpm_cdc_single
# -- Compiling module afifo_i32o32_d2048_xpm_cdc_single__2
# -- Compiling module afifo_i32o32_d2048_xpm_cdc_sync_rst
# -- Compiling module afifo_i32o32_d2048_xpm_cdc_sync_rst__2
# -- Compiling module glbl
# 
# Top level modules:
# 	afifo_i32o32_d2048
# 	glbl
# End time: 17:45:00 on Apr 10,2025, Elapsed time: 0:00:00
# Errors: 0, Warnings: 0
# Model Technology ModelSim SE-64 vlog 2020.4 Compiler 2020.10 Oct 13 2020
# Start time: 17:45:00 on Apr 10,2025
# vlog -reportprogress 300 -work work ../rtl/00_xilinx_ip/00_afifo/afifo_i90o90_d512/afifo_i90o90_d512_sim_netlist.V 
# -- Compiling module afifo_i90o90_d512
# -- Compiling module afifo_i90o90_d512_xpm_cdc_async_rst
# -- Compiling module afifo_i90o90_d512_xpm_cdc_async_rst__1
# -- Compiling module afifo_i90o90_d512_xpm_cdc_gray
# -- Compiling module afifo_i90o90_d512_xpm_cdc_gray__2
# -- Compiling module afifo_i90o90_d512_xpm_cdc_single
# -- Compiling module afifo_i90o90_d512_xpm_cdc_single__2
# -- Compiling module glbl
# 
# Top level modules:
# 	afifo_i90o90_d512
# 	glbl
# End time: 17:45:01 on Apr 10,2025, Elapsed time: 0:00:01
# Errors: 0, Warnings: 0
# Model Technology ModelSim SE-64 vlog 2020.4 Compiler 2020.10 Oct 13 2020
# Start time: 17:45:01 on Apr 10,2025
# vlog -reportprogress 300 -work work ../rtl/00_xilinx_ip/01_sfifo/sfifo_i32o32_d1024/sfifo_i32o32_d1024_sim_netlist.V 
# -- Compiling module sfifo_i32o32_d1024
# -- Compiling module glbl
# 
# Top level modules:
# 	sfifo_i32o32_d1024
# 	glbl
# End time: 17:45:01 on Apr 10,2025, Elapsed time: 0:00:00
# Errors: 0, Warnings: 0
# Model Technology ModelSim SE-64 vlog 2020.4 Compiler 2020.10 Oct 13 2020
# Start time: 17:45:01 on Apr 10,2025
# vlog -reportprogress 300 -work work ../rtl/03_usb/reg_ack.v ../rtl/03_usb/reg_if.v ../rtl/03_usb/usb_dn_if.v ../rtl/03_usb/usb_if.v ../rtl/03_usb/usb_top.v ../rtl/03_usb/usb_up_arbit.v ../rtl/03_usb/usb_up_if.v 
# -- Compiling module REG_ACK
# -- Compiling module REG_IF
# -- Compiling module USB_DN_IF
# -- Compiling module USB_IF
# -- Compiling module USB_TOP
# -- Compiling module USB_UP_ARBIT
# -- Compiling module USB_UP_IF
# 
# Top level modules:
# 	USB_TOP
# End time: 17:45:01 on Apr 10,2025, Elapsed time: 0:00:00
# Errors: 0, Warnings: 0
# Model Technology ModelSim SE-64 vlog 2020.4 Compiler 2020.10 Oct 13 2020
# Start time: 17:45:01 on Apr 10,2025
# vlog -reportprogress 300 -work work ../rtl/04_bist/bist_reg.v 
# -- Compiling module BIST_REG
# 
# Top level modules:
# 	BIST_REG
# End time: 17:45:01 on Apr 10,2025, Elapsed time: 0:00:00
# Errors: 0, Warnings: 0
# ** Warning: (vlib-34) Library already exists at "work".
# Errors: 0, Warnings: 1
# Model Technology ModelSim SE-64 vmap 2020.4 Lib Mapping Utility 2020.10 Oct 13 2020
# vmap work 
# Reading C:/modeltech64_2020.4/win64/../modelsim.ini
# "work" maps to directory ./work. (Default mapping)
# Model Technology ModelSim SE-64 vlog 2020.4 Compiler 2020.10 Oct 13 2020
# Start time: 17:45:01 on Apr 10,2025
# vlog -reportprogress 300 -work work sim_model/define/define.v 
# End time: 17:45:01 on Apr 10,2025, Elapsed time: 0:00:00
# Errors: 0, Warnings: 0
# Model Technology ModelSim SE-64 vlog 2020.4 Compiler 2020.10 Oct 13 2020
# Start time: 17:45:02 on Apr 10,2025
# vlog -reportprogress 300 "+define+tb_00=1" -work work "+incdir+{sim_model/define}" sim_model/sim_model.v 
# -- Compiling module SIM_MODEL
# 
# Top level modules:
# 	SIM_MODEL
# End time: 17:45:02 on Apr 10,2025, Elapsed time: 0:00:00
# Errors: 0, Warnings: 0
# Model Technology ModelSim SE-64 vlog 2020.4 Compiler 2020.10 Oct 13 2020
# Start time: 17:45:02 on Apr 10,2025
# vlog -reportprogress 300 "+define+tb_00=1" -work work "+incdir+{sim_model/define}" sim_model/tb_top.v 
# -- Compiling module tb_top
# 
# Top level modules:
# 	tb_top
# End time: 17:45:02 on Apr 10,2025, Elapsed time: 0:00:00
# Errors: 0, Warnings: 0
# Model Technology ModelSim SE-64 vlog 2020.4 Compiler 2020.10 Oct 13 2020
# Start time: 17:45:02 on Apr 10,2025
# vlog -reportprogress 300 "+define+tb_00=1" -work work "+incdir+{sim_model/define}" sim_model/usb_sim.v 
# -- Compiling module USB_SIM
# 
# Top level modules:
# 	USB_SIM
# End time: 17:45:02 on Apr 10,2025, Elapsed time: 0:00:00
# Errors: 0, Warnings: 0
do do/tb_00.do
# Model Technology ModelSim SE-64 vlog 2020.4 Compiler 2020.10 Oct 13 2020
# Start time: 17:45:04 on Apr 10,2025
# vlog -reportprogress 300 "+define+tb_00=1" -work work sim_model\define\define.v 
# End time: 17:45:04 on Apr 10,2025, Elapsed time: 0:00:00
# Errors: 0, Warnings: 0
# Model Technology ModelSim SE-64 vlog 2020.4 Compiler 2020.10 Oct 13 2020
# Start time: 17:45:04 on Apr 10,2025
# vlog -reportprogress 300 "+define+tb_00=1" -work work "+incdir+{sim_modeldefine}" sim_model\tb_top.v 
# -- Compiling module tb_top
# 
# Top level modules:
# 	tb_top
# End time: 17:45:04 on Apr 10,2025, Elapsed time: 0:00:00
# Errors: 0, Warnings: 0
# End time: 17:45:07 on Apr 10,2025, Elapsed time: 0:03:02
# Errors: 0, Warnings: 18
# vsim -t 1ps -c -l ./log/vsim_tb_00_report.log work.tb_top -L UNISIMS_VER -L SECUREIP -L SIMPRIMS_VER -L work -voptargs="+acc" work.glbl -wav ./wave/tb_00.wlf 
# Start time: 17:45:07 on Apr 10,2025
# ** Note: (vsim-3813) Design is being optimized due to module recompilation...
# ** Warning: ../rtl/03_usb/usb_up_if.v(289): (vopt-2685) [TFMPC] - Too few port connections for 'U_DN_LBUF'.  Expected 15, found 13.
# ** Warning: ../rtl/03_usb/usb_up_if.v(289): (vopt-2718) [TFMPC] - Missing connection for port 'rd_rst_busy'.
# ** Warning: ../rtl/03_usb/usb_up_if.v(289): (vopt-2718) [TFMPC] - Missing connection for port 'wr_rst_busy'.
# ** Note: (vopt-143) Recognized 1 FSM in module "USB_UP_IF(fast)".
# ** Note: (vsim-12126) Error and warning message counts have been restored: Errors=0, Warnings=3.
# Loading work.tb_top(fast)
# Loading work.SIM_MODEL(fast)
# Loading work.USB_SIM(fast)
# Loading work.sfifo_i32o32_d1024(fast)
# Loading UNISIMS_VER.GND(fast)
# Loading UNISIMS_VER.LUT1(fast)
# Loading UNISIMS_VER.LUT2(fast)
# Loading UNISIMS_VER.LUT3(fast)
# Loading UNISIMS_VER.FDRE(fast)
# Loading UNISIMS_VER.CARRY4(fast)
# Loading UNISIMS_VER.LUT5(fast)
# Loading UNISIMS_VER.LUT5(fast__1)
# Loading UNISIMS_VER.FDSE(fast)
# Loading UNISIMS_VER.LUT4(fast)
# Loading UNISIMS_VER.LUT4(fast__1)
# Loading UNISIMS_VER.LUT3(fast__1)
# Loading UNISIMS_VER.LUT3(fast__2)
# Loading UNISIMS_VER.LUT4(fast__2)
# Loading UNISIMS_VER.LUT6(fast)
# Loading UNISIMS_VER.LUT2(fast__1)
# Loading UNISIMS_VER.LUT3(fast__3)
# Loading UNISIMS_VER.LUT4(fast__3)
# Loading UNISIMS_VER.LUT5(fast__2)
# Loading UNISIMS_VER.LUT6(fast__1)
# Loading UNISIMS_VER.LUT6(fast__2)
# Loading UNISIMS_VER.LUT4(fast__4)
# Loading UNISIMS_VER.LUT2(fast__2)
# Loading UNISIMS_VER.LUT5(fast__3)
# Loading UNISIMS_VER.LUT4(fast__5)
# Loading UNISIMS_VER.LUT1(fast__1)
# Loading UNISIMS_VER.RAMB36E1(fast)
# Loading UNISIMS_VER.RB36_INTERNAL_VLOG(fast)
# Loading work.USB_TOP(fast)
# Loading work.USB_IF(fast)
# Loading UNISIMS_VER.ODDR(fast)
# Loading work.REG_IF(fast)
# Loading work.REG_ACK(fast)
# Loading work.USB_DN_IF(fast)
# Loading work.afifo_i90o90_d512(fast)
# Loading work.afifo_i90o90_d512_xpm_cdc_gray(fast)
# Loading UNISIMS_VER.LUT4(fast__6)
# Loading UNISIMS_VER.LUT3(fast__4)
# Loading UNISIMS_VER.LUT6(fast__3)
# Loading UNISIMS_VER.LUT5(fast__4)
# Loading work.afifo_i90o90_d512_xpm_cdc_gray__2(fast)
# Loading UNISIMS_VER.FDPE(fast)
# Loading UNISIMS_VER.LUT4(fast__7)
# Loading UNISIMS_VER.FDCE(fast)
# Loading UNISIMS_VER.LUT4(fast__8)
# Loading UNISIMS_VER.LUT6(fast__4)
# Loading UNISIMS_VER.LUT5(fast__5)
# Loading UNISIMS_VER.LUT6(fast__5)
# Loading UNISIMS_VER.LUT5(fast__6)
# Loading UNISIMS_VER.LUT5(fast__7)
# Loading UNISIMS_VER.LUT5(fast__8)
# Loading UNISIMS_VER.LUT5(fast__9)
# Loading UNISIMS_VER.RAM64M(fast)
# Loading UNISIMS_VER.LUT6(fast__6)
# Loading UNISIMS_VER.MUXF7(fast)
# Loading UNISIMS_VER.LUT2(fast__3)
# Loading work.afifo_i90o90_d512_xpm_cdc_async_rst(fast)
# Loading UNISIMS_VER.FDPE(fast__1)
# Loading UNISIMS_VER.LUT3(fast__5)
# Loading UNISIMS_VER.LUT5(fast__10)
# Loading work.afifo_i90o90_d512_xpm_cdc_single(fast)
# Loading work.afifo_i90o90_d512_xpm_cdc_single__2(fast)
# Loading work.afifo_i90o90_d512_xpm_cdc_async_rst__1(fast)
# Loading work.afifo_i32o32_d2048(fast)
# Loading work.afifo_i32o32_d2048_xpm_cdc_gray(fast)
# Loading work.afifo_i32o32_d2048_xpm_cdc_gray__2(fast)
# Loading UNISIMS_VER.LUT6(fast__7)
# Loading UNISIMS_VER.FDSE(fast__1)
# Loading UNISIMS_VER.RAMB36E1(fast__1)
# Loading UNISIMS_VER.RB36_INTERNAL_VLOG(fast__1)
# Loading UNISIMS_VER.SRL16E(fast)
# Loading UNISIMS_VER.FDRE(fast__1)
# Loading UNISIMS_VER.LUT3(fast__6)
# Loading UNISIMS_VER.LUT4(fast__9)
# Loading UNISIMS_VER.LUT6(fast__8)
# Loading work.afifo_i32o32_d2048_xpm_cdc_single(fast)
# Loading work.afifo_i32o32_d2048_xpm_cdc_single__2(fast)
# Loading work.afifo_i32o32_d2048_xpm_cdc_sync_rst(fast)
# Loading work.afifo_i32o32_d2048_xpm_cdc_sync_rst__2(fast)
# Loading work.USB_UP_IF(fast)
# Loading work.USB_UP_ARBIT(fast)
# Loading work.BIST_REG(fast)
# Loading work.glbl(fast)
# ** Warning: (vsim-3015) [PCDPC] - Port size (16) does not match connection size (13) for port 'LBUS_ADDR'. The port definition is at: sim_model/sim_model.v(46).
#    Time: 0 ps  Iteration: 0  Instance: /tb_top/U_SIM_MODEL File: sim_model/tb_top.v Line: 389
# ** Warning: (vsim-3015) [PCDPC] - Port size (32) does not match connection size (10) for port 'REG0_OP_ADDR'. The port definition is at: sim_model/sim_model.v(63).
#    Time: 0 ps  Iteration: 0  Instance: /tb_top/U_SIM_MODEL File: sim_model/tb_top.v Line: 389
# ** Warning: (vsim-3015) [PCDPC] - Port size (32) does not match connection size (10) for port 'REG1_OP_ADDR'. The port definition is at: sim_model/sim_model.v(71).
#    Time: 0 ps  Iteration: 0  Instance: /tb_top/U_SIM_MODEL File: sim_model/tb_top.v Line: 389
# ** Warning: (vsim-3015) [PCDPC] - Port size (32) does not match connection size (10) for port 'REG2_OP_ADDR'. The port definition is at: sim_model/sim_model.v(79).
#    Time: 0 ps  Iteration: 0  Instance: /tb_top/U_SIM_MODEL File: sim_model/tb_top.v Line: 389
# ** Warning: (vsim-3015) [PCDPC] - Port size (32) does not match connection size (10) for port 'REG3_OP_ADDR'. The port definition is at: sim_model/sim_model.v(87).
#    Time: 0 ps  Iteration: 0  Instance: /tb_top/U_SIM_MODEL File: sim_model/tb_top.v Line: 389
# ** Warning: (vsim-3015) [PCDPC] - Port size (32) does not match connection size (10) for port 'REG4_OP_ADDR'. The port definition is at: sim_model/sim_model.v(95).
#    Time: 0 ps  Iteration: 0  Instance: /tb_top/U_SIM_MODEL File: sim_model/tb_top.v Line: 389
# ** Warning: (vsim-3015) [PCDPC] - Port size (32) does not match connection size (10) for port 'REG5_OP_ADDR'. The port definition is at: sim_model/sim_model.v(103).
#    Time: 0 ps  Iteration: 0  Instance: /tb_top/U_SIM_MODEL File: sim_model/tb_top.v Line: 389
# ** Warning: (vsim-3015) [PCDPC] - Port size (32) does not match connection size (10) for port 'REG6_OP_ADDR'. The port definition is at: sim_model/sim_model.v(111).
#    Time: 0 ps  Iteration: 0  Instance: /tb_top/U_SIM_MODEL File: sim_model/tb_top.v Line: 389
# ** Warning: (vsim-3015) [PCDPC] - Port size (32) does not match connection size (10) for port 'REG7_OP_ADDR'. The port definition is at: sim_model/sim_model.v(119).
#    Time: 0 ps  Iteration: 0  Instance: /tb_top/U_SIM_MODEL File: sim_model/tb_top.v Line: 389
# ** Warning: (vsim-3015) [PCDPC] - Port size (12) does not match connection size (16) for port 'DRAM2_WR_SIZE'. The port definition is at: sim_model/sim_model.v(237).
#    Time: 0 ps  Iteration: 0  Instance: /tb_top/U_SIM_MODEL File: sim_model/tb_top.v Line: 389
# ** Warning: (vsim-3015) [PCDPC] - Port size (12) does not match connection size (16) for port 'DRAM3_WR_SIZE'. The port definition is at: sim_model/sim_model.v(256).
#    Time: 0 ps  Iteration: 0  Instance: /tb_top/U_SIM_MODEL File: sim_model/tb_top.v Line: 389
# ** Warning: (vsim-3015) [PCDPC] - Port size (12) does not match connection size (16) for port 'DRAM4_WR_SIZE'. The port definition is at: sim_model/sim_model.v(275).
#    Time: 0 ps  Iteration: 0  Instance: /tb_top/U_SIM_MODEL File: sim_model/tb_top.v Line: 389
# ** Warning: (vsim-3015) [PCDPC] - Port size (12) does not match connection size (16) for port 'DRAM5_WR_SIZE'. The port definition is at: sim_model/sim_model.v(294).
#    Time: 0 ps  Iteration: 0  Instance: /tb_top/U_SIM_MODEL File: sim_model/tb_top.v Line: 389
# ** Warning: (vsim-3015) [PCDPC] - Port size (12) does not match connection size (16) for port 'DRAM6_WR_SIZE'. The port definition is at: sim_model/sim_model.v(313).
#    Time: 0 ps  Iteration: 0  Instance: /tb_top/U_SIM_MODEL File: sim_model/tb_top.v Line: 389
# ** Warning: (vsim-3015) [PCDPC] - Port size (32) does not match connection size (1) for port 'dout'. The port definition is at: ../rtl/00_xilinx_ip/00_afifo/afifo_i32o32_d2048/afifo_i32o32_d2048_sim_netlist.V(24).
#    Time: 0 ps  Iteration: 0  Instance: /tb_top/U_USB_TOP/U_USB_DN_IF/U_DN_LBUF File: ../rtl/03_usb/usb_dn_if.v Line: 307
# ** Warning: (vsim-3015) [PCDPC] - Port size (32) does not match connection size (1) for port 'dout'. The port definition is at: ../rtl/00_xilinx_ip/00_afifo/afifo_i32o32_d2048/afifo_i32o32_d2048_sim_netlist.V(24).
#    Time: 0 ps  Iteration: 0  Instance: /tb_top/U_USB_TOP/U_USB_UP_IF/U_DN_LBUF File: ../rtl/03_usb/usb_up_if.v Line: 289
# ** Warning: (vsim-PLI-3406) Too many digits (16) in data on line 1 of file "tb_pattern/tb_00/file_i/dram0_exp.txt". (Max is 8.)    : sim_model/sim_model.v(1206)
#    Time: 0 ps  Iteration: 0  Instance: /tb_top/U_SIM_MODEL
# ** Warning: (vsim-PLI-3406) Too many digits (16) in data on line 1 of file "tb_pattern/tb_00/file_i/dram1_exp.txt". (Max is 8.)    : sim_model/sim_model.v(1207)
#    Time: 0 ps  Iteration: 0  Instance: /tb_top/U_SIM_MODEL
#  
# ******<<<<<<<<<<<<<<<<<<<<<<Simulation tb_00 start>>>>>>>>>>>>>>>>>>>>>>> ******
#  
# ---- Initial simulation
# ---- clock ---- 1111 ---- enable
# ---- Wait for  64 cycles
# ---- Wait for  64 cycles end
# ---- Wait for  16 cycles
# ---- Wait for  16 cycles end
# ---- reseting by cycle
# ---- reset0   64 cycle end
# ---- Wait for  16 cycles
# ---- Wait for  16 cycles end
# ---- reseting by ns
# ---- reset1  255 ns end
# ---- Write register   PORT :0x0    ADD :0x00000200    DATA :0x89abcd0e
# ---- Wait for  16 cycles
# ---- Wait for  16 cycles end
# ---- Wait for  64 cycles
# ---- Wait for  64 cycles end
# ---- [Success  ]Read register   PORT :0x0    ADD :0x00000008    EDAT :0x00000000    RDAT :0x00000000
# ---- Wait for  16 cycles
# ---- Wait for  16 cycles end
# ---- Wait for  64 cycles
# ---- Wait for  64 cycles end
# ---- DRAM write PORT :0x01    ADD :0x0000010    SIZE :0x080
# ---- DRAM write end
# ---- Wait for  16 cycles
# ---- Wait for  16 cycles end
# ---- Wait for 128 cycles
# ---- Wait for 128 cycles end
# ---- DRAM write PORT :0x02    ADD :0x0000010    SIZE :0x080
# ---- DRAM write end
# ---- Wait for  16 cycles
# ---- Wait for  16 cycles end
# ---- Wait for 255 cycles
# ---- Wait for 255 cycles end
# ---- tb_00 test completed !
#  
# ******<<<<<<<<<<<<<<<<<<<<Simulation tb_00 Successful End>>>>>>>>>>>>>>>>>>> ******
#  
do do/compile_all.do
# ** Warning: (vlib-34) Library already exists at "work".
# Errors: 0, Warnings: 1
# Model Technology ModelSim SE-64 vmap 2020.4 Lib Mapping Utility 2020.10 Oct 13 2020
# vmap work 
# Reading C:/modeltech64_2020.4/win64/../modelsim.ini
# "work" maps to directory ./work. (Default mapping)
# Model Technology ModelSim SE-64 vlog 2020.4 Compiler 2020.10 Oct 13 2020
# Start time: 17:47:59 on Apr 10,2025
# vlog -reportprogress 300 -work work sim_model/lib/glbl.v 
# -- Compiling module glbl
# 
# Top level modules:
# 	glbl
# End time: 17:47:59 on Apr 10,2025, Elapsed time: 0:00:00
# Errors: 0, Warnings: 0
# ** Warning: (vlib-34) Library already exists at "work".
# Errors: 0, Warnings: 1
# Model Technology ModelSim SE-64 vmap 2020.4 Lib Mapping Utility 2020.10 Oct 13 2020
# vmap work 
# Reading C:/modeltech64_2020.4/win64/../modelsim.ini
# "work" maps to directory ./work. (Default mapping)
# Model Technology ModelSim SE-64 vlog 2020.4 Compiler 2020.10 Oct 13 2020
# Start time: 17:47:59 on Apr 10,2025
# vlog -reportprogress 300 -work work ../rtl/00_xilinx_ip/00_afifo/afifo_i32o32_d2048/afifo_i32o32_d2048_sim_netlist.V 
# -- Compiling module afifo_i32o32_d2048
# -- Compiling module afifo_i32o32_d2048_xpm_cdc_gray
# -- Compiling module afifo_i32o32_d2048_xpm_cdc_gray__2
# -- Compiling module afifo_i32o32_d2048_xpm_cdc_single
# -- Compiling module afifo_i32o32_d2048_xpm_cdc_single__2
# -- Compiling module afifo_i32o32_d2048_xpm_cdc_sync_rst
# -- Compiling module afifo_i32o32_d2048_xpm_cdc_sync_rst__2
# -- Compiling module glbl
# 
# Top level modules:
# 	afifo_i32o32_d2048
# 	glbl
# End time: 17:47:59 on Apr 10,2025, Elapsed time: 0:00:00
# Errors: 0, Warnings: 0
# Model Technology ModelSim SE-64 vlog 2020.4 Compiler 2020.10 Oct 13 2020
# Start time: 17:47:59 on Apr 10,2025
# vlog -reportprogress 300 -work work ../rtl/00_xilinx_ip/00_afifo/afifo_i90o90_d512/afifo_i90o90_d512_sim_netlist.V 
# -- Compiling module afifo_i90o90_d512
# -- Compiling module afifo_i90o90_d512_xpm_cdc_async_rst
# -- Compiling module afifo_i90o90_d512_xpm_cdc_async_rst__1
# -- Compiling module afifo_i90o90_d512_xpm_cdc_gray
# -- Compiling module afifo_i90o90_d512_xpm_cdc_gray__2
# -- Compiling module afifo_i90o90_d512_xpm_cdc_single
# -- Compiling module afifo_i90o90_d512_xpm_cdc_single__2
# -- Compiling module glbl
# 
# Top level modules:
# 	afifo_i90o90_d512
# 	glbl
# End time: 17:48:00 on Apr 10,2025, Elapsed time: 0:00:01
# Errors: 0, Warnings: 0
# Model Technology ModelSim SE-64 vlog 2020.4 Compiler 2020.10 Oct 13 2020
# Start time: 17:48:00 on Apr 10,2025
# vlog -reportprogress 300 -work work ../rtl/00_xilinx_ip/01_sfifo/sfifo_i32o32_d1024/sfifo_i32o32_d1024_sim_netlist.V 
# -- Compiling module sfifo_i32o32_d1024
# -- Compiling module glbl
# 
# Top level modules:
# 	sfifo_i32o32_d1024
# 	glbl
# End time: 17:48:00 on Apr 10,2025, Elapsed time: 0:00:00
# Errors: 0, Warnings: 0
# Model Technology ModelSim SE-64 vlog 2020.4 Compiler 2020.10 Oct 13 2020
# Start time: 17:48:00 on Apr 10,2025
# vlog -reportprogress 300 -work work ../rtl/03_usb/reg_ack.v ../rtl/03_usb/reg_if.v ../rtl/03_usb/usb_dn_if.v ../rtl/03_usb/usb_if.v ../rtl/03_usb/usb_top.v ../rtl/03_usb/usb_up_arbit.v ../rtl/03_usb/usb_up_if.v 
# -- Compiling module REG_ACK
# -- Compiling module REG_IF
# -- Compiling module USB_DN_IF
# -- Compiling module USB_IF
# -- Compiling module USB_TOP
# -- Compiling module USB_UP_ARBIT
# -- Compiling module USB_UP_IF
# 
# Top level modules:
# 	USB_TOP
# End time: 17:48:00 on Apr 10,2025, Elapsed time: 0:00:00
# Errors: 0, Warnings: 0
# Model Technology ModelSim SE-64 vlog 2020.4 Compiler 2020.10 Oct 13 2020
# Start time: 17:48:00 on Apr 10,2025
# vlog -reportprogress 300 -work work ../rtl/04_bist/bist_reg.v 
# -- Compiling module BIST_REG
# 
# Top level modules:
# 	BIST_REG
# End time: 17:48:00 on Apr 10,2025, Elapsed time: 0:00:00
# Errors: 0, Warnings: 0
# ** Warning: (vlib-34) Library already exists at "work".
# Errors: 0, Warnings: 1
# Model Technology ModelSim SE-64 vmap 2020.4 Lib Mapping Utility 2020.10 Oct 13 2020
# vmap work 
# Reading C:/modeltech64_2020.4/win64/../modelsim.ini
# "work" maps to directory ./work. (Default mapping)
# Model Technology ModelSim SE-64 vlog 2020.4 Compiler 2020.10 Oct 13 2020
# Start time: 17:48:01 on Apr 10,2025
# vlog -reportprogress 300 -work work sim_model/define/define.v 
# End time: 17:48:01 on Apr 10,2025, Elapsed time: 0:00:00
# Errors: 0, Warnings: 0
# Model Technology ModelSim SE-64 vlog 2020.4 Compiler 2020.10 Oct 13 2020
# Start time: 17:48:01 on Apr 10,2025
# vlog -reportprogress 300 "+define+tb_00=1" -work work "+incdir+{sim_model/define}" sim_model/sim_model.v 
# -- Compiling module SIM_MODEL
# 
# Top level modules:
# 	SIM_MODEL
# End time: 17:48:01 on Apr 10,2025, Elapsed time: 0:00:00
# Errors: 0, Warnings: 0
# Model Technology ModelSim SE-64 vlog 2020.4 Compiler 2020.10 Oct 13 2020
# Start time: 17:48:01 on Apr 10,2025
# vlog -reportprogress 300 "+define+tb_00=1" -work work "+incdir+{sim_model/define}" sim_model/tb_top.v 
# -- Compiling module tb_top
# 
# Top level modules:
# 	tb_top
# End time: 17:48:01 on Apr 10,2025, Elapsed time: 0:00:00
# Errors: 0, Warnings: 0
# Model Technology ModelSim SE-64 vlog 2020.4 Compiler 2020.10 Oct 13 2020
# Start time: 17:48:01 on Apr 10,2025
# vlog -reportprogress 300 "+define+tb_00=1" -work work "+incdir+{sim_model/define}" sim_model/usb_sim.v 
# -- Compiling module USB_SIM
# 
# Top level modules:
# 	USB_SIM
# End time: 17:48:01 on Apr 10,2025, Elapsed time: 0:00:00
# Errors: 0, Warnings: 0
do do/tb_00.do
# Model Technology ModelSim SE-64 vlog 2020.4 Compiler 2020.10 Oct 13 2020
# Start time: 17:48:03 on Apr 10,2025
# vlog -reportprogress 300 "+define+tb_00=1" -work work sim_model\define\define.v 
# End time: 17:48:03 on Apr 10,2025, Elapsed time: 0:00:00
# Errors: 0, Warnings: 0
# Model Technology ModelSim SE-64 vlog 2020.4 Compiler 2020.10 Oct 13 2020
# Start time: 17:48:03 on Apr 10,2025
# vlog -reportprogress 300 "+define+tb_00=1" -work work "+incdir+{sim_modeldefine}" sim_model\tb_top.v 
# -- Compiling module tb_top
# 
# Top level modules:
# 	tb_top
# End time: 17:48:04 on Apr 10,2025, Elapsed time: 0:00:01
# Errors: 0, Warnings: 0
# End time: 17:48:06 on Apr 10,2025, Elapsed time: 0:02:59
# Errors: 0, Warnings: 21
# vsim -t 1ps -c -l ./log/vsim_tb_00_report.log work.tb_top -L UNISIMS_VER -L SECUREIP -L SIMPRIMS_VER -L work -voptargs="+acc" work.glbl -wav ./wave/tb_00.wlf 
# Start time: 17:48:07 on Apr 10,2025
# ** Note: (vsim-3813) Design is being optimized due to module recompilation...
# ** Note: (vopt-143) Recognized 1 FSM in module "USB_IF(fast)".
# Loading work.tb_top(fast)
# Loading work.SIM_MODEL(fast)
# Loading work.USB_SIM(fast)
# Loading work.sfifo_i32o32_d1024(fast)
# Loading UNISIMS_VER.GND(fast)
# Loading UNISIMS_VER.LUT1(fast)
# Loading UNISIMS_VER.LUT2(fast)
# Loading UNISIMS_VER.LUT3(fast)
# Loading UNISIMS_VER.FDRE(fast)
# Loading UNISIMS_VER.CARRY4(fast)
# Loading UNISIMS_VER.LUT5(fast)
# Loading UNISIMS_VER.LUT5(fast__1)
# Loading UNISIMS_VER.FDSE(fast)
# Loading UNISIMS_VER.LUT4(fast)
# Loading UNISIMS_VER.LUT4(fast__1)
# Loading UNISIMS_VER.LUT3(fast__1)
# Loading UNISIMS_VER.LUT3(fast__2)
# Loading UNISIMS_VER.LUT4(fast__2)
# Loading UNISIMS_VER.LUT6(fast)
# Loading UNISIMS_VER.LUT2(fast__1)
# Loading UNISIMS_VER.LUT3(fast__3)
# Loading UNISIMS_VER.LUT4(fast__3)
# Loading UNISIMS_VER.LUT5(fast__2)
# Loading UNISIMS_VER.LUT6(fast__1)
# Loading UNISIMS_VER.LUT6(fast__2)
# Loading UNISIMS_VER.LUT4(fast__4)
# Loading UNISIMS_VER.LUT2(fast__2)
# Loading UNISIMS_VER.LUT5(fast__3)
# Loading UNISIMS_VER.LUT4(fast__5)
# Loading UNISIMS_VER.LUT1(fast__1)
# Loading UNISIMS_VER.RAMB36E1(fast)
# Loading UNISIMS_VER.RB36_INTERNAL_VLOG(fast)
# Loading work.USB_TOP(fast)
# Loading work.USB_IF(fast)
# Loading UNISIMS_VER.ODDR(fast)
# Loading work.REG_IF(fast)
# Loading work.REG_ACK(fast)
# Loading work.USB_DN_IF(fast)
# Loading work.afifo_i90o90_d512(fast)
# Loading work.afifo_i90o90_d512_xpm_cdc_gray(fast)
# Loading UNISIMS_VER.LUT4(fast__6)
# Loading UNISIMS_VER.LUT3(fast__4)
# Loading UNISIMS_VER.LUT6(fast__3)
# Loading UNISIMS_VER.LUT5(fast__4)
# Loading work.afifo_i90o90_d512_xpm_cdc_gray__2(fast)
# Loading UNISIMS_VER.FDPE(fast)
# Loading UNISIMS_VER.LUT4(fast__7)
# Loading UNISIMS_VER.FDCE(fast)
# Loading UNISIMS_VER.LUT4(fast__8)
# Loading UNISIMS_VER.LUT6(fast__4)
# Loading UNISIMS_VER.LUT5(fast__5)
# Loading UNISIMS_VER.LUT6(fast__5)
# Loading UNISIMS_VER.LUT5(fast__6)
# Loading UNISIMS_VER.LUT5(fast__7)
# Loading UNISIMS_VER.LUT5(fast__8)
# Loading UNISIMS_VER.LUT5(fast__9)
# Loading UNISIMS_VER.RAM64M(fast)
# Loading UNISIMS_VER.LUT6(fast__6)
# Loading UNISIMS_VER.MUXF7(fast)
# Loading UNISIMS_VER.LUT2(fast__3)
# Loading work.afifo_i90o90_d512_xpm_cdc_async_rst(fast)
# Loading UNISIMS_VER.FDPE(fast__1)
# Loading UNISIMS_VER.LUT3(fast__5)
# Loading UNISIMS_VER.LUT5(fast__10)
# Loading work.afifo_i90o90_d512_xpm_cdc_single(fast)
# Loading work.afifo_i90o90_d512_xpm_cdc_single__2(fast)
# Loading work.afifo_i90o90_d512_xpm_cdc_async_rst__1(fast)
# Loading work.afifo_i32o32_d2048(fast)
# Loading work.afifo_i32o32_d2048_xpm_cdc_gray(fast)
# Loading work.afifo_i32o32_d2048_xpm_cdc_gray__2(fast)
# Loading UNISIMS_VER.LUT6(fast__7)
# Loading UNISIMS_VER.FDSE(fast__1)
# Loading UNISIMS_VER.RAMB36E1(fast__1)
# Loading UNISIMS_VER.RB36_INTERNAL_VLOG(fast__1)
# Loading UNISIMS_VER.SRL16E(fast)
# Loading UNISIMS_VER.FDRE(fast__1)
# Loading UNISIMS_VER.LUT3(fast__6)
# Loading UNISIMS_VER.LUT4(fast__9)
# Loading UNISIMS_VER.LUT6(fast__8)
# Loading work.afifo_i32o32_d2048_xpm_cdc_single(fast)
# Loading work.afifo_i32o32_d2048_xpm_cdc_single__2(fast)
# Loading work.afifo_i32o32_d2048_xpm_cdc_sync_rst(fast)
# Loading work.afifo_i32o32_d2048_xpm_cdc_sync_rst__2(fast)
# Loading work.USB_UP_IF(fast)
# Loading work.USB_UP_ARBIT(fast)
# Loading work.BIST_REG(fast)
# Loading work.glbl(fast)
# ** Warning: (vsim-3015) [PCDPC] - Port size (16) does not match connection size (13) for port 'LBUS_ADDR'. The port definition is at: sim_model/sim_model.v(46).
#    Time: 0 ps  Iteration: 0  Instance: /tb_top/U_SIM_MODEL File: sim_model/tb_top.v Line: 389
# ** Warning: (vsim-3015) [PCDPC] - Port size (32) does not match connection size (10) for port 'REG0_OP_ADDR'. The port definition is at: sim_model/sim_model.v(63).
#    Time: 0 ps  Iteration: 0  Instance: /tb_top/U_SIM_MODEL File: sim_model/tb_top.v Line: 389
# ** Warning: (vsim-3015) [PCDPC] - Port size (32) does not match connection size (10) for port 'REG1_OP_ADDR'. The port definition is at: sim_model/sim_model.v(71).
#    Time: 0 ps  Iteration: 0  Instance: /tb_top/U_SIM_MODEL File: sim_model/tb_top.v Line: 389
# ** Warning: (vsim-3015) [PCDPC] - Port size (32) does not match connection size (10) for port 'REG2_OP_ADDR'. The port definition is at: sim_model/sim_model.v(79).
#    Time: 0 ps  Iteration: 0  Instance: /tb_top/U_SIM_MODEL File: sim_model/tb_top.v Line: 389
# ** Warning: (vsim-3015) [PCDPC] - Port size (32) does not match connection size (10) for port 'REG3_OP_ADDR'. The port definition is at: sim_model/sim_model.v(87).
#    Time: 0 ps  Iteration: 0  Instance: /tb_top/U_SIM_MODEL File: sim_model/tb_top.v Line: 389
# ** Warning: (vsim-3015) [PCDPC] - Port size (32) does not match connection size (10) for port 'REG4_OP_ADDR'. The port definition is at: sim_model/sim_model.v(95).
#    Time: 0 ps  Iteration: 0  Instance: /tb_top/U_SIM_MODEL File: sim_model/tb_top.v Line: 389
# ** Warning: (vsim-3015) [PCDPC] - Port size (32) does not match connection size (10) for port 'REG5_OP_ADDR'. The port definition is at: sim_model/sim_model.v(103).
#    Time: 0 ps  Iteration: 0  Instance: /tb_top/U_SIM_MODEL File: sim_model/tb_top.v Line: 389
# ** Warning: (vsim-3015) [PCDPC] - Port size (32) does not match connection size (10) for port 'REG6_OP_ADDR'. The port definition is at: sim_model/sim_model.v(111).
#    Time: 0 ps  Iteration: 0  Instance: /tb_top/U_SIM_MODEL File: sim_model/tb_top.v Line: 389
# ** Warning: (vsim-3015) [PCDPC] - Port size (32) does not match connection size (10) for port 'REG7_OP_ADDR'. The port definition is at: sim_model/sim_model.v(119).
#    Time: 0 ps  Iteration: 0  Instance: /tb_top/U_SIM_MODEL File: sim_model/tb_top.v Line: 389
# ** Warning: (vsim-3015) [PCDPC] - Port size (12) does not match connection size (16) for port 'DRAM2_WR_SIZE'. The port definition is at: sim_model/sim_model.v(237).
#    Time: 0 ps  Iteration: 0  Instance: /tb_top/U_SIM_MODEL File: sim_model/tb_top.v Line: 389
# ** Warning: (vsim-3015) [PCDPC] - Port size (12) does not match connection size (16) for port 'DRAM3_WR_SIZE'. The port definition is at: sim_model/sim_model.v(256).
#    Time: 0 ps  Iteration: 0  Instance: /tb_top/U_SIM_MODEL File: sim_model/tb_top.v Line: 389
# ** Warning: (vsim-3015) [PCDPC] - Port size (12) does not match connection size (16) for port 'DRAM4_WR_SIZE'. The port definition is at: sim_model/sim_model.v(275).
#    Time: 0 ps  Iteration: 0  Instance: /tb_top/U_SIM_MODEL File: sim_model/tb_top.v Line: 389
# ** Warning: (vsim-3015) [PCDPC] - Port size (12) does not match connection size (16) for port 'DRAM5_WR_SIZE'. The port definition is at: sim_model/sim_model.v(294).
#    Time: 0 ps  Iteration: 0  Instance: /tb_top/U_SIM_MODEL File: sim_model/tb_top.v Line: 389
# ** Warning: (vsim-3015) [PCDPC] - Port size (12) does not match connection size (16) for port 'DRAM6_WR_SIZE'. The port definition is at: sim_model/sim_model.v(313).
#    Time: 0 ps  Iteration: 0  Instance: /tb_top/U_SIM_MODEL File: sim_model/tb_top.v Line: 389
# ** Warning: (vsim-3015) [PCDPC] - Port size (32) does not match connection size (1) for port 'dout'. The port definition is at: ../rtl/00_xilinx_ip/00_afifo/afifo_i32o32_d2048/afifo_i32o32_d2048_sim_netlist.V(24).
#    Time: 0 ps  Iteration: 0  Instance: /tb_top/U_USB_TOP/U_USB_DN_IF/U_DN_LBUF File: ../rtl/03_usb/usb_dn_if.v Line: 307
# ** Warning: (vsim-3015) [PCDPC] - Port size (32) does not match connection size (1) for port 'dout'. The port definition is at: ../rtl/00_xilinx_ip/00_afifo/afifo_i32o32_d2048/afifo_i32o32_d2048_sim_netlist.V(24).
#    Time: 0 ps  Iteration: 0  Instance: /tb_top/U_USB_TOP/U_USB_UP_IF/U_DN_LBUF File: ../rtl/03_usb/usb_up_if.v Line: 289
# ** Warning: (vsim-PLI-3406) Too many digits (16) in data on line 1 of file "tb_pattern/tb_00/file_i/dram0_exp.txt". (Max is 8.)    : sim_model/sim_model.v(1206)
#    Time: 0 ps  Iteration: 0  Instance: /tb_top/U_SIM_MODEL
# ** Warning: (vsim-PLI-3406) Too many digits (16) in data on line 1 of file "tb_pattern/tb_00/file_i/dram1_exp.txt". (Max is 8.)    : sim_model/sim_model.v(1207)
#    Time: 0 ps  Iteration: 0  Instance: /tb_top/U_SIM_MODEL
#  
# ******<<<<<<<<<<<<<<<<<<<<<<Simulation tb_00 start>>>>>>>>>>>>>>>>>>>>>>> ******
#  
# ---- Initial simulation
# ---- clock ---- 1111 ---- enable
# ---- Wait for  64 cycles
# ---- Wait for  64 cycles end
# ---- Wait for  16 cycles
# ---- Wait for  16 cycles end
# ---- reseting by cycle
# ---- reset0   64 cycle end
# ---- Wait for  16 cycles
# ---- Wait for  16 cycles end
# ---- reseting by ns
# ---- reset1  255 ns end
# ---- Write register   PORT :0x0    ADD :0x00000200    DATA :0x89abcd0e
# ---- Wait for  16 cycles
# ---- Wait for  16 cycles end
# ---- Wait for  64 cycles
# ---- Wait for  64 cycles end
# ---- [Success  ]Read register   PORT :0x0    ADD :0x00000008    EDAT :0x00000000    RDAT :0x00000000
# ---- Wait for  16 cycles
# ---- Wait for  16 cycles end
# ---- Wait for  64 cycles
# ---- Wait for  64 cycles end
# ---- DRAM write PORT :0x01    ADD :0x0000010    SIZE :0x080
# ---- DRAM write end
# ---- Wait for  16 cycles
# ---- Wait for  16 cycles end
# ---- Wait for 128 cycles
# ---- Wait for 128 cycles end
# ---- DRAM write PORT :0x02    ADD :0x0000010    SIZE :0x080
# ---- DRAM write end
# ---- Wait for  16 cycles
# ---- Wait for  16 cycles end
# ---- Wait for 255 cycles
# ---- Wait for 255 cycles end
# ---- tb_00 test completed !
#  
# ******<<<<<<<<<<<<<<<<<<<<Simulation tb_00 Successful End>>>>>>>>>>>>>>>>>>> ******
#  
do do/compile_all.do
# ** Warning: (vlib-34) Library already exists at "work".
# Errors: 0, Warnings: 1
# Model Technology ModelSim SE-64 vmap 2020.4 Lib Mapping Utility 2020.10 Oct 13 2020
# vmap work 
# Reading C:/modeltech64_2020.4/win64/../modelsim.ini
# "work" maps to directory ./work. (Default mapping)
# Model Technology ModelSim SE-64 vlog 2020.4 Compiler 2020.10 Oct 13 2020
# Start time: 17:49:34 on Apr 10,2025
# vlog -reportprogress 300 -work work sim_model/lib/glbl.v 
# -- Compiling module glbl
# 
# Top level modules:
# 	glbl
# End time: 17:49:35 on Apr 10,2025, Elapsed time: 0:00:01
# Errors: 0, Warnings: 0
# ** Warning: (vlib-34) Library already exists at "work".
# Errors: 0, Warnings: 1
# Model Technology ModelSim SE-64 vmap 2020.4 Lib Mapping Utility 2020.10 Oct 13 2020
# vmap work 
# Reading C:/modeltech64_2020.4/win64/../modelsim.ini
# "work" maps to directory ./work. (Default mapping)
# Model Technology ModelSim SE-64 vlog 2020.4 Compiler 2020.10 Oct 13 2020
# Start time: 17:49:35 on Apr 10,2025
# vlog -reportprogress 300 -work work ../rtl/00_xilinx_ip/00_afifo/afifo_i32o32_d2048/afifo_i32o32_d2048_sim_netlist.V 
# -- Compiling module afifo_i32o32_d2048
# -- Compiling module afifo_i32o32_d2048_xpm_cdc_gray
# -- Compiling module afifo_i32o32_d2048_xpm_cdc_gray__2
# -- Compiling module afifo_i32o32_d2048_xpm_cdc_single
# -- Compiling module afifo_i32o32_d2048_xpm_cdc_single__2
# -- Compiling module afifo_i32o32_d2048_xpm_cdc_sync_rst
# -- Compiling module afifo_i32o32_d2048_xpm_cdc_sync_rst__2
# -- Compiling module glbl
# 
# Top level modules:
# 	afifo_i32o32_d2048
# 	glbl
# End time: 17:49:35 on Apr 10,2025, Elapsed time: 0:00:00
# Errors: 0, Warnings: 0
# Model Technology ModelSim SE-64 vlog 2020.4 Compiler 2020.10 Oct 13 2020
# Start time: 17:49:35 on Apr 10,2025
# vlog -reportprogress 300 -work work ../rtl/00_xilinx_ip/00_afifo/afifo_i90o90_d512/afifo_i90o90_d512_sim_netlist.V 
# -- Compiling module afifo_i90o90_d512
# -- Compiling module afifo_i90o90_d512_xpm_cdc_async_rst
# -- Compiling module afifo_i90o90_d512_xpm_cdc_async_rst__1
# -- Compiling module afifo_i90o90_d512_xpm_cdc_gray
# -- Compiling module afifo_i90o90_d512_xpm_cdc_gray__2
# -- Compiling module afifo_i90o90_d512_xpm_cdc_single
# -- Compiling module afifo_i90o90_d512_xpm_cdc_single__2
# -- Compiling module glbl
# 
# Top level modules:
# 	afifo_i90o90_d512
# 	glbl
# End time: 17:49:35 on Apr 10,2025, Elapsed time: 0:00:00
# Errors: 0, Warnings: 0
# Model Technology ModelSim SE-64 vlog 2020.4 Compiler 2020.10 Oct 13 2020
# Start time: 17:49:36 on Apr 10,2025
# vlog -reportprogress 300 -work work ../rtl/00_xilinx_ip/01_sfifo/sfifo_i32o32_d1024/sfifo_i32o32_d1024_sim_netlist.V 
# -- Compiling module sfifo_i32o32_d1024
# -- Compiling module glbl
# 
# Top level modules:
# 	sfifo_i32o32_d1024
# 	glbl
# End time: 17:49:36 on Apr 10,2025, Elapsed time: 0:00:00
# Errors: 0, Warnings: 0
# Model Technology ModelSim SE-64 vlog 2020.4 Compiler 2020.10 Oct 13 2020
# Start time: 17:49:36 on Apr 10,2025
# vlog -reportprogress 300 -work work ../rtl/03_usb/reg_ack.v ../rtl/03_usb/reg_if.v ../rtl/03_usb/usb_dn_if.v ../rtl/03_usb/usb_if.v ../rtl/03_usb/usb_top.v ../rtl/03_usb/usb_up_arbit.v ../rtl/03_usb/usb_up_if.v 
# -- Compiling module REG_ACK
# -- Compiling module REG_IF
# -- Compiling module USB_DN_IF
# -- Compiling module USB_IF
# -- Compiling module USB_TOP
# -- Compiling module USB_UP_ARBIT
# -- Compiling module USB_UP_IF
# 
# Top level modules:
# 	USB_TOP
# End time: 17:49:36 on Apr 10,2025, Elapsed time: 0:00:00
# Errors: 0, Warnings: 0
# Model Technology ModelSim SE-64 vlog 2020.4 Compiler 2020.10 Oct 13 2020
# Start time: 17:49:36 on Apr 10,2025
# vlog -reportprogress 300 -work work ../rtl/04_bist/bist_reg.v 
# -- Compiling module BIST_REG
# 
# Top level modules:
# 	BIST_REG
# End time: 17:49:36 on Apr 10,2025, Elapsed time: 0:00:00
# Errors: 0, Warnings: 0
# ** Warning: (vlib-34) Library already exists at "work".
# Errors: 0, Warnings: 1
# Model Technology ModelSim SE-64 vmap 2020.4 Lib Mapping Utility 2020.10 Oct 13 2020
# vmap work 
# Reading C:/modeltech64_2020.4/win64/../modelsim.ini
# "work" maps to directory ./work. (Default mapping)
# Model Technology ModelSim SE-64 vlog 2020.4 Compiler 2020.10 Oct 13 2020
# Start time: 17:49:36 on Apr 10,2025
# vlog -reportprogress 300 -work work sim_model/define/define.v 
# End time: 17:49:36 on Apr 10,2025, Elapsed time: 0:00:00
# Errors: 0, Warnings: 0
# Model Technology ModelSim SE-64 vlog 2020.4 Compiler 2020.10 Oct 13 2020
# Start time: 17:49:36 on Apr 10,2025
# vlog -reportprogress 300 "+define+tb_00=1" -work work "+incdir+{sim_model/define}" sim_model/sim_model.v 
# -- Compiling module SIM_MODEL
# 
# Top level modules:
# 	SIM_MODEL
# End time: 17:49:36 on Apr 10,2025, Elapsed time: 0:00:00
# Errors: 0, Warnings: 0
# Model Technology ModelSim SE-64 vlog 2020.4 Compiler 2020.10 Oct 13 2020
# Start time: 17:49:37 on Apr 10,2025
# vlog -reportprogress 300 "+define+tb_00=1" -work work "+incdir+{sim_model/define}" sim_model/tb_top.v 
# -- Compiling module tb_top
# 
# Top level modules:
# 	tb_top
# End time: 17:49:37 on Apr 10,2025, Elapsed time: 0:00:00
# Errors: 0, Warnings: 0
# Model Technology ModelSim SE-64 vlog 2020.4 Compiler 2020.10 Oct 13 2020
# Start time: 17:49:37 on Apr 10,2025
# vlog -reportprogress 300 "+define+tb_00=1" -work work "+incdir+{sim_model/define}" sim_model/usb_sim.v 
# -- Compiling module USB_SIM
# 
# Top level modules:
# 	USB_SIM
# End time: 17:49:37 on Apr 10,2025, Elapsed time: 0:00:00
# Errors: 0, Warnings: 0
do do/tb_00.do
# Model Technology ModelSim SE-64 vlog 2020.4 Compiler 2020.10 Oct 13 2020
# Start time: 17:49:40 on Apr 10,2025
# vlog -reportprogress 300 "+define+tb_00=1" -work work sim_model\define\define.v 
# End time: 17:49:40 on Apr 10,2025, Elapsed time: 0:00:00
# Errors: 0, Warnings: 0
# Model Technology ModelSim SE-64 vlog 2020.4 Compiler 2020.10 Oct 13 2020
# Start time: 17:49:40 on Apr 10,2025
# vlog -reportprogress 300 "+define+tb_00=1" -work work "+incdir+{sim_modeldefine}" sim_model\tb_top.v 
# -- Compiling module tb_top
# 
# Top level modules:
# 	tb_top
# End time: 17:49:40 on Apr 10,2025, Elapsed time: 0:00:00
# Errors: 0, Warnings: 0
# End time: 17:49:43 on Apr 10,2025, Elapsed time: 0:01:36
# Errors: 0, Warnings: 18
# vsim -t 1ps -c -l ./log/vsim_tb_00_report.log work.tb_top -L UNISIMS_VER -L SECUREIP -L SIMPRIMS_VER -L work -voptargs="+acc" work.glbl -wav ./wave/tb_00.wlf 
# Start time: 17:49:43 on Apr 10,2025
# ** Note: (vsim-3813) Design is being optimized due to module recompilation...
# ** Warning: ../rtl/03_usb/usb_up_if.v(290): (vopt-2685) [TFMPC] - Too few port connections for 'U_DN_LBUF'.  Expected 15, found 13.
# ** Warning: ../rtl/03_usb/usb_up_if.v(290): (vopt-2718) [TFMPC] - Missing connection for port 'rd_rst_busy'.
# ** Warning: ../rtl/03_usb/usb_up_if.v(290): (vopt-2718) [TFMPC] - Missing connection for port 'wr_rst_busy'.
# ** Note: (vopt-143) Recognized 1 FSM in module "USB_UP_IF(fast)".
# ** Note: (vsim-12126) Error and warning message counts have been restored: Errors=0, Warnings=3.
# Loading work.tb_top(fast)
# Loading work.SIM_MODEL(fast)
# Loading work.USB_SIM(fast)
# Loading work.sfifo_i32o32_d1024(fast)
# Loading UNISIMS_VER.GND(fast)
# Loading UNISIMS_VER.LUT1(fast)
# Loading UNISIMS_VER.LUT2(fast)
# Loading UNISIMS_VER.LUT3(fast)
# Loading UNISIMS_VER.FDRE(fast)
# Loading UNISIMS_VER.CARRY4(fast)
# Loading UNISIMS_VER.LUT5(fast)
# Loading UNISIMS_VER.LUT5(fast__1)
# Loading UNISIMS_VER.FDSE(fast)
# Loading UNISIMS_VER.LUT4(fast)
# Loading UNISIMS_VER.LUT4(fast__1)
# Loading UNISIMS_VER.LUT3(fast__1)
# Loading UNISIMS_VER.LUT3(fast__2)
# Loading UNISIMS_VER.LUT4(fast__2)
# Loading UNISIMS_VER.LUT6(fast)
# Loading UNISIMS_VER.LUT2(fast__1)
# Loading UNISIMS_VER.LUT3(fast__3)
# Loading UNISIMS_VER.LUT4(fast__3)
# Loading UNISIMS_VER.LUT5(fast__2)
# Loading UNISIMS_VER.LUT6(fast__1)
# Loading UNISIMS_VER.LUT6(fast__2)
# Loading UNISIMS_VER.LUT4(fast__4)
# Loading UNISIMS_VER.LUT2(fast__2)
# Loading UNISIMS_VER.LUT5(fast__3)
# Loading UNISIMS_VER.LUT4(fast__5)
# Loading UNISIMS_VER.LUT1(fast__1)
# Loading UNISIMS_VER.RAMB36E1(fast)
# Loading UNISIMS_VER.RB36_INTERNAL_VLOG(fast)
# Loading work.USB_TOP(fast)
# Loading work.USB_IF(fast)
# Loading UNISIMS_VER.ODDR(fast)
# Loading work.REG_IF(fast)
# Loading work.REG_ACK(fast)
# Loading work.USB_DN_IF(fast)
# Loading work.afifo_i90o90_d512(fast)
# Loading work.afifo_i90o90_d512_xpm_cdc_gray(fast)
# Loading UNISIMS_VER.LUT4(fast__6)
# Loading UNISIMS_VER.LUT3(fast__4)
# Loading UNISIMS_VER.LUT6(fast__3)
# Loading UNISIMS_VER.LUT5(fast__4)
# Loading work.afifo_i90o90_d512_xpm_cdc_gray__2(fast)
# Loading UNISIMS_VER.FDPE(fast)
# Loading UNISIMS_VER.LUT4(fast__7)
# Loading UNISIMS_VER.FDCE(fast)
# Loading UNISIMS_VER.LUT4(fast__8)
# Loading UNISIMS_VER.LUT6(fast__4)
# Loading UNISIMS_VER.LUT5(fast__5)
# Loading UNISIMS_VER.LUT6(fast__5)
# Loading UNISIMS_VER.LUT5(fast__6)
# Loading UNISIMS_VER.LUT5(fast__7)
# Loading UNISIMS_VER.LUT5(fast__8)
# Loading UNISIMS_VER.LUT5(fast__9)
# Loading UNISIMS_VER.RAM64M(fast)
# Loading UNISIMS_VER.LUT6(fast__6)
# Loading UNISIMS_VER.MUXF7(fast)
# Loading UNISIMS_VER.LUT2(fast__3)
# Loading work.afifo_i90o90_d512_xpm_cdc_async_rst(fast)
# Loading UNISIMS_VER.FDPE(fast__1)
# Loading UNISIMS_VER.LUT3(fast__5)
# Loading UNISIMS_VER.LUT5(fast__10)
# Loading work.afifo_i90o90_d512_xpm_cdc_single(fast)
# Loading work.afifo_i90o90_d512_xpm_cdc_single__2(fast)
# Loading work.afifo_i90o90_d512_xpm_cdc_async_rst__1(fast)
# Loading work.afifo_i32o32_d2048(fast)
# Loading work.afifo_i32o32_d2048_xpm_cdc_gray(fast)
# Loading work.afifo_i32o32_d2048_xpm_cdc_gray__2(fast)
# Loading UNISIMS_VER.LUT6(fast__7)
# Loading UNISIMS_VER.FDSE(fast__1)
# Loading UNISIMS_VER.RAMB36E1(fast__1)
# Loading UNISIMS_VER.RB36_INTERNAL_VLOG(fast__1)
# Loading UNISIMS_VER.SRL16E(fast)
# Loading UNISIMS_VER.FDRE(fast__1)
# Loading UNISIMS_VER.LUT3(fast__6)
# Loading UNISIMS_VER.LUT4(fast__9)
# Loading UNISIMS_VER.LUT6(fast__8)
# Loading work.afifo_i32o32_d2048_xpm_cdc_single(fast)
# Loading work.afifo_i32o32_d2048_xpm_cdc_single__2(fast)
# Loading work.afifo_i32o32_d2048_xpm_cdc_sync_rst(fast)
# Loading work.afifo_i32o32_d2048_xpm_cdc_sync_rst__2(fast)
# Loading work.USB_UP_IF(fast)
# Loading work.USB_UP_ARBIT(fast)
# Loading work.BIST_REG(fast)
# Loading work.glbl(fast)
# ** Warning: (vsim-3015) [PCDPC] - Port size (16) does not match connection size (13) for port 'LBUS_ADDR'. The port definition is at: sim_model/sim_model.v(46).
#    Time: 0 ps  Iteration: 0  Instance: /tb_top/U_SIM_MODEL File: sim_model/tb_top.v Line: 389
# ** Warning: (vsim-3015) [PCDPC] - Port size (32) does not match connection size (10) for port 'REG0_OP_ADDR'. The port definition is at: sim_model/sim_model.v(63).
#    Time: 0 ps  Iteration: 0  Instance: /tb_top/U_SIM_MODEL File: sim_model/tb_top.v Line: 389
# ** Warning: (vsim-3015) [PCDPC] - Port size (32) does not match connection size (10) for port 'REG1_OP_ADDR'. The port definition is at: sim_model/sim_model.v(71).
#    Time: 0 ps  Iteration: 0  Instance: /tb_top/U_SIM_MODEL File: sim_model/tb_top.v Line: 389
# ** Warning: (vsim-3015) [PCDPC] - Port size (32) does not match connection size (10) for port 'REG2_OP_ADDR'. The port definition is at: sim_model/sim_model.v(79).
#    Time: 0 ps  Iteration: 0  Instance: /tb_top/U_SIM_MODEL File: sim_model/tb_top.v Line: 389
# ** Warning: (vsim-3015) [PCDPC] - Port size (32) does not match connection size (10) for port 'REG3_OP_ADDR'. The port definition is at: sim_model/sim_model.v(87).
#    Time: 0 ps  Iteration: 0  Instance: /tb_top/U_SIM_MODEL File: sim_model/tb_top.v Line: 389
# ** Warning: (vsim-3015) [PCDPC] - Port size (32) does not match connection size (10) for port 'REG4_OP_ADDR'. The port definition is at: sim_model/sim_model.v(95).
#    Time: 0 ps  Iteration: 0  Instance: /tb_top/U_SIM_MODEL File: sim_model/tb_top.v Line: 389
# ** Warning: (vsim-3015) [PCDPC] - Port size (32) does not match connection size (10) for port 'REG5_OP_ADDR'. The port definition is at: sim_model/sim_model.v(103).
#    Time: 0 ps  Iteration: 0  Instance: /tb_top/U_SIM_MODEL File: sim_model/tb_top.v Line: 389
# ** Warning: (vsim-3015) [PCDPC] - Port size (32) does not match connection size (10) for port 'REG6_OP_ADDR'. The port definition is at: sim_model/sim_model.v(111).
#    Time: 0 ps  Iteration: 0  Instance: /tb_top/U_SIM_MODEL File: sim_model/tb_top.v Line: 389
# ** Warning: (vsim-3015) [PCDPC] - Port size (32) does not match connection size (10) for port 'REG7_OP_ADDR'. The port definition is at: sim_model/sim_model.v(119).
#    Time: 0 ps  Iteration: 0  Instance: /tb_top/U_SIM_MODEL File: sim_model/tb_top.v Line: 389
# ** Warning: (vsim-3015) [PCDPC] - Port size (12) does not match connection size (16) for port 'DRAM2_WR_SIZE'. The port definition is at: sim_model/sim_model.v(237).
#    Time: 0 ps  Iteration: 0  Instance: /tb_top/U_SIM_MODEL File: sim_model/tb_top.v Line: 389
# ** Warning: (vsim-3015) [PCDPC] - Port size (12) does not match connection size (16) for port 'DRAM3_WR_SIZE'. The port definition is at: sim_model/sim_model.v(256).
#    Time: 0 ps  Iteration: 0  Instance: /tb_top/U_SIM_MODEL File: sim_model/tb_top.v Line: 389
# ** Warning: (vsim-3015) [PCDPC] - Port size (12) does not match connection size (16) for port 'DRAM4_WR_SIZE'. The port definition is at: sim_model/sim_model.v(275).
#    Time: 0 ps  Iteration: 0  Instance: /tb_top/U_SIM_MODEL File: sim_model/tb_top.v Line: 389
# ** Warning: (vsim-3015) [PCDPC] - Port size (12) does not match connection size (16) for port 'DRAM5_WR_SIZE'. The port definition is at: sim_model/sim_model.v(294).
#    Time: 0 ps  Iteration: 0  Instance: /tb_top/U_SIM_MODEL File: sim_model/tb_top.v Line: 389
# ** Warning: (vsim-3015) [PCDPC] - Port size (12) does not match connection size (16) for port 'DRAM6_WR_SIZE'. The port definition is at: sim_model/sim_model.v(313).
#    Time: 0 ps  Iteration: 0  Instance: /tb_top/U_SIM_MODEL File: sim_model/tb_top.v Line: 389
# ** Warning: (vsim-3015) [PCDPC] - Port size (32) does not match connection size (1) for port 'dout'. The port definition is at: ../rtl/00_xilinx_ip/00_afifo/afifo_i32o32_d2048/afifo_i32o32_d2048_sim_netlist.V(24).
#    Time: 0 ps  Iteration: 0  Instance: /tb_top/U_USB_TOP/U_USB_DN_IF/U_DN_LBUF File: ../rtl/03_usb/usb_dn_if.v Line: 307
# ** Warning: (vsim-PLI-3406) Too many digits (16) in data on line 1 of file "tb_pattern/tb_00/file_i/dram0_exp.txt". (Max is 8.)    : sim_model/sim_model.v(1206)
#    Time: 0 ps  Iteration: 0  Instance: /tb_top/U_SIM_MODEL
# ** Warning: (vsim-PLI-3406) Too many digits (16) in data on line 1 of file "tb_pattern/tb_00/file_i/dram1_exp.txt". (Max is 8.)    : sim_model/sim_model.v(1207)
#    Time: 0 ps  Iteration: 0  Instance: /tb_top/U_SIM_MODEL
#  
# ******<<<<<<<<<<<<<<<<<<<<<<Simulation tb_00 start>>>>>>>>>>>>>>>>>>>>>>> ******
#  
# ---- Initial simulation
# ---- clock ---- 1111 ---- enable
# ---- Wait for  64 cycles
# ---- Wait for  64 cycles end
# ---- Wait for  16 cycles
# ---- Wait for  16 cycles end
# ---- reseting by cycle
# ---- reset0   64 cycle end
# ---- Wait for  16 cycles
# ---- Wait for  16 cycles end
# ---- reseting by ns
# ---- reset1  255 ns end
# ---- Write register   PORT :0x0    ADD :0x00000200    DATA :0x89abcd0e
# ---- Wait for  16 cycles
# ---- Wait for  16 cycles end
# ---- Wait for  64 cycles
# ---- Wait for  64 cycles end
# ---- [Success  ]Read register   PORT :0x0    ADD :0x00000008    EDAT :0x00000000    RDAT :0x00000000
# ---- Wait for  16 cycles
# ---- Wait for  16 cycles end
# ---- Wait for  64 cycles
# ---- Wait for  64 cycles end
# ---- DRAM write PORT :0x01    ADD :0x0000010    SIZE :0x080
# ---- DRAM write end
# ---- Wait for  16 cycles
# ---- Wait for  16 cycles end
# ---- Wait for 128 cycles
# ---- Wait for 128 cycles end
# ---- DRAM write PORT :0x02    ADD :0x0000010    SIZE :0x080
# ---- DRAM write end
# ---- Wait for  16 cycles
# ---- Wait for  16 cycles end
# ---- Wait for 255 cycles
# ---- Wait for 255 cycles end
# ---- tb_00 test completed !
#  
# ******<<<<<<<<<<<<<<<<<<<<Simulation tb_00 Successful End>>>>>>>>>>>>>>>>>>> ******
#  
do do/compile_all.do
# ** Warning: (vlib-34) Library already exists at "work".
# Errors: 0, Warnings: 1
# Model Technology ModelSim SE-64 vmap 2020.4 Lib Mapping Utility 2020.10 Oct 13 2020
# vmap work 
# Reading C:/modeltech64_2020.4/win64/../modelsim.ini
# "work" maps to directory ./work. (Default mapping)
# Model Technology ModelSim SE-64 vlog 2020.4 Compiler 2020.10 Oct 13 2020
# Start time: 18:04:02 on Apr 10,2025
# vlog -reportprogress 300 -work work sim_model/lib/glbl.v 
# -- Compiling module glbl
# 
# Top level modules:
# 	glbl
# End time: 18:04:03 on Apr 10,2025, Elapsed time: 0:00:01
# Errors: 0, Warnings: 0
# ** Warning: (vlib-34) Library already exists at "work".
# Errors: 0, Warnings: 1
# Model Technology ModelSim SE-64 vmap 2020.4 Lib Mapping Utility 2020.10 Oct 13 2020
# vmap work 
# Reading C:/modeltech64_2020.4/win64/../modelsim.ini
# "work" maps to directory ./work. (Default mapping)
# Model Technology ModelSim SE-64 vlog 2020.4 Compiler 2020.10 Oct 13 2020
# Start time: 18:04:03 on Apr 10,2025
# vlog -reportprogress 300 -work work ../rtl/00_xilinx_ip/00_afifo/afifo_i32o32_d2048/afifo_i32o32_d2048_sim_netlist.V 
# -- Compiling module afifo_i32o32_d2048
# -- Compiling module afifo_i32o32_d2048_xpm_cdc_gray
# -- Compiling module afifo_i32o32_d2048_xpm_cdc_gray__2
# -- Compiling module afifo_i32o32_d2048_xpm_cdc_single
# -- Compiling module afifo_i32o32_d2048_xpm_cdc_single__2
# -- Compiling module afifo_i32o32_d2048_xpm_cdc_sync_rst
# -- Compiling module afifo_i32o32_d2048_xpm_cdc_sync_rst__2
# -- Compiling module glbl
# 
# Top level modules:
# 	afifo_i32o32_d2048
# 	glbl
# End time: 18:04:03 on Apr 10,2025, Elapsed time: 0:00:00
# Errors: 0, Warnings: 0
# Model Technology ModelSim SE-64 vlog 2020.4 Compiler 2020.10 Oct 13 2020
# Start time: 18:04:03 on Apr 10,2025
# vlog -reportprogress 300 -work work ../rtl/00_xilinx_ip/00_afifo/afifo_i90o90_d512/afifo_i90o90_d512_sim_netlist.V 
# -- Compiling module afifo_i90o90_d512
# -- Compiling module afifo_i90o90_d512_xpm_cdc_async_rst
# -- Compiling module afifo_i90o90_d512_xpm_cdc_async_rst__1
# -- Compiling module afifo_i90o90_d512_xpm_cdc_gray
# -- Compiling module afifo_i90o90_d512_xpm_cdc_gray__2
# -- Compiling module afifo_i90o90_d512_xpm_cdc_single
# -- Compiling module afifo_i90o90_d512_xpm_cdc_single__2
# -- Compiling module glbl
# 
# Top level modules:
# 	afifo_i90o90_d512
# 	glbl
# End time: 18:04:04 on Apr 10,2025, Elapsed time: 0:00:01
# Errors: 0, Warnings: 0
# Model Technology ModelSim SE-64 vlog 2020.4 Compiler 2020.10 Oct 13 2020
# Start time: 18:04:04 on Apr 10,2025
# vlog -reportprogress 300 -work work ../rtl/00_xilinx_ip/01_sfifo/sfifo_i32o32_d1024/sfifo_i32o32_d1024_sim_netlist.V 
# -- Compiling module sfifo_i32o32_d1024
# -- Compiling module glbl
# 
# Top level modules:
# 	sfifo_i32o32_d1024
# 	glbl
# End time: 18:04:04 on Apr 10,2025, Elapsed time: 0:00:00
# Errors: 0, Warnings: 0
# Model Technology ModelSim SE-64 vlog 2020.4 Compiler 2020.10 Oct 13 2020
# Start time: 18:04:04 on Apr 10,2025
# vlog -reportprogress 300 -work work ../rtl/03_usb/reg_ack.v ../rtl/03_usb/reg_if.v ../rtl/03_usb/usb_dn_if.v ../rtl/03_usb/usb_if.v ../rtl/03_usb/usb_top.v ../rtl/03_usb/usb_up_arbit.v ../rtl/03_usb/usb_up_if.v 
# -- Compiling module REG_ACK
# -- Compiling module REG_IF
# -- Compiling module USB_DN_IF
# -- Compiling module USB_IF
# -- Compiling module USB_TOP
# -- Compiling module USB_UP_ARBIT
# -- Compiling module USB_UP_IF
# 
# Top level modules:
# 	USB_TOP
# End time: 18:04:04 on Apr 10,2025, Elapsed time: 0:00:00
# Errors: 0, Warnings: 0
# Model Technology ModelSim SE-64 vlog 2020.4 Compiler 2020.10 Oct 13 2020
# Start time: 18:04:04 on Apr 10,2025
# vlog -reportprogress 300 -work work ../rtl/04_bist/bist_reg.v 
# -- Compiling module BIST_REG
# 
# Top level modules:
# 	BIST_REG
# End time: 18:04:04 on Apr 10,2025, Elapsed time: 0:00:00
# Errors: 0, Warnings: 0
# ** Warning: (vlib-34) Library already exists at "work".
# Errors: 0, Warnings: 1
# Model Technology ModelSim SE-64 vmap 2020.4 Lib Mapping Utility 2020.10 Oct 13 2020
# vmap work 
# Reading C:/modeltech64_2020.4/win64/../modelsim.ini
# "work" maps to directory ./work. (Default mapping)
# Model Technology ModelSim SE-64 vlog 2020.4 Compiler 2020.10 Oct 13 2020
# Start time: 18:04:04 on Apr 10,2025
# vlog -reportprogress 300 -work work sim_model/define/define.v 
# End time: 18:04:05 on Apr 10,2025, Elapsed time: 0:00:01
# Errors: 0, Warnings: 0
# Model Technology ModelSim SE-64 vlog 2020.4 Compiler 2020.10 Oct 13 2020
# Start time: 18:04:05 on Apr 10,2025
# vlog -reportprogress 300 "+define+tb_00=1" -work work "+incdir+{sim_model/define}" sim_model/sim_model.v 
# -- Compiling module SIM_MODEL
# 
# Top level modules:
# 	SIM_MODEL
# End time: 18:04:05 on Apr 10,2025, Elapsed time: 0:00:00
# Errors: 0, Warnings: 0
# Model Technology ModelSim SE-64 vlog 2020.4 Compiler 2020.10 Oct 13 2020
# Start time: 18:04:05 on Apr 10,2025
# vlog -reportprogress 300 "+define+tb_00=1" -work work "+incdir+{sim_model/define}" sim_model/tb_top.v 
# -- Compiling module tb_top
# 
# Top level modules:
# 	tb_top
# End time: 18:04:05 on Apr 10,2025, Elapsed time: 0:00:00
# Errors: 0, Warnings: 0
# Model Technology ModelSim SE-64 vlog 2020.4 Compiler 2020.10 Oct 13 2020
# Start time: 18:04:05 on Apr 10,2025
# vlog -reportprogress 300 "+define+tb_00=1" -work work "+incdir+{sim_model/define}" sim_model/usb_sim.v 
# -- Compiling module USB_SIM
# 
# Top level modules:
# 	USB_SIM
# End time: 18:04:05 on Apr 10,2025, Elapsed time: 0:00:00
# Errors: 0, Warnings: 0
do do/tb_00.do
# Model Technology ModelSim SE-64 vlog 2020.4 Compiler 2020.10 Oct 13 2020
# Start time: 18:04:07 on Apr 10,2025
# vlog -reportprogress 300 "+define+tb_00=1" -work work sim_model\define\define.v 
# End time: 18:04:07 on Apr 10,2025, Elapsed time: 0:00:00
# Errors: 0, Warnings: 0
# Model Technology ModelSim SE-64 vlog 2020.4 Compiler 2020.10 Oct 13 2020
# Start time: 18:04:07 on Apr 10,2025
# vlog -reportprogress 300 "+define+tb_00=1" -work work "+incdir+{sim_modeldefine}" sim_model\tb_top.v 
# -- Compiling module tb_top
# 
# Top level modules:
# 	tb_top
# End time: 18:04:07 on Apr 10,2025, Elapsed time: 0:00:00
# Errors: 0, Warnings: 0
# End time: 18:04:10 on Apr 10,2025, Elapsed time: 0:14:27
# Errors: 0, Warnings: 20
# vsim -t 1ps -c -l ./log/vsim_tb_00_report.log work.tb_top -L UNISIMS_VER -L SECUREIP -L SIMPRIMS_VER -L work -voptargs="+acc" work.glbl -wav ./wave/tb_00.wlf 
# Start time: 18:04:11 on Apr 10,2025
# ** Note: (vsim-3813) Design is being optimized due to module recompilation...
# ** Note: (vopt-143) Recognized 1 FSM in module "USB_SIM(fast)".
# Loading work.tb_top(fast)
# Loading work.SIM_MODEL(fast)
# Loading work.USB_SIM(fast)
# Loading work.sfifo_i32o32_d1024(fast)
# Loading UNISIMS_VER.GND(fast)
# Loading UNISIMS_VER.LUT1(fast)
# Loading UNISIMS_VER.LUT2(fast)
# Loading UNISIMS_VER.LUT3(fast)
# Loading UNISIMS_VER.FDRE(fast)
# Loading UNISIMS_VER.CARRY4(fast)
# Loading UNISIMS_VER.LUT5(fast)
# Loading UNISIMS_VER.LUT5(fast__1)
# Loading UNISIMS_VER.FDSE(fast)
# Loading UNISIMS_VER.LUT4(fast)
# Loading UNISIMS_VER.LUT4(fast__1)
# Loading UNISIMS_VER.LUT3(fast__1)
# Loading UNISIMS_VER.LUT3(fast__2)
# Loading UNISIMS_VER.LUT4(fast__2)
# Loading UNISIMS_VER.LUT6(fast)
# Loading UNISIMS_VER.LUT2(fast__1)
# Loading UNISIMS_VER.LUT3(fast__3)
# Loading UNISIMS_VER.LUT4(fast__3)
# Loading UNISIMS_VER.LUT5(fast__2)
# Loading UNISIMS_VER.LUT6(fast__1)
# Loading UNISIMS_VER.LUT6(fast__2)
# Loading UNISIMS_VER.LUT4(fast__4)
# Loading UNISIMS_VER.LUT2(fast__2)
# Loading UNISIMS_VER.LUT5(fast__3)
# Loading UNISIMS_VER.LUT4(fast__5)
# Loading UNISIMS_VER.LUT1(fast__1)
# Loading UNISIMS_VER.RAMB36E1(fast)
# Loading UNISIMS_VER.RB36_INTERNAL_VLOG(fast)
# Loading work.USB_TOP(fast)
# Loading work.USB_IF(fast)
# Loading UNISIMS_VER.ODDR(fast)
# Loading work.REG_IF(fast)
# Loading work.REG_ACK(fast)
# Loading work.USB_DN_IF(fast)
# Loading work.afifo_i90o90_d512(fast)
# Loading work.afifo_i90o90_d512_xpm_cdc_gray(fast)
# Loading UNISIMS_VER.LUT4(fast__6)
# Loading UNISIMS_VER.LUT3(fast__4)
# Loading UNISIMS_VER.LUT6(fast__3)
# Loading UNISIMS_VER.LUT5(fast__4)
# Loading work.afifo_i90o90_d512_xpm_cdc_gray__2(fast)
# Loading UNISIMS_VER.FDPE(fast)
# Loading UNISIMS_VER.LUT4(fast__7)
# Loading UNISIMS_VER.FDCE(fast)
# Loading UNISIMS_VER.LUT4(fast__8)
# Loading UNISIMS_VER.LUT6(fast__4)
# Loading UNISIMS_VER.LUT5(fast__5)
# Loading UNISIMS_VER.LUT6(fast__5)
# Loading UNISIMS_VER.LUT5(fast__6)
# Loading UNISIMS_VER.LUT5(fast__7)
# Loading UNISIMS_VER.LUT5(fast__8)
# Loading UNISIMS_VER.LUT5(fast__9)
# Loading UNISIMS_VER.RAM64M(fast)
# Loading UNISIMS_VER.LUT6(fast__6)
# Loading UNISIMS_VER.MUXF7(fast)
# Loading UNISIMS_VER.LUT2(fast__3)
# Loading work.afifo_i90o90_d512_xpm_cdc_async_rst(fast)
# Loading UNISIMS_VER.FDPE(fast__1)
# Loading UNISIMS_VER.LUT3(fast__5)
# Loading UNISIMS_VER.LUT5(fast__10)
# Loading work.afifo_i90o90_d512_xpm_cdc_single(fast)
# Loading work.afifo_i90o90_d512_xpm_cdc_single__2(fast)
# Loading work.afifo_i90o90_d512_xpm_cdc_async_rst__1(fast)
# Loading work.afifo_i32o32_d2048(fast)
# Loading work.afifo_i32o32_d2048_xpm_cdc_gray(fast)
# Loading work.afifo_i32o32_d2048_xpm_cdc_gray__2(fast)
# Loading UNISIMS_VER.LUT6(fast__7)
# Loading UNISIMS_VER.FDSE(fast__1)
# Loading UNISIMS_VER.RAMB36E1(fast__1)
# Loading UNISIMS_VER.RB36_INTERNAL_VLOG(fast__1)
# Loading UNISIMS_VER.SRL16E(fast)
# Loading UNISIMS_VER.FDRE(fast__1)
# Loading UNISIMS_VER.LUT3(fast__6)
# Loading UNISIMS_VER.LUT4(fast__9)
# Loading UNISIMS_VER.LUT6(fast__8)
# Loading work.afifo_i32o32_d2048_xpm_cdc_single(fast)
# Loading work.afifo_i32o32_d2048_xpm_cdc_single__2(fast)
# Loading work.afifo_i32o32_d2048_xpm_cdc_sync_rst(fast)
# Loading work.afifo_i32o32_d2048_xpm_cdc_sync_rst__2(fast)
# Loading work.USB_UP_IF(fast)
# Loading work.USB_UP_ARBIT(fast)
# Loading work.BIST_REG(fast)
# Loading work.glbl(fast)
# ** Warning: (vsim-3015) [PCDPC] - Port size (16) does not match connection size (13) for port 'LBUS_ADDR'. The port definition is at: sim_model/sim_model.v(46).
#    Time: 0 ps  Iteration: 0  Instance: /tb_top/U_SIM_MODEL File: sim_model/tb_top.v Line: 389
# ** Warning: (vsim-3015) [PCDPC] - Port size (32) does not match connection size (10) for port 'REG0_OP_ADDR'. The port definition is at: sim_model/sim_model.v(63).
#    Time: 0 ps  Iteration: 0  Instance: /tb_top/U_SIM_MODEL File: sim_model/tb_top.v Line: 389
# ** Warning: (vsim-3015) [PCDPC] - Port size (32) does not match connection size (10) for port 'REG1_OP_ADDR'. The port definition is at: sim_model/sim_model.v(71).
#    Time: 0 ps  Iteration: 0  Instance: /tb_top/U_SIM_MODEL File: sim_model/tb_top.v Line: 389
# ** Warning: (vsim-3015) [PCDPC] - Port size (32) does not match connection size (10) for port 'REG2_OP_ADDR'. The port definition is at: sim_model/sim_model.v(79).
#    Time: 0 ps  Iteration: 0  Instance: /tb_top/U_SIM_MODEL File: sim_model/tb_top.v Line: 389
# ** Warning: (vsim-3015) [PCDPC] - Port size (32) does not match connection size (10) for port 'REG3_OP_ADDR'. The port definition is at: sim_model/sim_model.v(87).
#    Time: 0 ps  Iteration: 0  Instance: /tb_top/U_SIM_MODEL File: sim_model/tb_top.v Line: 389
# ** Warning: (vsim-3015) [PCDPC] - Port size (32) does not match connection size (10) for port 'REG4_OP_ADDR'. The port definition is at: sim_model/sim_model.v(95).
#    Time: 0 ps  Iteration: 0  Instance: /tb_top/U_SIM_MODEL File: sim_model/tb_top.v Line: 389
# ** Warning: (vsim-3015) [PCDPC] - Port size (32) does not match connection size (10) for port 'REG5_OP_ADDR'. The port definition is at: sim_model/sim_model.v(103).
#    Time: 0 ps  Iteration: 0  Instance: /tb_top/U_SIM_MODEL File: sim_model/tb_top.v Line: 389
# ** Warning: (vsim-3015) [PCDPC] - Port size (32) does not match connection size (10) for port 'REG6_OP_ADDR'. The port definition is at: sim_model/sim_model.v(111).
#    Time: 0 ps  Iteration: 0  Instance: /tb_top/U_SIM_MODEL File: sim_model/tb_top.v Line: 389
# ** Warning: (vsim-3015) [PCDPC] - Port size (32) does not match connection size (10) for port 'REG7_OP_ADDR'. The port definition is at: sim_model/sim_model.v(119).
#    Time: 0 ps  Iteration: 0  Instance: /tb_top/U_SIM_MODEL File: sim_model/tb_top.v Line: 389
# ** Warning: (vsim-3015) [PCDPC] - Port size (12) does not match connection size (16) for port 'DRAM2_WR_SIZE'. The port definition is at: sim_model/sim_model.v(237).
#    Time: 0 ps  Iteration: 0  Instance: /tb_top/U_SIM_MODEL File: sim_model/tb_top.v Line: 389
# ** Warning: (vsim-3015) [PCDPC] - Port size (12) does not match connection size (16) for port 'DRAM3_WR_SIZE'. The port definition is at: sim_model/sim_model.v(256).
#    Time: 0 ps  Iteration: 0  Instance: /tb_top/U_SIM_MODEL File: sim_model/tb_top.v Line: 389
# ** Warning: (vsim-3015) [PCDPC] - Port size (12) does not match connection size (16) for port 'DRAM4_WR_SIZE'. The port definition is at: sim_model/sim_model.v(275).
#    Time: 0 ps  Iteration: 0  Instance: /tb_top/U_SIM_MODEL File: sim_model/tb_top.v Line: 389
# ** Warning: (vsim-3015) [PCDPC] - Port size (12) does not match connection size (16) for port 'DRAM5_WR_SIZE'. The port definition is at: sim_model/sim_model.v(294).
#    Time: 0 ps  Iteration: 0  Instance: /tb_top/U_SIM_MODEL File: sim_model/tb_top.v Line: 389
# ** Warning: (vsim-3015) [PCDPC] - Port size (12) does not match connection size (16) for port 'DRAM6_WR_SIZE'. The port definition is at: sim_model/sim_model.v(313).
#    Time: 0 ps  Iteration: 0  Instance: /tb_top/U_SIM_MODEL File: sim_model/tb_top.v Line: 389
# ** Warning: (vsim-3015) [PCDPC] - Port size (32) does not match connection size (1) for port 'dout'. The port definition is at: ../rtl/00_xilinx_ip/00_afifo/afifo_i32o32_d2048/afifo_i32o32_d2048_sim_netlist.V(24).
#    Time: 0 ps  Iteration: 0  Instance: /tb_top/U_USB_TOP/U_USB_DN_IF/U_DN_LBUF File: ../rtl/03_usb/usb_dn_if.v Line: 307
# ** Warning: (vsim-PLI-3406) Too many digits (16) in data on line 1 of file "tb_pattern/tb_00/file_i/dram0_exp.txt". (Max is 8.)    : sim_model/sim_model.v(1206)
#    Time: 0 ps  Iteration: 0  Instance: /tb_top/U_SIM_MODEL
# ** Warning: (vsim-PLI-3406) Too many digits (16) in data on line 1 of file "tb_pattern/tb_00/file_i/dram1_exp.txt". (Max is 8.)    : sim_model/sim_model.v(1207)
#    Time: 0 ps  Iteration: 0  Instance: /tb_top/U_SIM_MODEL
#  
# ******<<<<<<<<<<<<<<<<<<<<<<Simulation tb_00 start>>>>>>>>>>>>>>>>>>>>>>> ******
#  
# ---- Initial simulation
# ---- clock ---- 1111 ---- enable
# ---- Wait for  64 cycles
# ---- Wait for  64 cycles end
# ---- Wait for  16 cycles
# ---- Wait for  16 cycles end
# ---- reseting by cycle
# ---- reset0   64 cycle end
# ---- Wait for  16 cycles
# ---- Wait for  16 cycles end
# ---- reseting by ns
# ---- reset1  255 ns end
# ---- Write register   PORT :0x0    ADD :0x00000200    DATA :0x89abcd0e
# ---- Wait for  16 cycles
# ---- Wait for  16 cycles end
# ---- Wait for  64 cycles
# ---- Wait for  64 cycles end
# ---- [Success  ]Read register   PORT :0x0    ADD :0x00000008    EDAT :0x00000000    RDAT :0x00000000
# ---- Wait for  16 cycles
# ---- Wait for  16 cycles end
# ---- Wait for  64 cycles
# ---- Wait for  64 cycles end
# ---- DRAM write PORT :0x01    ADD :0x0000010    SIZE :0x080
# ---- DRAM write end
# ---- Wait for  16 cycles
# ---- Wait for  16 cycles end
# ---- Wait for 128 cycles
# ---- Wait for 128 cycles end
# ---- DRAM write PORT :0x02    ADD :0x0000010    SIZE :0x080
# ---- DRAM write end
# ---- Wait for  16 cycles
# ---- Wait for  16 cycles end
# ---- Wait for 255 cycles
# ---- Wait for 255 cycles end
# ---- tb_00 test completed !
#  
# ******<<<<<<<<<<<<<<<<<<<<Simulation tb_00 Successful End>>>>>>>>>>>>>>>>>>> ******
#  
# End time: 09:37:16 on Apr 11,2025, Elapsed time: 15:33:05
# Errors: 0, Warnings: 17
