Time resolution is 1 fs
WARNING: Behavioral models for independent clock FIFO configurations do not model synchronization delays. The behavioral models are functionally correct, and will represent the behavior of the configured FIFO. See the FIFO Generator User Guide for more information.
WARNING: Behavioral models for independent clock FIFO configurations do not model synchronization delays. The behavioral models are functionally correct, and will represent the behavior of the configured FIFO. See the FIFO Generator User Guide for more information.
Block Memory Generator module srio_sim.srio_example_top_primary.srio_support_inst.srio_5gx1_inst.inst.srio_gen2_v4_1_11_unifiedtop_inst.buf_core_inst.buf_top_inst.buf_tx_inst.buf_tx_bram_bank_inst.blk_mem_inst.\native_mem_module.blk_mem_gen_v8_4_4_inst  is using a behavioral model for simulation which will not precisely model memory collision behavior.
Block Memory Generator module srio_sim.srio_example_top_primary.srio_support_inst.srio_5gx1_inst.inst.srio_gen2_v4_1_11_unifiedtop_inst.buf_core_inst.buf_top_inst.buf_rx_inst.buf_rx_bram_bank_inst.blk_mem_inst.\native_mem_module.blk_mem_gen_v8_4_4_inst  is using a behavioral model for simulation which will not precisely model memory collision behavior.
WARNING: Behavioral models for independent clock FIFO configurations do not model synchronization delays. The behavioral models are functionally correct, and will represent the behavior of the configured FIFO. See the FIFO Generator User Guide for more information.
WARNING: Behavioral models for independent clock FIFO configurations do not model synchronization delays. The behavioral models are functionally correct, and will represent the behavior of the configured FIFO. See the FIFO Generator User Guide for more information.
Block Memory Generator module srio_sim.srio_example_top_mirror.srio_support_inst.srio_5gx1_inst.inst.srio_gen2_v4_1_11_unifiedtop_inst.buf_core_inst.buf_top_inst.buf_tx_inst.buf_tx_bram_bank_inst.blk_mem_inst.\native_mem_module.blk_mem_gen_v8_4_4_inst  is using a behavioral model for simulation which will not precisely model memory collision behavior.
Block Memory Generator module srio_sim.srio_example_top_mirror.srio_support_inst.srio_5gx1_inst.inst.srio_gen2_v4_1_11_unifiedtop_inst.buf_core_inst.buf_top_inst.buf_rx_inst.buf_rx_bram_bank_inst.blk_mem_inst.\native_mem_module.blk_mem_gen_v8_4_4_inst  is using a behavioral model for simulation which will not precisely model memory collision behavior.


*****************************************************************
Waiting for Link Initialization.
This may take some time.
*****************************************************************




*****************************************************************
********************Port Initialized*****************************
*****************************************************************




*****************************************************************
********************Link Initialized*****************************
*****************************************************************


 
[        142788001000] IREQ Transaction
[        142788001000] INFO: Transmitting IO packet
[        142788001000]       Instruction #: 00 FTYPE: 6 TTYPE: 0 size-1: 0f
 
[        142788001000] IREQ Transaction
[        142788001000] INFO: Transmitting IO packet
[        142788001000]       Instruction #: 00 FTYPE: 6 TTYPE: 0 size-1: 0f
 
[        142900001000] IREQ Transaction
[        142900001000] INFO: Transmitting IO packet
[        142900001000]       Instruction #: 01 FTYPE: 6 TTYPE: 0 size-1: 0f
 
[        142900001000] IREQ Transaction
[        142900001000] INFO: Transmitting IO packet
[        142900001000]       Instruction #: 01 FTYPE: 6 TTYPE: 0 size-1: 0f
 
[        143012001000] IREQ Transaction
[        143012001000] INFO: Transmitting IO packet
[        143012001000]       Instruction #: 02 FTYPE: 6 TTYPE: 0 size-1: ff
 
[        143012001000] IREQ Transaction
[        143012001000] INFO: Transmitting IO packet
[        143012001000]       Instruction #: 02 FTYPE: 6 TTYPE: 0 size-1: ff
 
[        143604001000] IREQ Transaction
[        143604001000] INFO: Transmitting IO packet
[        143604001000]       Instruction #: 03 FTYPE: 6 TTYPE: 0 size-1: 7f
 
[        143604001000] IREQ Transaction
[        143604001000] INFO: Transmitting IO packet
[        143604001000]       Instruction #: 03 FTYPE: 6 TTYPE: 0 size-1: 7f
 
[        143780001000] INFO: Receiving IO packet
[        143780001000]       srcTID #: 00 FTYPE: 6 TTYPE: 0 size-1: 00
 
[        143780001000] INFO: Receiving IO packet
[        143780001000]       srcTID #: 00 FTYPE: 6 TTYPE: 0 size-1: 00
 
[        143908001000] INFO: Receiving IO packet
[        143908001000]       srcTID #: 00 FTYPE: 6 TTYPE: 0 size-1: 00
 
[        143908001000] INFO: Receiving IO packet
[        143908001000]       srcTID #: 00 FTYPE: 6 TTYPE: 0 size-1: 00
 
[        143940001000] IREQ Transaction
[        143940001000] INFO: Transmitting IO packet
[        143940001000]       Instruction #: 04 FTYPE: 6 TTYPE: 0 size-1: 5f
 
[        143940001000] IREQ Transaction
[        143940001000] INFO: Transmitting IO packet
[        143940001000]       Instruction #: 04 FTYPE: 6 TTYPE: 0 size-1: 5f
 
[        144212001000] IREQ Transaction
[        144212001000] INFO: Transmitting IO packet
[        144212001000]       Instruction #: 05 FTYPE: 6 TTYPE: 0 size-1: 3f
 
[        144212001000] IREQ Transaction
[        144212001000] INFO: Transmitting IO packet
[        144212001000]       Instruction #: 05 FTYPE: 6 TTYPE: 0 size-1: 3f
 
[        144420001000] IREQ Transaction
[        144420001000] INFO: Transmitting IO packet
[        144420001000]       Instruction #: 06 FTYPE: 6 TTYPE: 0 size-1: 1f
 
[        144420001000] IREQ Transaction
[        144420001000] INFO: Transmitting IO packet
[        144420001000]       Instruction #: 06 FTYPE: 6 TTYPE: 0 size-1: 1f
 
[        144564001000] IREQ Transaction
[        144564001000] INFO: Transmitting IO packet
[        144564001000]       Instruction #: 07 FTYPE: 6 TTYPE: 0 size-1: 0f
 
[        144564001000] IREQ Transaction
[        144564001000] INFO: Transmitting IO packet
[        144564001000]       Instruction #: 07 FTYPE: 6 TTYPE: 0 size-1: 0f
 
[        144676001000] IREQ Transaction
[        144676001000] INFO: Transmitting IO packet
[        144676001000]       Instruction #: 08 FTYPE: 6 TTYPE: 0 size-1: ff
 
[        144676001000] IREQ Transaction
[        144676001000] INFO: Transmitting IO packet
[        144676001000]       Instruction #: 08 FTYPE: 6 TTYPE: 0 size-1: ff
 
[        144964001000] INFO: Receiving IO packet
[        144964001000]       srcTID #: 00 FTYPE: 6 TTYPE: 0 size-1: 00
 
[        144964001000] INFO: Receiving IO packet
[        144964001000]       srcTID #: 00 FTYPE: 6 TTYPE: 0 size-1: 00
 
[        145268001000] IREQ Transaction
[        145268001000] INFO: Transmitting IO packet
[        145268001000]       Instruction #: 09 FTYPE: 6 TTYPE: 0 size-1: 7f
 
[        145268001000] IREQ Transaction
[        145268001000] INFO: Transmitting IO packet
[        145268001000]       Instruction #: 09 FTYPE: 6 TTYPE: 0 size-1: 7f
 
[        145493000000] INFO: Receiving IO packet
[        145493000000]       srcTID #: 00 FTYPE: 6 TTYPE: 0 size-1: 00
 
[        145493000000] INFO: Receiving IO packet
[        145493000000]       srcTID #: 00 FTYPE: 6 TTYPE: 0 size-1: 00
 
[        145604001000] IREQ Transaction
[        145604001000] INFO: Transmitting IO packet
[        145604001000]       Instruction #: 0a FTYPE: 6 TTYPE: 0 size-1: 5f
 
[        145604001000] IREQ Transaction
[        145604001000] INFO: Transmitting IO packet
[        145604001000]       Instruction #: 0a FTYPE: 6 TTYPE: 0 size-1: 5f
 
[        145765000000] INFO: Receiving IO packet
[        145765000000]       srcTID #: 00 FTYPE: 6 TTYPE: 0 size-1: 00
 
[        145765000000] INFO: Receiving IO packet
[        145765000000]       srcTID #: 00 FTYPE: 6 TTYPE: 0 size-1: 00
 
[        145876001000] IREQ Transaction
[        145876001000] INFO: Transmitting IO packet
[        145876001000]       Instruction #: 0b FTYPE: 6 TTYPE: 0 size-1: 3f
 
[        145876001000] IREQ Transaction
[        145876001000] INFO: Transmitting IO packet
[        145876001000]       Instruction #: 0b FTYPE: 6 TTYPE: 0 size-1: 3f
 
[        145973000000] INFO: Receiving IO packet
[        145973000000]       srcTID #: 00 FTYPE: 6 TTYPE: 0 size-1: 00
 
[        145973000000] INFO: Receiving IO packet
[        145973000000]       srcTID #: 00 FTYPE: 6 TTYPE: 0 size-1: 00
 
[        146084001000] IREQ Transaction
[        146084001000] INFO: Transmitting IO packet
[        146084001000]       Instruction #: 0c FTYPE: 6 TTYPE: 0 size-1: 1f
 
[        146084001000] IREQ Transaction
[        146084001000] INFO: Transmitting IO packet
[        146084001000]       Instruction #: 0c FTYPE: 6 TTYPE: 0 size-1: 1f
 
[        146117000000] INFO: Receiving IO packet
[        146117000000]       srcTID #: 00 FTYPE: 6 TTYPE: 0 size-1: 00
 
[        146117000000] INFO: Receiving IO packet
[        146117000000]       srcTID #: 00 FTYPE: 6 TTYPE: 0 size-1: 00
 
[        146197000000] INFO: Receiving IO packet
[        146197000000]       srcTID #: 00 FTYPE: 6 TTYPE: 0 size-1: 00
 
[        146197000000] INFO: Receiving IO packet
[        146197000000]       srcTID #: 00 FTYPE: 6 TTYPE: 0 size-1: 00
 
[        146228001000] IREQ Transaction
[        146228001000] INFO: Transmitting IO packet
[        146228001000]       Instruction #: 0d FTYPE: 6 TTYPE: 0 size-1: 0f
 
[        146228001000] IREQ Transaction
[        146228001000] INFO: Transmitting IO packet
[        146228001000]       Instruction #: 0d FTYPE: 6 TTYPE: 0 size-1: 0f
 
[        146340001000] IREQ Transaction
[        146340001000] INFO: Transmitting IO packet
[        146340001000]       Instruction #: 0e FTYPE: 6 TTYPE: 0 size-1: 07
 
[        146340001000] IREQ Transaction
[        146340001000] INFO: Transmitting IO packet
[        146340001000]       Instruction #: 0e FTYPE: 6 TTYPE: 0 size-1: 07
 
[        146436001000] IREQ Transaction
[        146436001000] INFO: Transmitting IO packet
[        146436001000]       Instruction #: 0f FTYPE: 6 TTYPE: 0 size-1: 06
 
[        146436001000] IREQ Transaction
[        146436001000] INFO: Transmitting IO packet
[        146436001000]       Instruction #: 0f FTYPE: 6 TTYPE: 0 size-1: 06
 
[        146532001000] IREQ Transaction
[        146532001000] INFO: Transmitting IO packet
[        146532001000]       Instruction #: 10 FTYPE: 6 TTYPE: 0 size-1: 06
 
[        146532001000] IREQ Transaction
[        146532001000] INFO: Transmitting IO packet
[        146532001000]       Instruction #: 10 FTYPE: 6 TTYPE: 0 size-1: 06
 
[        146628001000] IREQ Transaction
[        146628001000] INFO: Transmitting IO packet
[        146628001000]       Instruction #: 11 FTYPE: 6 TTYPE: 0 size-1: 05
 
[        146628001000] IREQ Transaction
[        146628001000] INFO: Transmitting IO packet
[        146628001000]       Instruction #: 11 FTYPE: 6 TTYPE: 0 size-1: 05
 
[        146644001000] INFO: Receiving IO packet
[        146644001000]       srcTID #: 00 FTYPE: 6 TTYPE: 0 size-1: 00
 
[        146644001000] INFO: Receiving IO packet
[        146644001000]       srcTID #: 00 FTYPE: 6 TTYPE: 0 size-1: 00
 
[        146724001000] IREQ Transaction
[        146724001000] INFO: Transmitting IO packet
[        146724001000]       Instruction #: 12 FTYPE: 6 TTYPE: 0 size-1: 05
 
[        146724001000] IREQ Transaction
[        146724001000] INFO: Transmitting IO packet
[        146724001000]       Instruction #: 12 FTYPE: 6 TTYPE: 0 size-1: 05
 
[        146820001000] IREQ Transaction
[        146820001000] INFO: Transmitting IO packet
[        146820001000]       Instruction #: 13 FTYPE: 6 TTYPE: 0 size-1: 04
 
[        146820001000] IREQ Transaction
[        146820001000] INFO: Transmitting IO packet
[        146820001000]       Instruction #: 13 FTYPE: 6 TTYPE: 0 size-1: 04
 
[        146916001000] IREQ Transaction
[        146916001000] INFO: Transmitting IO packet
[        146916001000]       Instruction #: 14 FTYPE: 6 TTYPE: 0 size-1: 04
 
[        146916001000] IREQ Transaction
[        146916001000] INFO: Transmitting IO packet
[        146916001000]       Instruction #: 14 FTYPE: 6 TTYPE: 0 size-1: 04
 
[        147012001000] IREQ Transaction
[        147012001000] INFO: Transmitting IO packet
[        147012001000]       Instruction #: 15 FTYPE: 6 TTYPE: 0 size-1: 03
 
[        147012001000] IREQ Transaction
[        147012001000] INFO: Transmitting IO packet
[        147012001000]       Instruction #: 15 FTYPE: 6 TTYPE: 0 size-1: 03
 
[        147108001000] IREQ Transaction
[        147108001000] INFO: Transmitting IO packet
[        147108001000]       Instruction #: 16 FTYPE: 6 TTYPE: 0 size-1: 03
 
[        147108001000] IREQ Transaction
[        147108001000] INFO: Transmitting IO packet
[        147108001000]       Instruction #: 16 FTYPE: 6 TTYPE: 0 size-1: 03
 
[        147173000000] INFO: Receiving IO packet
[        147173000000]       srcTID #: 00 FTYPE: 6 TTYPE: 0 size-1: 00
 
[        147173000000] INFO: Receiving IO packet
[        147173000000]       srcTID #: 00 FTYPE: 6 TTYPE: 0 size-1: 00
 
[        147204001000] IREQ Transaction
[        147204001000] INFO: Transmitting IO packet
[        147204001000]       Instruction #: 17 FTYPE: 6 TTYPE: 0 size-1: 02
 
[        147204001000] IREQ Transaction
[        147204001000] INFO: Transmitting IO packet
[        147204001000]       Instruction #: 17 FTYPE: 6 TTYPE: 0 size-1: 02
 
[        147300001000] IREQ Transaction
[        147300001000] INFO: Transmitting IO packet
[        147300001000]       Instruction #: 18 FTYPE: 6 TTYPE: 0 size-1: 02
 
[        147300001000] IREQ Transaction
[        147300001000] INFO: Transmitting IO packet
[        147300001000]       Instruction #: 18 FTYPE: 6 TTYPE: 0 size-1: 02
 
[        147396001000] IREQ Transaction
[        147396001000] INFO: Transmitting IO packet
[        147396001000]       Instruction #: 19 FTYPE: 6 TTYPE: 0 size-1: 01
 
[        147396001000] IREQ Transaction
[        147396001000] INFO: Transmitting IO packet
[        147396001000]       Instruction #: 19 FTYPE: 6 TTYPE: 0 size-1: 01
 
[        147445000000] INFO: Receiving IO packet
[        147445000000]       srcTID #: 00 FTYPE: 6 TTYPE: 0 size-1: 00
 
[        147445000000] INFO: Receiving IO packet
[        147445000000]       srcTID #: 00 FTYPE: 6 TTYPE: 0 size-1: 00
 
[        147492001000] IREQ Transaction
[        147492001000] INFO: Transmitting IO packet
[        147492001000]       Instruction #: 1a FTYPE: 6 TTYPE: 0 size-1: 01
 
[        147492001000] IREQ Transaction
[        147492001000] INFO: Transmitting IO packet
[        147492001000]       Instruction #: 1a FTYPE: 6 TTYPE: 0 size-1: 01
 
[        147588001000] IREQ Transaction
[        147588001000] INFO: Transmitting IO packet
[        147588001000]       Instruction #: 1b FTYPE: 6 TTYPE: 0 size-1: 01
 
[        147588001000] IREQ Transaction
[        147588001000] INFO: Transmitting IO packet
[        147588001000]       Instruction #: 1b FTYPE: 6 TTYPE: 0 size-1: 01
 
[        147653000000] INFO: Receiving IO packet
[        147653000000]       srcTID #: 00 FTYPE: 6 TTYPE: 0 size-1: 00
 
[        147653000000] INFO: Receiving IO packet
[        147653000000]       srcTID #: 00 FTYPE: 6 TTYPE: 0 size-1: 00
 
[        147684001000] IREQ Transaction
[        147684001000] INFO: Transmitting IO packet
[        147684001000]       Instruction #: 1c FTYPE: 6 TTYPE: 0 size-1: 01
 
[        147684001000] IREQ Transaction
[        147684001000] INFO: Transmitting IO packet
[        147684001000]       Instruction #: 1c FTYPE: 6 TTYPE: 0 size-1: 01
 
[        147780001000] IREQ Transaction
[        147780001000] INFO: Transmitting IO packet
[        147780001000]       Instruction #: 1d FTYPE: 6 TTYPE: 0 size-1: 00
 
[        147780001000] IREQ Transaction
[        147780001000] INFO: Transmitting IO packet
[        147780001000]       Instruction #: 1d FTYPE: 6 TTYPE: 0 size-1: 00
 
[        147797000000] INFO: Receiving IO packet
[        147797000000]       srcTID #: 00 FTYPE: 6 TTYPE: 0 size-1: 00
 
[        147797000000] INFO: Receiving IO packet
[        147797000000]       srcTID #: 00 FTYPE: 6 TTYPE: 0 size-1: 00
 
[        147876001000] IREQ Transaction
[        147876001000] INFO: Transmitting IO packet
[        147876001000]       Instruction #: 1e FTYPE: 6 TTYPE: 0 size-1: 00
 
[        147876001000] IREQ Transaction
[        147876001000] INFO: Transmitting IO packet
[        147876001000]       Instruction #: 1e FTYPE: 6 TTYPE: 0 size-1: 00
 
[        147877000000] INFO: Receiving IO packet
[        147877000000]       srcTID #: 00 FTYPE: 6 TTYPE: 0 size-1: 00
 
[        147877000000] INFO: Receiving IO packet
[        147877000000]       srcTID #: 00 FTYPE: 6 TTYPE: 0 size-1: 00
 
[        147925000000] INFO: Receiving IO packet
[        147925000000]       srcTID #: 00 FTYPE: 6 TTYPE: 0 size-1: 00
 
[        147925000000] INFO: Receiving IO packet
[        147925000000]       srcTID #: 00 FTYPE: 6 TTYPE: 0 size-1: 00
 
[        147957000000] INFO: Receiving IO packet
[        147957000000]       srcTID #: 00 FTYPE: 6 TTYPE: 0 size-1: 00
 
[        147957000000] INFO: Receiving IO packet
[        147957000000]       srcTID #: 00 FTYPE: 6 TTYPE: 0 size-1: 00
 
[        147972001000] IREQ Transaction
[        147972001000] INFO: Transmitting IO packet
[        147972001000]       Instruction #: 1f FTYPE: 6 TTYPE: 0 size-1: 00
 
[        147972001000] IREQ Transaction
[        147972001000] INFO: Transmitting IO packet
[        147972001000]       Instruction #: 1f FTYPE: 6 TTYPE: 0 size-1: 00
 
[        147989000000] INFO: Receiving IO packet
[        147989000000]       srcTID #: 00 FTYPE: 6 TTYPE: 0 size-1: 00
 
[        147989000000] INFO: Receiving IO packet
[        147989000000]       srcTID #: 00 FTYPE: 6 TTYPE: 0 size-1: 00
 
[        148021000000] INFO: Receiving IO packet
[        148021000000]       srcTID #: 00 FTYPE: 6 TTYPE: 0 size-1: 00
 
[        148021000000] INFO: Receiving IO packet
[        148021000000]       srcTID #: 00 FTYPE: 6 TTYPE: 0 size-1: 00
 
[        148053000000] INFO: Receiving IO packet
[        148053000000]       srcTID #: 00 FTYPE: 6 TTYPE: 0 size-1: 00
 
[        148053000000] INFO: Receiving IO packet
[        148053000000]       srcTID #: 00 FTYPE: 6 TTYPE: 0 size-1: 00
 
[        148068001000] IREQ Transaction
[        148068001000] INFO: Transmitting IO packet
[        148068001000]       Instruction #: 20 FTYPE: 6 TTYPE: 0 size-1: 00
 
[        148068001000] IREQ Transaction
[        148068001000] INFO: Transmitting IO packet
[        148068001000]       Instruction #: 20 FTYPE: 6 TTYPE: 0 size-1: 00
 
[        148085000000] INFO: Receiving IO packet
[        148085000000]       srcTID #: 00 FTYPE: 6 TTYPE: 0 size-1: 00
 
[        148085000000] INFO: Receiving IO packet
[        148085000000]       srcTID #: 00 FTYPE: 6 TTYPE: 0 size-1: 00
 
[        148117000000] INFO: Receiving IO packet
[        148117000000]       srcTID #: 00 FTYPE: 6 TTYPE: 0 size-1: 00
 
[        148117000000] INFO: Receiving IO packet
[        148117000000]       srcTID #: 00 FTYPE: 6 TTYPE: 0 size-1: 00
 
[        148149000000] INFO: Receiving IO packet
[        148149000000]       srcTID #: 00 FTYPE: 6 TTYPE: 0 size-1: 00
 
[        148149000000] INFO: Receiving IO packet
[        148149000000]       srcTID #: 00 FTYPE: 6 TTYPE: 0 size-1: 00
 
[        148164001000] IREQ Transaction
[        148164001000] INFO: Transmitting IO packet
[        148164001000]       Instruction #: 21 FTYPE: 6 TTYPE: 0 size-1: 00
 
[        148164001000] IREQ Transaction
[        148164001000] INFO: Transmitting IO packet
[        148164001000]       Instruction #: 21 FTYPE: 6 TTYPE: 0 size-1: 00
 
[        148181000000] INFO: Receiving IO packet
[        148181000000]       srcTID #: 00 FTYPE: 6 TTYPE: 0 size-1: 00
 
[        148181000000] INFO: Receiving IO packet
[        148181000000]       srcTID #: 00 FTYPE: 6 TTYPE: 0 size-1: 00
 
[        148213000000] INFO: Receiving IO packet
[        148213000000]       srcTID #: 00 FTYPE: 6 TTYPE: 0 size-1: 00
 
[        148213000000] INFO: Receiving IO packet
[        148213000000]       srcTID #: 00 FTYPE: 6 TTYPE: 0 size-1: 00
 
[        148260001000] IREQ Transaction
[        148260001000] INFO: Transmitting IO packet
[        148260001000]       Instruction #: 22 FTYPE: 6 TTYPE: 0 size-1: 00
 
[        148260001000] IREQ Transaction
[        148260001000] INFO: Transmitting IO packet
[        148260001000]       Instruction #: 22 FTYPE: 6 TTYPE: 0 size-1: 00
 
[        148324001000] INFO: Receiving IO packet
[        148324001000]       srcTID #: 00 FTYPE: 6 TTYPE: 0 size-1: 00
 
[        148324001000] INFO: Receiving IO packet
[        148324001000]       srcTID #: 00 FTYPE: 6 TTYPE: 0 size-1: 00
 
[        148356001000] IREQ Transaction
[        148356001000] INFO: Transmitting IO packet
[        148356001000]       Instruction #: 23 FTYPE: 6 TTYPE: 0 size-1: 00
 
[        148356001000] IREQ Transaction
[        148356001000] INFO: Transmitting IO packet
[        148356001000]       Instruction #: 23 FTYPE: 6 TTYPE: 0 size-1: 00
 
[        148357000000] INFO: Receiving IO packet
[        148357000000]       srcTID #: 00 FTYPE: 6 TTYPE: 0 size-1: 00
 
[        148357000000] INFO: Receiving IO packet
[        148357000000]       srcTID #: 00 FTYPE: 6 TTYPE: 0 size-1: 00
 
[        148452001000] IREQ Transaction
[        148452001000] INFO: Transmitting IO packet
[        148452001000]       Instruction #: 24 FTYPE: 6 TTYPE: 0 size-1: 00
 
[        148452001000] IREQ Transaction
[        148452001000] INFO: Transmitting IO packet
[        148452001000]       Instruction #: 24 FTYPE: 6 TTYPE: 0 size-1: 00
 
[        148468001000] INFO: Receiving IO packet
[        148468001000]       srcTID #: 00 FTYPE: 6 TTYPE: 0 size-1: 00
 
[        148468001000] INFO: Receiving IO packet
[        148468001000]       srcTID #: 00 FTYPE: 6 TTYPE: 0 size-1: 00
 
[        148548001000] IREQ Transaction
[        148548001000] INFO: Transmitting IO packet
[        148548001000]       Instruction #: 25 FTYPE: 5 TTYPE: 5 size-1: 05
 
[        148548001000] IREQ Transaction
[        148548001000] INFO: Transmitting IO packet
[        148548001000]       Instruction #: 25 FTYPE: 5 TTYPE: 5 size-1: 05
 
[        148580001000] INFO: Receiving IO packet
[        148580001000]       srcTID #: 00 FTYPE: 6 TTYPE: 0 size-1: 00
 
[        148580001000] INFO: Receiving IO packet
[        148580001000]       srcTID #: 00 FTYPE: 6 TTYPE: 0 size-1: 00
 
[        148644001000] IREQ Transaction
[        148644001000] INFO: Transmitting IO packet
[        148644001000]       Instruction #: 26 FTYPE: 5 TTYPE: 5 size-1: 04
 
[        148644001000] IREQ Transaction
[        148644001000] INFO: Transmitting IO packet
[        148644001000]       Instruction #: 26 FTYPE: 5 TTYPE: 5 size-1: 04
 
[        148708001000] INFO: Receiving IO packet
[        148708001000]       srcTID #: 00 FTYPE: 6 TTYPE: 0 size-1: 00
 
[        148708001000] INFO: Receiving IO packet
[        148708001000]       srcTID #: 00 FTYPE: 6 TTYPE: 0 size-1: 00
 
[        148740001000] IREQ Transaction
[        148740001000] INFO: Transmitting IO packet
[        148740001000]       Instruction #: 27 FTYPE: 5 TTYPE: 5 size-1: 04
 
[        148740001000] IREQ Transaction
[        148740001000] INFO: Transmitting IO packet
[        148740001000]       Instruction #: 27 FTYPE: 5 TTYPE: 5 size-1: 04
 
[        148820001000] INFO: Receiving IO packet
[        148820001000]       srcTID #: 00 FTYPE: 6 TTYPE: 0 size-1: 00
 
[        148820001000] INFO: Receiving IO packet
[        148820001000]       srcTID #: 00 FTYPE: 6 TTYPE: 0 size-1: 00
 
[        148836001000] IREQ Transaction
[        148836001000] INFO: Transmitting IO packet
[        148836001000]       Instruction #: 28 FTYPE: 5 TTYPE: 5 size-1: 03
 
[        148836001000] IREQ Transaction
[        148836001000] INFO: Transmitting IO packet
[        148836001000]       Instruction #: 28 FTYPE: 5 TTYPE: 5 size-1: 03
 
[        148853000000] INFO: Receiving IO packet
[        148853000000]       srcTID #: 00 FTYPE: 6 TTYPE: 0 size-1: 00
 
[        148853000000] INFO: Receiving IO packet
[        148853000000]       srcTID #: 00 FTYPE: 6 TTYPE: 0 size-1: 00
 
[        148932001000] IREQ Transaction
[        148932001000] INFO: Transmitting IO packet
[        148932001000]       Instruction #: 29 FTYPE: 5 TTYPE: 5 size-1: 03
 
[        148932001000] IREQ Transaction
[        148932001000] INFO: Transmitting IO packet
[        148932001000]       Instruction #: 29 FTYPE: 5 TTYPE: 5 size-1: 03
 
[        148964001000] INFO: Receiving IO packet
[        148964001000]       srcTID #: 00 FTYPE: 6 TTYPE: 0 size-1: 00
 
[        148964001000] INFO: Receiving IO packet
[        148964001000]       srcTID #: 00 FTYPE: 6 TTYPE: 0 size-1: 00
 
[        149028001000] IREQ Transaction
[        149028001000] INFO: Transmitting IO packet
[        149028001000]       Instruction #: 2a FTYPE: 5 TTYPE: 5 size-1: 02
 
[        149028001000] IREQ Transaction
[        149028001000] INFO: Transmitting IO packet
[        149028001000]       Instruction #: 2a FTYPE: 5 TTYPE: 5 size-1: 02
 
[        149076001000] INFO: Receiving IO packet
[        149076001000]       srcTID #: 00 FTYPE: 6 TTYPE: 0 size-1: 00
 
[        149076001000] INFO: Receiving IO packet
[        149076001000]       srcTID #: 00 FTYPE: 6 TTYPE: 0 size-1: 00
 
[        149109000000] INFO: Receiving IO packet
[        149109000000]       srcTID #: 00 FTYPE: 6 TTYPE: 0 size-1: 00
 
[        149109000000] INFO: Receiving IO packet
[        149109000000]       srcTID #: 00 FTYPE: 6 TTYPE: 0 size-1: 00
 
[        149124001000] IREQ Transaction
[        149124001000] INFO: Transmitting IO packet
[        149124001000]       Instruction #: 2b FTYPE: 5 TTYPE: 5 size-1: 02
 
[        149124001000] IREQ Transaction
[        149124001000] INFO: Transmitting IO packet
[        149124001000]       Instruction #: 2b FTYPE: 5 TTYPE: 5 size-1: 02
 
[        149220001000] IREQ Transaction
[        149220001000] INFO: Transmitting IO packet
[        149220001000]       Instruction #: 2c FTYPE: 5 TTYPE: 5 size-1: 01
 
[        149220001000] INFO: Receiving IO packet
[        149220001000]       srcTID #: 00 FTYPE: 6 TTYPE: 0 size-1: 00
 
[        149220001000] IREQ Transaction
[        149220001000] INFO: Transmitting IO packet
[        149220001000]       Instruction #: 2c FTYPE: 5 TTYPE: 5 size-1: 01
 
[        149220001000] INFO: Receiving IO packet
[        149220001000]       srcTID #: 00 FTYPE: 6 TTYPE: 0 size-1: 00
 
[        149316001000] IREQ Transaction
[        149316001000] INFO: Transmitting IO packet
[        149316001000]       Instruction #: 2d FTYPE: 5 TTYPE: 5 size-1: 01
 
[        149316001000] IREQ Transaction
[        149316001000] INFO: Transmitting IO packet
[        149316001000]       Instruction #: 2d FTYPE: 5 TTYPE: 5 size-1: 01
 
[        149332001000] INFO: Receiving IO packet
[        149332001000]       srcTID #: 00 FTYPE: 6 TTYPE: 0 size-1: 00
 
[        149332001000] INFO: Receiving IO packet
[        149332001000]       srcTID #: 00 FTYPE: 6 TTYPE: 0 size-1: 00
 
[        149412001000] IREQ Transaction
[        149412001000] INFO: Transmitting IO packet
[        149412001000]       Instruction #: 2e FTYPE: 5 TTYPE: 5 size-1: 01
 
[        149412001000] IREQ Transaction
[        149412001000] INFO: Transmitting IO packet
[        149412001000]       Instruction #: 2e FTYPE: 5 TTYPE: 5 size-1: 01
 
[        149444001000] INFO: Receiving IO packet
[        149444001000]       srcTID #: 00 FTYPE: 6 TTYPE: 0 size-1: 00
 
[        149444001000] INFO: Receiving IO packet
[        149444001000]       srcTID #: 00 FTYPE: 6 TTYPE: 0 size-1: 00
 
[        149508001000] IREQ Transaction
[        149508001000] INFO: Transmitting IO packet
[        149508001000]       Instruction #: 2f FTYPE: 5 TTYPE: 5 size-1: 01
 
[        149508001000] IREQ Transaction
[        149508001000] INFO: Transmitting IO packet
[        149508001000]       Instruction #: 2f FTYPE: 5 TTYPE: 5 size-1: 01
 
[        149572001000] INFO: Receiving IO packet
[        149572001000]       srcTID #: 25 FTYPE: 5 TTYPE: 5 size-1: 05
 
[        149572001000] INFO: Receiving IO packet
[        149572001000]       srcTID #: 25 FTYPE: 5 TTYPE: 5 size-1: 05
 
[        149604001000] IREQ Transaction
[        149604001000] INFO: Transmitting IO packet
[        149604001000]       Instruction #: 30 FTYPE: 5 TTYPE: 5 size-1: 00
 
[        149604001000] IREQ Transaction
[        149604001000] INFO: Transmitting IO packet
[        149604001000]       Instruction #: 30 FTYPE: 5 TTYPE: 5 size-1: 00
 
[        149620001000] INFO: Receiving IO packet
[        149620001000]       srcTID #: 26 FTYPE: 5 TTYPE: 5 size-1: 04
 
[        149620001000] INFO: Receiving IO packet
[        149620001000]       srcTID #: 26 FTYPE: 5 TTYPE: 5 size-1: 04
 
[        149668001000] INFO: Transmitting IO packet
[        149668001000]       Instruction #: 25 FTYPE: d TTYPE: 0 size-1: 00
 
[        149668001000] INFO: Transmitting IO packet
[        149668001000]       Instruction #: 25 FTYPE: d TTYPE: 0 size-1: 00
 
[        149700001000] IREQ Transaction
[        149700001000] INFO: Transmitting IO packet
[        149700001000]       Instruction #: 31 FTYPE: 5 TTYPE: 5 size-1: 00
 
[        149700001000] IREQ Transaction
[        149700001000] INFO: Transmitting IO packet
[        149700001000]       Instruction #: 31 FTYPE: 5 TTYPE: 5 size-1: 00
 
[        149748001000] INFO: Transmitting IO packet
[        149748001000]       Instruction #: 26 FTYPE: d TTYPE: 0 size-1: 00
 
[        149748001000] INFO: Receiving IO packet
[        149748001000]       srcTID #: 27 FTYPE: 5 TTYPE: 5 size-1: 04
 
[        149748001000] INFO: Transmitting IO packet
[        149748001000]       Instruction #: 26 FTYPE: d TTYPE: 0 size-1: 00
 
[        149748001000] INFO: Receiving IO packet
[        149748001000]       srcTID #: 27 FTYPE: 5 TTYPE: 5 size-1: 04
 
[        149796001000] IREQ Transaction
[        149796001000] INFO: Transmitting IO packet
[        149796001000]       Instruction #: 32 FTYPE: 5 TTYPE: 5 size-1: 00
 
[        149796001000] IREQ Transaction
[        149796001000] INFO: Transmitting IO packet
[        149796001000]       Instruction #: 32 FTYPE: 5 TTYPE: 5 size-1: 00
 
[        149860001000] INFO: Transmitting IO packet
[        149860001000]       Instruction #: 27 FTYPE: d TTYPE: 0 size-1: 00
 
[        149860001000] INFO: Transmitting IO packet
[        149860001000]       Instruction #: 27 FTYPE: d TTYPE: 0 size-1: 00
 
[        149876001000] INFO: Receiving IO packet
[        149876001000]       srcTID #: 28 FTYPE: 5 TTYPE: 5 size-1: 03
 
[        149876001000] INFO: Receiving IO packet
[        149876001000]       srcTID #: 28 FTYPE: 5 TTYPE: 5 size-1: 03
 
[        149892001000] IREQ Transaction
[        149892001000] INFO: Transmitting IO packet
[        149892001000]       Instruction #: 33 FTYPE: 5 TTYPE: 5 size-1: 00
 
[        149892001000] IREQ Transaction
[        149892001000] INFO: Transmitting IO packet
[        149892001000]       Instruction #: 33 FTYPE: 5 TTYPE: 5 size-1: 00
 
[        149924001000] INFO: Receiving IO packet
[        149924001000]       srcTID #: 29 FTYPE: 5 TTYPE: 5 size-1: 03
 
[        149924001000] INFO: Receiving IO packet
[        149924001000]       srcTID #: 29 FTYPE: 5 TTYPE: 5 size-1: 03
 
[        149988001000] IREQ Transaction
[        149988001000] INFO: Transmitting IO packet
[        149988001000]       Instruction #: 34 FTYPE: 5 TTYPE: 5 size-1: 00
 
[        149988001000] INFO: Transmitting IO packet
[        149988001000]       Instruction #: 28 FTYPE: d TTYPE: 0 size-1: 00
 
[        149988001000] IREQ Transaction
[        149988001000] INFO: Transmitting IO packet
[        149988001000]       Instruction #: 34 FTYPE: 5 TTYPE: 5 size-1: 00
 
[        149988001000] INFO: Transmitting IO packet
[        149988001000]       Instruction #: 28 FTYPE: d TTYPE: 0 size-1: 00
 
[        150052001000] INFO: Receiving IO packet
[        150052001000]       srcTID #: 2a FTYPE: 5 TTYPE: 5 size-1: 02
 
[        150052001000] INFO: Receiving IO packet
[        150052001000]       srcTID #: 2a FTYPE: 5 TTYPE: 5 size-1: 02
 
[        150068001000] INFO: Transmitting IO packet
[        150068001000]       Instruction #: 29 FTYPE: d TTYPE: 0 size-1: 00
 
[        150068001000] INFO: Transmitting IO packet
[        150068001000]       Instruction #: 29 FTYPE: d TTYPE: 0 size-1: 00
 
[        150084001000] IREQ Transaction
[        150084001000] INFO: Transmitting IO packet
[        150084001000]       Instruction #: 35 FTYPE: 5 TTYPE: 5 size-1: 00
 
[        150084001000] IREQ Transaction
[        150084001000] INFO: Transmitting IO packet
[        150084001000]       Instruction #: 35 FTYPE: 5 TTYPE: 5 size-1: 00
 
[        150100001000] INFO: Receiving IO packet
[        150100001000]       srcTID #: 2b FTYPE: 5 TTYPE: 5 size-1: 02
 
[        150100001000] INFO: Receiving IO packet
[        150100001000]       srcTID #: 2b FTYPE: 5 TTYPE: 5 size-1: 02
 
[        150164001000] INFO: Transmitting IO packet
[        150164001000]       Instruction #: 2a FTYPE: d TTYPE: 0 size-1: 00
 
[        150164001000] INFO: Transmitting IO packet
[        150164001000]       Instruction #: 2a FTYPE: d TTYPE: 0 size-1: 00
 
[        150196001000] IREQ Transaction
[        150196001000] INFO: Transmitting IO packet
[        150196001000]       Instruction #: 36 FTYPE: 5 TTYPE: 5 size-1: 00
 
[        150196001000] IREQ Transaction
[        150196001000] INFO: Transmitting IO packet
[        150196001000]       Instruction #: 36 FTYPE: 5 TTYPE: 5 size-1: 00
 
[        150228001000] INFO: Receiving IO packet
[        150228001000]       srcTID #: 2c FTYPE: 5 TTYPE: 5 size-1: 01
 
[        150228001000] INFO: Receiving IO packet
[        150228001000]       srcTID #: 2c FTYPE: 5 TTYPE: 5 size-1: 01
 
[        150244001000] INFO: Transmitting IO packet
[        150244001000]       Instruction #: 2b FTYPE: d TTYPE: 0 size-1: 00
 
[        150244001000] INFO: Transmitting IO packet
[        150244001000]       Instruction #: 2b FTYPE: d TTYPE: 0 size-1: 00
 
[        150292001000] IREQ Transaction
[        150292001000] INFO: Transmitting IO packet
[        150292001000]       Instruction #: 37 FTYPE: 5 TTYPE: 5 size-1: 00
 
[        150292001000] IREQ Transaction
[        150292001000] INFO: Transmitting IO packet
[        150292001000]       Instruction #: 37 FTYPE: 5 TTYPE: 5 size-1: 00
 
[        150340001000] INFO: Transmitting IO packet
[        150340001000]       Instruction #: 2c FTYPE: d TTYPE: 0 size-1: 00
 
[        150340001000] INFO: Transmitting IO packet
[        150340001000]       Instruction #: 2c FTYPE: d TTYPE: 0 size-1: 00
 
[        150356001000] INFO: Receiving IO packet
[        150356001000]       srcTID #: 2d FTYPE: 5 TTYPE: 5 size-1: 01
 
[        150356001000] INFO: Receiving IO packet
[        150356001000]       srcTID #: 2d FTYPE: 5 TTYPE: 5 size-1: 01
 
[        150388001000] IREQ Transaction
[        150388001000] INFO: Transmitting IO packet
[        150388001000]       Instruction #: 38 FTYPE: 5 TTYPE: 4 size-1: 0f
 
[        150388001000] IREQ Transaction
[        150388001000] INFO: Transmitting IO packet
[        150388001000]       Instruction #: 38 FTYPE: 5 TTYPE: 4 size-1: 0f
 
[        150404001000] INFO: Receiving IO packet
[        150404001000]       srcTID #: 2e FTYPE: 5 TTYPE: 5 size-1: 01
 
[        150404001000] INFO: Receiving IO packet
[        150404001000]       srcTID #: 2e FTYPE: 5 TTYPE: 5 size-1: 01
 
[        150468001000] INFO: Transmitting IO packet
[        150468001000]       Instruction #: 2d FTYPE: d TTYPE: 0 size-1: 00
 
[        150468001000] INFO: Transmitting IO packet
[        150468001000]       Instruction #: 2d FTYPE: d TTYPE: 0 size-1: 00
 
[        150500001000] IREQ Transaction
[        150500001000] INFO: Transmitting IO packet
[        150500001000]       Instruction #: 39 FTYPE: 5 TTYPE: 4 size-1: 0f
 
[        150500001000] IREQ Transaction
[        150500001000] INFO: Transmitting IO packet
[        150500001000]       Instruction #: 39 FTYPE: 5 TTYPE: 4 size-1: 0f
blk_mem_gen_v8_4_4 collision detected at time: 150532000, Instance: srio_sim.srio_example_top_mirror.srio_support_inst.srio_5gx1_inst.inst.srio_gen2_v4_1_11_unifiedtop_inst.buf_core_inst.buf_top_inst.buf_rx_inst.buf_rx_bram_bank_inst.blk_mem_inst.\native_mem_module.blk_mem_gen_v8_4_4_inst , A write address: 131, B  read address: 131
blk_mem_gen_v8_4_4 collision detected at time: 150532000, Instance: srio_sim.srio_example_top_primary.srio_support_inst.srio_5gx1_inst.inst.srio_gen2_v4_1_11_unifiedtop_inst.buf_core_inst.buf_top_inst.buf_rx_inst.buf_rx_bram_bank_inst.blk_mem_inst.\native_mem_module.blk_mem_gen_v8_4_4_inst , A write address: 131, B  read address: 131
 
[        150532001000] INFO: Receiving IO packet
[        150532001000]       srcTID #: 2f FTYPE: 5 TTYPE: 5 size-1: 01
 
[        150532001000] INFO: Receiving IO packet
[        150532001000]       srcTID #: 2f FTYPE: 5 TTYPE: 5 size-1: 01
 
[        150548001000] INFO: Transmitting IO packet
[        150548001000]       Instruction #: 2e FTYPE: d TTYPE: 0 size-1: 00
 
[        150548001000] INFO: Transmitting IO packet
[        150548001000]       Instruction #: 2e FTYPE: d TTYPE: 0 size-1: 00
 
[        150580001000] INFO: Receiving IO packet
[        150580001000]       srcTID #: 30 FTYPE: 5 TTYPE: 5 size-1: 00
 
[        150580001000] INFO: Receiving IO packet
[        150580001000]       srcTID #: 30 FTYPE: 5 TTYPE: 5 size-1: 00
 
[        150612001000] IREQ Transaction
[        150612001000] INFO: Transmitting IO packet
[        150612001000]       Instruction #: 3a FTYPE: 5 TTYPE: 4 size-1: 0f
 
[        150612001000] IREQ Transaction
[        150612001000] INFO: Transmitting IO packet
[        150612001000]       Instruction #: 3a FTYPE: 5 TTYPE: 4 size-1: 0f
 
[        150628001000] IRESP Receiption
[        150628001000] INFO: Receiving IO packet
[        150628001000]       srcTID #: 25 FTYPE: d TTYPE: 0 size-1: 00
 
[        150628001000] IRESP Receiption
[        150628001000] INFO: Receiving IO packet
[        150628001000]       srcTID #: 25 FTYPE: d TTYPE: 0 size-1: 00
 
[        150644001000] INFO: Transmitting IO packet
[        150644001000]       Instruction #: 2f FTYPE: d TTYPE: 0 size-1: 00
 
[        150644001000] INFO: Transmitting IO packet
[        150644001000]       Instruction #: 2f FTYPE: d TTYPE: 0 size-1: 00
 
[        150708001000] IRESP Receiption
[        150708001000] INFO: Receiving IO packet
[        150708001000]       srcTID #: 26 FTYPE: d TTYPE: 0 size-1: 00
 
[        150708001000] IRESP Receiption
[        150708001000] INFO: Receiving IO packet
[        150708001000]       srcTID #: 26 FTYPE: d TTYPE: 0 size-1: 00
 
[        150724001000] IREQ Transaction
[        150724001000] INFO: Transmitting IO packet
[        150724001000]       Instruction #: 3b FTYPE: 5 TTYPE: 4 size-1: ff
 
[        150724001000] INFO: Transmitting IO packet
[        150724001000]       Instruction #: 30 FTYPE: d TTYPE: 0 size-1: 00
 
[        150724001000] IREQ Transaction
[        150724001000] INFO: Transmitting IO packet
[        150724001000]       Instruction #: 3b FTYPE: 5 TTYPE: 4 size-1: ff
 
[        150724001000] INFO: Transmitting IO packet
[        150724001000]       Instruction #: 30 FTYPE: d TTYPE: 0 size-1: 00
 
[        150820001000] INFO: Receiving IO packet
[        150820001000]       srcTID #: 31 FTYPE: 5 TTYPE: 5 size-1: 00
 
[        150820001000] INFO: Receiving IO packet
[        150820001000]       srcTID #: 31 FTYPE: 5 TTYPE: 5 size-1: 00
 
[        150868001000] IRESP Receiption
[        150868001000] INFO: Receiving IO packet
[        150868001000]       srcTID #: 27 FTYPE: d TTYPE: 0 size-1: 00
 
[        150868001000] IRESP Receiption
[        150868001000] INFO: Receiving IO packet
[        150868001000]       srcTID #: 27 FTYPE: d TTYPE: 0 size-1: 00
 
[        150964001000] INFO: Receiving IO packet
[        150964001000]       srcTID #: 32 FTYPE: 5 TTYPE: 5 size-1: 00
 
[        150964001000] INFO: Receiving IO packet
[        150964001000]       srcTID #: 32 FTYPE: 5 TTYPE: 5 size-1: 00
 
[        151012001000] IRESP Receiption
[        151012001000] INFO: Receiving IO packet
[        151012001000]       srcTID #: 28 FTYPE: d TTYPE: 0 size-1: 00
 
[        151012001000] IRESP Receiption
[        151012001000] INFO: Receiving IO packet
[        151012001000]       srcTID #: 28 FTYPE: d TTYPE: 0 size-1: 00
 
[        151060001000] IRESP Receiption
[        151060001000] INFO: Receiving IO packet
[        151060001000]       srcTID #: 29 FTYPE: d TTYPE: 0 size-1: 00
 
[        151060001000] IRESP Receiption
[        151060001000] INFO: Receiving IO packet
[        151060001000]       srcTID #: 29 FTYPE: d TTYPE: 0 size-1: 00
 
[        151124001000] INFO: Receiving IO packet
[        151124001000]       srcTID #: 33 FTYPE: 5 TTYPE: 5 size-1: 00
 
[        151124001000] INFO: Receiving IO packet
[        151124001000]       srcTID #: 33 FTYPE: 5 TTYPE: 5 size-1: 00
 
[        151172001000] IRESP Receiption
[        151172001000] INFO: Receiving IO packet
[        151172001000]       srcTID #: 2a FTYPE: d TTYPE: 0 size-1: 00
 
[        151172001000] IRESP Receiption
[        151172001000] INFO: Receiving IO packet
[        151172001000]       srcTID #: 2a FTYPE: d TTYPE: 0 size-1: 00
 
[        151220001000] IRESP Receiption
[        151220001000] INFO: Receiving IO packet
[        151220001000]       srcTID #: 2b FTYPE: d TTYPE: 0 size-1: 00
 
[        151220001000] IRESP Receiption
[        151220001000] INFO: Receiving IO packet
[        151220001000]       srcTID #: 2b FTYPE: d TTYPE: 0 size-1: 00
 
[        151284001000] INFO: Receiving IO packet
[        151284001000]       srcTID #: 34 FTYPE: 5 TTYPE: 5 size-1: 00
 
[        151284001000] INFO: Receiving IO packet
[        151284001000]       srcTID #: 34 FTYPE: 5 TTYPE: 5 size-1: 00
 
[        151300001000] INFO: Transmitting IO packet
[        151300001000]       Instruction #: 31 FTYPE: d TTYPE: 0 size-1: 00
 
[        151300001000] INFO: Transmitting IO packet
[        151300001000]       Instruction #: 31 FTYPE: d TTYPE: 0 size-1: 00
 
[        151316001000] IREQ Transaction
[        151316001000] INFO: Transmitting IO packet
[        151316001000]       Instruction #: 3c FTYPE: 5 TTYPE: 4 size-1: 7f
 
[        151316001000] IREQ Transaction
[        151316001000] INFO: Transmitting IO packet
[        151316001000]       Instruction #: 3c FTYPE: 5 TTYPE: 4 size-1: 7f
 
[        151332001000] IRESP Receiption
[        151332001000] INFO: Receiving IO packet
[        151332001000]       srcTID #: 2c FTYPE: d TTYPE: 0 size-1: 00
 
[        151332001000] IRESP Receiption
[        151332001000] INFO: Receiving IO packet
[        151332001000]       srcTID #: 2c FTYPE: d TTYPE: 0 size-1: 00
 
[        151380001000] INFO: Transmitting IO packet
[        151380001000]       Instruction #: 32 FTYPE: d TTYPE: 0 size-1: 00
 
[        151380001000] INFO: Transmitting IO packet
[        151380001000]       Instruction #: 32 FTYPE: d TTYPE: 0 size-1: 00
 
[        151428001000] INFO: Receiving IO packet
[        151428001000]       srcTID #: 35 FTYPE: 5 TTYPE: 5 size-1: 00
 
[        151428001000] INFO: Receiving IO packet
[        151428001000]       srcTID #: 35 FTYPE: 5 TTYPE: 5 size-1: 00
 
[        151476001000] IRESP Receiption
[        151476001000] INFO: Receiving IO packet
[        151476001000]       srcTID #: 2d FTYPE: d TTYPE: 0 size-1: 00
 
[        151476001000] IRESP Receiption
[        151476001000] INFO: Receiving IO packet
[        151476001000]       srcTID #: 2d FTYPE: d TTYPE: 0 size-1: 00
 
[        151524001000] IRESP Receiption
[        151524001000] INFO: Receiving IO packet
[        151524001000]       srcTID #: 2e FTYPE: d TTYPE: 0 size-1: 00
 
[        151524001000] IRESP Receiption
[        151524001000] INFO: Receiving IO packet
[        151524001000]       srcTID #: 2e FTYPE: d TTYPE: 0 size-1: 00
 
[        151588001000] INFO: Receiving IO packet
[        151588001000]       srcTID #: 36 FTYPE: 5 TTYPE: 5 size-1: 00
 
[        151588001000] INFO: Receiving IO packet
[        151588001000]       srcTID #: 36 FTYPE: 5 TTYPE: 5 size-1: 00
 
[        151636001000] IRESP Receiption
[        151636001000] INFO: Receiving IO packet
[        151636001000]       srcTID #: 2f FTYPE: d TTYPE: 0 size-1: 00
 
[        151636001000] IRESP Receiption
[        151636001000] INFO: Receiving IO packet
[        151636001000]       srcTID #: 2f FTYPE: d TTYPE: 0 size-1: 00
 
[        151652001000] INFO: Transmitting IO packet
[        151652001000]       Instruction #: 33 FTYPE: d TTYPE: 0 size-1: 00
 
[        151652001000] INFO: Transmitting IO packet
[        151652001000]       Instruction #: 33 FTYPE: d TTYPE: 0 size-1: 00
 
[        151668001000] IREQ Transaction
[        151668001000] INFO: Transmitting IO packet
[        151668001000]       Instruction #: 3d FTYPE: 5 TTYPE: 4 size-1: 5f
 
[        151668001000] IREQ Transaction
[        151668001000] INFO: Transmitting IO packet
[        151668001000]       Instruction #: 3d FTYPE: 5 TTYPE: 4 size-1: 5f
 
[        151732001000] INFO: Transmitting IO packet
[        151732001000]       Instruction #: 34 FTYPE: d TTYPE: 0 size-1: 00
 
[        151732001000] INFO: Receiving IO packet
[        151732001000]       srcTID #: 37 FTYPE: 5 TTYPE: 5 size-1: 00
 
[        151732001000] INFO: Transmitting IO packet
[        151732001000]       Instruction #: 34 FTYPE: d TTYPE: 0 size-1: 00
 
[        151732001000] INFO: Receiving IO packet
[        151732001000]       srcTID #: 37 FTYPE: 5 TTYPE: 5 size-1: 00
 
[        151780001000] INFO: Receiving IO packet
[        151780001000]       srcTID #: 38 FTYPE: 5 TTYPE: 4 size-1: 0f
 
[        151780001000] INFO: Receiving IO packet
[        151780001000]       srcTID #: 38 FTYPE: 5 TTYPE: 4 size-1: 0f
 
[        151924001000] INFO: Receiving IO packet
[        151924001000]       srcTID #: 39 FTYPE: 5 TTYPE: 4 size-1: 0f
 
[        151924001000] INFO: Receiving IO packet
[        151924001000]       srcTID #: 39 FTYPE: 5 TTYPE: 4 size-1: 0f
 
[        151940001000] INFO: Transmitting IO packet
[        151940001000]       Instruction #: 35 FTYPE: d TTYPE: 0 size-1: 00
 
[        151940001000] INFO: Transmitting IO packet
[        151940001000]       Instruction #: 35 FTYPE: d TTYPE: 0 size-1: 00
 
[        151956001000] IREQ Transaction
[        151956001000] INFO: Transmitting IO packet
[        151956001000]       Instruction #: 3e FTYPE: 5 TTYPE: 4 size-1: 3f
 
[        151956001000] IREQ Transaction
[        151956001000] INFO: Transmitting IO packet
[        151956001000]       Instruction #: 3e FTYPE: 5 TTYPE: 4 size-1: 3f
 
[        151988001000] INFO: Receiving IO packet
[        151988001000]       srcTID #: 3a FTYPE: 5 TTYPE: 4 size-1: 0f
 
[        151988001000] INFO: Receiving IO packet
[        151988001000]       srcTID #: 3a FTYPE: 5 TTYPE: 4 size-1: 0f
 
[        152020001000] INFO: Transmitting IO packet
[        152020001000]       Instruction #: 36 FTYPE: d TTYPE: 0 size-1: 00
 
[        152020001000] INFO: Transmitting IO packet
[        152020001000]       Instruction #: 36 FTYPE: d TTYPE: 0 size-1: 00
 
[        152164001000] IRESP Receiption
[        152164001000] INFO: Receiving IO packet
[        152164001000]       srcTID #: 30 FTYPE: d TTYPE: 0 size-1: 00
 
[        152164001000] INFO: Transmitting IO packet
[        152164001000]       Instruction #: 37 FTYPE: d TTYPE: 0 size-1: 00
 
[        152164001000] IRESP Receiption
[        152164001000] INFO: Receiving IO packet
[        152164001000]       srcTID #: 30 FTYPE: d TTYPE: 0 size-1: 00
 
[        152164001000] INFO: Transmitting IO packet
[        152164001000]       Instruction #: 37 FTYPE: d TTYPE: 0 size-1: 00
 
[        152180001000] IREQ Transaction
[        152180001000] INFO: Transmitting IO packet
[        152180001000]       Instruction #: 3f FTYPE: 5 TTYPE: 4 size-1: 1f
 
[        152180001000] IREQ Transaction
[        152180001000] INFO: Transmitting IO packet
[        152180001000]       Instruction #: 3f FTYPE: 5 TTYPE: 4 size-1: 1f
 
[        152260001000] IRESP Receiption
[        152260001000] INFO: Receiving IO packet
[        152260001000]       srcTID #: 31 FTYPE: d TTYPE: 0 size-1: 00
 
[        152260001000] IRESP Receiption
[        152260001000] INFO: Receiving IO packet
[        152260001000]       srcTID #: 31 FTYPE: d TTYPE: 0 size-1: 00
 
[        152340001000] IREQ Transaction
[        152340001000] INFO: Transmitting IO packet
[        152340001000]       Instruction #: 40 FTYPE: 5 TTYPE: 4 size-1: 0f
 
[        152340001000] IREQ Transaction
[        152340001000] INFO: Transmitting IO packet
[        152340001000]       Instruction #: 40 FTYPE: 5 TTYPE: 4 size-1: 0f
 
[        152452001000] IREQ Transaction
[        152452001000] INFO: Transmitting IO packet
[        152452001000]       Instruction #: 41 FTYPE: 5 TTYPE: 4 size-1: ff
 
[        152452001000] IREQ Transaction
[        152452001000] INFO: Transmitting IO packet
[        152452001000]       Instruction #: 41 FTYPE: 5 TTYPE: 4 size-1: ff
 
[        152852001000] INFO: Receiving IO packet
[        152852001000]       srcTID #: 3b FTYPE: 5 TTYPE: 4 size-1: ff
 
[        152852001000] INFO: Receiving IO packet
[        152852001000]       srcTID #: 3b FTYPE: 5 TTYPE: 4 size-1: ff
 
[        153044001000] IREQ Transaction
[        153044001000] INFO: Transmitting IO packet
[        153044001000]       Instruction #: 42 FTYPE: 5 TTYPE: 4 size-1: 7f
 
[        153044001000] IREQ Transaction
[        153044001000] INFO: Transmitting IO packet
[        153044001000]       Instruction #: 42 FTYPE: 5 TTYPE: 4 size-1: 7f
 
[        153380001000] IREQ Transaction
[        153380001000] INFO: Transmitting IO packet
[        153380001000]       Instruction #: 43 FTYPE: 5 TTYPE: 4 size-1: 5f
 
[        153380001000] IREQ Transaction
[        153380001000] INFO: Transmitting IO packet
[        153380001000]       Instruction #: 43 FTYPE: 5 TTYPE: 4 size-1: 5f
 
[        153396001000] IRESP Receiption
[        153396001000] INFO: Receiving IO packet
[        153396001000]       srcTID #: 32 FTYPE: d TTYPE: 0 size-1: 00
 
[        153396001000] IRESP Receiption
[        153396001000] INFO: Receiving IO packet
[        153396001000]       srcTID #: 32 FTYPE: d TTYPE: 0 size-1: 00
 
[        153444001000] IRESP Receiption
[        153444001000] INFO: Receiving IO packet
[        153444001000]       srcTID #: 33 FTYPE: d TTYPE: 0 size-1: 00
 
[        153444001000] IRESP Receiption
[        153444001000] INFO: Receiving IO packet
[        153444001000]       srcTID #: 33 FTYPE: d TTYPE: 0 size-1: 00
 
[        153492001000] IRESP Receiption
[        153492001000] INFO: Receiving IO packet
[        153492001000]       srcTID #: 34 FTYPE: d TTYPE: 0 size-1: 00
 
[        153492001000] IRESP Receiption
[        153492001000] INFO: Receiving IO packet
[        153492001000]       srcTID #: 34 FTYPE: d TTYPE: 0 size-1: 00
 
[        153540001000] IRESP Receiption
[        153540001000] INFO: Receiving IO packet
[        153540001000]       srcTID #: 35 FTYPE: d TTYPE: 0 size-1: 00
 
[        153540001000] IRESP Receiption
[        153540001000] INFO: Receiving IO packet
[        153540001000]       srcTID #: 35 FTYPE: d TTYPE: 0 size-1: 00
 
[        153588001000] IRESP Receiption
[        153588001000] INFO: Receiving IO packet
[        153588001000]       srcTID #: 36 FTYPE: d TTYPE: 0 size-1: 00
 
[        153588001000] IRESP Receiption
[        153588001000] INFO: Receiving IO packet
[        153588001000]       srcTID #: 36 FTYPE: d TTYPE: 0 size-1: 00
 
[        153636001000] IRESP Receiption
[        153636001000] INFO: Receiving IO packet
[        153636001000]       srcTID #: 37 FTYPE: d TTYPE: 0 size-1: 00
 
[        153636001000] IRESP Receiption
[        153636001000] INFO: Receiving IO packet
[        153636001000]       srcTID #: 37 FTYPE: d TTYPE: 0 size-1: 00
 
[        153652001000] IREQ Transaction
[        153652001000] INFO: Transmitting IO packet
[        153652001000]       Instruction #: 44 FTYPE: 5 TTYPE: 4 size-1: 3f
 
[        153652001000] IREQ Transaction
[        153652001000] INFO: Transmitting IO packet
[        153652001000]       Instruction #: 44 FTYPE: 5 TTYPE: 4 size-1: 3f
 
[        153668001000] INFO: Receiving IO packet
[        153668001000]       srcTID #: 3c FTYPE: 5 TTYPE: 4 size-1: 7f
 
[        153668001000] INFO: Receiving IO packet
[        153668001000]       srcTID #: 3c FTYPE: 5 TTYPE: 4 size-1: 7f
 
[        153860001000] IREQ Transaction
[        153860001000] INFO: Transmitting IO packet
[        153860001000]       Instruction #: 45 FTYPE: 5 TTYPE: 4 size-1: 1f
 
[        153860001000] IREQ Transaction
[        153860001000] INFO: Transmitting IO packet
[        153860001000]       Instruction #: 45 FTYPE: 5 TTYPE: 4 size-1: 1f
 
[        153956001000] INFO: Receiving IO packet
[        153956001000]       srcTID #: 3d FTYPE: 5 TTYPE: 4 size-1: 5f
 
[        153956001000] INFO: Receiving IO packet
[        153956001000]       srcTID #: 3d FTYPE: 5 TTYPE: 4 size-1: 5f
 
[        154004001000] IREQ Transaction
[        154004001000] INFO: Transmitting IO packet
[        154004001000]       Instruction #: 46 FTYPE: 5 TTYPE: 4 size-1: 0f
 
[        154004001000] IREQ Transaction
[        154004001000] INFO: Transmitting IO packet
[        154004001000]       Instruction #: 46 FTYPE: 5 TTYPE: 4 size-1: 0f
 
[        154116001000] IREQ Transaction
[        154116001000] INFO: Transmitting IO packet
[        154116001000]       Instruction #: 47 FTYPE: 5 TTYPE: 4 size-1: 07
 
[        154116001000] IREQ Transaction
[        154116001000] INFO: Transmitting IO packet
[        154116001000]       Instruction #: 47 FTYPE: 5 TTYPE: 4 size-1: 07
 
[        154180001000] INFO: Receiving IO packet
[        154180001000]       srcTID #: 3e FTYPE: 5 TTYPE: 4 size-1: 3f
 
[        154180001000] INFO: Receiving IO packet
[        154180001000]       srcTID #: 3e FTYPE: 5 TTYPE: 4 size-1: 3f
 
[        154212001000] IREQ Transaction
[        154212001000] INFO: Transmitting IO packet
[        154212001000]       Instruction #: 48 FTYPE: 5 TTYPE: 4 size-1: 06
 
[        154212001000] IREQ Transaction
[        154212001000] INFO: Transmitting IO packet
[        154212001000]       Instruction #: 48 FTYPE: 5 TTYPE: 4 size-1: 06
 
[        154308001000] IREQ Transaction
[        154308001000] INFO: Transmitting IO packet
[        154308001000]       Instruction #: 49 FTYPE: 5 TTYPE: 4 size-1: 06
 
[        154308001000] IREQ Transaction
[        154308001000] INFO: Transmitting IO packet
[        154308001000]       Instruction #: 49 FTYPE: 5 TTYPE: 4 size-1: 06
 
[        154340001000] INFO: Receiving IO packet
[        154340001000]       srcTID #: 3f FTYPE: 5 TTYPE: 4 size-1: 1f
 
[        154340001000] INFO: Receiving IO packet
[        154340001000]       srcTID #: 3f FTYPE: 5 TTYPE: 4 size-1: 1f
 
[        154404001000] IREQ Transaction
[        154404001000] INFO: Transmitting IO packet
[        154404001000]       Instruction #: 4a FTYPE: 5 TTYPE: 4 size-1: 05
 
[        154404001000] IREQ Transaction
[        154404001000] INFO: Transmitting IO packet
[        154404001000]       Instruction #: 4a FTYPE: 5 TTYPE: 4 size-1: 05
 
[        154436001000] INFO: Receiving IO packet
[        154436001000]       srcTID #: 40 FTYPE: 5 TTYPE: 4 size-1: 0f
 
[        154436001000] INFO: Receiving IO packet
[        154436001000]       srcTID #: 40 FTYPE: 5 TTYPE: 4 size-1: 0f
 
[        154500001000] IREQ Transaction
[        154500001000] INFO: Transmitting IO packet
[        154500001000]       Instruction #: 4b FTYPE: 2 TTYPE: 4 size-1: 3f
 
[        154500001000] IREQ Transaction
[        154500001000] INFO: Transmitting IO packet
[        154500001000]       Instruction #: 4b FTYPE: 2 TTYPE: 4 size-1: 3f
 
[        154564001000] IREQ Transaction
[        154564001000] INFO: Transmitting IO packet
[        154564001000]       Instruction #: 4c FTYPE: 2 TTYPE: 4 size-1: 1f
 
[        154564001000] IREQ Transaction
[        154564001000] INFO: Transmitting IO packet
[        154564001000]       Instruction #: 4c FTYPE: 2 TTYPE: 4 size-1: 1f
 
[        154628001000] IREQ Transaction
[        154628001000] INFO: Transmitting IO packet
[        154628001000]       Instruction #: 4d FTYPE: 2 TTYPE: 4 size-1: 0f
 
[        154628001000] IREQ Transaction
[        154628001000] INFO: Transmitting IO packet
[        154628001000]       Instruction #: 4d FTYPE: 2 TTYPE: 4 size-1: 0f
 
[        154676001000] INFO: Receiving IO packet
[        154676001000]       srcTID #: 41 FTYPE: 5 TTYPE: 4 size-1: ff
 
[        154676001000] INFO: Receiving IO packet
[        154676001000]       srcTID #: 41 FTYPE: 5 TTYPE: 4 size-1: ff
 
[        154692001000] IREQ Transaction
[        154692001000] INFO: Transmitting IO packet
[        154692001000]       Instruction #: 4e FTYPE: 2 TTYPE: 4 size-1: 07
 
[        154692001000] IREQ Transaction
[        154692001000] INFO: Transmitting IO packet
[        154692001000]       Instruction #: 4e FTYPE: 2 TTYPE: 4 size-1: 07
 
[        154756001000] IREQ Transaction
[        154756001000] INFO: Transmitting IO packet
[        154756001000]       Instruction #: 4f FTYPE: 2 TTYPE: 4 size-1: 06
 
[        154756001000] IREQ Transaction
[        154756001000] INFO: Transmitting IO packet
[        154756001000]       Instruction #: 4f FTYPE: 2 TTYPE: 4 size-1: 06
 
[        154820001000] IREQ Transaction
[        154820001000] INFO: Transmitting IO packet
[        154820001000]       Instruction #: 50 FTYPE: 2 TTYPE: 4 size-1: 06
 
[        154820001000] IREQ Transaction
[        154820001000] INFO: Transmitting IO packet
[        154820001000]       Instruction #: 50 FTYPE: 2 TTYPE: 4 size-1: 06
 
[        154884001000] IREQ Transaction
[        154884001000] INFO: Transmitting IO packet
[        154884001000]       Instruction #: 51 FTYPE: 2 TTYPE: 4 size-1: 05
 
[        154884001000] IREQ Transaction
[        154884001000] INFO: Transmitting IO packet
[        154884001000]       Instruction #: 51 FTYPE: 2 TTYPE: 4 size-1: 05
 
[        154948001000] IREQ Transaction
[        154948001000] INFO: Transmitting IO packet
[        154948001000]       Instruction #: 52 FTYPE: 2 TTYPE: 4 size-1: 05
 
[        154948001000] IREQ Transaction
[        154948001000] INFO: Transmitting IO packet
[        154948001000]       Instruction #: 52 FTYPE: 2 TTYPE: 4 size-1: 05
 
[        155012001000] IREQ Transaction
[        155012001000] INFO: Transmitting IO packet
[        155012001000]       Instruction #: 53 FTYPE: 2 TTYPE: 4 size-1: 04
 
[        155012001000] IREQ Transaction
[        155012001000] INFO: Transmitting IO packet
[        155012001000]       Instruction #: 53 FTYPE: 2 TTYPE: 4 size-1: 04
 
[        155076001000] IREQ Transaction
[        155076001000] INFO: Transmitting IO packet
[        155076001000]       Instruction #: 54 FTYPE: 2 TTYPE: 4 size-1: 04
 
[        155076001000] IREQ Transaction
[        155076001000] INFO: Transmitting IO packet
[        155076001000]       Instruction #: 54 FTYPE: 2 TTYPE: 4 size-1: 04
 
[        155140001000] IREQ Transaction
[        155140001000] INFO: Transmitting IO packet
[        155140001000]       Instruction #: 55 FTYPE: 2 TTYPE: 4 size-1: 03
 
[        155140001000] IREQ Transaction
[        155140001000] INFO: Transmitting IO packet
[        155140001000]       Instruction #: 55 FTYPE: 2 TTYPE: 4 size-1: 03
 
[        155204001000] IREQ Transaction
[        155204001000] INFO: Transmitting IO packet
[        155204001000]       Instruction #: 56 FTYPE: 2 TTYPE: 4 size-1: 03
 
[        155204001000] IREQ Transaction
[        155204001000] INFO: Transmitting IO packet
[        155204001000]       Instruction #: 56 FTYPE: 2 TTYPE: 4 size-1: 03
 
[        155220001000] INFO: Receiving IO packet
[        155220001000]       srcTID #: 42 FTYPE: 5 TTYPE: 4 size-1: 7f
 
[        155220001000] INFO: Receiving IO packet
[        155220001000]       srcTID #: 42 FTYPE: 5 TTYPE: 4 size-1: 7f
 
[        155268001000] IREQ Transaction
[        155268001000] INFO: Transmitting IO packet
[        155268001000]       Instruction #: 57 FTYPE: 2 TTYPE: 4 size-1: 02
 
[        155268001000] IREQ Transaction
[        155268001000] INFO: Transmitting IO packet
[        155268001000]       Instruction #: 57 FTYPE: 2 TTYPE: 4 size-1: 02
 
[        155332001000] IREQ Transaction
[        155332001000] INFO: Transmitting IO packet
[        155332001000]       Instruction #: 58 FTYPE: 2 TTYPE: 4 size-1: 02
 
[        155332001000] IREQ Transaction
[        155332001000] INFO: Transmitting IO packet
[        155332001000]       Instruction #: 58 FTYPE: 2 TTYPE: 4 size-1: 02
 
[        155396001000] IREQ Transaction
[        155396001000] INFO: Transmitting IO packet
[        155396001000]       Instruction #: 59 FTYPE: 2 TTYPE: 4 size-1: 01
 
[        155396001000] IREQ Transaction
[        155396001000] INFO: Transmitting IO packet
[        155396001000]       Instruction #: 59 FTYPE: 2 TTYPE: 4 size-1: 01
 
[        155460001000] IREQ Transaction
[        155460001000] INFO: Transmitting IO packet
[        155460001000]       Instruction #: 5a FTYPE: 2 TTYPE: 4 size-1: 01
 
[        155460001000] IREQ Transaction
[        155460001000] INFO: Transmitting IO packet
[        155460001000]       Instruction #: 5a FTYPE: 2 TTYPE: 4 size-1: 01
 
[        155508001000] INFO: Receiving IO packet
[        155508001000]       srcTID #: 43 FTYPE: 5 TTYPE: 4 size-1: 5f
 
[        155508001000] INFO: Receiving IO packet
[        155508001000]       srcTID #: 43 FTYPE: 5 TTYPE: 4 size-1: 5f
 
[        155524001000] IREQ Transaction
[        155524001000] INFO: Transmitting IO packet
[        155524001000]       Instruction #: 5b FTYPE: 2 TTYPE: 4 size-1: 01
 
[        155524001000] IREQ Transaction
[        155524001000] INFO: Transmitting IO packet
[        155524001000]       Instruction #: 5b FTYPE: 2 TTYPE: 4 size-1: 01
 
[        155588001000] IREQ Transaction
[        155588001000] INFO: Transmitting IO packet
[        155588001000]       Instruction #: 5c FTYPE: 2 TTYPE: 4 size-1: 01
 
[        155588001000] IREQ Transaction
[        155588001000] INFO: Transmitting IO packet
[        155588001000]       Instruction #: 5c FTYPE: 2 TTYPE: 4 size-1: 01
 
[        155652001000] IREQ Transaction
[        155652001000] INFO: Transmitting IO packet
[        155652001000]       Instruction #: 5d FTYPE: 2 TTYPE: 4 size-1: 00
 
[        155652001000] IREQ Transaction
[        155652001000] INFO: Transmitting IO packet
[        155652001000]       Instruction #: 5d FTYPE: 2 TTYPE: 4 size-1: 00
 
[        155716001000] IREQ Transaction
[        155716001000] INFO: Transmitting IO packet
[        155716001000]       Instruction #: 5e FTYPE: 2 TTYPE: 4 size-1: 00
 
[        155716001000] IREQ Transaction
[        155716001000] INFO: Transmitting IO packet
[        155716001000]       Instruction #: 5e FTYPE: 2 TTYPE: 4 size-1: 00
 
[        155732001000] INFO: Receiving IO packet
[        155732001000]       srcTID #: 44 FTYPE: 5 TTYPE: 4 size-1: 3f
 
[        155732001000] INFO: Receiving IO packet
[        155732001000]       srcTID #: 44 FTYPE: 5 TTYPE: 4 size-1: 3f
 
[        155780001000] IREQ Transaction
[        155780001000] INFO: Transmitting IO packet
[        155780001000]       Instruction #: 5f FTYPE: 2 TTYPE: 4 size-1: 00
 
[        155780001000] IREQ Transaction
[        155780001000] INFO: Transmitting IO packet
[        155780001000]       Instruction #: 5f FTYPE: 2 TTYPE: 4 size-1: 00
 
[        155844001000] IREQ Transaction
[        155844001000] INFO: Transmitting IO packet
[        155844001000]       Instruction #: 60 FTYPE: 2 TTYPE: 4 size-1: 00
 
[        155844001000] IREQ Transaction
[        155844001000] INFO: Transmitting IO packet
[        155844001000]       Instruction #: 60 FTYPE: 2 TTYPE: 4 size-1: 00
 
[        155892001000] INFO: Receiving IO packet
[        155892001000]       srcTID #: 45 FTYPE: 5 TTYPE: 4 size-1: 1f
 
[        155892001000] INFO: Receiving IO packet
[        155892001000]       srcTID #: 45 FTYPE: 5 TTYPE: 4 size-1: 1f
 
[        155908001000] IREQ Transaction
[        155908001000] INFO: Transmitting IO packet
[        155908001000]       Instruction #: 61 FTYPE: 2 TTYPE: 4 size-1: 00
 
[        155908001000] IREQ Transaction
[        155908001000] INFO: Transmitting IO packet
[        155908001000]       Instruction #: 61 FTYPE: 2 TTYPE: 4 size-1: 00
 
[        155972001000] IREQ Transaction
[        155972001000] INFO: Transmitting IO packet
[        155972001000]       Instruction #: 62 FTYPE: 2 TTYPE: 4 size-1: 00
 
[        155972001000] IREQ Transaction
[        155972001000] INFO: Transmitting IO packet
[        155972001000]       Instruction #: 62 FTYPE: 2 TTYPE: 4 size-1: 00
 
[        155988001000] INFO: Receiving IO packet
[        155988001000]       srcTID #: 46 FTYPE: 5 TTYPE: 4 size-1: 0f
 
[        155988001000] INFO: Receiving IO packet
[        155988001000]       srcTID #: 46 FTYPE: 5 TTYPE: 4 size-1: 0f
 
[        156036001000] IREQ Transaction
[        156036001000] INFO: Transmitting IO packet
[        156036001000]       Instruction #: 63 FTYPE: 2 TTYPE: 4 size-1: 00
 
[        156036001000] IREQ Transaction
[        156036001000] INFO: Transmitting IO packet
[        156036001000]       Instruction #: 63 FTYPE: 2 TTYPE: 4 size-1: 00
 
[        156052001000] INFO: Receiving IO packet
[        156052001000]       srcTID #: 47 FTYPE: 5 TTYPE: 4 size-1: 07
 
[        156052001000] INFO: Receiving IO packet
[        156052001000]       srcTID #: 47 FTYPE: 5 TTYPE: 4 size-1: 07
 
[        156100001000] IREQ Transaction
[        156100001000] INFO: Transmitting IO packet
[        156100001000]       Instruction #: 64 FTYPE: 2 TTYPE: 4 size-1: 00
 
[        156100001000] INFO: Receiving IO packet
[        156100001000]       srcTID #: 48 FTYPE: 5 TTYPE: 4 size-1: 06
 
[        156100001000] IREQ Transaction
[        156100001000] INFO: Transmitting IO packet
[        156100001000]       Instruction #: 64 FTYPE: 2 TTYPE: 4 size-1: 00
 
[        156100001000] INFO: Receiving IO packet
[        156100001000]       srcTID #: 48 FTYPE: 5 TTYPE: 4 size-1: 06
 
[        156148001000] INFO: Receiving IO packet
[        156148001000]       srcTID #: 49 FTYPE: 5 TTYPE: 4 size-1: 06
 
[        156148001000] INFO: Receiving IO packet
[        156148001000]       srcTID #: 49 FTYPE: 5 TTYPE: 4 size-1: 06
 
[        156164001000] IREQ Transaction
[        156164001000] INFO: Transmitting IO packet
[        156164001000]       Instruction #: 65 FTYPE: a TTYPE: 0 size-1: 01
 
[        156164001000] IREQ Transaction
[        156164001000] INFO: Transmitting IO packet
[        156164001000]       Instruction #: 65 FTYPE: a TTYPE: 0 size-1: 01
 
[        156196001000] INFO: Receiving IO packet
[        156196001000]       srcTID #: 4a FTYPE: 5 TTYPE: 4 size-1: 05
 
[        156196001000] INFO: Receiving IO packet
[        156196001000]       srcTID #: 4a FTYPE: 5 TTYPE: 4 size-1: 05
 
[        156228001000] IREQ Transaction
[        156228001000] INFO: Transmitting IO packet
[        156228001000]       Instruction #: 66 FTYPE: a TTYPE: 0 size-1: 01
 
[        156228001000] IREQ Transaction
[        156228001000] INFO: Transmitting IO packet
[        156228001000]       Instruction #: 66 FTYPE: a TTYPE: 0 size-1: 01
 
[        156244001000] INFO: Receiving IO packet
[        156244001000]       srcTID #: 4b FTYPE: 2 TTYPE: 4 size-1: 3f
 
[        156244001000] INFO: Receiving IO packet
[        156244001000]       srcTID #: 4b FTYPE: 2 TTYPE: 4 size-1: 3f
 
[        156276001000] INFO: Receiving IO packet
[        156276001000]       srcTID #: 4c FTYPE: 2 TTYPE: 4 size-1: 1f
 
[        156276001000] INFO: Receiving IO packet
[        156276001000]       srcTID #: 4c FTYPE: 2 TTYPE: 4 size-1: 1f
 
[        156292001000] IREQ Transaction
[        156292001000] INFO: Transmitting IO packet
[        156292001000]       Instruction #: 00 FTYPE: b TTYPE: 0 size-1: 07
 
[        156292001000] IREQ Transaction
[        156292001000] INFO: Transmitting IO packet
[        156292001000]       Instruction #: 00 FTYPE: b TTYPE: 0 size-1: 07
 
[        156308001000] INFO: Receiving IO packet
[        156308001000]       srcTID #: 4d FTYPE: 2 TTYPE: 4 size-1: 0f
 
[        156308001000] INFO: Receiving IO packet
[        156308001000]       srcTID #: 4d FTYPE: 2 TTYPE: 4 size-1: 0f
 
[        156340001000] INFO: Receiving IO packet
[        156340001000]       srcTID #: 4e FTYPE: 2 TTYPE: 4 size-1: 07
 
[        156340001000] INFO: Receiving IO packet
[        156340001000]       srcTID #: 4e FTYPE: 2 TTYPE: 4 size-1: 07
 
[        156356001000] INFO: Transmitting IO packet
[        156356001000]       Instruction #: 4b FTYPE: d TTYPE: 8 size-1: 00
 
[        156356001000] INFO: Transmitting IO packet
[        156356001000]       Instruction #: 4b FTYPE: d TTYPE: 8 size-1: 00
 
[        156372001000] INFO: Receiving IO packet
[        156372001000]       srcTID #: 4f FTYPE: 2 TTYPE: 4 size-1: 06
 
[        156372001000] INFO: Receiving IO packet
[        156372001000]       srcTID #: 4f FTYPE: 2 TTYPE: 4 size-1: 06
 
[        156388001000] IREQ Transaction
[        156388001000] INFO: Transmitting IO packet
[        156388001000]       Instruction #: 00 FTYPE: b TTYPE: 0 size-1: 07
 
[        156388001000] IREQ Transaction
[        156388001000] INFO: Transmitting IO packet
[        156388001000]       Instruction #: 00 FTYPE: b TTYPE: 0 size-1: 07
 
[        156404001000] INFO: Receiving IO packet
[        156404001000]       srcTID #: 50 FTYPE: 2 TTYPE: 4 size-1: 06
 
[        156404001000] INFO: Receiving IO packet
[        156404001000]       srcTID #: 50 FTYPE: 2 TTYPE: 4 size-1: 06
 
[        156436001000] INFO: Receiving IO packet
[        156436001000]       srcTID #: 51 FTYPE: 2 TTYPE: 4 size-1: 05
 
[        156436001000] INFO: Receiving IO packet
[        156436001000]       srcTID #: 51 FTYPE: 2 TTYPE: 4 size-1: 05
 
[        156468001000] INFO: Receiving IO packet
[        156468001000]       srcTID #: 52 FTYPE: 2 TTYPE: 4 size-1: 05
 
[        156468001000] INFO: Receiving IO packet
[        156468001000]       srcTID #: 52 FTYPE: 2 TTYPE: 4 size-1: 05
 
[        156580001000] INFO: Transmitting IO packet
[        156580001000]       Instruction #: 4c FTYPE: d TTYPE: 8 size-1: 00
 
[        156580001000] INFO: Receiving IO packet
[        156580001000]       srcTID #: 53 FTYPE: 2 TTYPE: 4 size-1: 04
 
[        156580001000] INFO: Transmitting IO packet
[        156580001000]       Instruction #: 4c FTYPE: d TTYPE: 8 size-1: 00
 
[        156580001000] INFO: Receiving IO packet
[        156580001000]       srcTID #: 53 FTYPE: 2 TTYPE: 4 size-1: 04
 
[        156612001000] IREQ Transaction
[        156612001000] INFO: Transmitting IO packet
[        156612001000]       Instruction #: 00 FTYPE: b TTYPE: 0 size-1: 07
 
[        156612001000] INFO: Receiving IO packet
[        156612001000]       srcTID #: 54 FTYPE: 2 TTYPE: 4 size-1: 04
 
[        156612001000] IREQ Transaction
[        156612001000] INFO: Transmitting IO packet
[        156612001000]       Instruction #: 00 FTYPE: b TTYPE: 0 size-1: 07
 
[        156612001000] INFO: Receiving IO packet
[        156612001000]       srcTID #: 54 FTYPE: 2 TTYPE: 4 size-1: 04
 
[        156724001000] INFO: Receiving IO packet
[        156724001000]       srcTID #: 55 FTYPE: 2 TTYPE: 4 size-1: 03
 
[        156724001000] INFO: Receiving IO packet
[        156724001000]       srcTID #: 55 FTYPE: 2 TTYPE: 4 size-1: 03
 
[        156740001000] INFO: Transmitting IO packet
[        156740001000]       Instruction #: 4d FTYPE: d TTYPE: 8 size-1: 00
 
[        156740001000] INFO: Transmitting IO packet
[        156740001000]       Instruction #: 4d FTYPE: d TTYPE: 8 size-1: 00
 
[        156756001000] INFO: Receiving IO packet
[        156756001000]       srcTID #: 56 FTYPE: 2 TTYPE: 4 size-1: 03
 
[        156756001000] INFO: Receiving IO packet
[        156756001000]       srcTID #: 56 FTYPE: 2 TTYPE: 4 size-1: 03
 
[        156772001000] IREQ Transaction
[        156772001000] INFO: Transmitting IO packet
[        156772001000]       Instruction #: 00 FTYPE: b TTYPE: 0 size-1: 07
 
[        156772001000] IREQ Transaction
[        156772001000] INFO: Transmitting IO packet
[        156772001000]       Instruction #: 00 FTYPE: b TTYPE: 0 size-1: 07
 
[        156788001000] INFO: Receiving IO packet
[        156788001000]       srcTID #: 57 FTYPE: 2 TTYPE: 4 size-1: 02
 
[        156788001000] INFO: Receiving IO packet
[        156788001000]       srcTID #: 57 FTYPE: 2 TTYPE: 4 size-1: 02
 
[        156868001000] INFO: Transmitting IO packet
[        156868001000]       Instruction #: 4e FTYPE: d TTYPE: 8 size-1: 00
 
[        156868001000] INFO: Transmitting IO packet
[        156868001000]       Instruction #: 4e FTYPE: d TTYPE: 8 size-1: 00
 
[        156900001000] IREQ Transaction
[        156900001000] INFO: Transmitting IO packet
[        156900001000]       Instruction #: 00 FTYPE: b TTYPE: 0 size-1: 07
 
[        156900001000] INFO: Receiving IO packet
[        156900001000]       srcTID #: 58 FTYPE: 2 TTYPE: 4 size-1: 02
 
[        156900001000] IREQ Transaction
[        156900001000] INFO: Transmitting IO packet
[        156900001000]       Instruction #: 00 FTYPE: b TTYPE: 0 size-1: 07
 
[        156900001000] INFO: Receiving IO packet
[        156900001000]       srcTID #: 58 FTYPE: 2 TTYPE: 4 size-1: 02
 
[        156980001000] INFO: Transmitting IO packet
[        156980001000]       Instruction #: 4f FTYPE: d TTYPE: 8 size-1: 00
 
[        156980001000] INFO: Transmitting IO packet
[        156980001000]       Instruction #: 4f FTYPE: d TTYPE: 8 size-1: 00
 
[        157012001000] IREQ Transaction
[        157012001000] INFO: Transmitting IO packet
[        157012001000]       Instruction #: 00 FTYPE: b TTYPE: 0 size-1: 07
 
[        157012001000] IREQ Transaction
[        157012001000] INFO: Transmitting IO packet
[        157012001000]       Instruction #: 00 FTYPE: b TTYPE: 0 size-1: 07
 
[        157076001000] INFO: Receiving IO packet
[        157076001000]       srcTID #: 59 FTYPE: 2 TTYPE: 4 size-1: 01
 
[        157076001000] INFO: Receiving IO packet
[        157076001000]       srcTID #: 59 FTYPE: 2 TTYPE: 4 size-1: 01
 
[        157092001000] INFO: Transmitting IO packet
[        157092001000]       Instruction #: 50 FTYPE: d TTYPE: 8 size-1: 00
 
[        157092001000] INFO: Transmitting IO packet
[        157092001000]       Instruction #: 50 FTYPE: d TTYPE: 8 size-1: 00
 
[        157108001000] INFO: Receiving IO packet
[        157108001000]       srcTID #: 5a FTYPE: 2 TTYPE: 4 size-1: 01
 
[        157108001000] INFO: Receiving IO packet
[        157108001000]       srcTID #: 5a FTYPE: 2 TTYPE: 4 size-1: 01
 
[        157124001000] IREQ Transaction
[        157124001000] INFO: Transmitting IO packet
[        157124001000]       Instruction #: 00 FTYPE: b TTYPE: 0 size-1: 07
 
[        157124001000] IREQ Transaction
[        157124001000] INFO: Transmitting IO packet
[        157124001000]       Instruction #: 00 FTYPE: b TTYPE: 0 size-1: 07
 
[        157140001000] INFO: Receiving IO packet
[        157140001000]       srcTID #: 5b FTYPE: 2 TTYPE: 4 size-1: 01
 
[        157140001000] INFO: Receiving IO packet
[        157140001000]       srcTID #: 5b FTYPE: 2 TTYPE: 4 size-1: 01
 
[        157172001000] INFO: Receiving IO packet
[        157172001000]       srcTID #: 5c FTYPE: 2 TTYPE: 4 size-1: 01
 
[        157172001000] INFO: Receiving IO packet
[        157172001000]       srcTID #: 5c FTYPE: 2 TTYPE: 4 size-1: 01
 
[        157204001000] INFO: Transmitting IO packet
[        157204001000]       Instruction #: 51 FTYPE: d TTYPE: 8 size-1: 00
 
[        157204001000] INFO: Receiving IO packet
[        157204001000]       srcTID #: 5d FTYPE: 2 TTYPE: 4 size-1: 00
 
[        157204001000] INFO: Transmitting IO packet
[        157204001000]       Instruction #: 51 FTYPE: d TTYPE: 8 size-1: 00
 
[        157204001000] INFO: Receiving IO packet
[        157204001000]       srcTID #: 5d FTYPE: 2 TTYPE: 4 size-1: 00
 
[        157236001000] IREQ Transaction
[        157236001000] INFO: Transmitting IO packet
[        157236001000]       Instruction #: 00 FTYPE: b TTYPE: 0 size-1: 07
 
[        157236001000] INFO: Receiving IO packet
[        157236001000]       srcTID #: 5e FTYPE: 2 TTYPE: 4 size-1: 00
 
[        157236001000] IREQ Transaction
[        157236001000] INFO: Transmitting IO packet
[        157236001000]       Instruction #: 00 FTYPE: b TTYPE: 0 size-1: 07
 
[        157236001000] INFO: Receiving IO packet
[        157236001000]       srcTID #: 5e FTYPE: 2 TTYPE: 4 size-1: 00
 
[        157316001000] INFO: Transmitting IO packet
[        157316001000]       Instruction #: 52 FTYPE: d TTYPE: 8 size-1: 00
 
[        157316001000] INFO: Transmitting IO packet
[        157316001000]       Instruction #: 52 FTYPE: d TTYPE: 8 size-1: 00
 
[        157348001000] IREQ Transaction
[        157348001000] INFO: Transmitting IO packet
[        157348001000]       Instruction #: 00 FTYPE: b TTYPE: 0 size-1: 07
 
[        157348001000] INFO: Receiving IO packet
[        157348001000]       srcTID #: 5f FTYPE: 2 TTYPE: 4 size-1: 00
 
[        157348001000] IREQ Transaction
[        157348001000] INFO: Transmitting IO packet
[        157348001000]       Instruction #: 00 FTYPE: b TTYPE: 0 size-1: 07
 
[        157348001000] INFO: Receiving IO packet
[        157348001000]       srcTID #: 5f FTYPE: 2 TTYPE: 4 size-1: 00
 
[        157380001000] INFO: Receiving IO packet
[        157380001000]       srcTID #: 60 FTYPE: 2 TTYPE: 4 size-1: 00
 
[        157380001000] INFO: Receiving IO packet
[        157380001000]       srcTID #: 60 FTYPE: 2 TTYPE: 4 size-1: 00
 
[        157428001000] INFO: Transmitting IO packet
[        157428001000]       Instruction #: 53 FTYPE: d TTYPE: 8 size-1: 00
 
[        157428001000] INFO: Transmitting IO packet
[        157428001000]       Instruction #: 53 FTYPE: d TTYPE: 8 size-1: 00
 
[        157460001000] IREQ Transaction
[        157460001000] INFO: Transmitting IO packet
[        157460001000]       Instruction #: 00 FTYPE: b TTYPE: 0 size-1: 07
 
[        157460001000] IREQ Transaction
[        157460001000] INFO: Transmitting IO packet
[        157460001000]       Instruction #: 00 FTYPE: b TTYPE: 0 size-1: 07
 
[        157540001000] INFO: Transmitting IO packet
[        157540001000]       Instruction #: 54 FTYPE: d TTYPE: 8 size-1: 00
 
[        157540001000] INFO: Transmitting IO packet
[        157540001000]       Instruction #: 54 FTYPE: d TTYPE: 8 size-1: 00
 
[        157556001000] IRESP Receiption
[        157556001000] INFO: Receiving IO packet
[        157556001000]       srcTID #: 4b FTYPE: d TTYPE: 8 size-1: 00
 
[        157556001000] IRESP Receiption
[        157556001000] INFO: Receiving IO packet
[        157556001000]       srcTID #: 4b FTYPE: d TTYPE: 8 size-1: 00
 
[        157572001000] IREQ Transaction
[        157572001000] INFO: Transmitting IO packet
[        157572001000]       Instruction #: 00 FTYPE: b TTYPE: 0 size-1: 07
 
[        157572001000] IREQ Transaction
[        157572001000] INFO: Transmitting IO packet
[        157572001000]       Instruction #: 00 FTYPE: b TTYPE: 0 size-1: 07
 
[        157652001000] INFO: Transmitting IO packet
[        157652001000]       Instruction #: 55 FTYPE: d TTYPE: 8 size-1: 00
 
[        157652001000] INFO: Transmitting IO packet
[        157652001000]       Instruction #: 55 FTYPE: d TTYPE: 8 size-1: 00
 
[        157684001000] IREQ Transaction
[        157684001000] INFO: Transmitting IO packet
[        157684001000]       Instruction #: 00 FTYPE: b TTYPE: 0 size-1: 07
 
[        157684001000] IREQ Transaction
[        157684001000] INFO: Transmitting IO packet
[        157684001000]       Instruction #: 00 FTYPE: b TTYPE: 0 size-1: 07
 
[        157732001000] IRESP Receiption
[        157732001000] INFO: Receiving IO packet
[        157732001000]       srcTID #: 4c FTYPE: d TTYPE: 8 size-1: 00
 
[        157732001000] IRESP Receiption
[        157732001000] INFO: Receiving IO packet
[        157732001000]       srcTID #: 4c FTYPE: d TTYPE: 8 size-1: 00
 
[        157764001000] INFO: Transmitting IO packet
[        157764001000]       Instruction #: 56 FTYPE: d TTYPE: 8 size-1: 00
 
[        157764001000] INFO: Transmitting IO packet
[        157764001000]       Instruction #: 56 FTYPE: d TTYPE: 8 size-1: 00
 
[        157796001000] IREQ Transaction
[        157796001000] INFO: Transmitting IO packet
[        157796001000]       Instruction #: 00 FTYPE: b TTYPE: 0 size-1: 07
 
[        157796001000] IREQ Transaction
[        157796001000] INFO: Transmitting IO packet
[        157796001000]       Instruction #: 00 FTYPE: b TTYPE: 0 size-1: 07
 
[        157844001000] IRESP Receiption
[        157844001000] INFO: Receiving IO packet
[        157844001000]       srcTID #: 4d FTYPE: d TTYPE: 8 size-1: 00
 
[        157844001000] IRESP Receiption
[        157844001000] INFO: Receiving IO packet
[        157844001000]       srcTID #: 4d FTYPE: d TTYPE: 8 size-1: 00
 
[        157876001000] INFO: Transmitting IO packet
[        157876001000]       Instruction #: 57 FTYPE: d TTYPE: 8 size-1: 00
 
[        157876001000] INFO: Transmitting IO packet
[        157876001000]       Instruction #: 57 FTYPE: d TTYPE: 8 size-1: 00
 
[        157908001000] IREQ Transaction
[        157908001000] INFO: Transmitting IO packet
[        157908001000]       Instruction #: 00 FTYPE: b TTYPE: 0 size-1: 07
 
[        157908001000] INFO: Receiving IO packet
[        157908001000]       srcTID #: 61 FTYPE: 2 TTYPE: 4 size-1: 00
 
[        157908001000] IREQ Transaction
[        157908001000] INFO: Transmitting IO packet
[        157908001000]       Instruction #: 00 FTYPE: b TTYPE: 0 size-1: 07
 
[        157908001000] INFO: Receiving IO packet
[        157908001000]       srcTID #: 61 FTYPE: 2 TTYPE: 4 size-1: 00
 
[        157940001000] IRESP Receiption
[        157940001000] INFO: Receiving IO packet
[        157940001000]       srcTID #: 4e FTYPE: d TTYPE: 8 size-1: 00
 
[        157940001000] IRESP Receiption
[        157940001000] INFO: Receiving IO packet
[        157940001000]       srcTID #: 4e FTYPE: d TTYPE: 8 size-1: 00
 
[        157988001000] INFO: Transmitting IO packet
[        157988001000]       Instruction #: 58 FTYPE: d TTYPE: 8 size-1: 00
 
[        157988001000] INFO: Transmitting IO packet
[        157988001000]       Instruction #: 58 FTYPE: d TTYPE: 8 size-1: 00
 
[        158004001000] IRESP Receiption
[        158004001000] INFO: Receiving IO packet
[        158004001000]       srcTID #: 4f FTYPE: d TTYPE: 8 size-1: 00
 
[        158004001000] IRESP Receiption
[        158004001000] INFO: Receiving IO packet
[        158004001000]       srcTID #: 4f FTYPE: d TTYPE: 8 size-1: 00
 
[        158020001000] IREQ Transaction
[        158020001000] INFO: Transmitting IO packet
[        158020001000]       Instruction #: 00 FTYPE: b TTYPE: 0 size-1: 07
 
[        158020001000] IREQ Transaction
[        158020001000] INFO: Transmitting IO packet
[        158020001000]       Instruction #: 00 FTYPE: b TTYPE: 0 size-1: 07
 
[        158052001000] INFO: Receiving IO packet
[        158052001000]       srcTID #: 62 FTYPE: 2 TTYPE: 4 size-1: 00
 
[        158052001000] INFO: Receiving IO packet
[        158052001000]       srcTID #: 62 FTYPE: 2 TTYPE: 4 size-1: 00
 
[        158084001000] IRESP Receiption
[        158084001000] INFO: Receiving IO packet
[        158084001000]       srcTID #: 50 FTYPE: d TTYPE: 8 size-1: 00
 
[        158084001000] IRESP Receiption
[        158084001000] INFO: Receiving IO packet
[        158084001000]       srcTID #: 50 FTYPE: d TTYPE: 8 size-1: 00
 
[        158100001000] INFO: Transmitting IO packet
[        158100001000]       Instruction #: 59 FTYPE: d TTYPE: 8 size-1: 00
 
[        158100001000] INFO: Transmitting IO packet
[        158100001000]       Instruction #: 59 FTYPE: d TTYPE: 8 size-1: 00
 
[        158132001000] IREQ Transaction
[        158132001000] INFO: Transmitting IO packet
[        158132001000]       Instruction #: 00 FTYPE: b TTYPE: 0 size-1: 07
 
[        158132001000] IREQ Transaction
[        158132001000] INFO: Transmitting IO packet
[        158132001000]       Instruction #: 00 FTYPE: b TTYPE: 0 size-1: 07
 
[        158180001000] INFO: Receiving IO packet
[        158180001000]       srcTID #: 63 FTYPE: 2 TTYPE: 4 size-1: 00
 
[        158180001000] INFO: Receiving IO packet
[        158180001000]       srcTID #: 63 FTYPE: 2 TTYPE: 4 size-1: 00
 
[        158212001000] IRESP Receiption
[        158212001000] INFO: Receiving IO packet
[        158212001000]       srcTID #: 51 FTYPE: d TTYPE: 8 size-1: 00
 
[        158212001000] INFO: Transmitting IO packet
[        158212001000]       Instruction #: 5a FTYPE: d TTYPE: 8 size-1: 00
 
[        158212001000] IRESP Receiption
[        158212001000] INFO: Receiving IO packet
[        158212001000]       srcTID #: 51 FTYPE: d TTYPE: 8 size-1: 00
 
[        158212001000] INFO: Transmitting IO packet
[        158212001000]       Instruction #: 5a FTYPE: d TTYPE: 8 size-1: 00
 
[        158244001000] IREQ Transaction
[        158244001000] INFO: Transmitting IO packet
[        158244001000]       Instruction #: 00 FTYPE: b TTYPE: 0 size-1: 07
 
[        158244001000] IREQ Transaction
[        158244001000] INFO: Transmitting IO packet
[        158244001000]       Instruction #: 00 FTYPE: b TTYPE: 0 size-1: 07
 
[        158324001000] INFO: Transmitting IO packet
[        158324001000]       Instruction #: 5b FTYPE: d TTYPE: 8 size-1: 00
 
[        158324001000] INFO: Receiving IO packet
[        158324001000]       srcTID #: 64 FTYPE: 2 TTYPE: 4 size-1: 00
 
[        158324001000] INFO: Transmitting IO packet
[        158324001000]       Instruction #: 5b FTYPE: d TTYPE: 8 size-1: 00
 
[        158324001000] INFO: Receiving IO packet
[        158324001000]       srcTID #: 64 FTYPE: 2 TTYPE: 4 size-1: 00
 
[        158356001000] IRESP Receiption
[        158356001000] INFO: Receiving IO packet
[        158356001000]       srcTID #: 52 FTYPE: d TTYPE: 8 size-1: 00
 
[        158356001000] IRESP Receiption
[        158356001000] INFO: Receiving IO packet
[        158356001000]       srcTID #: 52 FTYPE: d TTYPE: 8 size-1: 00
 
[        158420001000] IRESP Receiption
[        158420001000] INFO: Receiving IO packet
[        158420001000]       srcTID #: 53 FTYPE: d TTYPE: 8 size-1: 00
 
[        158420001000] IRESP Receiption
[        158420001000] INFO: Receiving IO packet
[        158420001000]       srcTID #: 53 FTYPE: d TTYPE: 8 size-1: 00
 
[        158436001000] INFO: Transmitting IO packet
[        158436001000]       Instruction #: 5c FTYPE: d TTYPE: 8 size-1: 00
 
[        158436001000] INFO: Transmitting IO packet
[        158436001000]       Instruction #: 5c FTYPE: d TTYPE: 8 size-1: 00
 
[        158484001000] INFO: Receiving IO packet
[        158484001000]       srcTID #: 65 FTYPE: a TTYPE: 0 size-1: 00
 
[        158484001000] INFO: Receiving IO packet
[        158484001000]       srcTID #: 65 FTYPE: a TTYPE: 0 size-1: 00
 
[        158516001000] IRESP Receiption
[        158516001000] INFO: Receiving IO packet
[        158516001000]       srcTID #: 54 FTYPE: d TTYPE: 8 size-1: 00
 
[        158516001000] IRESP Receiption
[        158516001000] INFO: Receiving IO packet
[        158516001000]       srcTID #: 54 FTYPE: d TTYPE: 8 size-1: 00
 
[        158548001000] INFO: Transmitting IO packet
[        158548001000]       Instruction #: 5d FTYPE: d TTYPE: 8 size-1: 00
 
[        158548001000] INFO: Transmitting IO packet
[        158548001000]       Instruction #: 5d FTYPE: d TTYPE: 8 size-1: 00
 
[        158564001000] INFO: Receiving IO packet
[        158564001000]       srcTID #: 66 FTYPE: a TTYPE: 0 size-1: 00
 
[        158564001000] INFO: Receiving IO packet
[        158564001000]       srcTID #: 66 FTYPE: a TTYPE: 0 size-1: 00
 
[        158628001000] IRESP Receiption
[        158628001000] INFO: Receiving IO packet
[        158628001000]       srcTID #: 55 FTYPE: d TTYPE: 8 size-1: 00
 
[        158628001000] IRESP Receiption
[        158628001000] INFO: Receiving IO packet
[        158628001000]       srcTID #: 55 FTYPE: d TTYPE: 8 size-1: 00
 
[        158660001000] INFO: Transmitting IO packet
[        158660001000]       Instruction #: 5e FTYPE: d TTYPE: 8 size-1: 00
 
[        158660001000] INFO: Transmitting IO packet
[        158660001000]       Instruction #: 5e FTYPE: d TTYPE: 8 size-1: 00
 
[        158676001000] INFO: Receiving IO packet
[        158676001000]       srcTID #: 00 FTYPE: b TTYPE: 0 size-1: 07
 
[        158676001000] INFO: Receiving IO packet
[        158676001000]       srcTID #: 00 FTYPE: b TTYPE: 0 size-1: 07
 
[        158772001000] IRESP Receiption
[        158772001000] INFO: Receiving IO packet
[        158772001000]       srcTID #: 56 FTYPE: d TTYPE: 8 size-1: 00
 
[        158772001000] INFO: Transmitting IO packet
[        158772001000]       Instruction #: 5f FTYPE: d TTYPE: 8 size-1: 00
 
[        158772001000] IRESP Receiption
[        158772001000] INFO: Receiving IO packet
[        158772001000]       srcTID #: 56 FTYPE: d TTYPE: 8 size-1: 00
 
[        158772001000] INFO: Transmitting IO packet
[        158772001000]       Instruction #: 5f FTYPE: d TTYPE: 8 size-1: 00
 
[        158820001000] INFO: Receiving IO packet
[        158820001000]       srcTID #: 00 FTYPE: b TTYPE: 0 size-1: 07
 
[        158820001000] INFO: Receiving IO packet
[        158820001000]       srcTID #: 00 FTYPE: b TTYPE: 0 size-1: 07
 
[        158884001000] INFO: Transmitting IO packet
[        158884001000]       Instruction #: 60 FTYPE: d TTYPE: 8 size-1: 00
 
[        158884001000] INFO: Transmitting IO packet
[        158884001000]       Instruction #: 60 FTYPE: d TTYPE: 8 size-1: 00
 
[        158916001000] IRESP Receiption
[        158916001000] INFO: Receiving IO packet
[        158916001000]       srcTID #: 57 FTYPE: d TTYPE: 8 size-1: 00
 
[        158916001000] IRESP Receiption
[        158916001000] INFO: Receiving IO packet
[        158916001000]       srcTID #: 57 FTYPE: d TTYPE: 8 size-1: 00
 
[        158964001000] INFO: Receiving IO packet
[        158964001000]       srcTID #: 00 FTYPE: b TTYPE: 0 size-1: 07
 
[        158964001000] INFO: Receiving IO packet
[        158964001000]       srcTID #: 00 FTYPE: b TTYPE: 0 size-1: 07
 
[        158996001000] INFO: Transmitting IO packet
[        158996001000]       Instruction #: 61 FTYPE: d TTYPE: 8 size-1: 00
 
[        158996001000] INFO: Transmitting IO packet
[        158996001000]       Instruction #: 61 FTYPE: d TTYPE: 8 size-1: 00
 
[        159012001000] IRESP Receiption
[        159012001000] INFO: Receiving IO packet
[        159012001000]       srcTID #: 58 FTYPE: d TTYPE: 8 size-1: 00
 
[        159012001000] IRESP Receiption
[        159012001000] INFO: Receiving IO packet
[        159012001000]       srcTID #: 58 FTYPE: d TTYPE: 8 size-1: 00
 
[        159092001000] IRESP Receiption
[        159092001000] INFO: Receiving IO packet
[        159092001000]       srcTID #: 59 FTYPE: d TTYPE: 8 size-1: 00
 
[        159092001000] IRESP Receiption
[        159092001000] INFO: Receiving IO packet
[        159092001000]       srcTID #: 59 FTYPE: d TTYPE: 8 size-1: 00
 
[        159108001000] INFO: Transmitting IO packet
[        159108001000]       Instruction #: 62 FTYPE: d TTYPE: 8 size-1: 00
 
[        159108001000] INFO: Transmitting IO packet
[        159108001000]       Instruction #: 62 FTYPE: d TTYPE: 8 size-1: 00
 
[        159140001000] INFO: Receiving IO packet
[        159140001000]       srcTID #: 00 FTYPE: b TTYPE: 0 size-1: 07
 
[        159140001000] INFO: Receiving IO packet
[        159140001000]       srcTID #: 00 FTYPE: b TTYPE: 0 size-1: 07
 
[        159220001000] INFO: Transmitting IO packet
[        159220001000]       Instruction #: 63 FTYPE: d TTYPE: 8 size-1: 00
 
[        159220001000] INFO: Transmitting IO packet
[        159220001000]       Instruction #: 63 FTYPE: d TTYPE: 8 size-1: 00
 
[        159236001000] IRESP Receiption
[        159236001000] INFO: Receiving IO packet
[        159236001000]       srcTID #: 5a FTYPE: d TTYPE: 8 size-1: 00
 
[        159236001000] IRESP Receiption
[        159236001000] INFO: Receiving IO packet
[        159236001000]       srcTID #: 5a FTYPE: d TTYPE: 8 size-1: 00
 
[        159284001000] INFO: Receiving IO packet
[        159284001000]       srcTID #: 00 FTYPE: b TTYPE: 0 size-1: 07
 
[        159284001000] INFO: Receiving IO packet
[        159284001000]       srcTID #: 00 FTYPE: b TTYPE: 0 size-1: 07
 
[        159332001000] IRESP Receiption
[        159332001000] INFO: Receiving IO packet
[        159332001000]       srcTID #: 5b FTYPE: d TTYPE: 8 size-1: 00
 
[        159332001000] INFO: Transmitting IO packet
[        159332001000]       Instruction #: 64 FTYPE: d TTYPE: 8 size-1: 00
 
[        159332001000] IRESP Receiption
[        159332001000] INFO: Receiving IO packet
[        159332001000]       srcTID #: 5b FTYPE: d TTYPE: 8 size-1: 00
 
[        159332001000] INFO: Transmitting IO packet
[        159332001000]       Instruction #: 64 FTYPE: d TTYPE: 8 size-1: 00
 
[        159412001000] INFO: Receiving IO packet
[        159412001000]       srcTID #: 00 FTYPE: b TTYPE: 0 size-1: 07
 
[        159412001000] INFO: Receiving IO packet
[        159412001000]       srcTID #: 00 FTYPE: b TTYPE: 0 size-1: 07
 
[        159444001000] INFO: Transmitting IO packet
[        159444001000]       Instruction #: 65 FTYPE: d TTYPE: 0 size-1: 00
 
[        159444001000] INFO: Transmitting IO packet
[        159444001000]       Instruction #: 65 FTYPE: d TTYPE: 0 size-1: 00
 
[        159460001000] IRESP Receiption
[        159460001000] INFO: Receiving IO packet
[        159460001000]       srcTID #: 5c FTYPE: d TTYPE: 8 size-1: 00
 
[        159460001000] IRESP Receiption
[        159460001000] INFO: Receiving IO packet
[        159460001000]       srcTID #: 5c FTYPE: d TTYPE: 8 size-1: 00
 
[        159524001000] INFO: Transmitting IO packet
[        159524001000]       Instruction #: 66 FTYPE: d TTYPE: 0 size-1: 00
 
[        159524001000] INFO: Transmitting IO packet
[        159524001000]       Instruction #: 66 FTYPE: d TTYPE: 0 size-1: 00
 
[        159556001000] IRESP Receiption
[        159556001000] INFO: Receiving IO packet
[        159556001000]       srcTID #: 5d FTYPE: d TTYPE: 8 size-1: 00
 
[        159556001000] IRESP Receiption
[        159556001000] INFO: Receiving IO packet
[        159556001000]       srcTID #: 5d FTYPE: d TTYPE: 8 size-1: 00
 
[        159604001000] INFO: Transmitting IO packet
[        159604001000]       Instruction #: 00 FTYPE: d TTYPE: 1 size-1: 00
 
[        159604001000] INFO: Receiving IO packet
[        159604001000]       srcTID #: 00 FTYPE: b TTYPE: 0 size-1: 07
 
[        159604001000] INFO: Transmitting IO packet
[        159604001000]       Instruction #: 00 FTYPE: d TTYPE: 1 size-1: 00
 
[        159604001000] INFO: Receiving IO packet
[        159604001000]       srcTID #: 00 FTYPE: b TTYPE: 0 size-1: 07
 
[        159652001000] IRESP Receiption
[        159652001000] INFO: Receiving IO packet
[        159652001000]       srcTID #: 5e FTYPE: d TTYPE: 8 size-1: 00
 
[        159652001000] IRESP Receiption
[        159652001000] INFO: Receiving IO packet
[        159652001000]       srcTID #: 5e FTYPE: d TTYPE: 8 size-1: 00
 
[        159684001000] INFO: Transmitting IO packet
[        159684001000]       Instruction #: 00 FTYPE: d TTYPE: 1 size-1: 00
 
[        159684001000] INFO: Transmitting IO packet
[        159684001000]       Instruction #: 00 FTYPE: d TTYPE: 1 size-1: 00
 
[        159732001000] INFO: Receiving IO packet
[        159732001000]       srcTID #: 00 FTYPE: b TTYPE: 0 size-1: 07
 
[        159732001000] INFO: Receiving IO packet
[        159732001000]       srcTID #: 00 FTYPE: b TTYPE: 0 size-1: 07
 
[        159764001000] INFO: Transmitting IO packet
[        159764001000]       Instruction #: 00 FTYPE: d TTYPE: 1 size-1: 00
 
[        159764001000] INFO: Transmitting IO packet
[        159764001000]       Instruction #: 00 FTYPE: d TTYPE: 1 size-1: 00
 
[        159780001000] IRESP Receiption
[        159780001000] INFO: Receiving IO packet
[        159780001000]       srcTID #: 5f FTYPE: d TTYPE: 8 size-1: 00
 
[        159780001000] IRESP Receiption
[        159780001000] INFO: Receiving IO packet
[        159780001000]       srcTID #: 5f FTYPE: d TTYPE: 8 size-1: 00
 
[        159844001000] INFO: Transmitting IO packet
[        159844001000]       Instruction #: 00 FTYPE: d TTYPE: 1 size-1: 00
 
[        159844001000] INFO: Transmitting IO packet
[        159844001000]       Instruction #: 00 FTYPE: d TTYPE: 1 size-1: 00
 
[        159876001000] INFO: Receiving IO packet
[        159876001000]       srcTID #: 00 FTYPE: b TTYPE: 0 size-1: 07
 
[        159876001000] INFO: Receiving IO packet
[        159876001000]       srcTID #: 00 FTYPE: b TTYPE: 0 size-1: 07
 
[        159924001000] IRESP Receiption
[        159924001000] INFO: Receiving IO packet
[        159924001000]       srcTID #: 60 FTYPE: d TTYPE: 8 size-1: 00
 
[        159924001000] INFO: Transmitting IO packet
[        159924001000]       Instruction #: 00 FTYPE: d TTYPE: 1 size-1: 00
 
[        159924001000] IRESP Receiption
[        159924001000] INFO: Receiving IO packet
[        159924001000]       srcTID #: 60 FTYPE: d TTYPE: 8 size-1: 00
 
[        159924001000] INFO: Transmitting IO packet
[        159924001000]       Instruction #: 00 FTYPE: d TTYPE: 1 size-1: 00
 
[        159988001000] IRESP Receiption
[        159988001000] INFO: Receiving IO packet
[        159988001000]       srcTID #: 61 FTYPE: d TTYPE: 8 size-1: 00
 
[        159988001000] IRESP Receiption
[        159988001000] INFO: Receiving IO packet
[        159988001000]       srcTID #: 61 FTYPE: d TTYPE: 8 size-1: 00
 
[        160004001000] INFO: Transmitting IO packet
[        160004001000]       Instruction #: 00 FTYPE: d TTYPE: 1 size-1: 00
 
[        160004001000] INFO: Transmitting IO packet
[        160004001000]       Instruction #: 00 FTYPE: d TTYPE: 1 size-1: 00
 
[        160052001000] INFO: Receiving IO packet
[        160052001000]       srcTID #: 00 FTYPE: b TTYPE: 0 size-1: 07
 
[        160052001000] INFO: Receiving IO packet
[        160052001000]       srcTID #: 00 FTYPE: b TTYPE: 0 size-1: 07
 
[        160084001000] INFO: Transmitting IO packet
[        160084001000]       Instruction #: 00 FTYPE: d TTYPE: 1 size-1: 00
 
[        160084001000] INFO: Transmitting IO packet
[        160084001000]       Instruction #: 00 FTYPE: d TTYPE: 1 size-1: 00
 
[        160100001000] IRESP Receiption
[        160100001000] INFO: Receiving IO packet
[        160100001000]       srcTID #: 62 FTYPE: d TTYPE: 8 size-1: 00
 
[        160100001000] IRESP Receiption
[        160100001000] INFO: Receiving IO packet
[        160100001000]       srcTID #: 62 FTYPE: d TTYPE: 8 size-1: 00
 
[        160164001000] INFO: Transmitting IO packet
[        160164001000]       Instruction #: 00 FTYPE: d TTYPE: 1 size-1: 00
 
[        160164001000] INFO: Transmitting IO packet
[        160164001000]       Instruction #: 00 FTYPE: d TTYPE: 1 size-1: 00
 
[        160196001000] INFO: Receiving IO packet
[        160196001000]       srcTID #: 00 FTYPE: b TTYPE: 0 size-1: 07
 
[        160196001000] INFO: Receiving IO packet
[        160196001000]       srcTID #: 00 FTYPE: b TTYPE: 0 size-1: 07
 
[        160244001000] IRESP Receiption
[        160244001000] INFO: Receiving IO packet
[        160244001000]       srcTID #: 63 FTYPE: d TTYPE: 8 size-1: 00
 
[        160244001000] INFO: Transmitting IO packet
[        160244001000]       Instruction #: 00 FTYPE: d TTYPE: 1 size-1: 00
 
[        160244001000] IRESP Receiption
[        160244001000] INFO: Receiving IO packet
[        160244001000]       srcTID #: 63 FTYPE: d TTYPE: 8 size-1: 00
 
[        160244001000] INFO: Transmitting IO packet
[        160244001000]       Instruction #: 00 FTYPE: d TTYPE: 1 size-1: 00
 
[        160292001000] INFO: Receiving IO packet
[        160292001000]       srcTID #: 00 FTYPE: b TTYPE: 0 size-1: 07
 
[        160292001000] INFO: Receiving IO packet
[        160292001000]       srcTID #: 00 FTYPE: b TTYPE: 0 size-1: 07
 
[        160324001000] INFO: Transmitting IO packet
[        160324001000]       Instruction #: 00 FTYPE: d TTYPE: 1 size-1: 00
 
[        160324001000] INFO: Transmitting IO packet
[        160324001000]       Instruction #: 00 FTYPE: d TTYPE: 1 size-1: 00
 
[        160372001000] IRESP Receiption
[        160372001000] INFO: Receiving IO packet
[        160372001000]       srcTID #: 64 FTYPE: d TTYPE: 8 size-1: 00
 
[        160372001000] IRESP Receiption
[        160372001000] INFO: Receiving IO packet
[        160372001000]       srcTID #: 64 FTYPE: d TTYPE: 8 size-1: 00
 
[        160404001000] INFO: Transmitting IO packet
[        160404001000]       Instruction #: 00 FTYPE: d TTYPE: 1 size-1: 00
 
[        160404001000] INFO: Transmitting IO packet
[        160404001000]       Instruction #: 00 FTYPE: d TTYPE: 1 size-1: 00
 
[        160436001000] IRESP Receiption
[        160436001000] INFO: Receiving IO packet
[        160436001000]       srcTID #: 65 FTYPE: d TTYPE: 0 size-1: 00
 
[        160436001000] IRESP Receiption
[        160436001000] INFO: Receiving IO packet
[        160436001000]       srcTID #: 65 FTYPE: d TTYPE: 0 size-1: 00
 
[        160484001000] IRESP Receiption
[        160484001000] INFO: Receiving IO packet
[        160484001000]       srcTID #: 66 FTYPE: d TTYPE: 0 size-1: 00
 
[        160484001000] INFO: Transmitting IO packet
[        160484001000]       Instruction #: 00 FTYPE: d TTYPE: 1 size-1: 00
 
[        160484001000] IRESP Receiption
[        160484001000] INFO: Receiving IO packet
[        160484001000]       srcTID #: 66 FTYPE: d TTYPE: 0 size-1: 00
 
[        160484001000] INFO: Transmitting IO packet
[        160484001000]       Instruction #: 00 FTYPE: d TTYPE: 1 size-1: 00
 
[        160516001000] INFO: Receiving IO packet
[        160516001000]       srcTID #: 00 FTYPE: b TTYPE: 0 size-1: 07
 
[        160516001000] INFO: Receiving IO packet
[        160516001000]       srcTID #: 00 FTYPE: b TTYPE: 0 size-1: 07
 
[        160564001000] IRESP Receiption
[        160564001000] INFO: Receiving IO packet
[        160564001000]       srcTID #: 00 FTYPE: d TTYPE: 1 size-1: 00
 
[        160564001000] IRESP Receiption
[        160564001000] INFO: Receiving IO packet
[        160564001000]       srcTID #: 00 FTYPE: d TTYPE: 1 size-1: 00
 
[        160628001000] INFO: Transmitting IO packet
[        160628001000]       Instruction #: 00 FTYPE: d TTYPE: 1 size-1: 00
 
[        160628001000] INFO: Transmitting IO packet
[        160628001000]       Instruction #: 00 FTYPE: d TTYPE: 1 size-1: 00
 
[        160644001000] IRESP Receiption
[        160644001000] INFO: Receiving IO packet
[        160644001000]       srcTID #: 00 FTYPE: d TTYPE: 1 size-1: 00
 
[        160644001000] IRESP Receiption
[        160644001000] INFO: Receiving IO packet
[        160644001000]       srcTID #: 00 FTYPE: d TTYPE: 1 size-1: 00
 
[        160676001000] INFO: Receiving IO packet
[        160676001000]       srcTID #: 00 FTYPE: b TTYPE: 0 size-1: 07
 
[        160676001000] INFO: Receiving IO packet
[        160676001000]       srcTID #: 00 FTYPE: b TTYPE: 0 size-1: 07
 
[        160724001000] IRESP Receiption
[        160724001000] INFO: Receiving IO packet
[        160724001000]       srcTID #: 00 FTYPE: d TTYPE: 1 size-1: 00
 
[        160724001000] IRESP Receiption
[        160724001000] INFO: Receiving IO packet
[        160724001000]       srcTID #: 00 FTYPE: d TTYPE: 1 size-1: 00
 
[        160788001000] IRESP Receiption
[        160788001000] INFO: Receiving IO packet
[        160788001000]       srcTID #: 00 FTYPE: d TTYPE: 1 size-1: 00
 
[        160788001000] INFO: Transmitting IO packet
[        160788001000]       Instruction #: 00 FTYPE: d TTYPE: 1 size-1: 00
 
[        160788001000] IRESP Receiption
[        160788001000] INFO: Receiving IO packet
[        160788001000]       srcTID #: 00 FTYPE: d TTYPE: 1 size-1: 00
 
[        160788001000] INFO: Transmitting IO packet
[        160788001000]       Instruction #: 00 FTYPE: d TTYPE: 1 size-1: 00
 
[        160820001000] INFO: Receiving IO packet
[        160820001000]       srcTID #: 00 FTYPE: b TTYPE: 0 size-1: 07
 
[        160820001000] INFO: Receiving IO packet
[        160820001000]       srcTID #: 00 FTYPE: b TTYPE: 0 size-1: 07
 
[        160916001000] IRESP Receiption
[        160916001000] INFO: Receiving IO packet
[        160916001000]       srcTID #: 00 FTYPE: d TTYPE: 1 size-1: 00
 
[        160916001000] IRESP Receiption
[        160916001000] INFO: Receiving IO packet
[        160916001000]       srcTID #: 00 FTYPE: d TTYPE: 1 size-1: 00
 
[        160932001000] INFO: Transmitting IO packet
[        160932001000]       Instruction #: 00 FTYPE: d TTYPE: 1 size-1: 00
 
[        160932001000] INFO: Transmitting IO packet
[        160932001000]       Instruction #: 00 FTYPE: d TTYPE: 1 size-1: 00
 
[        160964001000] IRESP Receiption
[        160964001000] INFO: Receiving IO packet
[        160964001000]       srcTID #: 00 FTYPE: d TTYPE: 1 size-1: 00
 
[        160964001000] IRESP Receiption
[        160964001000] INFO: Receiving IO packet
[        160964001000]       srcTID #: 00 FTYPE: d TTYPE: 1 size-1: 00
 
[        161028001000] INFO: Receiving IO packet
[        161028001000]       srcTID #: 00 FTYPE: b TTYPE: 0 size-1: 07
 
[        161028001000] INFO: Receiving IO packet
[        161028001000]       srcTID #: 00 FTYPE: b TTYPE: 0 size-1: 07
 
[        161076001000] IRESP Receiption
[        161076001000] INFO: Receiving IO packet
[        161076001000]       srcTID #: 00 FTYPE: d TTYPE: 1 size-1: 00
 
[        161076001000] IRESP Receiption
[        161076001000] INFO: Receiving IO packet
[        161076001000]       srcTID #: 00 FTYPE: d TTYPE: 1 size-1: 00
blk_mem_gen_v8_4_4 collision detected at time: 161124000, Instance: srio_sim.srio_example_top_mirror.srio_support_inst.srio_5gx1_inst.inst.srio_gen2_v4_1_11_unifiedtop_inst.buf_core_inst.buf_top_inst.buf_rx_inst.buf_rx_bram_bank_inst.blk_mem_inst.\native_mem_module.blk_mem_gen_v8_4_4_inst , A write address: 2be, B  read address: 2be
blk_mem_gen_v8_4_4 collision detected at time: 161124000, Instance: srio_sim.srio_example_top_primary.srio_support_inst.srio_5gx1_inst.inst.srio_gen2_v4_1_11_unifiedtop_inst.buf_core_inst.buf_top_inst.buf_rx_inst.buf_rx_bram_bank_inst.blk_mem_inst.\native_mem_module.blk_mem_gen_v8_4_4_inst , A write address: 2be, B  read address: 2be
 
[        161124001000] IRESP Receiption
[        161124001000] INFO: Receiving IO packet
[        161124001000]       srcTID #: 00 FTYPE: d TTYPE: 1 size-1: 00
 
[        161124001000] IRESP Receiption
[        161124001000] INFO: Receiving IO packet
[        161124001000]       srcTID #: 00 FTYPE: d TTYPE: 1 size-1: 00
 
[        161140001000] INFO: Transmitting IO packet
[        161140001000]       Instruction #: 00 FTYPE: d TTYPE: 1 size-1: 00
 
[        161140001000] INFO: Transmitting IO packet
[        161140001000]       Instruction #: 00 FTYPE: d TTYPE: 1 size-1: 00
 
[        161172001000] INFO: Receiving IO packet
[        161172001000]       srcTID #: 00 FTYPE: b TTYPE: 0 size-1: 07
 
[        161172001000] INFO: Receiving IO packet
[        161172001000]       srcTID #: 00 FTYPE: b TTYPE: 0 size-1: 07
 
[        161220001000] IRESP Receiption
[        161220001000] INFO: Receiving IO packet
[        161220001000]       srcTID #: 00 FTYPE: d TTYPE: 1 size-1: 00
 
[        161220001000] IRESP Receiption
[        161220001000] INFO: Receiving IO packet
[        161220001000]       srcTID #: 00 FTYPE: d TTYPE: 1 size-1: 00
 
[        161284001000] INFO: Transmitting IO packet
[        161284001000]       Instruction #: 00 FTYPE: d TTYPE: 1 size-1: 00
 
[        161284001000] INFO: Transmitting IO packet
[        161284001000]       Instruction #: 00 FTYPE: d TTYPE: 1 size-1: 00
 
[        161300001000] IRESP Receiption
[        161300001000] INFO: Receiving IO packet
[        161300001000]       srcTID #: 00 FTYPE: d TTYPE: 1 size-1: 00
 
[        161300001000] IRESP Receiption
[        161300001000] INFO: Receiving IO packet
[        161300001000]       srcTID #: 00 FTYPE: d TTYPE: 1 size-1: 00
 
[        161348001000] IRESP Receiption
[        161348001000] INFO: Receiving IO packet
[        161348001000]       srcTID #: 00 FTYPE: d TTYPE: 1 size-1: 00
 
[        161348001000] IRESP Receiption
[        161348001000] INFO: Receiving IO packet
[        161348001000]       srcTID #: 00 FTYPE: d TTYPE: 1 size-1: 00
 
[        161412001000] IRESP Receiption
[        161412001000] INFO: Receiving IO packet
[        161412001000]       srcTID #: 00 FTYPE: d TTYPE: 1 size-1: 00
 
[        161412001000] IRESP Receiption
[        161412001000] INFO: Receiving IO packet
[        161412001000]       srcTID #: 00 FTYPE: d TTYPE: 1 size-1: 00
 
[        161540001000] IRESP Receiption
[        161540001000] INFO: Receiving IO packet
[        161540001000]       srcTID #: 00 FTYPE: d TTYPE: 1 size-1: 00
 
[        161540001000] IRESP Receiption
[        161540001000] INFO: Receiving IO packet
[        161540001000]       srcTID #: 00 FTYPE: d TTYPE: 1 size-1: 00
 
[        161700001000] IRESP Receiption
[        161700001000] INFO: Receiving IO packet
[        161700001000]       srcTID #: 00 FTYPE: d TTYPE: 1 size-1: 00
 
[        161700001000] IRESP Receiption
[        161700001000] INFO: Receiving IO packet
[        161700001000]       srcTID #: 00 FTYPE: d TTYPE: 1 size-1: 00
 
[        161844001000] IRESP Receiption
[        161844001000] INFO: Receiving IO packet
[        161844001000]       srcTID #: 00 FTYPE: d TTYPE: 1 size-1: 00
 
[        161844001000] IRESP Receiption
[        161844001000] INFO: Receiving IO packet
[        161844001000]       srcTID #: 00 FTYPE: d TTYPE: 1 size-1: 00
 
[        162052001000] IRESP Receiption
[        162052001000] INFO: Receiving IO packet
[        162052001000]       srcTID #: 00 FTYPE: d TTYPE: 1 size-1: 00
 
[        162052001000] IRESP Receiption
[        162052001000] INFO: Receiving IO packet
[        162052001000]       srcTID #: 00 FTYPE: d TTYPE: 1 size-1: 00
 
[        162196001000] IRESP Receiption
[        162196001000] INFO: Receiving IO packet
[        162196001000]       srcTID #: 00 FTYPE: d TTYPE: 1 size-1: 00
 
[        162196001000] IRESP Receiption
[        162196001000] INFO: Receiving IO packet
[        162196001000]       srcTID #: 00 FTYPE: d TTYPE: 1 size-1: 00


*****************************************************************
**************** Test Completed Successfully ********************
************* All Packets Checked and Accounted For *************
*****************************************************************


$finish called at time : 162205 ns : File "g:/00_module/07_fpga/develop_20200323/rtl/00_xilinx_ip/02_srio/srio_5gx1_ex/imports/srio_sim.v" Line 251
