#-----------------------------------------------------------
# Vivado v2021.1 (64-bit)
# SW Build 3247384 on Thu Jun 10 19:36:33 MDT 2021
# IP Build 3246043 on Fri Jun 11 00:30:35 MDT 2021
# Start of session at: Mon Apr 14 13:30:36 2025
# Process ID: 36564
# Current directory: g:/00_module/07_fpga/develop_20200323/rtl/00_xilinx_ip/02_srio/srio_5gx1_ex
# Command line: vivado.exe -notrace -source g:/00_module/07_fpga/develop_20200323/rtl/00_xilinx_ip/02_srio/srio_5gx1/srio_5gx1_ex.tcl
# Log file: g:/00_module/07_fpga/develop_20200323/rtl/00_xilinx_ip/02_srio/srio_5gx1_ex/vivado.log
# Journal file: g:/00_module/07_fpga/develop_20200323/rtl/00_xilinx_ip/02_srio/srio_5gx1_ex\vivado.jou
#-----------------------------------------------------------
start_gui
source g:/00_module/07_fpga/develop_20200323/rtl/00_xilinx_ip/02_srio/srio_5gx1/srio_5gx1_ex.tcl -notrace
INFO: [open_example_project] Creating new example project...
INFO: [IP_Flow 19-234] Refreshing IP repositories
INFO: [IP_Flow 19-1704] No user IP repositories specified
INFO: [IP_Flow 19-2313] Loaded Vivado IP repository 'C:/Xilinx/Vivado/2021.1/data/ip'.
create_project: Time (s): cpu = 00:00:14 ; elapsed = 00:00:08 . Memory (MB): peak = 1253.750 ; gain = 0.000
INFO: [open_example_project] Importing original IP ...
INFO: [open_example_project] Generating the example project IP ...
INFO: [IP_Flow 19-1706] Not generating 'Instantiation Template' target for IP 'srio_5gx1'. Target already exists and is up to date.
INFO: [IP_Flow 19-1706] Not generating 'Synthesis' target for IP 'srio_5gx1'. Target already exists and is up to date.
INFO: [IP_Flow 19-1706] Not generating 'Simulation' target for IP 'srio_5gx1'. Target already exists and is up to date.
INFO: [IP_Flow 19-1706] Not generating 'Implementation' target for IP 'srio_5gx1'. Target already exists and is up to date.
INFO: [open_example_project] Adding example synthesis HDL files ...
INFO: [open_example_project] Adding example XDC files ...
INFO: [open_example_project] Adding simulation HDL files ...
INFO: [open_example_project] Sourcing example extension scripts ...
INFO: [open_example_project] Sourcing extension script: set_vivado_prop.tcl
INFO: [open_example_project] Rebuilding all the top level IPs ...
INFO: [SIM-utils-72] Using boost library from 'C:/Xilinx/Vivado/2021.1/tps/boost_1_72_0'
INFO: [exportsim-Tcl-35] Exporting simulation files for "XSIM" (Xilinx Vivado Simulator)...
INFO: [exportsim-Tcl-29] Script generated: 'G:/00_module/07_fpga/develop_20200323/rtl/00_xilinx_ip/02_srio/srio_5gx1_ex/srio_5gx1_ex.ip_user_files/sim_scripts/srio_5gx1/xsim/srio_5gx1.sh'
INFO: [exportsim-Tcl-35] Exporting simulation files for "MODELSIM" (Mentor Graphics ModelSim Simulator)...
INFO: [exportsim-Tcl-29] Script generated: 'G:/00_module/07_fpga/develop_20200323/rtl/00_xilinx_ip/02_srio/srio_5gx1_ex/srio_5gx1_ex.ip_user_files/sim_scripts/srio_5gx1/modelsim/srio_5gx1.sh'
INFO: [exportsim-Tcl-35] Exporting simulation files for "QUESTA" (Mentor Graphics Questa Advanced Simulator)...
INFO: [exportsim-Tcl-29] Script generated: 'G:/00_module/07_fpga/develop_20200323/rtl/00_xilinx_ip/02_srio/srio_5gx1_ex/srio_5gx1_ex.ip_user_files/sim_scripts/srio_5gx1/questa/srio_5gx1.sh'
INFO: [exportsim-Tcl-35] Exporting simulation files for "IES" (Cadence Incisive Enterprise Simulator)...
INFO: [exportsim-Tcl-29] Script generated: 'G:/00_module/07_fpga/develop_20200323/rtl/00_xilinx_ip/02_srio/srio_5gx1_ex/srio_5gx1_ex.ip_user_files/sim_scripts/srio_5gx1/ies/srio_5gx1.sh'
INFO: [exportsim-Tcl-35] Exporting simulation files for "XCELIUM" (Cadence Xcelium Parallel Simulator)...
INFO: [exportsim-Tcl-29] Script generated: 'G:/00_module/07_fpga/develop_20200323/rtl/00_xilinx_ip/02_srio/srio_5gx1_ex/srio_5gx1_ex.ip_user_files/sim_scripts/srio_5gx1/xcelium/srio_5gx1.sh'
INFO: [exportsim-Tcl-35] Exporting simulation files for "VCS" (Synopsys Verilog Compiler Simulator)...
INFO: [exportsim-Tcl-29] Script generated: 'G:/00_module/07_fpga/develop_20200323/rtl/00_xilinx_ip/02_srio/srio_5gx1_ex/srio_5gx1_ex.ip_user_files/sim_scripts/srio_5gx1/vcs/srio_5gx1.sh'
INFO: [exportsim-Tcl-35] Exporting simulation files for "RIVIERA" (Aldec Riviera-PRO Simulator)...
INFO: [exportsim-Tcl-29] Script generated: 'G:/00_module/07_fpga/develop_20200323/rtl/00_xilinx_ip/02_srio/srio_5gx1_ex/srio_5gx1_ex.ip_user_files/sim_scripts/srio_5gx1/riviera/srio_5gx1.sh'
INFO: [exportsim-Tcl-35] Exporting simulation files for "ACTIVEHDL" (Aldec Active-HDL Simulator)...
INFO: [exportsim-Tcl-29] Script generated: 'G:/00_module/07_fpga/develop_20200323/rtl/00_xilinx_ip/02_srio/srio_5gx1_ex/srio_5gx1_ex.ip_user_files/sim_scripts/srio_5gx1/activehdl/srio_5gx1.sh'
INFO: [open_example_project] Open Example Project completed
update_compile_order -fileset sources_1
launch_simulation
Command: launch_simulation 
INFO: [Vivado 12-12493] Simulation top is 'srio_sim'
INFO: [Vivado 12-5698] Checking validity of IPs in the design for the 'XSim' simulator...
INFO: [Runs 36-567] Checking/generating simulation output products for IPs/BDs (if any)...
INFO: [Vivado 12-5682] Launching behavioral simulation in 'g:/00_module/07_fpga/develop_20200323/rtl/00_xilinx_ip/02_srio/srio_5gx1_ex/srio_5gx1_ex.sim/sim_1/behav/xsim'
INFO: [Vivado 12-4795] Using compiled simulation libraries for IPs
INFO: [SIM-utils-51] Simulation object is 'sim_1'
INFO: [SIM-utils-72] Using boost library from 'C:/Xilinx/Vivado/2021.1/tps/boost_1_72_0'
INFO: [USF-XSim-7] Finding pre-compiled libraries...
INFO: [USF-XSim-11] File 'C:/Xilinx/Vivado/2021.1/data/xsim/xsim.ini' copied to run dir:'g:/00_module/07_fpga/develop_20200323/rtl/00_xilinx_ip/02_srio/srio_5gx1_ex/srio_5gx1_ex.sim/sim_1/behav/xsim'
INFO: [SIM-utils-54] Inspecting design source files for 'srio_sim' in fileset 'sim_1'...
INFO: [USF-XSim-97] Finding global include files...
INFO: [USF-XSim-98] Fetching design files from 'sim_1'...
INFO: [USF-XSim-2] XSim::Compile design
INFO: [USF-XSim-61] Executing 'COMPILE and ANALYZE' step in 'g:/00_module/07_fpga/develop_20200323/rtl/00_xilinx_ip/02_srio/srio_5gx1_ex/srio_5gx1_ex.sim/sim_1/behav/xsim'
"xvlog --incr --relax -prj srio_sim_vlog.prj"
INFO: [VRFC 10-2263] Analyzing Verilog file "g:/00_module/07_fpga/develop_20200323/rtl/00_xilinx_ip/02_srio/srio_5gx1_ex/srio_5gx1_ex.gen/sources_1/ip/srio_5gx1/synth/cfg_fabric_srio_5gx1.v" into library xil_defaultlib
INFO: [VRFC 10-311] analyzing module cfg_fabric_srio_5gx1
INFO: [VRFC 10-2263] Analyzing Verilog file "g:/00_module/07_fpga/develop_20200323/rtl/00_xilinx_ip/02_srio/srio_5gx1_ex/srio_5gx1_ex.gen/sources_1/ip/srio_5gx1/synth/srio_5gx1_gtx_GT.v" into library xil_defaultlib
INFO: [VRFC 10-311] analyzing module srio_5gx1_GT
INFO: [VRFC 10-2263] Analyzing Verilog file "g:/00_module/07_fpga/develop_20200323/rtl/00_xilinx_ip/02_srio/srio_5gx1_ex/srio_5gx1_ex.gen/sources_1/ip/srio_5gx1/synth/srio_5gx1_gtxe2_init.v" into library xil_defaultlib
INFO: [VRFC 10-311] analyzing module srio_5gx1_init
INFO: [VRFC 10-2263] Analyzing Verilog file "g:/00_module/07_fpga/develop_20200323/rtl/00_xilinx_ip/02_srio/srio_5gx1_ex/srio_5gx1_ex.gen/sources_1/ip/srio_5gx1/synth/srio_5gx1_gtx_multi_gt.v" into library xil_defaultlib
INFO: [VRFC 10-311] analyzing module srio_5gx1_multi_gt
INFO: [VRFC 10-2263] Analyzing Verilog file "g:/00_module/07_fpga/develop_20200323/rtl/00_xilinx_ip/02_srio/srio_5gx1_ex/srio_5gx1_ex.gen/sources_1/ip/srio_5gx1/synth/srio_5gx1_gtxe2_rx_startup_fsm.v" into library xil_defaultlib
INFO: [VRFC 10-311] analyzing module srio_5gx1_RX_STARTUP_FSM
INFO: [VRFC 10-2263] Analyzing Verilog file "g:/00_module/07_fpga/develop_20200323/rtl/00_xilinx_ip/02_srio/srio_5gx1_ex/srio_5gx1_ex.gen/sources_1/ip/srio_5gx1/synth/srio_5gx1_gtxe2_sync_block.v" into library xil_defaultlib
INFO: [VRFC 10-311] analyzing module srio_5gx1_sync_block
INFO: [VRFC 10-2263] Analyzing Verilog file "g:/00_module/07_fpga/develop_20200323/rtl/00_xilinx_ip/02_srio/srio_5gx1_ex/srio_5gx1_ex.gen/sources_1/ip/srio_5gx1/synth/srio_5gx1_gtxe2_tx_startup_fsm.v" into library xil_defaultlib
INFO: [VRFC 10-311] analyzing module srio_5gx1_TX_STARTUP_FSM
INFO: [VRFC 10-2263] Analyzing Verilog file "g:/00_module/07_fpga/develop_20200323/rtl/00_xilinx_ip/02_srio/srio_5gx1_ex/srio_5gx1_ex.gen/sources_1/ip/srio_5gx1/synth/srio_gt_wrapper_srio_5gx1_k7_1x.v" into library xil_defaultlib
INFO: [VRFC 10-311] analyzing module srio_gt_wrapper_srio_5gx1_k7_1x
INFO: [VRFC 10-2263] Analyzing Verilog file "g:/00_module/07_fpga/develop_20200323/rtl/00_xilinx_ip/02_srio/srio_5gx1_ex/srio_5gx1_ex.gen/sources_1/ip/srio_5gx1/synth/srio_5gx1_block.v" into library xil_defaultlib
INFO: [VRFC 10-311] analyzing module srio_5gx1_block
INFO: [VRFC 10-2458] undeclared symbol gtpowergood_out, assumed default net type wire [g:/00_module/07_fpga/develop_20200323/rtl/00_xilinx_ip/02_srio/srio_5gx1_ex/srio_5gx1_ex.gen/sources_1/ip/srio_5gx1/synth/srio_5gx1_block.v:444]
INFO: [VRFC 10-2263] Analyzing Verilog file "g:/00_module/07_fpga/develop_20200323/rtl/00_xilinx_ip/02_srio/srio_5gx1_ex/srio_5gx1_ex.gen/sources_1/ip/srio_5gx1/synth/srio_5gx1.v" into library xil_defaultlib
INFO: [VRFC 10-311] analyzing module srio_5gx1
INFO: [VRFC 10-2263] Analyzing Verilog file "g:/00_module/07_fpga/develop_20200323/rtl/00_xilinx_ip/02_srio/srio_5gx1_ex/imports/srio_5gx1_k7_v7_gtxe2_common.v" into library xil_defaultlib
INFO: [VRFC 10-311] analyzing module srio_5gx1_k7_v7_gtxe2_common
INFO: [VRFC 10-2263] Analyzing Verilog file "g:/00_module/07_fpga/develop_20200323/rtl/00_xilinx_ip/02_srio/srio_5gx1_ex/imports/srio_5gx1_srio_clk.v" into library xil_defaultlib
INFO: [VRFC 10-311] analyzing module srio_5gx1_srio_clk
INFO: [VRFC 10-2263] Analyzing Verilog file "g:/00_module/07_fpga/develop_20200323/rtl/00_xilinx_ip/02_srio/srio_5gx1_ex/imports/srio_5gx1_srio_rst.v" into library xil_defaultlib
INFO: [VRFC 10-311] analyzing module srio_5gx1_srio_rst
INFO: [VRFC 10-2263] Analyzing Verilog file "g:/00_module/07_fpga/develop_20200323/rtl/00_xilinx_ip/02_srio/srio_5gx1_ex/imports/srio_5gx1_support.v" into library xil_defaultlib
INFO: [VRFC 10-311] analyzing module srio_5gx1_support
INFO: [VRFC 10-2458] undeclared symbol gt0_qpll_lock_out, assumed default net type wire [g:/00_module/07_fpga/develop_20200323/rtl/00_xilinx_ip/02_srio/srio_5gx1_ex/imports/srio_5gx1_support.v:399]
INFO: [VRFC 10-2263] Analyzing Verilog file "g:/00_module/07_fpga/develop_20200323/rtl/00_xilinx_ip/02_srio/srio_5gx1_ex/imports/srio_example_top_srio_5gx1.v" into library xil_defaultlib
INFO: [VRFC 10-311] analyzing module srio_example_top_srio_5gx1
INFO: [VRFC 10-2458] undeclared symbol gt_clk, assumed default net type wire [g:/00_module/07_fpga/develop_20200323/rtl/00_xilinx_ip/02_srio/srio_5gx1_ex/imports/srio_example_top_srio_5gx1.v:497]
INFO: [VRFC 10-2458] undeclared symbol drpclk, assumed default net type wire [g:/00_module/07_fpga/develop_20200323/rtl/00_xilinx_ip/02_srio/srio_5gx1_ex/imports/srio_example_top_srio_5gx1.v:500]
INFO: [VRFC 10-2458] undeclared symbol refclk, assumed default net type wire [g:/00_module/07_fpga/develop_20200323/rtl/00_xilinx_ip/02_srio/srio_5gx1_ex/imports/srio_example_top_srio_5gx1.v:502]
INFO: [VRFC 10-2458] undeclared symbol buf_rst, assumed default net type wire [g:/00_module/07_fpga/develop_20200323/rtl/00_xilinx_ip/02_srio/srio_5gx1_ex/imports/srio_example_top_srio_5gx1.v:508]
INFO: [VRFC 10-2458] undeclared symbol cfg_rst, assumed default net type wire [g:/00_module/07_fpga/develop_20200323/rtl/00_xilinx_ip/02_srio/srio_5gx1_ex/imports/srio_example_top_srio_5gx1.v:509]
INFO: [VRFC 10-2458] undeclared symbol gt_pcs_rst, assumed default net type wire [g:/00_module/07_fpga/develop_20200323/rtl/00_xilinx_ip/02_srio/srio_5gx1_ex/imports/srio_example_top_srio_5gx1.v:510]
INFO: [VRFC 10-2458] undeclared symbol gt0_qpll_clk_out, assumed default net type wire [g:/00_module/07_fpga/develop_20200323/rtl/00_xilinx_ip/02_srio/srio_5gx1_ex/imports/srio_example_top_srio_5gx1.v:513]
INFO: [VRFC 10-2458] undeclared symbol gt0_qpll_out_refclk_out, assumed default net type wire [g:/00_module/07_fpga/develop_20200323/rtl/00_xilinx_ip/02_srio/srio_5gx1_ex/imports/srio_example_top_srio_5gx1.v:514]
INFO: [VRFC 10-2263] Analyzing Verilog file "g:/00_module/07_fpga/develop_20200323/rtl/00_xilinx_ip/02_srio/srio_5gx1_ex/imports/srio_quick_start_srio_5gx1.v" into library xil_defaultlib
INFO: [VRFC 10-311] analyzing module srio_quick_start_srio_5gx1
INFO: [VRFC 10-2263] Analyzing Verilog file "g:/00_module/07_fpga/develop_20200323/rtl/00_xilinx_ip/02_srio/srio_5gx1_ex/imports/srio_report.v" into library xil_defaultlib
INFO: [VRFC 10-311] analyzing module srio_report
INFO: [VRFC 10-2263] Analyzing Verilog file "g:/00_module/07_fpga/develop_20200323/rtl/00_xilinx_ip/02_srio/srio_5gx1_ex/imports/srio_request_gen_srio_5gx1.v" into library xil_defaultlib
INFO: [VRFC 10-311] analyzing module srio_request_gen_srio_5gx1
INFO: [VRFC 10-2263] Analyzing Verilog file "g:/00_module/07_fpga/develop_20200323/rtl/00_xilinx_ip/02_srio/srio_5gx1_ex/imports/srio_response_gen_srio_5gx1.v" into library xil_defaultlib
INFO: [VRFC 10-311] analyzing module srio_response_gen_srio_5gx1
INFO: [VRFC 10-2263] Analyzing Verilog file "g:/00_module/07_fpga/develop_20200323/rtl/00_xilinx_ip/02_srio/srio_5gx1_ex/imports/srio_statistics_srio_5gx1.v" into library xil_defaultlib
INFO: [VRFC 10-311] analyzing module srio_statistics_srio_5gx1
INFO: [VRFC 10-2263] Analyzing Verilog file "g:/00_module/07_fpga/develop_20200323/rtl/00_xilinx_ip/02_srio/srio_5gx1_ex/imports/srio_sim.v" into library xil_defaultlib
INFO: [VRFC 10-311] analyzing module srio_sim
INFO: [VRFC 10-2263] Analyzing Verilog file "g:/00_module/07_fpga/develop_20200323/rtl/00_xilinx_ip/02_srio/srio_5gx1_ex/srio_5gx1_ex.sim/sim_1/behav/xsim/glbl.v" into library xil_defaultlib
INFO: [VRFC 10-311] analyzing module glbl
"xvhdl --incr --relax -prj srio_sim_vhdl.prj"
INFO: [USF-XSim-69] 'compile' step finished in '5' seconds
INFO: [USF-XSim-3] XSim::Elaborate design
INFO: [USF-XSim-61] Executing 'ELABORATE' step in 'g:/00_module/07_fpga/develop_20200323/rtl/00_xilinx_ip/02_srio/srio_5gx1_ex/srio_5gx1_ex.sim/sim_1/behav/xsim'
"xelab -wto c61293ade1f6433c9deda9ef0104f2d5 --incr --debug typical --relax --mt 2 -L xil_defaultlib -L blk_mem_gen_v8_4_4 -L fifo_generator_v13_2_5 -L srio_gen2_v4_1_11 -L unisims_ver -L unimacro_ver -L secureip -L xpm --snapshot srio_sim_behav xil_defaultlib.srio_sim xil_defaultlib.glbl -log elaborate.log"
Vivado Simulator v2021.1
Copyright 1986-1999, 2001-2021 Xilinx, Inc. All Rights Reserved.
Running: C:/Xilinx/Vivado/2021.1/bin/unwrapped/win64.o/xelab.exe -wto c61293ade1f6433c9deda9ef0104f2d5 --incr --debug typical --relax --mt 2 -L xil_defaultlib -L blk_mem_gen_v8_4_4 -L fifo_generator_v13_2_5 -L srio_gen2_v4_1_11 -L unisims_ver -L unimacro_ver -L secureip -L xpm --snapshot srio_sim_behav xil_defaultlib.srio_sim xil_defaultlib.glbl -log elaborate.log 
Using 2 slave threads.
Starting static elaboration
Pass Through NonSizing Optimizer
WARNING: [VRFC 10-526] concatenation with unsized literal; will interpret as 32 bits [/wrk/ci/prod/2021.1/sw/continuous/3932/packages/customer/vivado/data/ip/xilinx/srio_gen2_v4_1/hdl/srio_gen2_v4_1_rfs.v:32755]
WARNING: [VRFC 10-3705] select index 7 into 'destripe_pdsc' is out of bounds [/wrk/ci/prod/2021.1/sw/continuous/3932/packages/customer/vivado/data/ip/xilinx/srio_gen2_v4_1/hdl/srio_gen2_v4_1_rfs.v:15758]
WARNING: [VRFC 10-3705] select index 5 into 'destripe_pdsc' is out of bounds [/wrk/ci/prod/2021.1/sw/continuous/3932/packages/customer/vivado/data/ip/xilinx/srio_gen2_v4_1/hdl/srio_gen2_v4_1_rfs.v:15759]
WARNING: [VRFC 10-3705] select index 7 into 'destripe_pdsc' is out of bounds [/wrk/ci/prod/2021.1/sw/continuous/3932/packages/customer/vivado/data/ip/xilinx/srio_gen2_v4_1/hdl/srio_gen2_v4_1_rfs.v:15790]
WARNING: [VRFC 10-3705] select index 5 into 'destripe_pdsc' is out of bounds [/wrk/ci/prod/2021.1/sw/continuous/3932/packages/customer/vivado/data/ip/xilinx/srio_gen2_v4_1/hdl/srio_gen2_v4_1_rfs.v:15791]
WARNING: [VRFC 10-3705] select index 7 into 'destripe_pdsc' is out of bounds [/wrk/ci/prod/2021.1/sw/continuous/3932/packages/customer/vivado/data/ip/xilinx/srio_gen2_v4_1/hdl/srio_gen2_v4_1_rfs.v:15833]
WARNING: [VRFC 10-3705] select index 5 into 'destripe_pdsc' is out of bounds [/wrk/ci/prod/2021.1/sw/continuous/3932/packages/customer/vivado/data/ip/xilinx/srio_gen2_v4_1/hdl/srio_gen2_v4_1_rfs.v:15835]
Completed static elaboration
Starting simulation data flow analysis
Completed simulation data flow analysis
Time Resolution for simulation is 1fs
Compiling package std.standard
Compiling package std.textio
Compiling package ieee.std_logic_1164
Compiling package ieee.numeric_std
Compiling package ieee.std_logic_arith
Compiling package ieee.std_logic_signed
Compiling architecture xilinx of entity srio_gen2_v4_1_11.srio_gen2_v4_1_11_log [\srio_gen2_v4_1_11_log(component...]
Compiling module fifo_generator_v13_2_5.fifo_generator_v13_2_5_sync_stag...
Compiling module fifo_generator_v13_2_5.fifo_generator_v13_2_5_bhv_ver_a...
Compiling module fifo_generator_v13_2_5.fifo_generator_v13_2_5_bhv_ver_p...
Compiling module fifo_generator_v13_2_5.fifo_generator_v13_2_5_CONV_VER(...
Compiling module fifo_generator_v13_2_5.fifo_generator_vlog_beh(C_DATA_C...
Compiling module fifo_generator_v13_2_5.fifo_generator_v13_2_5_sync_stag...
Compiling module fifo_generator_v13_2_5.fifo_generator_v13_2_5_bhv_ver_a...
Compiling module fifo_generator_v13_2_5.fifo_generator_v13_2_5_CONV_VER(...
Compiling module fifo_generator_v13_2_5.fifo_generator_vlog_beh(C_DATA_C...
Compiling module blk_mem_gen_v8_4_4.blk_mem_gen_v8_4_4_output_stage(...
Compiling module blk_mem_gen_v8_4_4.blk_mem_gen_v8_4_4_output_stage(...
Compiling module blk_mem_gen_v8_4_4.blk_mem_gen_v8_4_4_softecc_outpu...
Compiling module blk_mem_gen_v8_4_4.blk_mem_gen_v8_4_4_mem_module(C_...
Compiling module blk_mem_gen_v8_4_4.blk_mem_gen_v8_4_4(C_FAMILY="kin...
Compiling module blk_mem_gen_v8_4_4.blk_mem_gen_v8_4_4_output_stage(...
Compiling module blk_mem_gen_v8_4_4.blk_mem_gen_v8_4_4_output_stage(...
Compiling module blk_mem_gen_v8_4_4.blk_mem_gen_v8_4_4_softecc_outpu...
Compiling module blk_mem_gen_v8_4_4.blk_mem_gen_v8_4_4_mem_module(C_...
Compiling module blk_mem_gen_v8_4_4.blk_mem_axi_regs_fwd_v8_4(C_DATA...
Compiling module blk_mem_gen_v8_4_4.blk_mem_gen_v8_4_4(C_FAMILY="kin...
Compiling architecture xilinx of entity srio_gen2_v4_1_11.srio_gen2_v4_1_11_buf [\srio_gen2_v4_1_11_buf(component...]
WARNING: [VRFC 10-3705] select index 7 into 'destripe_pdsc' is out of bounds [/wrk/ci/prod/2021.1/sw/continuous/3932/packages/customer/vivado/data/ip/xilinx/srio_gen2_v4_1/hdl/srio_gen2_v4_1_rfs.v:15758]
WARNING: [VRFC 10-3705] select index 5 into 'destripe_pdsc' is out of bounds [/wrk/ci/prod/2021.1/sw/continuous/3932/packages/customer/vivado/data/ip/xilinx/srio_gen2_v4_1/hdl/srio_gen2_v4_1_rfs.v:15759]
WARNING: [VRFC 10-3705] select index 7 into 'destripe_pdsc' is out of bounds [/wrk/ci/prod/2021.1/sw/continuous/3932/packages/customer/vivado/data/ip/xilinx/srio_gen2_v4_1/hdl/srio_gen2_v4_1_rfs.v:15790]
WARNING: [VRFC 10-3705] select index 5 into 'destripe_pdsc' is out of bounds [/wrk/ci/prod/2021.1/sw/continuous/3932/packages/customer/vivado/data/ip/xilinx/srio_gen2_v4_1/hdl/srio_gen2_v4_1_rfs.v:15791]
WARNING: [VRFC 10-3705] select index 7 into 'destripe_pdsc' is out of bounds [/wrk/ci/prod/2021.1/sw/continuous/3932/packages/customer/vivado/data/ip/xilinx/srio_gen2_v4_1/hdl/srio_gen2_v4_1_rfs.v:15833]
WARNING: [VRFC 10-3705] select index 5 into 'destripe_pdsc' is out of bounds [/wrk/ci/prod/2021.1/sw/continuous/3932/packages/customer/vivado/data/ip/xilinx/srio_gen2_v4_1/hdl/srio_gen2_v4_1_rfs.v:15835]
Compiling architecture xilinx of entity srio_gen2_v4_1_11.srio_gen2_v4_1_11_phy [\srio_gen2_v4_1_11_phy(c_phy_ef_...]
Compiling architecture imp of entity srio_gen2_v4_1_11.srio_gen2_v4_1_11_unifiedtop [\srio_gen2_v4_1_11_unifiedtop(co...]
Compiling module unisims_ver.GTXE2_CHANNEL(ALIGN_COMMA_ENABLE...
Compiling module unisims_ver.FDRE_default
Compiling module unisims_ver.FD
Compiling module xil_defaultlib.srio_5gx1_GT(GT_SIM_GTRESET_SPEE...
Compiling module xil_defaultlib.srio_5gx1_multi_gt(WRAPPER_SIM_G...
Compiling module xil_defaultlib.srio_5gx1_sync_block
Compiling module xil_defaultlib.srio_5gx1_TX_STARTUP_FSM(STABLE_...
Compiling module xil_defaultlib.srio_5gx1_RX_STARTUP_FSM(STABLE_...
Compiling module xil_defaultlib.srio_5gx1_init_default
Compiling module xil_defaultlib.srio_gt_wrapper_srio_5gx1_k7_1x
Compiling module xil_defaultlib.cfg_fabric_srio_5gx1
Compiling module xil_defaultlib.srio_5gx1_block
Compiling module xil_defaultlib.srio_5gx1
Compiling module unisims_ver.IBUFDS_GTE2
Compiling module unisims_ver.BUFG
Compiling module unisims_ver.MMCME2_ADV(CLKFBOUT_MULT_F=8.0,C...
Compiling module xil_defaultlib.srio_5gx1_srio_clk
Compiling module xil_defaultlib.srio_5gx1_srio_rst
Compiling module unisims_ver.GTXE2_COMMON(QPLL_CFG=27'b011010...
Compiling module xil_defaultlib.srio_5gx1_k7_v7_gtxe2_common_def...
Compiling module xil_defaultlib.srio_5gx1_support
Compiling module xil_defaultlib.srio_report(VERBOSITY=2)
Compiling module unisims_ver.RB36_INTERNAL_VLOG(RAM_MODE="SDP...
Compiling module unisims_ver.RAMB36E1(RAM_MODE="SDP",READ_WID...
Compiling module unisims_ver.RAMB36SDP(SIM_COLLISION_CHECK="N...
Compiling module xil_defaultlib.srio_request_gen_srio_5gx1(SEND_...
Compiling module xil_defaultlib.srio_report(VERBOSITY=2,DIRECTIO...
Compiling module xil_defaultlib.srio_response_gen_srio_5gx1
Compiling module unisims_ver.RB36_INTERNAL_VLOG(RAM_MODE="SDP...
Compiling module unisims_ver.RAMB36E1(INIT_00=256'b0100000000...
Compiling module unisims_ver.RAMB36SDP(INIT_00=256'b010000000...
Compiling module xil_defaultlib.srio_quick_start_srio_5gx1_defau...
Compiling module xil_defaultlib.srio_statistics_srio_5gx1
Compiling module xil_defaultlib.srio_example_top_srio_5gx1_defau...
Compiling module xil_defaultlib.srio_sim
Compiling module xil_defaultlib.glbl
Built simulation snapshot srio_sim_behav

****** Webtalk v2021.1 (64-bit)
  **** SW Build 3247384 on Thu Jun 10 19:36:33 MDT 2021
  **** IP Build 3246043 on Fri Jun 11 00:30:35 MDT 2021
    ** Copyright 1986-2021 Xilinx, Inc. All Rights Reserved.

source g:/00_module/07_fpga/develop_20200323/rtl/00_xilinx_ip/02_srio/srio_5gx1_ex/srio_5gx1_ex.sim/sim_1/behav/xsim/xsim.dir/srio_sim_behav/webtalk/xsim_webtalk.tcl -notrace
INFO: [Common 17-206] Exiting Webtalk at Mon Apr 14 14:24:32 2025...
run_program: Time (s): cpu = 00:00:03 ; elapsed = 00:02:11 . Memory (MB): peak = 1253.750 ; gain = 0.000
INFO: [USF-XSim-69] 'elaborate' step finished in '131' seconds
INFO: [USF-XSim-4] XSim::Simulate design
INFO: [USF-XSim-61] Executing 'SIMULATE' step in 'g:/00_module/07_fpga/develop_20200323/rtl/00_xilinx_ip/02_srio/srio_5gx1_ex/srio_5gx1_ex.sim/sim_1/behav/xsim'
INFO: [USF-XSim-98] *** Running xsim
   with args "srio_sim_behav -key {Behavioral:sim_1:Functional:srio_sim} -tclbatch {srio_sim.tcl} -log {simulate.log}"
INFO: [USF-XSim-8] Loading simulator feature
Time resolution is 1 fs
source srio_sim.tcl
# set curr_wave [current_wave_config]
# if { [string length $curr_wave] == 0 } {
#   if { [llength [get_objects]] > 0} {
#     add_wave /
#     set_property needs_save false [current_wave_config]
#   } else {
#      send_msg_id Add_Wave-1 WARNING "No top level signals found. Simulator will start without a wave window. If you want to open a wave window go to 'File->New Waveform Configuration' or type 'create_wave_config' in the TCL console."
#   }
# }
# run 1000ns
WARNING: Behavioral models for independent clock FIFO configurations do not model synchronization delays. The behavioral models are functionally correct, and will represent the behavior of the configured FIFO. See the FIFO Generator User Guide for more information.
WARNING: Behavioral models for independent clock FIFO configurations do not model synchronization delays. The behavioral models are functionally correct, and will represent the behavior of the configured FIFO. See the FIFO Generator User Guide for more information.
Block Memory Generator module srio_sim.srio_example_top_primary.srio_support_inst.srio_5gx1_inst.inst.srio_gen2_v4_1_11_unifiedtop_inst.buf_core_inst.buf_top_inst.buf_tx_inst.buf_tx_bram_bank_inst.blk_mem_inst.\native_mem_module.blk_mem_gen_v8_4_4_inst  is using a behavioral model for simulation which will not precisely model memory collision behavior.
Block Memory Generator module srio_sim.srio_example_top_primary.srio_support_inst.srio_5gx1_inst.inst.srio_gen2_v4_1_11_unifiedtop_inst.buf_core_inst.buf_top_inst.buf_rx_inst.buf_rx_bram_bank_inst.blk_mem_inst.\native_mem_module.blk_mem_gen_v8_4_4_inst  is using a behavioral model for simulation which will not precisely model memory collision behavior.
WARNING: Behavioral models for independent clock FIFO configurations do not model synchronization delays. The behavioral models are functionally correct, and will represent the behavior of the configured FIFO. See the FIFO Generator User Guide for more information.
WARNING: Behavioral models for independent clock FIFO configurations do not model synchronization delays. The behavioral models are functionally correct, and will represent the behavior of the configured FIFO. See the FIFO Generator User Guide for more information.
Block Memory Generator module srio_sim.srio_example_top_mirror.srio_support_inst.srio_5gx1_inst.inst.srio_gen2_v4_1_11_unifiedtop_inst.buf_core_inst.buf_top_inst.buf_tx_inst.buf_tx_bram_bank_inst.blk_mem_inst.\native_mem_module.blk_mem_gen_v8_4_4_inst  is using a behavioral model for simulation which will not precisely model memory collision behavior.
Block Memory Generator module srio_sim.srio_example_top_mirror.srio_support_inst.srio_5gx1_inst.inst.srio_gen2_v4_1_11_unifiedtop_inst.buf_core_inst.buf_top_inst.buf_rx_inst.buf_rx_bram_bank_inst.blk_mem_inst.\native_mem_module.blk_mem_gen_v8_4_4_inst  is using a behavioral model for simulation which will not precisely model memory collision behavior.


*****************************************************************
Waiting for Link Initialization.
This may take some time.
*****************************************************************


INFO: [USF-XSim-96] XSim completed. Design snapshot 'srio_sim_behav' loaded.
INFO: [USF-XSim-97] XSim simulation ran for 1000ns
launch_simulation: Time (s): cpu = 00:00:08 ; elapsed = 00:02:19 . Memory (MB): peak = 1253.750 ; gain = 0.000
run all
run: Time (s): cpu = 00:00:06 ; elapsed = 00:00:34 . Memory (MB): peak = 1253.750 ; gain = 0.000
current_wave_config {Untitled 1}
Untitled 1
add_wave {{/srio_sim/srio_example_top_primary/srio_support_inst/sys_clkp}} {{/srio_sim/srio_example_top_primary/srio_support_inst/sys_clkn}} {{/srio_sim/srio_example_top_primary/srio_support_inst/sys_rst}} {{/srio_sim/srio_example_top_primary/srio_support_inst/log_clk_out}} {{/srio_sim/srio_example_top_primary/srio_support_inst/phy_clk_out}} {{/srio_sim/srio_example_top_primary/srio_support_inst/gt_clk_out}} {{/srio_sim/srio_example_top_primary/srio_support_inst/gt_pcs_clk_out}} {{/srio_sim/srio_example_top_primary/srio_support_inst/drpclk_out}} {{/srio_sim/srio_example_top_primary/srio_support_inst/refclk_out}} {{/srio_sim/srio_example_top_primary/srio_support_inst/clk_lock_out}} {{/srio_sim/srio_example_top_primary/srio_support_inst/log_rst_out}} {{/srio_sim/srio_example_top_primary/srio_support_inst/phy_rst_out}} {{/srio_sim/srio_example_top_primary/srio_support_inst/buf_rst_out}} {{/srio_sim/srio_example_top_primary/srio_support_inst/cfg_rst_out}} {{/srio_sim/srio_example_top_primary/srio_support_inst/gt_pcs_rst_out}} {{/srio_sim/srio_example_top_primary/srio_support_inst/gt0_qpll_clk_out}} {{/srio_sim/srio_example_top_primary/srio_support_inst/gt0_qpll_out_refclk_out}} {{/srio_sim/srio_example_top_primary/srio_support_inst/s_axi_maintr_rst}} {{/srio_sim/srio_example_top_primary/srio_support_inst/srio_rxn0}} {{/srio_sim/srio_example_top_primary/srio_support_inst/srio_rxp0}} {{/srio_sim/srio_example_top_primary/srio_support_inst/srio_txn0}} {{/srio_sim/srio_example_top_primary/srio_support_inst/srio_txp0}} {{/srio_sim/srio_example_top_primary/srio_support_inst/s_axis_ireq_tvalid}} {{/srio_sim/srio_example_top_primary/srio_support_inst/s_axis_ireq_tready}} {{/srio_sim/srio_example_top_primary/srio_support_inst/s_axis_ireq_tlast}} {{/srio_sim/srio_example_top_primary/srio_support_inst/s_axis_ireq_tdata}} {{/srio_sim/srio_example_top_primary/srio_support_inst/s_axis_ireq_tkeep}} {{/srio_sim/srio_example_top_primary/srio_support_inst/s_axis_ireq_tuser}} {{/srio_sim/srio_example_top_primary/srio_support_inst/m_axis_iresp_tvalid}} {{/srio_sim/srio_example_top_primary/srio_support_inst/m_axis_iresp_tready}} {{/srio_sim/srio_example_top_primary/srio_support_inst/m_axis_iresp_tlast}} {{/srio_sim/srio_example_top_primary/srio_support_inst/m_axis_iresp_tdata}} {{/srio_sim/srio_example_top_primary/srio_support_inst/m_axis_iresp_tkeep}} {{/srio_sim/srio_example_top_primary/srio_support_inst/m_axis_iresp_tuser}} {{/srio_sim/srio_example_top_primary/srio_support_inst/m_axis_treq_tvalid}} {{/srio_sim/srio_example_top_primary/srio_support_inst/m_axis_treq_tready}} {{/srio_sim/srio_example_top_primary/srio_support_inst/m_axis_treq_tlast}} {{/srio_sim/srio_example_top_primary/srio_support_inst/m_axis_treq_tdata}} {{/srio_sim/srio_example_top_primary/srio_support_inst/m_axis_treq_tkeep}} {{/srio_sim/srio_example_top_primary/srio_support_inst/m_axis_treq_tuser}} {{/srio_sim/srio_example_top_primary/srio_support_inst/s_axis_tresp_tvalid}} {{/srio_sim/srio_example_top_primary/srio_support_inst/s_axis_tresp_tready}} {{/srio_sim/srio_example_top_primary/srio_support_inst/s_axis_tresp_tlast}} {{/srio_sim/srio_example_top_primary/srio_support_inst/s_axis_tresp_tdata}} {{/srio_sim/srio_example_top_primary/srio_support_inst/s_axis_tresp_tkeep}} {{/srio_sim/srio_example_top_primary/srio_support_inst/s_axis_tresp_tuser}} {{/srio_sim/srio_example_top_primary/srio_support_inst/s_axi_maintr_awvalid}} {{/srio_sim/srio_example_top_primary/srio_support_inst/s_axi_maintr_awready}} {{/srio_sim/srio_example_top_primary/srio_support_inst/s_axi_maintr_awaddr}} {{/srio_sim/srio_example_top_primary/srio_support_inst/s_axi_maintr_wvalid}} {{/srio_sim/srio_example_top_primary/srio_support_inst/s_axi_maintr_wready}} {{/srio_sim/srio_example_top_primary/srio_support_inst/s_axi_maintr_wdata}} {{/srio_sim/srio_example_top_primary/srio_support_inst/s_axi_maintr_bvalid}} {{/srio_sim/srio_example_top_primary/srio_support_inst/s_axi_maintr_bready}} {{/srio_sim/srio_example_top_primary/srio_support_inst/s_axi_maintr_bresp}} {{/srio_sim/srio_example_top_primary/srio_support_inst/s_axi_maintr_arvalid}} {{/srio_sim/srio_example_top_primary/srio_support_inst/s_axi_maintr_arready}} {{/srio_sim/srio_example_top_primary/srio_support_inst/s_axi_maintr_araddr}} {{/srio_sim/srio_example_top_primary/srio_support_inst/s_axi_maintr_rvalid}} {{/srio_sim/srio_example_top_primary/srio_support_inst/s_axi_maintr_rready}} {{/srio_sim/srio_example_top_primary/srio_support_inst/s_axi_maintr_rdata}} {{/srio_sim/srio_example_top_primary/srio_support_inst/s_axi_maintr_rresp}} {{/srio_sim/srio_example_top_primary/srio_support_inst/sim_train_en}} {{/srio_sim/srio_example_top_primary/srio_support_inst/force_reinit}} {{/srio_sim/srio_example_top_primary/srio_support_inst/phy_mce}} {{/srio_sim/srio_example_top_primary/srio_support_inst/phy_link_reset}} {{/srio_sim/srio_example_top_primary/srio_support_inst/phy_rcvd_mce}} {{/srio_sim/srio_example_top_primary/srio_support_inst/phy_rcvd_link_reset}} {{/srio_sim/srio_example_top_primary/srio_support_inst/phy_debug}} {{/srio_sim/srio_example_top_primary/srio_support_inst/gtrx_disperr_or}} {{/srio_sim/srio_example_top_primary/srio_support_inst/gtrx_notintable_or}} {{/srio_sim/srio_example_top_primary/srio_support_inst/port_error}} {{/srio_sim/srio_example_top_primary/srio_support_inst/port_timeout}} {{/srio_sim/srio_example_top_primary/srio_support_inst/srio_host}} {{/srio_sim/srio_example_top_primary/srio_support_inst/port_decode_error}} {{/srio_sim/srio_example_top_primary/srio_support_inst/deviceid}} {{/srio_sim/srio_example_top_primary/srio_support_inst/idle2_selected}} {{/srio_sim/srio_example_top_primary/srio_support_inst/phy_lcl_master_enable_out}} {{/srio_sim/srio_example_top_primary/srio_support_inst/buf_lcl_response_only_out}} {{/srio_sim/srio_example_top_primary/srio_support_inst/buf_lcl_tx_flow_control_out}} {{/srio_sim/srio_example_top_primary/srio_support_inst/buf_lcl_phy_buf_stat_out}} {{/srio_sim/srio_example_top_primary/srio_support_inst/phy_lcl_phy_next_fm_out}} {{/srio_sim/srio_example_top_primary/srio_support_inst/phy_lcl_phy_last_ack_out}} {{/srio_sim/srio_example_top_primary/srio_support_inst/phy_lcl_phy_rewind_out}} {{/srio_sim/srio_example_top_primary/srio_support_inst/phy_lcl_phy_rcvd_buf_stat_out}} {{/srio_sim/srio_example_top_primary/srio_support_inst/phy_lcl_maint_only_out}} {{/srio_sim/srio_example_top_primary/srio_support_inst/port_initialized}} {{/srio_sim/srio_example_top_primary/srio_support_inst/link_initialized}} {{/srio_sim/srio_example_top_primary/srio_support_inst/idle_selected}} {{/srio_sim/srio_example_top_primary/srio_support_inst/mode_1x}} {{/srio_sim/srio_example_top_primary/srio_support_inst/controlled_force_reinit}} {{/srio_sim/srio_example_top_primary/srio_support_inst/clk_lock_out_int}} {{/srio_sim/srio_example_top_primary/srio_support_inst/gt0_qpll_clk_in}} {{/srio_sim/srio_example_top_primary/srio_support_inst/gt0_qpll_out_refclk_in}} {{/srio_sim/srio_example_top_primary/srio_support_inst/log_lcl_cfg_rst}} {{/srio_sim/srio_example_top_primary/srio_support_inst/log_rst}} {{/srio_sim/srio_example_top_primary/srio_support_inst/buf_rst}} {{/srio_sim/srio_example_top_primary/srio_support_inst/phy_rst}} {{/srio_sim/srio_example_top_primary/srio_support_inst/gt_pcs_rst}} {{/srio_sim/srio_example_top_primary/srio_support_inst/gt0_qpll_lock_out}} {{/srio_sim/srio_example_top_primary/srio_support_inst/TCQ}} {{/srio_sim/srio_example_top_primary/srio_support_inst/LINK_WIDTH}} {{/srio_sim/srio_example_top_primary/srio_support_inst/C_LINK_WIDTH}} 
relaunch_sim
Command: launch_simulation -simset sim_1 -mode behavioral
INFO: [Vivado 12-12493] Simulation top is 'srio_sim'
INFO: [Vivado 12-5698] Checking validity of IPs in the design for the 'XSim' simulator...
INFO: [Runs 36-567] Checking/generating simulation output products for IPs/BDs (if any)...
INFO: [Vivado 12-5682] Launching behavioral simulation in 'g:/00_module/07_fpga/develop_20200323/rtl/00_xilinx_ip/02_srio/srio_5gx1_ex/srio_5gx1_ex.sim/sim_1/behav/xsim'
INFO: [Vivado 12-4795] Using compiled simulation libraries for IPs
INFO: [SIM-utils-51] Simulation object is 'sim_1'
INFO: [SIM-utils-72] Using boost library from 'C:/Xilinx/Vivado/2021.1/tps/boost_1_72_0'
INFO: [USF-XSim-7] Finding pre-compiled libraries...
INFO: [USF-XSim-11] File 'C:/Xilinx/Vivado/2021.1/data/xsim/xsim.ini' copied to run dir:'g:/00_module/07_fpga/develop_20200323/rtl/00_xilinx_ip/02_srio/srio_5gx1_ex/srio_5gx1_ex.sim/sim_1/behav/xsim'
INFO: [SIM-utils-54] Inspecting design source files for 'srio_sim' in fileset 'sim_1'...
INFO: [USF-XSim-97] Finding global include files...
INFO: [USF-XSim-98] Fetching design files from 'sim_1'...
INFO: [USF-XSim-2] XSim::Compile design
INFO: [USF-XSim-61] Executing 'COMPILE and ANALYZE' step in 'g:/00_module/07_fpga/develop_20200323/rtl/00_xilinx_ip/02_srio/srio_5gx1_ex/srio_5gx1_ex.sim/sim_1/behav/xsim'
"xvlog --incr --relax -prj srio_sim_vlog.prj"
"xvhdl --incr --relax -prj srio_sim_vhdl.prj"
INFO: [USF-XSim-69] 'compile' step finished in '3' seconds
Command: launch_simulation -simset sim_1 -mode behavioral
INFO: [Vivado 12-12493] Simulation top is 'srio_sim'
INFO: [Vivado 12-5698] Checking validity of IPs in the design for the 'XSim' simulator...
INFO: [Runs 36-567] Checking/generating simulation output products for IPs/BDs (if any)...
INFO: [Vivado 12-5682] Launching behavioral simulation in 'g:/00_module/07_fpga/develop_20200323/rtl/00_xilinx_ip/02_srio/srio_5gx1_ex/srio_5gx1_ex.sim/sim_1/behav/xsim'
INFO: [Vivado 12-4795] Using compiled simulation libraries for IPs
INFO: [USF-XSim-3] XSim::Elaborate design
INFO: [USF-XSim-61] Executing 'ELABORATE' step in 'g:/00_module/07_fpga/develop_20200323/rtl/00_xilinx_ip/02_srio/srio_5gx1_ex/srio_5gx1_ex.sim/sim_1/behav/xsim'
"xelab -wto c61293ade1f6433c9deda9ef0104f2d5 --incr --debug typical --relax --mt 2 -L xil_defaultlib -L blk_mem_gen_v8_4_4 -L fifo_generator_v13_2_5 -L srio_gen2_v4_1_11 -L unisims_ver -L unimacro_ver -L secureip -L xpm --snapshot srio_sim_behav xil_defaultlib.srio_sim xil_defaultlib.glbl -log elaborate.log"
Vivado Simulator v2021.1
Copyright 1986-1999, 2001-2021 Xilinx, Inc. All Rights Reserved.
Running: C:/Xilinx/Vivado/2021.1/bin/unwrapped/win64.o/xelab.exe -wto c61293ade1f6433c9deda9ef0104f2d5 --incr --debug typical --relax --mt 2 -L xil_defaultlib -L blk_mem_gen_v8_4_4 -L fifo_generator_v13_2_5 -L srio_gen2_v4_1_11 -L unisims_ver -L unimacro_ver -L secureip -L xpm --snapshot srio_sim_behav xil_defaultlib.srio_sim xil_defaultlib.glbl -log elaborate.log 
Using 2 slave threads.
Starting static elaboration
Pass Through NonSizing Optimizer
WARNING: [VRFC 10-526] concatenation with unsized literal; will interpret as 32 bits [/wrk/ci/prod/2021.1/sw/continuous/3932/packages/customer/vivado/data/ip/xilinx/srio_gen2_v4_1/hdl/srio_gen2_v4_1_rfs.v:32755]
WARNING: [VRFC 10-3705] select index 7 into 'destripe_pdsc' is out of bounds [/wrk/ci/prod/2021.1/sw/continuous/3932/packages/customer/vivado/data/ip/xilinx/srio_gen2_v4_1/hdl/srio_gen2_v4_1_rfs.v:15758]
WARNING: [VRFC 10-3705] select index 5 into 'destripe_pdsc' is out of bounds [/wrk/ci/prod/2021.1/sw/continuous/3932/packages/customer/vivado/data/ip/xilinx/srio_gen2_v4_1/hdl/srio_gen2_v4_1_rfs.v:15759]
WARNING: [VRFC 10-3705] select index 7 into 'destripe_pdsc' is out of bounds [/wrk/ci/prod/2021.1/sw/continuous/3932/packages/customer/vivado/data/ip/xilinx/srio_gen2_v4_1/hdl/srio_gen2_v4_1_rfs.v:15790]
WARNING: [VRFC 10-3705] select index 5 into 'destripe_pdsc' is out of bounds [/wrk/ci/prod/2021.1/sw/continuous/3932/packages/customer/vivado/data/ip/xilinx/srio_gen2_v4_1/hdl/srio_gen2_v4_1_rfs.v:15791]
WARNING: [VRFC 10-3705] select index 7 into 'destripe_pdsc' is out of bounds [/wrk/ci/prod/2021.1/sw/continuous/3932/packages/customer/vivado/data/ip/xilinx/srio_gen2_v4_1/hdl/srio_gen2_v4_1_rfs.v:15833]
WARNING: [VRFC 10-3705] select index 5 into 'destripe_pdsc' is out of bounds [/wrk/ci/prod/2021.1/sw/continuous/3932/packages/customer/vivado/data/ip/xilinx/srio_gen2_v4_1/hdl/srio_gen2_v4_1_rfs.v:15835]
Completed static elaboration
INFO: [XSIM 43-4323] No Change in HDL. Linking previously generated obj files to create kernel
run_program: Time (s): cpu = 00:00:01 ; elapsed = 00:00:48 . Memory (MB): peak = 1253.750 ; gain = 0.000
INFO: [USF-XSim-69] 'elaborate' step finished in '48' seconds
launch_simulation: Time (s): cpu = 00:00:01 ; elapsed = 00:00:48 . Memory (MB): peak = 1253.750 ; gain = 0.000
Time resolution is 1 fs
WARNING: Behavioral models for independent clock FIFO configurations do not model synchronization delays. The behavioral models are functionally correct, and will represent the behavior of the configured FIFO. See the FIFO Generator User Guide for more information.
WARNING: Behavioral models for independent clock FIFO configurations do not model synchronization delays. The behavioral models are functionally correct, and will represent the behavior of the configured FIFO. See the FIFO Generator User Guide for more information.
Block Memory Generator module srio_sim.srio_example_top_primary.srio_support_inst.srio_5gx1_inst.inst.srio_gen2_v4_1_11_unifiedtop_inst.buf_core_inst.buf_top_inst.buf_tx_inst.buf_tx_bram_bank_inst.blk_mem_inst.\native_mem_module.blk_mem_gen_v8_4_4_inst  is using a behavioral model for simulation which will not precisely model memory collision behavior.
Block Memory Generator module srio_sim.srio_example_top_primary.srio_support_inst.srio_5gx1_inst.inst.srio_gen2_v4_1_11_unifiedtop_inst.buf_core_inst.buf_top_inst.buf_rx_inst.buf_rx_bram_bank_inst.blk_mem_inst.\native_mem_module.blk_mem_gen_v8_4_4_inst  is using a behavioral model for simulation which will not precisely model memory collision behavior.
WARNING: Behavioral models for independent clock FIFO configurations do not model synchronization delays. The behavioral models are functionally correct, and will represent the behavior of the configured FIFO. See the FIFO Generator User Guide for more information.
WARNING: Behavioral models for independent clock FIFO configurations do not model synchronization delays. The behavioral models are functionally correct, and will represent the behavior of the configured FIFO. See the FIFO Generator User Guide for more information.
Block Memory Generator module srio_sim.srio_example_top_mirror.srio_support_inst.srio_5gx1_inst.inst.srio_gen2_v4_1_11_unifiedtop_inst.buf_core_inst.buf_top_inst.buf_tx_inst.buf_tx_bram_bank_inst.blk_mem_inst.\native_mem_module.blk_mem_gen_v8_4_4_inst  is using a behavioral model for simulation which will not precisely model memory collision behavior.
Block Memory Generator module srio_sim.srio_example_top_mirror.srio_support_inst.srio_5gx1_inst.inst.srio_gen2_v4_1_11_unifiedtop_inst.buf_core_inst.buf_top_inst.buf_rx_inst.buf_rx_bram_bank_inst.blk_mem_inst.\native_mem_module.blk_mem_gen_v8_4_4_inst  is using a behavioral model for simulation which will not precisely model memory collision behavior.


*****************************************************************
Waiting for Link Initialization.
This may take some time.
*****************************************************************


relaunch_sim: Time (s): cpu = 00:00:01 ; elapsed = 00:00:58 . Memory (MB): peak = 1253.750 ; gain = 0.000
run all


*****************************************************************
********************Port Initialized*****************************
*****************************************************************




*****************************************************************
********************Link Initialized*****************************
*****************************************************************


run: Time (s): cpu = 00:00:29 ; elapsed = 00:03:31 . Memory (MB): peak = 1253.750 ; gain = 0.000
current_wave_config {Untitled 1}
Untitled 1
add_wave {{/srio_sim/srio_example_top_primary/srio_support_inst/srio_rst_inst/cfg_clk}} {{/srio_sim/srio_example_top_primary/srio_support_inst/srio_rst_inst/log_clk}} {{/srio_sim/srio_example_top_primary/srio_support_inst/srio_rst_inst/phy_clk}} {{/srio_sim/srio_example_top_primary/srio_support_inst/srio_rst_inst/gt_pcs_clk}} {{/srio_sim/srio_example_top_primary/srio_support_inst/srio_rst_inst/sys_rst}} {{/srio_sim/srio_example_top_primary/srio_support_inst/srio_rst_inst/port_initialized}} {{/srio_sim/srio_example_top_primary/srio_support_inst/srio_rst_inst/phy_rcvd_link_reset}} {{/srio_sim/srio_example_top_primary/srio_support_inst/srio_rst_inst/force_reinit}} {{/srio_sim/srio_example_top_primary/srio_support_inst/srio_rst_inst/clk_lock}} {{/srio_sim/srio_example_top_primary/srio_support_inst/srio_rst_inst/controlled_force_reinit}} {{/srio_sim/srio_example_top_primary/srio_support_inst/srio_rst_inst/cfg_rst}} {{/srio_sim/srio_example_top_primary/srio_support_inst/srio_rst_inst/log_rst}} {{/srio_sim/srio_example_top_primary/srio_support_inst/srio_rst_inst/buf_rst}} {{/srio_sim/srio_example_top_primary/srio_support_inst/srio_rst_inst/phy_rst}} {{/srio_sim/srio_example_top_primary/srio_support_inst/srio_rst_inst/gt_pcs_rst}} {{/srio_sim/srio_example_top_primary/srio_support_inst/srio_rst_inst/sys_rst_buffered}} {{/srio_sim/srio_example_top_primary/srio_support_inst/srio_rst_inst/reset_state}} {{/srio_sim/srio_example_top_primary/srio_support_inst/srio_rst_inst/reset_next_state}} {{/srio_sim/srio_example_top_primary/srio_support_inst/srio_rst_inst/cfg_rst_srl}} {{/srio_sim/srio_example_top_primary/srio_support_inst/srio_rst_inst/log_rst_srl}} {{/srio_sim/srio_example_top_primary/srio_support_inst/srio_rst_inst/phy_rst_srl}} {{/srio_sim/srio_example_top_primary/srio_support_inst/srio_rst_inst/gt_pcs_rst_srl}} {{/srio_sim/srio_example_top_primary/srio_support_inst/srio_rst_inst/sys_rst_int}} {{/srio_sim/srio_example_top_primary/srio_support_inst/srio_rst_inst/reset_condition}} {{/srio_sim/srio_example_top_primary/srio_support_inst/srio_rst_inst/IDLE}} {{/srio_sim/srio_example_top_primary/srio_support_inst/srio_rst_inst/LINKRESET}} {{/srio_sim/srio_example_top_primary/srio_support_inst/srio_rst_inst/PHY_RESET1}} {{/srio_sim/srio_example_top_primary/srio_support_inst/srio_rst_inst/PHY_RESET2}} 
relaunch_sim
Command: launch_simulation -simset sim_1 -mode behavioral
INFO: [Vivado 12-12493] Simulation top is 'srio_sim'
INFO: [Vivado 12-5698] Checking validity of IPs in the design for the 'XSim' simulator...
INFO: [Runs 36-567] Checking/generating simulation output products for IPs/BDs (if any)...
INFO: [Vivado 12-5682] Launching behavioral simulation in 'g:/00_module/07_fpga/develop_20200323/rtl/00_xilinx_ip/02_srio/srio_5gx1_ex/srio_5gx1_ex.sim/sim_1/behav/xsim'
INFO: [Vivado 12-4795] Using compiled simulation libraries for IPs
INFO: [SIM-utils-51] Simulation object is 'sim_1'
INFO: [SIM-utils-72] Using boost library from 'C:/Xilinx/Vivado/2021.1/tps/boost_1_72_0'
INFO: [USF-XSim-7] Finding pre-compiled libraries...
INFO: [USF-XSim-11] File 'C:/Xilinx/Vivado/2021.1/data/xsim/xsim.ini' copied to run dir:'g:/00_module/07_fpga/develop_20200323/rtl/00_xilinx_ip/02_srio/srio_5gx1_ex/srio_5gx1_ex.sim/sim_1/behav/xsim'
INFO: [SIM-utils-54] Inspecting design source files for 'srio_sim' in fileset 'sim_1'...
INFO: [USF-XSim-97] Finding global include files...
INFO: [USF-XSim-98] Fetching design files from 'sim_1'...
INFO: [USF-XSim-2] XSim::Compile design
INFO: [USF-XSim-61] Executing 'COMPILE and ANALYZE' step in 'g:/00_module/07_fpga/develop_20200323/rtl/00_xilinx_ip/02_srio/srio_5gx1_ex/srio_5gx1_ex.sim/sim_1/behav/xsim'
"xvlog --incr --relax -prj srio_sim_vlog.prj"
INFO: [VRFC 10-2263] Analyzing Verilog file "g:/00_module/07_fpga/develop_20200323/rtl/00_xilinx_ip/02_srio/srio_5gx1_ex/srio_5gx1_ex.gen/sources_1/ip/srio_5gx1/synth/cfg_fabric_srio_5gx1.v" into library xil_defaultlib
INFO: [VRFC 10-311] analyzing module cfg_fabric_srio_5gx1
INFO: [VRFC 10-2263] Analyzing Verilog file "g:/00_module/07_fpga/develop_20200323/rtl/00_xilinx_ip/02_srio/srio_5gx1_ex/srio_5gx1_ex.gen/sources_1/ip/srio_5gx1/synth/srio_5gx1_gtx_GT.v" into library xil_defaultlib
INFO: [VRFC 10-311] analyzing module srio_5gx1_GT
INFO: [VRFC 10-2263] Analyzing Verilog file "g:/00_module/07_fpga/develop_20200323/rtl/00_xilinx_ip/02_srio/srio_5gx1_ex/srio_5gx1_ex.gen/sources_1/ip/srio_5gx1/synth/srio_5gx1_gtxe2_init.v" into library xil_defaultlib
INFO: [VRFC 10-311] analyzing module srio_5gx1_init
INFO: [VRFC 10-2263] Analyzing Verilog file "g:/00_module/07_fpga/develop_20200323/rtl/00_xilinx_ip/02_srio/srio_5gx1_ex/srio_5gx1_ex.gen/sources_1/ip/srio_5gx1/synth/srio_5gx1_gtx_multi_gt.v" into library xil_defaultlib
INFO: [VRFC 10-311] analyzing module srio_5gx1_multi_gt
INFO: [VRFC 10-2263] Analyzing Verilog file "g:/00_module/07_fpga/develop_20200323/rtl/00_xilinx_ip/02_srio/srio_5gx1_ex/srio_5gx1_ex.gen/sources_1/ip/srio_5gx1/synth/srio_5gx1_gtxe2_rx_startup_fsm.v" into library xil_defaultlib
INFO: [VRFC 10-311] analyzing module srio_5gx1_RX_STARTUP_FSM
INFO: [VRFC 10-2263] Analyzing Verilog file "g:/00_module/07_fpga/develop_20200323/rtl/00_xilinx_ip/02_srio/srio_5gx1_ex/srio_5gx1_ex.gen/sources_1/ip/srio_5gx1/synth/srio_5gx1_gtxe2_sync_block.v" into library xil_defaultlib
INFO: [VRFC 10-311] analyzing module srio_5gx1_sync_block
INFO: [VRFC 10-2263] Analyzing Verilog file "g:/00_module/07_fpga/develop_20200323/rtl/00_xilinx_ip/02_srio/srio_5gx1_ex/srio_5gx1_ex.gen/sources_1/ip/srio_5gx1/synth/srio_5gx1_gtxe2_tx_startup_fsm.v" into library xil_defaultlib
INFO: [VRFC 10-311] analyzing module srio_5gx1_TX_STARTUP_FSM
INFO: [VRFC 10-2263] Analyzing Verilog file "g:/00_module/07_fpga/develop_20200323/rtl/00_xilinx_ip/02_srio/srio_5gx1_ex/srio_5gx1_ex.gen/sources_1/ip/srio_5gx1/synth/srio_gt_wrapper_srio_5gx1_k7_1x.v" into library xil_defaultlib
INFO: [VRFC 10-311] analyzing module srio_gt_wrapper_srio_5gx1_k7_1x
INFO: [VRFC 10-2263] Analyzing Verilog file "g:/00_module/07_fpga/develop_20200323/rtl/00_xilinx_ip/02_srio/srio_5gx1_ex/srio_5gx1_ex.gen/sources_1/ip/srio_5gx1/synth/srio_5gx1_block.v" into library xil_defaultlib
INFO: [VRFC 10-311] analyzing module srio_5gx1_block
INFO: [VRFC 10-2458] undeclared symbol gtpowergood_out, assumed default net type wire [g:/00_module/07_fpga/develop_20200323/rtl/00_xilinx_ip/02_srio/srio_5gx1_ex/srio_5gx1_ex.gen/sources_1/ip/srio_5gx1/synth/srio_5gx1_block.v:444]
INFO: [VRFC 10-2263] Analyzing Verilog file "g:/00_module/07_fpga/develop_20200323/rtl/00_xilinx_ip/02_srio/srio_5gx1_ex/srio_5gx1_ex.gen/sources_1/ip/srio_5gx1/synth/srio_5gx1.v" into library xil_defaultlib
INFO: [VRFC 10-311] analyzing module srio_5gx1
INFO: [VRFC 10-2263] Analyzing Verilog file "g:/00_module/07_fpga/develop_20200323/rtl/00_xilinx_ip/02_srio/srio_5gx1_ex/imports/srio_5gx1_k7_v7_gtxe2_common.v" into library xil_defaultlib
INFO: [VRFC 10-311] analyzing module srio_5gx1_k7_v7_gtxe2_common
INFO: [VRFC 10-2263] Analyzing Verilog file "g:/00_module/07_fpga/develop_20200323/rtl/00_xilinx_ip/02_srio/srio_5gx1_ex/imports/srio_5gx1_srio_clk.v" into library xil_defaultlib
INFO: [VRFC 10-311] analyzing module srio_5gx1_srio_clk
INFO: [VRFC 10-2263] Analyzing Verilog file "g:/00_module/07_fpga/develop_20200323/rtl/00_xilinx_ip/02_srio/srio_5gx1_ex/imports/srio_5gx1_srio_rst.v" into library xil_defaultlib
INFO: [VRFC 10-311] analyzing module srio_5gx1_srio_rst
INFO: [VRFC 10-2263] Analyzing Verilog file "g:/00_module/07_fpga/develop_20200323/rtl/00_xilinx_ip/02_srio/srio_5gx1_ex/imports/srio_5gx1_support.v" into library xil_defaultlib
INFO: [VRFC 10-311] analyzing module srio_5gx1_support
INFO: [VRFC 10-2458] undeclared symbol gt0_qpll_lock_out, assumed default net type wire [g:/00_module/07_fpga/develop_20200323/rtl/00_xilinx_ip/02_srio/srio_5gx1_ex/imports/srio_5gx1_support.v:399]
INFO: [VRFC 10-2263] Analyzing Verilog file "g:/00_module/07_fpga/develop_20200323/rtl/00_xilinx_ip/02_srio/srio_5gx1_ex/imports/srio_example_top_srio_5gx1.v" into library xil_defaultlib
INFO: [VRFC 10-311] analyzing module srio_example_top_srio_5gx1
INFO: [VRFC 10-2458] undeclared symbol gt_clk, assumed default net type wire [g:/00_module/07_fpga/develop_20200323/rtl/00_xilinx_ip/02_srio/srio_5gx1_ex/imports/srio_example_top_srio_5gx1.v:497]
INFO: [VRFC 10-2458] undeclared symbol drpclk, assumed default net type wire [g:/00_module/07_fpga/develop_20200323/rtl/00_xilinx_ip/02_srio/srio_5gx1_ex/imports/srio_example_top_srio_5gx1.v:500]
INFO: [VRFC 10-2458] undeclared symbol refclk, assumed default net type wire [g:/00_module/07_fpga/develop_20200323/rtl/00_xilinx_ip/02_srio/srio_5gx1_ex/imports/srio_example_top_srio_5gx1.v:502]
INFO: [VRFC 10-2458] undeclared symbol buf_rst, assumed default net type wire [g:/00_module/07_fpga/develop_20200323/rtl/00_xilinx_ip/02_srio/srio_5gx1_ex/imports/srio_example_top_srio_5gx1.v:508]
INFO: [VRFC 10-2458] undeclared symbol cfg_rst, assumed default net type wire [g:/00_module/07_fpga/develop_20200323/rtl/00_xilinx_ip/02_srio/srio_5gx1_ex/imports/srio_example_top_srio_5gx1.v:509]
INFO: [VRFC 10-2458] undeclared symbol gt_pcs_rst, assumed default net type wire [g:/00_module/07_fpga/develop_20200323/rtl/00_xilinx_ip/02_srio/srio_5gx1_ex/imports/srio_example_top_srio_5gx1.v:510]
INFO: [VRFC 10-2458] undeclared symbol gt0_qpll_clk_out, assumed default net type wire [g:/00_module/07_fpga/develop_20200323/rtl/00_xilinx_ip/02_srio/srio_5gx1_ex/imports/srio_example_top_srio_5gx1.v:513]
INFO: [VRFC 10-2458] undeclared symbol gt0_qpll_out_refclk_out, assumed default net type wire [g:/00_module/07_fpga/develop_20200323/rtl/00_xilinx_ip/02_srio/srio_5gx1_ex/imports/srio_example_top_srio_5gx1.v:514]
INFO: [VRFC 10-2263] Analyzing Verilog file "g:/00_module/07_fpga/develop_20200323/rtl/00_xilinx_ip/02_srio/srio_5gx1_ex/imports/srio_quick_start_srio_5gx1.v" into library xil_defaultlib
INFO: [VRFC 10-311] analyzing module srio_quick_start_srio_5gx1
INFO: [VRFC 10-2263] Analyzing Verilog file "g:/00_module/07_fpga/develop_20200323/rtl/00_xilinx_ip/02_srio/srio_5gx1_ex/imports/srio_report.v" into library xil_defaultlib
INFO: [VRFC 10-311] analyzing module srio_report
INFO: [VRFC 10-2263] Analyzing Verilog file "g:/00_module/07_fpga/develop_20200323/rtl/00_xilinx_ip/02_srio/srio_5gx1_ex/imports/srio_request_gen_srio_5gx1.v" into library xil_defaultlib
INFO: [VRFC 10-311] analyzing module srio_request_gen_srio_5gx1
INFO: [VRFC 10-2263] Analyzing Verilog file "g:/00_module/07_fpga/develop_20200323/rtl/00_xilinx_ip/02_srio/srio_5gx1_ex/imports/srio_response_gen_srio_5gx1.v" into library xil_defaultlib
INFO: [VRFC 10-311] analyzing module srio_response_gen_srio_5gx1
INFO: [VRFC 10-2263] Analyzing Verilog file "g:/00_module/07_fpga/develop_20200323/rtl/00_xilinx_ip/02_srio/srio_5gx1_ex/imports/srio_statistics_srio_5gx1.v" into library xil_defaultlib
INFO: [VRFC 10-311] analyzing module srio_statistics_srio_5gx1
INFO: [VRFC 10-2263] Analyzing Verilog file "g:/00_module/07_fpga/develop_20200323/rtl/00_xilinx_ip/02_srio/srio_5gx1_ex/imports/srio_sim.v" into library xil_defaultlib
INFO: [VRFC 10-311] analyzing module srio_sim
"xvhdl --incr --relax -prj srio_sim_vhdl.prj"
INFO: [USF-XSim-69] 'compile' step finished in '5' seconds
Command: launch_simulation -simset sim_1 -mode behavioral
INFO: [Vivado 12-12493] Simulation top is 'srio_sim'
INFO: [Vivado 12-5698] Checking validity of IPs in the design for the 'XSim' simulator...
INFO: [Runs 36-567] Checking/generating simulation output products for IPs/BDs (if any)...
INFO: [Vivado 12-5682] Launching behavioral simulation in 'g:/00_module/07_fpga/develop_20200323/rtl/00_xilinx_ip/02_srio/srio_5gx1_ex/srio_5gx1_ex.sim/sim_1/behav/xsim'
INFO: [Vivado 12-4795] Using compiled simulation libraries for IPs
INFO: [USF-XSim-3] XSim::Elaborate design
INFO: [USF-XSim-61] Executing 'ELABORATE' step in 'g:/00_module/07_fpga/develop_20200323/rtl/00_xilinx_ip/02_srio/srio_5gx1_ex/srio_5gx1_ex.sim/sim_1/behav/xsim'
"xelab -wto c61293ade1f6433c9deda9ef0104f2d5 --incr --debug typical --relax --mt 2 -L xil_defaultlib -L blk_mem_gen_v8_4_4 -L fifo_generator_v13_2_5 -L srio_gen2_v4_1_11 -L unisims_ver -L unimacro_ver -L secureip -L xpm --snapshot srio_sim_behav xil_defaultlib.srio_sim xil_defaultlib.glbl -log elaborate.log"
Vivado Simulator v2021.1
Copyright 1986-1999, 2001-2021 Xilinx, Inc. All Rights Reserved.
Running: C:/Xilinx/Vivado/2021.1/bin/unwrapped/win64.o/xelab.exe -wto c61293ade1f6433c9deda9ef0104f2d5 --incr --debug typical --relax --mt 2 -L xil_defaultlib -L blk_mem_gen_v8_4_4 -L fifo_generator_v13_2_5 -L srio_gen2_v4_1_11 -L unisims_ver -L unimacro_ver -L secureip -L xpm --snapshot srio_sim_behav xil_defaultlib.srio_sim xil_defaultlib.glbl -log elaborate.log 
Using 2 slave threads.
Starting static elaboration
Pass Through NonSizing Optimizer
WARNING: [VRFC 10-526] concatenation with unsized literal; will interpret as 32 bits [/wrk/ci/prod/2021.1/sw/continuous/3932/packages/customer/vivado/data/ip/xilinx/srio_gen2_v4_1/hdl/srio_gen2_v4_1_rfs.v:32755]
WARNING: [VRFC 10-3705] select index 7 into 'destripe_pdsc' is out of bounds [/wrk/ci/prod/2021.1/sw/continuous/3932/packages/customer/vivado/data/ip/xilinx/srio_gen2_v4_1/hdl/srio_gen2_v4_1_rfs.v:15758]
WARNING: [VRFC 10-3705] select index 5 into 'destripe_pdsc' is out of bounds [/wrk/ci/prod/2021.1/sw/continuous/3932/packages/customer/vivado/data/ip/xilinx/srio_gen2_v4_1/hdl/srio_gen2_v4_1_rfs.v:15759]
WARNING: [VRFC 10-3705] select index 7 into 'destripe_pdsc' is out of bounds [/wrk/ci/prod/2021.1/sw/continuous/3932/packages/customer/vivado/data/ip/xilinx/srio_gen2_v4_1/hdl/srio_gen2_v4_1_rfs.v:15790]
WARNING: [VRFC 10-3705] select index 5 into 'destripe_pdsc' is out of bounds [/wrk/ci/prod/2021.1/sw/continuous/3932/packages/customer/vivado/data/ip/xilinx/srio_gen2_v4_1/hdl/srio_gen2_v4_1_rfs.v:15791]
WARNING: [VRFC 10-3705] select index 7 into 'destripe_pdsc' is out of bounds [/wrk/ci/prod/2021.1/sw/continuous/3932/packages/customer/vivado/data/ip/xilinx/srio_gen2_v4_1/hdl/srio_gen2_v4_1_rfs.v:15833]
WARNING: [VRFC 10-3705] select index 5 into 'destripe_pdsc' is out of bounds [/wrk/ci/prod/2021.1/sw/continuous/3932/packages/customer/vivado/data/ip/xilinx/srio_gen2_v4_1/hdl/srio_gen2_v4_1_rfs.v:15835]
Completed static elaboration
Starting simulation data flow analysis
Completed simulation data flow analysis
Time Resolution for simulation is 1fs
Compiling package std.standard
Compiling package std.textio
Compiling package ieee.std_logic_1164
Compiling package ieee.numeric_std
Compiling package ieee.std_logic_arith
Compiling package ieee.std_logic_signed
Compiling architecture xilinx of entity srio_gen2_v4_1_11.srio_gen2_v4_1_11_log [\srio_gen2_v4_1_11_log(component...]
Compiling module fifo_generator_v13_2_5.fifo_generator_v13_2_5_sync_stag...
Compiling module fifo_generator_v13_2_5.fifo_generator_v13_2_5_bhv_ver_a...
Compiling module fifo_generator_v13_2_5.fifo_generator_v13_2_5_bhv_ver_p...
Compiling module fifo_generator_v13_2_5.fifo_generator_v13_2_5_CONV_VER(...
Compiling module fifo_generator_v13_2_5.fifo_generator_vlog_beh(C_DATA_C...
Compiling module fifo_generator_v13_2_5.fifo_generator_v13_2_5_sync_stag...
Compiling module fifo_generator_v13_2_5.fifo_generator_v13_2_5_bhv_ver_a...
Compiling module fifo_generator_v13_2_5.fifo_generator_v13_2_5_CONV_VER(...
Compiling module fifo_generator_v13_2_5.fifo_generator_vlog_beh(C_DATA_C...
Compiling module blk_mem_gen_v8_4_4.blk_mem_gen_v8_4_4_output_stage(...
Compiling module blk_mem_gen_v8_4_4.blk_mem_gen_v8_4_4_output_stage(...
Compiling module blk_mem_gen_v8_4_4.blk_mem_gen_v8_4_4_softecc_outpu...
Compiling module blk_mem_gen_v8_4_4.blk_mem_gen_v8_4_4_mem_module(C_...
Compiling module blk_mem_gen_v8_4_4.blk_mem_gen_v8_4_4(C_FAMILY="kin...
Compiling module blk_mem_gen_v8_4_4.blk_mem_gen_v8_4_4_output_stage(...
Compiling module blk_mem_gen_v8_4_4.blk_mem_gen_v8_4_4_output_stage(...
Compiling module blk_mem_gen_v8_4_4.blk_mem_gen_v8_4_4_softecc_outpu...
Compiling module blk_mem_gen_v8_4_4.blk_mem_gen_v8_4_4_mem_module(C_...
Compiling module blk_mem_gen_v8_4_4.blk_mem_axi_regs_fwd_v8_4(C_DATA...
Compiling module blk_mem_gen_v8_4_4.blk_mem_gen_v8_4_4(C_FAMILY="kin...
Compiling architecture xilinx of entity srio_gen2_v4_1_11.srio_gen2_v4_1_11_buf [\srio_gen2_v4_1_11_buf(component...]
WARNING: [VRFC 10-3705] select index 7 into 'destripe_pdsc' is out of bounds [/wrk/ci/prod/2021.1/sw/continuous/3932/packages/customer/vivado/data/ip/xilinx/srio_gen2_v4_1/hdl/srio_gen2_v4_1_rfs.v:15758]
WARNING: [VRFC 10-3705] select index 5 into 'destripe_pdsc' is out of bounds [/wrk/ci/prod/2021.1/sw/continuous/3932/packages/customer/vivado/data/ip/xilinx/srio_gen2_v4_1/hdl/srio_gen2_v4_1_rfs.v:15759]
WARNING: [VRFC 10-3705] select index 7 into 'destripe_pdsc' is out of bounds [/wrk/ci/prod/2021.1/sw/continuous/3932/packages/customer/vivado/data/ip/xilinx/srio_gen2_v4_1/hdl/srio_gen2_v4_1_rfs.v:15790]
WARNING: [VRFC 10-3705] select index 5 into 'destripe_pdsc' is out of bounds [/wrk/ci/prod/2021.1/sw/continuous/3932/packages/customer/vivado/data/ip/xilinx/srio_gen2_v4_1/hdl/srio_gen2_v4_1_rfs.v:15791]
WARNING: [VRFC 10-3705] select index 7 into 'destripe_pdsc' is out of bounds [/wrk/ci/prod/2021.1/sw/continuous/3932/packages/customer/vivado/data/ip/xilinx/srio_gen2_v4_1/hdl/srio_gen2_v4_1_rfs.v:15833]
WARNING: [VRFC 10-3705] select index 5 into 'destripe_pdsc' is out of bounds [/wrk/ci/prod/2021.1/sw/continuous/3932/packages/customer/vivado/data/ip/xilinx/srio_gen2_v4_1/hdl/srio_gen2_v4_1_rfs.v:15835]
Compiling architecture xilinx of entity srio_gen2_v4_1_11.srio_gen2_v4_1_11_phy [\srio_gen2_v4_1_11_phy(c_phy_ef_...]
Compiling architecture imp of entity srio_gen2_v4_1_11.srio_gen2_v4_1_11_unifiedtop [\srio_gen2_v4_1_11_unifiedtop(co...]
Compiling module unisims_ver.GTXE2_CHANNEL(ALIGN_COMMA_ENABLE...
Compiling module unisims_ver.FDRE_default
Compiling module unisims_ver.FD
Compiling module xil_defaultlib.srio_5gx1_GT(GT_SIM_GTRESET_SPEE...
Compiling module xil_defaultlib.srio_5gx1_multi_gt(WRAPPER_SIM_G...
Compiling module xil_defaultlib.srio_5gx1_sync_block
Compiling module xil_defaultlib.srio_5gx1_TX_STARTUP_FSM(STABLE_...
Compiling module xil_defaultlib.srio_5gx1_RX_STARTUP_FSM(STABLE_...
Compiling module xil_defaultlib.srio_5gx1_init_default
Compiling module xil_defaultlib.srio_gt_wrapper_srio_5gx1_k7_1x
Compiling module xil_defaultlib.cfg_fabric_srio_5gx1
Compiling module xil_defaultlib.srio_5gx1_block
Compiling module xil_defaultlib.srio_5gx1
Compiling module unisims_ver.IBUFDS_GTE2
Compiling module unisims_ver.BUFG
Compiling module unisims_ver.MMCME2_ADV(CLKFBOUT_MULT_F=8.0,C...
Compiling module xil_defaultlib.srio_5gx1_srio_clk
Compiling module xil_defaultlib.srio_5gx1_srio_rst
Compiling module unisims_ver.GTXE2_COMMON(QPLL_CFG=27'b011010...
Compiling module xil_defaultlib.srio_5gx1_k7_v7_gtxe2_common_def...
Compiling module xil_defaultlib.srio_5gx1_support
Compiling module xil_defaultlib.srio_report(VERBOSITY=2)
Compiling module unisims_ver.RB36_INTERNAL_VLOG(RAM_MODE="SDP...
Compiling module unisims_ver.RAMB36E1(RAM_MODE="SDP",READ_WID...
Compiling module unisims_ver.RAMB36SDP(SIM_COLLISION_CHECK="N...
Compiling module xil_defaultlib.srio_request_gen_srio_5gx1(SEND_...
Compiling module xil_defaultlib.srio_report(VERBOSITY=2,DIRECTIO...
Compiling module xil_defaultlib.srio_response_gen_srio_5gx1
Compiling module unisims_ver.RB36_INTERNAL_VLOG(RAM_MODE="SDP...
Compiling module unisims_ver.RAMB36E1(INIT_00=256'b0100000000...
Compiling module unisims_ver.RAMB36SDP(INIT_00=256'b010000000...
Compiling module xil_defaultlib.srio_quick_start_srio_5gx1_defau...
Compiling module xil_defaultlib.srio_statistics_srio_5gx1
Compiling module xil_defaultlib.srio_example_top_srio_5gx1_defau...
Compiling module xil_defaultlib.srio_sim
Compiling module xil_defaultlib.glbl
Built simulation snapshot srio_sim_behav
run_program: Time (s): cpu = 00:00:02 ; elapsed = 00:02:14 . Memory (MB): peak = 1253.750 ; gain = 0.000
INFO: [USF-XSim-69] 'elaborate' step finished in '134' seconds
launch_simulation: Time (s): cpu = 00:00:02 ; elapsed = 00:02:14 . Memory (MB): peak = 1253.750 ; gain = 0.000
Time resolution is 1 fs
WARNING: Behavioral models for independent clock FIFO configurations do not model synchronization delays. The behavioral models are functionally correct, and will represent the behavior of the configured FIFO. See the FIFO Generator User Guide for more information.
WARNING: Behavioral models for independent clock FIFO configurations do not model synchronization delays. The behavioral models are functionally correct, and will represent the behavior of the configured FIFO. See the FIFO Generator User Guide for more information.
Block Memory Generator module srio_sim.srio_example_top_primary.srio_support_inst.srio_5gx1_inst.inst.srio_gen2_v4_1_11_unifiedtop_inst.buf_core_inst.buf_top_inst.buf_tx_inst.buf_tx_bram_bank_inst.blk_mem_inst.\native_mem_module.blk_mem_gen_v8_4_4_inst  is using a behavioral model for simulation which will not precisely model memory collision behavior.
Block Memory Generator module srio_sim.srio_example_top_primary.srio_support_inst.srio_5gx1_inst.inst.srio_gen2_v4_1_11_unifiedtop_inst.buf_core_inst.buf_top_inst.buf_rx_inst.buf_rx_bram_bank_inst.blk_mem_inst.\native_mem_module.blk_mem_gen_v8_4_4_inst  is using a behavioral model for simulation which will not precisely model memory collision behavior.
WARNING: Behavioral models for independent clock FIFO configurations do not model synchronization delays. The behavioral models are functionally correct, and will represent the behavior of the configured FIFO. See the FIFO Generator User Guide for more information.
WARNING: Behavioral models for independent clock FIFO configurations do not model synchronization delays. The behavioral models are functionally correct, and will represent the behavior of the configured FIFO. See the FIFO Generator User Guide for more information.
Block Memory Generator module srio_sim.srio_example_top_mirror.srio_support_inst.srio_5gx1_inst.inst.srio_gen2_v4_1_11_unifiedtop_inst.buf_core_inst.buf_top_inst.buf_tx_inst.buf_tx_bram_bank_inst.blk_mem_inst.\native_mem_module.blk_mem_gen_v8_4_4_inst  is using a behavioral model for simulation which will not precisely model memory collision behavior.
Block Memory Generator module srio_sim.srio_example_top_mirror.srio_support_inst.srio_5gx1_inst.inst.srio_gen2_v4_1_11_unifiedtop_inst.buf_core_inst.buf_top_inst.buf_rx_inst.buf_rx_bram_bank_inst.blk_mem_inst.\native_mem_module.blk_mem_gen_v8_4_4_inst  is using a behavioral model for simulation which will not precisely model memory collision behavior.


*****************************************************************
Waiting for Link Initialization.
This may take some time.
*****************************************************************


relaunch_sim: Time (s): cpu = 00:00:03 ; elapsed = 00:02:23 . Memory (MB): peak = 1253.750 ; gain = 0.000
run all


*****************************************************************
********************Port Initialized*****************************
*****************************************************************




*****************************************************************
********************Link Initialized*****************************
*****************************************************************


 
[        142788001000] IREQ Transaction
[        142788001000] INFO: Transmitting IO packet
[        142788001000]       Instruction #: 00 FTYPE: 6 TTYPE: 0 size-1: 0f
 
[        142788001000] IREQ Transaction
[        142788001000] INFO: Transmitting IO packet
[        142788001000]       Instruction #: 00 FTYPE: 6 TTYPE: 0 size-1: 0f
 
[        142900001000] IREQ Transaction
[        142900001000] INFO: Transmitting IO packet
[        142900001000]       Instruction #: 01 FTYPE: 6 TTYPE: 0 size-1: 0f
 
[        142900001000] IREQ Transaction
[        142900001000] INFO: Transmitting IO packet
[        142900001000]       Instruction #: 01 FTYPE: 6 TTYPE: 0 size-1: 0f
 
[        143012001000] IREQ Transaction
[        143012001000] INFO: Transmitting IO packet
[        143012001000]       Instruction #: 02 FTYPE: 6 TTYPE: 0 size-1: ff
 
[        143012001000] IREQ Transaction
[        143012001000] INFO: Transmitting IO packet
[        143012001000]       Instruction #: 02 FTYPE: 6 TTYPE: 0 size-1: ff
 
[        143604001000] IREQ Transaction
[        143604001000] INFO: Transmitting IO packet
[        143604001000]       Instruction #: 03 FTYPE: 6 TTYPE: 0 size-1: 7f
 
[        143604001000] IREQ Transaction
[        143604001000] INFO: Transmitting IO packet
[        143604001000]       Instruction #: 03 FTYPE: 6 TTYPE: 0 size-1: 7f
 
[        143780001000] INFO: Receiving IO packet
[        143780001000]       srcTID #: 00 FTYPE: 6 TTYPE: 0 size-1: 00
 
[        143780001000] INFO: Receiving IO packet
[        143780001000]       srcTID #: 00 FTYPE: 6 TTYPE: 0 size-1: 00
 
[        143908001000] INFO: Receiving IO packet
[        143908001000]       srcTID #: 00 FTYPE: 6 TTYPE: 0 size-1: 00
 
[        143908001000] INFO: Receiving IO packet
[        143908001000]       srcTID #: 00 FTYPE: 6 TTYPE: 0 size-1: 00
 
[        143940001000] IREQ Transaction
[        143940001000] INFO: Transmitting IO packet
[        143940001000]       Instruction #: 04 FTYPE: 6 TTYPE: 0 size-1: 5f
 
[        143940001000] IREQ Transaction
[        143940001000] INFO: Transmitting IO packet
[        143940001000]       Instruction #: 04 FTYPE: 6 TTYPE: 0 size-1: 5f
 
[        144212001000] IREQ Transaction
[        144212001000] INFO: Transmitting IO packet
[        144212001000]       Instruction #: 05 FTYPE: 6 TTYPE: 0 size-1: 3f
 
[        144212001000] IREQ Transaction
[        144212001000] INFO: Transmitting IO packet
[        144212001000]       Instruction #: 05 FTYPE: 6 TTYPE: 0 size-1: 3f
 
[        144420001000] IREQ Transaction
[        144420001000] INFO: Transmitting IO packet
[        144420001000]       Instruction #: 06 FTYPE: 6 TTYPE: 0 size-1: 1f
 
[        144420001000] IREQ Transaction
[        144420001000] INFO: Transmitting IO packet
[        144420001000]       Instruction #: 06 FTYPE: 6 TTYPE: 0 size-1: 1f
 
[        144564001000] IREQ Transaction
[        144564001000] INFO: Transmitting IO packet
[        144564001000]       Instruction #: 07 FTYPE: 6 TTYPE: 0 size-1: 0f
 
[        144564001000] IREQ Transaction
[        144564001000] INFO: Transmitting IO packet
[        144564001000]       Instruction #: 07 FTYPE: 6 TTYPE: 0 size-1: 0f
 
[        144676001000] IREQ Transaction
[        144676001000] INFO: Transmitting IO packet
[        144676001000]       Instruction #: 08 FTYPE: 6 TTYPE: 0 size-1: ff
 
[        144676001000] IREQ Transaction
[        144676001000] INFO: Transmitting IO packet
[        144676001000]       Instruction #: 08 FTYPE: 6 TTYPE: 0 size-1: ff
 
[        144964001000] INFO: Receiving IO packet
[        144964001000]       srcTID #: 00 FTYPE: 6 TTYPE: 0 size-1: 00
 
[        144964001000] INFO: Receiving IO packet
[        144964001000]       srcTID #: 00 FTYPE: 6 TTYPE: 0 size-1: 00
 
[        145268001000] IREQ Transaction
[        145268001000] INFO: Transmitting IO packet
[        145268001000]       Instruction #: 09 FTYPE: 6 TTYPE: 0 size-1: 7f
 
[        145268001000] IREQ Transaction
[        145268001000] INFO: Transmitting IO packet
[        145268001000]       Instruction #: 09 FTYPE: 6 TTYPE: 0 size-1: 7f
 
[        145493000000] INFO: Receiving IO packet
[        145493000000]       srcTID #: 00 FTYPE: 6 TTYPE: 0 size-1: 00
 
[        145493000000] INFO: Receiving IO packet
[        145493000000]       srcTID #: 00 FTYPE: 6 TTYPE: 0 size-1: 00
 
[        145604001000] IREQ Transaction
[        145604001000] INFO: Transmitting IO packet
[        145604001000]       Instruction #: 0a FTYPE: 6 TTYPE: 0 size-1: 5f
 
[        145604001000] IREQ Transaction
[        145604001000] INFO: Transmitting IO packet
[        145604001000]       Instruction #: 0a FTYPE: 6 TTYPE: 0 size-1: 5f
 
[        145765000000] INFO: Receiving IO packet
[        145765000000]       srcTID #: 00 FTYPE: 6 TTYPE: 0 size-1: 00
 
[        145765000000] INFO: Receiving IO packet
[        145765000000]       srcTID #: 00 FTYPE: 6 TTYPE: 0 size-1: 00
 
[        145876001000] IREQ Transaction
[        145876001000] INFO: Transmitting IO packet
[        145876001000]       Instruction #: 0b FTYPE: 6 TTYPE: 0 size-1: 3f
 
[        145876001000] IREQ Transaction
[        145876001000] INFO: Transmitting IO packet
[        145876001000]       Instruction #: 0b FTYPE: 6 TTYPE: 0 size-1: 3f
 
[        145973000000] INFO: Receiving IO packet
[        145973000000]       srcTID #: 00 FTYPE: 6 TTYPE: 0 size-1: 00
 
[        145973000000] INFO: Receiving IO packet
[        145973000000]       srcTID #: 00 FTYPE: 6 TTYPE: 0 size-1: 00
 
[        146084001000] IREQ Transaction
[        146084001000] INFO: Transmitting IO packet
[        146084001000]       Instruction #: 0c FTYPE: 6 TTYPE: 0 size-1: 1f
 
[        146084001000] IREQ Transaction
[        146084001000] INFO: Transmitting IO packet
[        146084001000]       Instruction #: 0c FTYPE: 6 TTYPE: 0 size-1: 1f
 
[        146117000000] INFO: Receiving IO packet
[        146117000000]       srcTID #: 00 FTYPE: 6 TTYPE: 0 size-1: 00
 
[        146117000000] INFO: Receiving IO packet
[        146117000000]       srcTID #: 00 FTYPE: 6 TTYPE: 0 size-1: 00
 
[        146197000000] INFO: Receiving IO packet
[        146197000000]       srcTID #: 00 FTYPE: 6 TTYPE: 0 size-1: 00
 
[        146197000000] INFO: Receiving IO packet
[        146197000000]       srcTID #: 00 FTYPE: 6 TTYPE: 0 size-1: 00
 
[        146228001000] IREQ Transaction
[        146228001000] INFO: Transmitting IO packet
[        146228001000]       Instruction #: 0d FTYPE: 6 TTYPE: 0 size-1: 0f
 
[        146228001000] IREQ Transaction
[        146228001000] INFO: Transmitting IO packet
[        146228001000]       Instruction #: 0d FTYPE: 6 TTYPE: 0 size-1: 0f
 
[        146340001000] IREQ Transaction
[        146340001000] INFO: Transmitting IO packet
[        146340001000]       Instruction #: 0e FTYPE: 6 TTYPE: 0 size-1: 07
 
[        146340001000] IREQ Transaction
[        146340001000] INFO: Transmitting IO packet
[        146340001000]       Instruction #: 0e FTYPE: 6 TTYPE: 0 size-1: 07
 
[        146436001000] IREQ Transaction
[        146436001000] INFO: Transmitting IO packet
[        146436001000]       Instruction #: 0f FTYPE: 6 TTYPE: 0 size-1: 06
 
[        146436001000] IREQ Transaction
[        146436001000] INFO: Transmitting IO packet
[        146436001000]       Instruction #: 0f FTYPE: 6 TTYPE: 0 size-1: 06
 
[        146532001000] IREQ Transaction
[        146532001000] INFO: Transmitting IO packet
[        146532001000]       Instruction #: 10 FTYPE: 6 TTYPE: 0 size-1: 06
 
[        146532001000] IREQ Transaction
[        146532001000] INFO: Transmitting IO packet
[        146532001000]       Instruction #: 10 FTYPE: 6 TTYPE: 0 size-1: 06
 
[        146628001000] IREQ Transaction
[        146628001000] INFO: Transmitting IO packet
[        146628001000]       Instruction #: 11 FTYPE: 6 TTYPE: 0 size-1: 05
 
[        146628001000] IREQ Transaction
[        146628001000] INFO: Transmitting IO packet
[        146628001000]       Instruction #: 11 FTYPE: 6 TTYPE: 0 size-1: 05
 
[        146644001000] INFO: Receiving IO packet
[        146644001000]       srcTID #: 00 FTYPE: 6 TTYPE: 0 size-1: 00
 
[        146644001000] INFO: Receiving IO packet
[        146644001000]       srcTID #: 00 FTYPE: 6 TTYPE: 0 size-1: 00
 
[        146724001000] IREQ Transaction
[        146724001000] INFO: Transmitting IO packet
[        146724001000]       Instruction #: 12 FTYPE: 6 TTYPE: 0 size-1: 05
 
[        146724001000] IREQ Transaction
[        146724001000] INFO: Transmitting IO packet
[        146724001000]       Instruction #: 12 FTYPE: 6 TTYPE: 0 size-1: 05
 
[        146820001000] IREQ Transaction
[        146820001000] INFO: Transmitting IO packet
[        146820001000]       Instruction #: 13 FTYPE: 6 TTYPE: 0 size-1: 04
 
[        146820001000] IREQ Transaction
[        146820001000] INFO: Transmitting IO packet
[        146820001000]       Instruction #: 13 FTYPE: 6 TTYPE: 0 size-1: 04
 
[        146916001000] IREQ Transaction
[        146916001000] INFO: Transmitting IO packet
[        146916001000]       Instruction #: 14 FTYPE: 6 TTYPE: 0 size-1: 04
 
[        146916001000] IREQ Transaction
[        146916001000] INFO: Transmitting IO packet
[        146916001000]       Instruction #: 14 FTYPE: 6 TTYPE: 0 size-1: 04
 
[        147012001000] IREQ Transaction
[        147012001000] INFO: Transmitting IO packet
[        147012001000]       Instruction #: 15 FTYPE: 6 TTYPE: 0 size-1: 03
 
[        147012001000] IREQ Transaction
[        147012001000] INFO: Transmitting IO packet
[        147012001000]       Instruction #: 15 FTYPE: 6 TTYPE: 0 size-1: 03
 
[        147108001000] IREQ Transaction
[        147108001000] INFO: Transmitting IO packet
[        147108001000]       Instruction #: 16 FTYPE: 6 TTYPE: 0 size-1: 03
 
[        147108001000] IREQ Transaction
[        147108001000] INFO: Transmitting IO packet
[        147108001000]       Instruction #: 16 FTYPE: 6 TTYPE: 0 size-1: 03
 
[        147173000000] INFO: Receiving IO packet
[        147173000000]       srcTID #: 00 FTYPE: 6 TTYPE: 0 size-1: 00
 
[        147173000000] INFO: Receiving IO packet
[        147173000000]       srcTID #: 00 FTYPE: 6 TTYPE: 0 size-1: 00
 
[        147204001000] IREQ Transaction
[        147204001000] INFO: Transmitting IO packet
[        147204001000]       Instruction #: 17 FTYPE: 6 TTYPE: 0 size-1: 02
 
[        147204001000] IREQ Transaction
[        147204001000] INFO: Transmitting IO packet
[        147204001000]       Instruction #: 17 FTYPE: 6 TTYPE: 0 size-1: 02
 
[        147300001000] IREQ Transaction
[        147300001000] INFO: Transmitting IO packet
[        147300001000]       Instruction #: 18 FTYPE: 6 TTYPE: 0 size-1: 02
 
[        147300001000] IREQ Transaction
[        147300001000] INFO: Transmitting IO packet
[        147300001000]       Instruction #: 18 FTYPE: 6 TTYPE: 0 size-1: 02
 
[        147396001000] IREQ Transaction
[        147396001000] INFO: Transmitting IO packet
[        147396001000]       Instruction #: 19 FTYPE: 6 TTYPE: 0 size-1: 01
 
[        147396001000] IREQ Transaction
[        147396001000] INFO: Transmitting IO packet
[        147396001000]       Instruction #: 19 FTYPE: 6 TTYPE: 0 size-1: 01
 
[        147445000000] INFO: Receiving IO packet
[        147445000000]       srcTID #: 00 FTYPE: 6 TTYPE: 0 size-1: 00
 
[        147445000000] INFO: Receiving IO packet
[        147445000000]       srcTID #: 00 FTYPE: 6 TTYPE: 0 size-1: 00
 
[        147492001000] IREQ Transaction
[        147492001000] INFO: Transmitting IO packet
[        147492001000]       Instruction #: 1a FTYPE: 6 TTYPE: 0 size-1: 01
 
[        147492001000] IREQ Transaction
[        147492001000] INFO: Transmitting IO packet
[        147492001000]       Instruction #: 1a FTYPE: 6 TTYPE: 0 size-1: 01
 
[        147588001000] IREQ Transaction
[        147588001000] INFO: Transmitting IO packet
[        147588001000]       Instruction #: 1b FTYPE: 6 TTYPE: 0 size-1: 01
 
[        147588001000] IREQ Transaction
[        147588001000] INFO: Transmitting IO packet
[        147588001000]       Instruction #: 1b FTYPE: 6 TTYPE: 0 size-1: 01
 
[        147653000000] INFO: Receiving IO packet
[        147653000000]       srcTID #: 00 FTYPE: 6 TTYPE: 0 size-1: 00
 
[        147653000000] INFO: Receiving IO packet
[        147653000000]       srcTID #: 00 FTYPE: 6 TTYPE: 0 size-1: 00
 
[        147684001000] IREQ Transaction
[        147684001000] INFO: Transmitting IO packet
[        147684001000]       Instruction #: 1c FTYPE: 6 TTYPE: 0 size-1: 01
 
[        147684001000] IREQ Transaction
[        147684001000] INFO: Transmitting IO packet
[        147684001000]       Instruction #: 1c FTYPE: 6 TTYPE: 0 size-1: 01
 
[        147780001000] IREQ Transaction
[        147780001000] INFO: Transmitting IO packet
[        147780001000]       Instruction #: 1d FTYPE: 6 TTYPE: 0 size-1: 00
 
[        147780001000] IREQ Transaction
[        147780001000] INFO: Transmitting IO packet
[        147780001000]       Instruction #: 1d FTYPE: 6 TTYPE: 0 size-1: 00
 
[        147797000000] INFO: Receiving IO packet
[        147797000000]       srcTID #: 00 FTYPE: 6 TTYPE: 0 size-1: 00
 
[        147797000000] INFO: Receiving IO packet
[        147797000000]       srcTID #: 00 FTYPE: 6 TTYPE: 0 size-1: 00
 
[        147876001000] IREQ Transaction
[        147876001000] INFO: Transmitting IO packet
[        147876001000]       Instruction #: 1e FTYPE: 6 TTYPE: 0 size-1: 00
 
[        147876001000] IREQ Transaction
[        147876001000] INFO: Transmitting IO packet
[        147876001000]       Instruction #: 1e FTYPE: 6 TTYPE: 0 size-1: 00
 
[        147877000000] INFO: Receiving IO packet
[        147877000000]       srcTID #: 00 FTYPE: 6 TTYPE: 0 size-1: 00
 
[        147877000000] INFO: Receiving IO packet
[        147877000000]       srcTID #: 00 FTYPE: 6 TTYPE: 0 size-1: 00
 
[        147925000000] INFO: Receiving IO packet
[        147925000000]       srcTID #: 00 FTYPE: 6 TTYPE: 0 size-1: 00
 
[        147925000000] INFO: Receiving IO packet
[        147925000000]       srcTID #: 00 FTYPE: 6 TTYPE: 0 size-1: 00
 
[        147957000000] INFO: Receiving IO packet
[        147957000000]       srcTID #: 00 FTYPE: 6 TTYPE: 0 size-1: 00
 
[        147957000000] INFO: Receiving IO packet
[        147957000000]       srcTID #: 00 FTYPE: 6 TTYPE: 0 size-1: 00
 
[        147972001000] IREQ Transaction
[        147972001000] INFO: Transmitting IO packet
[        147972001000]       Instruction #: 1f FTYPE: 6 TTYPE: 0 size-1: 00
 
[        147972001000] IREQ Transaction
[        147972001000] INFO: Transmitting IO packet
[        147972001000]       Instruction #: 1f FTYPE: 6 TTYPE: 0 size-1: 00
 
[        147989000000] INFO: Receiving IO packet
[        147989000000]       srcTID #: 00 FTYPE: 6 TTYPE: 0 size-1: 00
 
[        147989000000] INFO: Receiving IO packet
[        147989000000]       srcTID #: 00 FTYPE: 6 TTYPE: 0 size-1: 00
 
[        148021000000] INFO: Receiving IO packet
[        148021000000]       srcTID #: 00 FTYPE: 6 TTYPE: 0 size-1: 00
 
[        148021000000] INFO: Receiving IO packet
[        148021000000]       srcTID #: 00 FTYPE: 6 TTYPE: 0 size-1: 00
 
[        148053000000] INFO: Receiving IO packet
[        148053000000]       srcTID #: 00 FTYPE: 6 TTYPE: 0 size-1: 00
 
[        148053000000] INFO: Receiving IO packet
[        148053000000]       srcTID #: 00 FTYPE: 6 TTYPE: 0 size-1: 00
 
[        148068001000] IREQ Transaction
[        148068001000] INFO: Transmitting IO packet
[        148068001000]       Instruction #: 20 FTYPE: 6 TTYPE: 0 size-1: 00
 
[        148068001000] IREQ Transaction
[        148068001000] INFO: Transmitting IO packet
[        148068001000]       Instruction #: 20 FTYPE: 6 TTYPE: 0 size-1: 00
 
[        148085000000] INFO: Receiving IO packet
[        148085000000]       srcTID #: 00 FTYPE: 6 TTYPE: 0 size-1: 00
 
[        148085000000] INFO: Receiving IO packet
[        148085000000]       srcTID #: 00 FTYPE: 6 TTYPE: 0 size-1: 00
 
[        148117000000] INFO: Receiving IO packet
[        148117000000]       srcTID #: 00 FTYPE: 6 TTYPE: 0 size-1: 00
 
[        148117000000] INFO: Receiving IO packet
[        148117000000]       srcTID #: 00 FTYPE: 6 TTYPE: 0 size-1: 00
 
[        148149000000] INFO: Receiving IO packet
[        148149000000]       srcTID #: 00 FTYPE: 6 TTYPE: 0 size-1: 00
 
[        148149000000] INFO: Receiving IO packet
[        148149000000]       srcTID #: 00 FTYPE: 6 TTYPE: 0 size-1: 00
 
[        148164001000] IREQ Transaction
[        148164001000] INFO: Transmitting IO packet
[        148164001000]       Instruction #: 21 FTYPE: 6 TTYPE: 0 size-1: 00
 
[        148164001000] IREQ Transaction
[        148164001000] INFO: Transmitting IO packet
[        148164001000]       Instruction #: 21 FTYPE: 6 TTYPE: 0 size-1: 00
 
[        148181000000] INFO: Receiving IO packet
[        148181000000]       srcTID #: 00 FTYPE: 6 TTYPE: 0 size-1: 00
 
[        148181000000] INFO: Receiving IO packet
[        148181000000]       srcTID #: 00 FTYPE: 6 TTYPE: 0 size-1: 00
 
[        148213000000] INFO: Receiving IO packet
[        148213000000]       srcTID #: 00 FTYPE: 6 TTYPE: 0 size-1: 00
 
[        148213000000] INFO: Receiving IO packet
[        148213000000]       srcTID #: 00 FTYPE: 6 TTYPE: 0 size-1: 00
 
[        148260001000] IREQ Transaction
[        148260001000] INFO: Transmitting IO packet
[        148260001000]       Instruction #: 22 FTYPE: 6 TTYPE: 0 size-1: 00
 
[        148260001000] IREQ Transaction
[        148260001000] INFO: Transmitting IO packet
[        148260001000]       Instruction #: 22 FTYPE: 6 TTYPE: 0 size-1: 00
 
[        148324001000] INFO: Receiving IO packet
[        148324001000]       srcTID #: 00 FTYPE: 6 TTYPE: 0 size-1: 00
 
[        148324001000] INFO: Receiving IO packet
[        148324001000]       srcTID #: 00 FTYPE: 6 TTYPE: 0 size-1: 00
 
[        148356001000] IREQ Transaction
[        148356001000] INFO: Transmitting IO packet
[        148356001000]       Instruction #: 23 FTYPE: 6 TTYPE: 0 size-1: 00
 
[        148356001000] IREQ Transaction
[        148356001000] INFO: Transmitting IO packet
[        148356001000]       Instruction #: 23 FTYPE: 6 TTYPE: 0 size-1: 00
 
[        148357000000] INFO: Receiving IO packet
[        148357000000]       srcTID #: 00 FTYPE: 6 TTYPE: 0 size-1: 00
 
[        148357000000] INFO: Receiving IO packet
[        148357000000]       srcTID #: 00 FTYPE: 6 TTYPE: 0 size-1: 00
 
[        148452001000] IREQ Transaction
[        148452001000] INFO: Transmitting IO packet
[        148452001000]       Instruction #: 24 FTYPE: 6 TTYPE: 0 size-1: 00
 
[        148452001000] IREQ Transaction
[        148452001000] INFO: Transmitting IO packet
[        148452001000]       Instruction #: 24 FTYPE: 6 TTYPE: 0 size-1: 00
 
[        148468001000] INFO: Receiving IO packet
[        148468001000]       srcTID #: 00 FTYPE: 6 TTYPE: 0 size-1: 00
 
[        148468001000] INFO: Receiving IO packet
[        148468001000]       srcTID #: 00 FTYPE: 6 TTYPE: 0 size-1: 00
 
[        148548001000] IREQ Transaction
[        148548001000] INFO: Transmitting IO packet
[        148548001000]       Instruction #: 25 FTYPE: 5 TTYPE: 5 size-1: 05
 
[        148548001000] IREQ Transaction
[        148548001000] INFO: Transmitting IO packet
[        148548001000]       Instruction #: 25 FTYPE: 5 TTYPE: 5 size-1: 05
 
[        148580001000] INFO: Receiving IO packet
[        148580001000]       srcTID #: 00 FTYPE: 6 TTYPE: 0 size-1: 00
 
[        148580001000] INFO: Receiving IO packet
[        148580001000]       srcTID #: 00 FTYPE: 6 TTYPE: 0 size-1: 00
 
[        148644001000] IREQ Transaction
[        148644001000] INFO: Transmitting IO packet
[        148644001000]       Instruction #: 26 FTYPE: 5 TTYPE: 5 size-1: 04
 
[        148644001000] IREQ Transaction
[        148644001000] INFO: Transmitting IO packet
[        148644001000]       Instruction #: 26 FTYPE: 5 TTYPE: 5 size-1: 04
 
[        148708001000] INFO: Receiving IO packet
[        148708001000]       srcTID #: 00 FTYPE: 6 TTYPE: 0 size-1: 00
 
[        148708001000] INFO: Receiving IO packet
[        148708001000]       srcTID #: 00 FTYPE: 6 TTYPE: 0 size-1: 00
 
[        148740001000] IREQ Transaction
[        148740001000] INFO: Transmitting IO packet
[        148740001000]       Instruction #: 27 FTYPE: 5 TTYPE: 5 size-1: 04
 
[        148740001000] IREQ Transaction
[        148740001000] INFO: Transmitting IO packet
[        148740001000]       Instruction #: 27 FTYPE: 5 TTYPE: 5 size-1: 04
 
[        148820001000] INFO: Receiving IO packet
[        148820001000]       srcTID #: 00 FTYPE: 6 TTYPE: 0 size-1: 00
 
[        148820001000] INFO: Receiving IO packet
[        148820001000]       srcTID #: 00 FTYPE: 6 TTYPE: 0 size-1: 00
 
[        148836001000] IREQ Transaction
[        148836001000] INFO: Transmitting IO packet
[        148836001000]       Instruction #: 28 FTYPE: 5 TTYPE: 5 size-1: 03
 
[        148836001000] IREQ Transaction
[        148836001000] INFO: Transmitting IO packet
[        148836001000]       Instruction #: 28 FTYPE: 5 TTYPE: 5 size-1: 03
 
[        148853000000] INFO: Receiving IO packet
[        148853000000]       srcTID #: 00 FTYPE: 6 TTYPE: 0 size-1: 00
 
[        148853000000] INFO: Receiving IO packet
[        148853000000]       srcTID #: 00 FTYPE: 6 TTYPE: 0 size-1: 00
 
[        148932001000] IREQ Transaction
[        148932001000] INFO: Transmitting IO packet
[        148932001000]       Instruction #: 29 FTYPE: 5 TTYPE: 5 size-1: 03
 
[        148932001000] IREQ Transaction
[        148932001000] INFO: Transmitting IO packet
[        148932001000]       Instruction #: 29 FTYPE: 5 TTYPE: 5 size-1: 03
 
[        148964001000] INFO: Receiving IO packet
[        148964001000]       srcTID #: 00 FTYPE: 6 TTYPE: 0 size-1: 00
 
[        148964001000] INFO: Receiving IO packet
[        148964001000]       srcTID #: 00 FTYPE: 6 TTYPE: 0 size-1: 00
 
[        149028001000] IREQ Transaction
[        149028001000] INFO: Transmitting IO packet
[        149028001000]       Instruction #: 2a FTYPE: 5 TTYPE: 5 size-1: 02
 
[        149028001000] IREQ Transaction
[        149028001000] INFO: Transmitting IO packet
[        149028001000]       Instruction #: 2a FTYPE: 5 TTYPE: 5 size-1: 02
 
[        149076001000] INFO: Receiving IO packet
[        149076001000]       srcTID #: 00 FTYPE: 6 TTYPE: 0 size-1: 00
 
[        149076001000] INFO: Receiving IO packet
[        149076001000]       srcTID #: 00 FTYPE: 6 TTYPE: 0 size-1: 00
 
[        149109000000] INFO: Receiving IO packet
[        149109000000]       srcTID #: 00 FTYPE: 6 TTYPE: 0 size-1: 00
 
[        149109000000] INFO: Receiving IO packet
[        149109000000]       srcTID #: 00 FTYPE: 6 TTYPE: 0 size-1: 00
 
[        149124001000] IREQ Transaction
[        149124001000] INFO: Transmitting IO packet
[        149124001000]       Instruction #: 2b FTYPE: 5 TTYPE: 5 size-1: 02
 
[        149124001000] IREQ Transaction
[        149124001000] INFO: Transmitting IO packet
[        149124001000]       Instruction #: 2b FTYPE: 5 TTYPE: 5 size-1: 02
 
[        149220001000] IREQ Transaction
[        149220001000] INFO: Transmitting IO packet
[        149220001000]       Instruction #: 2c FTYPE: 5 TTYPE: 5 size-1: 01
 
[        149220001000] INFO: Receiving IO packet
[        149220001000]       srcTID #: 00 FTYPE: 6 TTYPE: 0 size-1: 00
 
[        149220001000] IREQ Transaction
[        149220001000] INFO: Transmitting IO packet
[        149220001000]       Instruction #: 2c FTYPE: 5 TTYPE: 5 size-1: 01
 
[        149220001000] INFO: Receiving IO packet
[        149220001000]       srcTID #: 00 FTYPE: 6 TTYPE: 0 size-1: 00
 
[        149316001000] IREQ Transaction
[        149316001000] INFO: Transmitting IO packet
[        149316001000]       Instruction #: 2d FTYPE: 5 TTYPE: 5 size-1: 01
 
[        149316001000] IREQ Transaction
[        149316001000] INFO: Transmitting IO packet
[        149316001000]       Instruction #: 2d FTYPE: 5 TTYPE: 5 size-1: 01
 
[        149332001000] INFO: Receiving IO packet
[        149332001000]       srcTID #: 00 FTYPE: 6 TTYPE: 0 size-1: 00
 
[        149332001000] INFO: Receiving IO packet
[        149332001000]       srcTID #: 00 FTYPE: 6 TTYPE: 0 size-1: 00
 
[        149412001000] IREQ Transaction
[        149412001000] INFO: Transmitting IO packet
[        149412001000]       Instruction #: 2e FTYPE: 5 TTYPE: 5 size-1: 01
 
[        149412001000] IREQ Transaction
[        149412001000] INFO: Transmitting IO packet
[        149412001000]       Instruction #: 2e FTYPE: 5 TTYPE: 5 size-1: 01
 
[        149444001000] INFO: Receiving IO packet
[        149444001000]       srcTID #: 00 FTYPE: 6 TTYPE: 0 size-1: 00
 
[        149444001000] INFO: Receiving IO packet
[        149444001000]       srcTID #: 00 FTYPE: 6 TTYPE: 0 size-1: 00
 
[        149508001000] IREQ Transaction
[        149508001000] INFO: Transmitting IO packet
[        149508001000]       Instruction #: 2f FTYPE: 5 TTYPE: 5 size-1: 01
 
[        149508001000] IREQ Transaction
[        149508001000] INFO: Transmitting IO packet
[        149508001000]       Instruction #: 2f FTYPE: 5 TTYPE: 5 size-1: 01
 
[        149572001000] INFO: Receiving IO packet
[        149572001000]       srcTID #: 25 FTYPE: 5 TTYPE: 5 size-1: 05
 
[        149572001000] INFO: Receiving IO packet
[        149572001000]       srcTID #: 25 FTYPE: 5 TTYPE: 5 size-1: 05
 
[        149604001000] IREQ Transaction
[        149604001000] INFO: Transmitting IO packet
[        149604001000]       Instruction #: 30 FTYPE: 5 TTYPE: 5 size-1: 00
 
[        149604001000] IREQ Transaction
[        149604001000] INFO: Transmitting IO packet
[        149604001000]       Instruction #: 30 FTYPE: 5 TTYPE: 5 size-1: 00
 
[        149620001000] INFO: Receiving IO packet
[        149620001000]       srcTID #: 26 FTYPE: 5 TTYPE: 5 size-1: 04
 
[        149620001000] INFO: Receiving IO packet
[        149620001000]       srcTID #: 26 FTYPE: 5 TTYPE: 5 size-1: 04
 
[        149668001000] INFO: Transmitting IO packet
[        149668001000]       Instruction #: 25 FTYPE: d TTYPE: 0 size-1: 00
 
[        149668001000] INFO: Transmitting IO packet
[        149668001000]       Instruction #: 25 FTYPE: d TTYPE: 0 size-1: 00
 
[        149700001000] IREQ Transaction
[        149700001000] INFO: Transmitting IO packet
[        149700001000]       Instruction #: 31 FTYPE: 5 TTYPE: 5 size-1: 00
 
[        149700001000] IREQ Transaction
[        149700001000] INFO: Transmitting IO packet
[        149700001000]       Instruction #: 31 FTYPE: 5 TTYPE: 5 size-1: 00
 
[        149748001000] INFO: Transmitting IO packet
[        149748001000]       Instruction #: 26 FTYPE: d TTYPE: 0 size-1: 00
 
[        149748001000] INFO: Receiving IO packet
[        149748001000]       srcTID #: 27 FTYPE: 5 TTYPE: 5 size-1: 04
 
[        149748001000] INFO: Transmitting IO packet
[        149748001000]       Instruction #: 26 FTYPE: d TTYPE: 0 size-1: 00
 
[        149748001000] INFO: Receiving IO packet
[        149748001000]       srcTID #: 27 FTYPE: 5 TTYPE: 5 size-1: 04
 
[        149796001000] IREQ Transaction
[        149796001000] INFO: Transmitting IO packet
[        149796001000]       Instruction #: 32 FTYPE: 5 TTYPE: 5 size-1: 00
 
[        149796001000] IREQ Transaction
[        149796001000] INFO: Transmitting IO packet
[        149796001000]       Instruction #: 32 FTYPE: 5 TTYPE: 5 size-1: 00
 
[        149860001000] INFO: Transmitting IO packet
[        149860001000]       Instruction #: 27 FTYPE: d TTYPE: 0 size-1: 00
 
[        149860001000] INFO: Transmitting IO packet
[        149860001000]       Instruction #: 27 FTYPE: d TTYPE: 0 size-1: 00
 
[        149876001000] INFO: Receiving IO packet
[        149876001000]       srcTID #: 28 FTYPE: 5 TTYPE: 5 size-1: 03
 
[        149876001000] INFO: Receiving IO packet
[        149876001000]       srcTID #: 28 FTYPE: 5 TTYPE: 5 size-1: 03
 
[        149892001000] IREQ Transaction
[        149892001000] INFO: Transmitting IO packet
[        149892001000]       Instruction #: 33 FTYPE: 5 TTYPE: 5 size-1: 00
 
[        149892001000] IREQ Transaction
[        149892001000] INFO: Transmitting IO packet
[        149892001000]       Instruction #: 33 FTYPE: 5 TTYPE: 5 size-1: 00
 
[        149924001000] INFO: Receiving IO packet
[        149924001000]       srcTID #: 29 FTYPE: 5 TTYPE: 5 size-1: 03
 
[        149924001000] INFO: Receiving IO packet
[        149924001000]       srcTID #: 29 FTYPE: 5 TTYPE: 5 size-1: 03
 
[        149988001000] IREQ Transaction
[        149988001000] INFO: Transmitting IO packet
[        149988001000]       Instruction #: 34 FTYPE: 5 TTYPE: 5 size-1: 00
 
[        149988001000] INFO: Transmitting IO packet
[        149988001000]       Instruction #: 28 FTYPE: d TTYPE: 0 size-1: 00
 
[        149988001000] IREQ Transaction
[        149988001000] INFO: Transmitting IO packet
[        149988001000]       Instruction #: 34 FTYPE: 5 TTYPE: 5 size-1: 00
 
[        149988001000] INFO: Transmitting IO packet
[        149988001000]       Instruction #: 28 FTYPE: d TTYPE: 0 size-1: 00
 
[        150052001000] INFO: Receiving IO packet
[        150052001000]       srcTID #: 2a FTYPE: 5 TTYPE: 5 size-1: 02
 
[        150052001000] INFO: Receiving IO packet
[        150052001000]       srcTID #: 2a FTYPE: 5 TTYPE: 5 size-1: 02
 
[        150068001000] INFO: Transmitting IO packet
[        150068001000]       Instruction #: 29 FTYPE: d TTYPE: 0 size-1: 00
 
[        150068001000] INFO: Transmitting IO packet
[        150068001000]       Instruction #: 29 FTYPE: d TTYPE: 0 size-1: 00
 
[        150084001000] IREQ Transaction
[        150084001000] INFO: Transmitting IO packet
[        150084001000]       Instruction #: 35 FTYPE: 5 TTYPE: 5 size-1: 00
 
[        150084001000] IREQ Transaction
[        150084001000] INFO: Transmitting IO packet
[        150084001000]       Instruction #: 35 FTYPE: 5 TTYPE: 5 size-1: 00
 
[        150100001000] INFO: Receiving IO packet
[        150100001000]       srcTID #: 2b FTYPE: 5 TTYPE: 5 size-1: 02
 
[        150100001000] INFO: Receiving IO packet
[        150100001000]       srcTID #: 2b FTYPE: 5 TTYPE: 5 size-1: 02
 
[        150164001000] INFO: Transmitting IO packet
[        150164001000]       Instruction #: 2a FTYPE: d TTYPE: 0 size-1: 00
 
[        150164001000] INFO: Transmitting IO packet
[        150164001000]       Instruction #: 2a FTYPE: d TTYPE: 0 size-1: 00
 
[        150196001000] IREQ Transaction
[        150196001000] INFO: Transmitting IO packet
[        150196001000]       Instruction #: 36 FTYPE: 5 TTYPE: 5 size-1: 00
 
[        150196001000] IREQ Transaction
[        150196001000] INFO: Transmitting IO packet
[        150196001000]       Instruction #: 36 FTYPE: 5 TTYPE: 5 size-1: 00
 
[        150228001000] INFO: Receiving IO packet
[        150228001000]       srcTID #: 2c FTYPE: 5 TTYPE: 5 size-1: 01
 
[        150228001000] INFO: Receiving IO packet
[        150228001000]       srcTID #: 2c FTYPE: 5 TTYPE: 5 size-1: 01
 
[        150244001000] INFO: Transmitting IO packet
[        150244001000]       Instruction #: 2b FTYPE: d TTYPE: 0 size-1: 00
 
[        150244001000] INFO: Transmitting IO packet
[        150244001000]       Instruction #: 2b FTYPE: d TTYPE: 0 size-1: 00
 
[        150292001000] IREQ Transaction
[        150292001000] INFO: Transmitting IO packet
[        150292001000]       Instruction #: 37 FTYPE: 5 TTYPE: 5 size-1: 00
 
[        150292001000] IREQ Transaction
[        150292001000] INFO: Transmitting IO packet
[        150292001000]       Instruction #: 37 FTYPE: 5 TTYPE: 5 size-1: 00
 
[        150340001000] INFO: Transmitting IO packet
[        150340001000]       Instruction #: 2c FTYPE: d TTYPE: 0 size-1: 00
 
[        150340001000] INFO: Transmitting IO packet
[        150340001000]       Instruction #: 2c FTYPE: d TTYPE: 0 size-1: 00
 
[        150356001000] INFO: Receiving IO packet
[        150356001000]       srcTID #: 2d FTYPE: 5 TTYPE: 5 size-1: 01
 
[        150356001000] INFO: Receiving IO packet
[        150356001000]       srcTID #: 2d FTYPE: 5 TTYPE: 5 size-1: 01
 
[        150388001000] IREQ Transaction
[        150388001000] INFO: Transmitting IO packet
[        150388001000]       Instruction #: 38 FTYPE: 5 TTYPE: 4 size-1: 0f
 
[        150388001000] IREQ Transaction
[        150388001000] INFO: Transmitting IO packet
[        150388001000]       Instruction #: 38 FTYPE: 5 TTYPE: 4 size-1: 0f
 
[        150404001000] INFO: Receiving IO packet
[        150404001000]       srcTID #: 2e FTYPE: 5 TTYPE: 5 size-1: 01
 
[        150404001000] INFO: Receiving IO packet
[        150404001000]       srcTID #: 2e FTYPE: 5 TTYPE: 5 size-1: 01
 
[        150468001000] INFO: Transmitting IO packet
[        150468001000]       Instruction #: 2d FTYPE: d TTYPE: 0 size-1: 00
 
[        150468001000] INFO: Transmitting IO packet
[        150468001000]       Instruction #: 2d FTYPE: d TTYPE: 0 size-1: 00
 
[        150500001000] IREQ Transaction
[        150500001000] INFO: Transmitting IO packet
[        150500001000]       Instruction #: 39 FTYPE: 5 TTYPE: 4 size-1: 0f
 
[        150500001000] IREQ Transaction
[        150500001000] INFO: Transmitting IO packet
[        150500001000]       Instruction #: 39 FTYPE: 5 TTYPE: 4 size-1: 0f
blk_mem_gen_v8_4_4 collision detected at time: 150532000, Instance: srio_sim.srio_example_top_mirror.srio_support_inst.srio_5gx1_inst.inst.srio_gen2_v4_1_11_unifiedtop_inst.buf_core_inst.buf_top_inst.buf_rx_inst.buf_rx_bram_bank_inst.blk_mem_inst.\native_mem_module.blk_mem_gen_v8_4_4_inst , A write address: 131, B  read address: 131
blk_mem_gen_v8_4_4 collision detected at time: 150532000, Instance: srio_sim.srio_example_top_primary.srio_support_inst.srio_5gx1_inst.inst.srio_gen2_v4_1_11_unifiedtop_inst.buf_core_inst.buf_top_inst.buf_rx_inst.buf_rx_bram_bank_inst.blk_mem_inst.\native_mem_module.blk_mem_gen_v8_4_4_inst , A write address: 131, B  read address: 131
 
[        150532001000] INFO: Receiving IO packet
[        150532001000]       srcTID #: 2f FTYPE: 5 TTYPE: 5 size-1: 01
 
[        150532001000] INFO: Receiving IO packet
[        150532001000]       srcTID #: 2f FTYPE: 5 TTYPE: 5 size-1: 01
 
[        150548001000] INFO: Transmitting IO packet
[        150548001000]       Instruction #: 2e FTYPE: d TTYPE: 0 size-1: 00
 
[        150548001000] INFO: Transmitting IO packet
[        150548001000]       Instruction #: 2e FTYPE: d TTYPE: 0 size-1: 00
 
[        150580001000] INFO: Receiving IO packet
[        150580001000]       srcTID #: 30 FTYPE: 5 TTYPE: 5 size-1: 00
 
[        150580001000] INFO: Receiving IO packet
[        150580001000]       srcTID #: 30 FTYPE: 5 TTYPE: 5 size-1: 00
 
[        150612001000] IREQ Transaction
[        150612001000] INFO: Transmitting IO packet
[        150612001000]       Instruction #: 3a FTYPE: 5 TTYPE: 4 size-1: 0f
 
[        150612001000] IREQ Transaction
[        150612001000] INFO: Transmitting IO packet
[        150612001000]       Instruction #: 3a FTYPE: 5 TTYPE: 4 size-1: 0f
 
[        150628001000] IRESP Receiption
[        150628001000] INFO: Receiving IO packet
[        150628001000]       srcTID #: 25 FTYPE: d TTYPE: 0 size-1: 00
 
[        150628001000] IRESP Receiption
[        150628001000] INFO: Receiving IO packet
[        150628001000]       srcTID #: 25 FTYPE: d TTYPE: 0 size-1: 00
 
[        150644001000] INFO: Transmitting IO packet
[        150644001000]       Instruction #: 2f FTYPE: d TTYPE: 0 size-1: 00
 
[        150644001000] INFO: Transmitting IO packet
[        150644001000]       Instruction #: 2f FTYPE: d TTYPE: 0 size-1: 00
 
[        150708001000] IRESP Receiption
[        150708001000] INFO: Receiving IO packet
[        150708001000]       srcTID #: 26 FTYPE: d TTYPE: 0 size-1: 00
 
[        150708001000] IRESP Receiption
[        150708001000] INFO: Receiving IO packet
[        150708001000]       srcTID #: 26 FTYPE: d TTYPE: 0 size-1: 00
 
[        150724001000] IREQ Transaction
[        150724001000] INFO: Transmitting IO packet
[        150724001000]       Instruction #: 3b FTYPE: 5 TTYPE: 4 size-1: ff
 
[        150724001000] INFO: Transmitting IO packet
[        150724001000]       Instruction #: 30 FTYPE: d TTYPE: 0 size-1: 00
 
[        150724001000] IREQ Transaction
[        150724001000] INFO: Transmitting IO packet
[        150724001000]       Instruction #: 3b FTYPE: 5 TTYPE: 4 size-1: ff
 
[        150724001000] INFO: Transmitting IO packet
[        150724001000]       Instruction #: 30 FTYPE: d TTYPE: 0 size-1: 00
 
[        150820001000] INFO: Receiving IO packet
[        150820001000]       srcTID #: 31 FTYPE: 5 TTYPE: 5 size-1: 00
 
[        150820001000] INFO: Receiving IO packet
[        150820001000]       srcTID #: 31 FTYPE: 5 TTYPE: 5 size-1: 00
 
[        150868001000] IRESP Receiption
[        150868001000] INFO: Receiving IO packet
[        150868001000]       srcTID #: 27 FTYPE: d TTYPE: 0 size-1: 00
 
[        150868001000] IRESP Receiption
[        150868001000] INFO: Receiving IO packet
[        150868001000]       srcTID #: 27 FTYPE: d TTYPE: 0 size-1: 00
 
[        150964001000] INFO: Receiving IO packet
[        150964001000]       srcTID #: 32 FTYPE: 5 TTYPE: 5 size-1: 00
 
[        150964001000] INFO: Receiving IO packet
[        150964001000]       srcTID #: 32 FTYPE: 5 TTYPE: 5 size-1: 00
 
[        151012001000] IRESP Receiption
[        151012001000] INFO: Receiving IO packet
[        151012001000]       srcTID #: 28 FTYPE: d TTYPE: 0 size-1: 00
 
[        151012001000] IRESP Receiption
[        151012001000] INFO: Receiving IO packet
[        151012001000]       srcTID #: 28 FTYPE: d TTYPE: 0 size-1: 00
 
[        151060001000] IRESP Receiption
[        151060001000] INFO: Receiving IO packet
[        151060001000]       srcTID #: 29 FTYPE: d TTYPE: 0 size-1: 00
 
[        151060001000] IRESP Receiption
[        151060001000] INFO: Receiving IO packet
[        151060001000]       srcTID #: 29 FTYPE: d TTYPE: 0 size-1: 00
 
[        151124001000] INFO: Receiving IO packet
[        151124001000]       srcTID #: 33 FTYPE: 5 TTYPE: 5 size-1: 00
 
[        151124001000] INFO: Receiving IO packet
[        151124001000]       srcTID #: 33 FTYPE: 5 TTYPE: 5 size-1: 00
 
[        151172001000] IRESP Receiption
[        151172001000] INFO: Receiving IO packet
[        151172001000]       srcTID #: 2a FTYPE: d TTYPE: 0 size-1: 00
 
[        151172001000] IRESP Receiption
[        151172001000] INFO: Receiving IO packet
[        151172001000]       srcTID #: 2a FTYPE: d TTYPE: 0 size-1: 00
 
[        151220001000] IRESP Receiption
[        151220001000] INFO: Receiving IO packet
[        151220001000]       srcTID #: 2b FTYPE: d TTYPE: 0 size-1: 00
 
[        151220001000] IRESP Receiption
[        151220001000] INFO: Receiving IO packet
[        151220001000]       srcTID #: 2b FTYPE: d TTYPE: 0 size-1: 00
 
[        151284001000] INFO: Receiving IO packet
[        151284001000]       srcTID #: 34 FTYPE: 5 TTYPE: 5 size-1: 00
 
[        151284001000] INFO: Receiving IO packet
[        151284001000]       srcTID #: 34 FTYPE: 5 TTYPE: 5 size-1: 00
 
[        151300001000] INFO: Transmitting IO packet
[        151300001000]       Instruction #: 31 FTYPE: d TTYPE: 0 size-1: 00
 
[        151300001000] INFO: Transmitting IO packet
[        151300001000]       Instruction #: 31 FTYPE: d TTYPE: 0 size-1: 00
 
[        151316001000] IREQ Transaction
[        151316001000] INFO: Transmitting IO packet
[        151316001000]       Instruction #: 3c FTYPE: 5 TTYPE: 4 size-1: 7f
 
[        151316001000] IREQ Transaction
[        151316001000] INFO: Transmitting IO packet
[        151316001000]       Instruction #: 3c FTYPE: 5 TTYPE: 4 size-1: 7f
 
[        151332001000] IRESP Receiption
[        151332001000] INFO: Receiving IO packet
[        151332001000]       srcTID #: 2c FTYPE: d TTYPE: 0 size-1: 00
 
[        151332001000] IRESP Receiption
[        151332001000] INFO: Receiving IO packet
[        151332001000]       srcTID #: 2c FTYPE: d TTYPE: 0 size-1: 00
 
[        151380001000] INFO: Transmitting IO packet
[        151380001000]       Instruction #: 32 FTYPE: d TTYPE: 0 size-1: 00
 
[        151380001000] INFO: Transmitting IO packet
[        151380001000]       Instruction #: 32 FTYPE: d TTYPE: 0 size-1: 00
 
[        151428001000] INFO: Receiving IO packet
[        151428001000]       srcTID #: 35 FTYPE: 5 TTYPE: 5 size-1: 00
 
[        151428001000] INFO: Receiving IO packet
[        151428001000]       srcTID #: 35 FTYPE: 5 TTYPE: 5 size-1: 00
 
[        151476001000] IRESP Receiption
[        151476001000] INFO: Receiving IO packet
[        151476001000]       srcTID #: 2d FTYPE: d TTYPE: 0 size-1: 00
 
[        151476001000] IRESP Receiption
[        151476001000] INFO: Receiving IO packet
[        151476001000]       srcTID #: 2d FTYPE: d TTYPE: 0 size-1: 00
 
[        151524001000] IRESP Receiption
[        151524001000] INFO: Receiving IO packet
[        151524001000]       srcTID #: 2e FTYPE: d TTYPE: 0 size-1: 00
 
[        151524001000] IRESP Receiption
[        151524001000] INFO: Receiving IO packet
[        151524001000]       srcTID #: 2e FTYPE: d TTYPE: 0 size-1: 00
 
[        151588001000] INFO: Receiving IO packet
[        151588001000]       srcTID #: 36 FTYPE: 5 TTYPE: 5 size-1: 00
 
[        151588001000] INFO: Receiving IO packet
[        151588001000]       srcTID #: 36 FTYPE: 5 TTYPE: 5 size-1: 00
 
[        151636001000] IRESP Receiption
[        151636001000] INFO: Receiving IO packet
[        151636001000]       srcTID #: 2f FTYPE: d TTYPE: 0 size-1: 00
 
[        151636001000] IRESP Receiption
[        151636001000] INFO: Receiving IO packet
[        151636001000]       srcTID #: 2f FTYPE: d TTYPE: 0 size-1: 00
 
[        151652001000] INFO: Transmitting IO packet
[        151652001000]       Instruction #: 33 FTYPE: d TTYPE: 0 size-1: 00
 
[        151652001000] INFO: Transmitting IO packet
[        151652001000]       Instruction #: 33 FTYPE: d TTYPE: 0 size-1: 00
 
[        151668001000] IREQ Transaction
[        151668001000] INFO: Transmitting IO packet
[        151668001000]       Instruction #: 3d FTYPE: 5 TTYPE: 4 size-1: 5f
 
[        151668001000] IREQ Transaction
[        151668001000] INFO: Transmitting IO packet
[        151668001000]       Instruction #: 3d FTYPE: 5 TTYPE: 4 size-1: 5f
 
[        151732001000] INFO: Transmitting IO packet
[        151732001000]       Instruction #: 34 FTYPE: d TTYPE: 0 size-1: 00
 
[        151732001000] INFO: Receiving IO packet
[        151732001000]       srcTID #: 37 FTYPE: 5 TTYPE: 5 size-1: 00
 
[        151732001000] INFO: Transmitting IO packet
[        151732001000]       Instruction #: 34 FTYPE: d TTYPE: 0 size-1: 00
 
[        151732001000] INFO: Receiving IO packet
[        151732001000]       srcTID #: 37 FTYPE: 5 TTYPE: 5 size-1: 00
 
[        151780001000] INFO: Receiving IO packet
[        151780001000]       srcTID #: 38 FTYPE: 5 TTYPE: 4 size-1: 0f
 
[        151780001000] INFO: Receiving IO packet
[        151780001000]       srcTID #: 38 FTYPE: 5 TTYPE: 4 size-1: 0f
 
[        151924001000] INFO: Receiving IO packet
[        151924001000]       srcTID #: 39 FTYPE: 5 TTYPE: 4 size-1: 0f
 
[        151924001000] INFO: Receiving IO packet
[        151924001000]       srcTID #: 39 FTYPE: 5 TTYPE: 4 size-1: 0f
 
[        151940001000] INFO: Transmitting IO packet
[        151940001000]       Instruction #: 35 FTYPE: d TTYPE: 0 size-1: 00
 
[        151940001000] INFO: Transmitting IO packet
[        151940001000]       Instruction #: 35 FTYPE: d TTYPE: 0 size-1: 00
 
[        151956001000] IREQ Transaction
[        151956001000] INFO: Transmitting IO packet
[        151956001000]       Instruction #: 3e FTYPE: 5 TTYPE: 4 size-1: 3f
 
[        151956001000] IREQ Transaction
[        151956001000] INFO: Transmitting IO packet
[        151956001000]       Instruction #: 3e FTYPE: 5 TTYPE: 4 size-1: 3f
 
[        151988001000] INFO: Receiving IO packet
[        151988001000]       srcTID #: 3a FTYPE: 5 TTYPE: 4 size-1: 0f
 
[        151988001000] INFO: Receiving IO packet
[        151988001000]       srcTID #: 3a FTYPE: 5 TTYPE: 4 size-1: 0f
 
[        152020001000] INFO: Transmitting IO packet
[        152020001000]       Instruction #: 36 FTYPE: d TTYPE: 0 size-1: 00
 
[        152020001000] INFO: Transmitting IO packet
[        152020001000]       Instruction #: 36 FTYPE: d TTYPE: 0 size-1: 00
 
[        152164001000] IRESP Receiption
[        152164001000] INFO: Receiving IO packet
[        152164001000]       srcTID #: 30 FTYPE: d TTYPE: 0 size-1: 00
 
[        152164001000] INFO: Transmitting IO packet
[        152164001000]       Instruction #: 37 FTYPE: d TTYPE: 0 size-1: 00
 
[        152164001000] IRESP Receiption
[        152164001000] INFO: Receiving IO packet
[        152164001000]       srcTID #: 30 FTYPE: d TTYPE: 0 size-1: 00
 
[        152164001000] INFO: Transmitting IO packet
[        152164001000]       Instruction #: 37 FTYPE: d TTYPE: 0 size-1: 00
 
[        152180001000] IREQ Transaction
[        152180001000] INFO: Transmitting IO packet
[        152180001000]       Instruction #: 3f FTYPE: 5 TTYPE: 4 size-1: 1f
 
[        152180001000] IREQ Transaction
[        152180001000] INFO: Transmitting IO packet
[        152180001000]       Instruction #: 3f FTYPE: 5 TTYPE: 4 size-1: 1f
 
[        152260001000] IRESP Receiption
[        152260001000] INFO: Receiving IO packet
[        152260001000]       srcTID #: 31 FTYPE: d TTYPE: 0 size-1: 00
 
[        152260001000] IRESP Receiption
[        152260001000] INFO: Receiving IO packet
[        152260001000]       srcTID #: 31 FTYPE: d TTYPE: 0 size-1: 00
 
[        152340001000] IREQ Transaction
[        152340001000] INFO: Transmitting IO packet
[        152340001000]       Instruction #: 40 FTYPE: 5 TTYPE: 4 size-1: 0f
 
[        152340001000] IREQ Transaction
[        152340001000] INFO: Transmitting IO packet
[        152340001000]       Instruction #: 40 FTYPE: 5 TTYPE: 4 size-1: 0f
 
[        152452001000] IREQ Transaction
[        152452001000] INFO: Transmitting IO packet
[        152452001000]       Instruction #: 41 FTYPE: 5 TTYPE: 4 size-1: ff
 
[        152452001000] IREQ Transaction
[        152452001000] INFO: Transmitting IO packet
[        152452001000]       Instruction #: 41 FTYPE: 5 TTYPE: 4 size-1: ff
 
[        152852001000] INFO: Receiving IO packet
[        152852001000]       srcTID #: 3b FTYPE: 5 TTYPE: 4 size-1: ff
 
[        152852001000] INFO: Receiving IO packet
[        152852001000]       srcTID #: 3b FTYPE: 5 TTYPE: 4 size-1: ff
 
[        153044001000] IREQ Transaction
[        153044001000] INFO: Transmitting IO packet
[        153044001000]       Instruction #: 42 FTYPE: 5 TTYPE: 4 size-1: 7f
 
[        153044001000] IREQ Transaction
[        153044001000] INFO: Transmitting IO packet
[        153044001000]       Instruction #: 42 FTYPE: 5 TTYPE: 4 size-1: 7f
 
[        153380001000] IREQ Transaction
[        153380001000] INFO: Transmitting IO packet
[        153380001000]       Instruction #: 43 FTYPE: 5 TTYPE: 4 size-1: 5f
 
[        153380001000] IREQ Transaction
[        153380001000] INFO: Transmitting IO packet
[        153380001000]       Instruction #: 43 FTYPE: 5 TTYPE: 4 size-1: 5f
 
[        153396001000] IRESP Receiption
[        153396001000] INFO: Receiving IO packet
[        153396001000]       srcTID #: 32 FTYPE: d TTYPE: 0 size-1: 00
 
[        153396001000] IRESP Receiption
[        153396001000] INFO: Receiving IO packet
[        153396001000]       srcTID #: 32 FTYPE: d TTYPE: 0 size-1: 00
 
[        153444001000] IRESP Receiption
[        153444001000] INFO: Receiving IO packet
[        153444001000]       srcTID #: 33 FTYPE: d TTYPE: 0 size-1: 00
 
[        153444001000] IRESP Receiption
[        153444001000] INFO: Receiving IO packet
[        153444001000]       srcTID #: 33 FTYPE: d TTYPE: 0 size-1: 00
 
[        153492001000] IRESP Receiption
[        153492001000] INFO: Receiving IO packet
[        153492001000]       srcTID #: 34 FTYPE: d TTYPE: 0 size-1: 00
 
[        153492001000] IRESP Receiption
[        153492001000] INFO: Receiving IO packet
[        153492001000]       srcTID #: 34 FTYPE: d TTYPE: 0 size-1: 00
 
[        153540001000] IRESP Receiption
[        153540001000] INFO: Receiving IO packet
[        153540001000]       srcTID #: 35 FTYPE: d TTYPE: 0 size-1: 00
 
[        153540001000] IRESP Receiption
[        153540001000] INFO: Receiving IO packet
[        153540001000]       srcTID #: 35 FTYPE: d TTYPE: 0 size-1: 00
 
[        153588001000] IRESP Receiption
[        153588001000] INFO: Receiving IO packet
[        153588001000]       srcTID #: 36 FTYPE: d TTYPE: 0 size-1: 00
 
[        153588001000] IRESP Receiption
[        153588001000] INFO: Receiving IO packet
[        153588001000]       srcTID #: 36 FTYPE: d TTYPE: 0 size-1: 00
 
[        153636001000] IRESP Receiption
[        153636001000] INFO: Receiving IO packet
[        153636001000]       srcTID #: 37 FTYPE: d TTYPE: 0 size-1: 00
 
[        153636001000] IRESP Receiption
[        153636001000] INFO: Receiving IO packet
[        153636001000]       srcTID #: 37 FTYPE: d TTYPE: 0 size-1: 00
 
[        153652001000] IREQ Transaction
[        153652001000] INFO: Transmitting IO packet
[        153652001000]       Instruction #: 44 FTYPE: 5 TTYPE: 4 size-1: 3f
 
[        153652001000] IREQ Transaction
[        153652001000] INFO: Transmitting IO packet
[        153652001000]       Instruction #: 44 FTYPE: 5 TTYPE: 4 size-1: 3f
 
[        153668001000] INFO: Receiving IO packet
[        153668001000]       srcTID #: 3c FTYPE: 5 TTYPE: 4 size-1: 7f
 
[        153668001000] INFO: Receiving IO packet
[        153668001000]       srcTID #: 3c FTYPE: 5 TTYPE: 4 size-1: 7f
 
[        153860001000] IREQ Transaction
[        153860001000] INFO: Transmitting IO packet
[        153860001000]       Instruction #: 45 FTYPE: 5 TTYPE: 4 size-1: 1f
 
[        153860001000] IREQ Transaction
[        153860001000] INFO: Transmitting IO packet
[        153860001000]       Instruction #: 45 FTYPE: 5 TTYPE: 4 size-1: 1f
 
[        153956001000] INFO: Receiving IO packet
[        153956001000]       srcTID #: 3d FTYPE: 5 TTYPE: 4 size-1: 5f
 
[        153956001000] INFO: Receiving IO packet
[        153956001000]       srcTID #: 3d FTYPE: 5 TTYPE: 4 size-1: 5f
 
[        154004001000] IREQ Transaction
[        154004001000] INFO: Transmitting IO packet
[        154004001000]       Instruction #: 46 FTYPE: 5 TTYPE: 4 size-1: 0f
 
[        154004001000] IREQ Transaction
[        154004001000] INFO: Transmitting IO packet
[        154004001000]       Instruction #: 46 FTYPE: 5 TTYPE: 4 size-1: 0f
 
[        154116001000] IREQ Transaction
[        154116001000] INFO: Transmitting IO packet
[        154116001000]       Instruction #: 47 FTYPE: 5 TTYPE: 4 size-1: 07
 
[        154116001000] IREQ Transaction
[        154116001000] INFO: Transmitting IO packet
[        154116001000]       Instruction #: 47 FTYPE: 5 TTYPE: 4 size-1: 07
 
[        154180001000] INFO: Receiving IO packet
[        154180001000]       srcTID #: 3e FTYPE: 5 TTYPE: 4 size-1: 3f
 
[        154180001000] INFO: Receiving IO packet
[        154180001000]       srcTID #: 3e FTYPE: 5 TTYPE: 4 size-1: 3f
 
[        154212001000] IREQ Transaction
[        154212001000] INFO: Transmitting IO packet
[        154212001000]       Instruction #: 48 FTYPE: 5 TTYPE: 4 size-1: 06
 
[        154212001000] IREQ Transaction
[        154212001000] INFO: Transmitting IO packet
[        154212001000]       Instruction #: 48 FTYPE: 5 TTYPE: 4 size-1: 06
 
[        154308001000] IREQ Transaction
[        154308001000] INFO: Transmitting IO packet
[        154308001000]       Instruction #: 49 FTYPE: 5 TTYPE: 4 size-1: 06
 
[        154308001000] IREQ Transaction
[        154308001000] INFO: Transmitting IO packet
[        154308001000]       Instruction #: 49 FTYPE: 5 TTYPE: 4 size-1: 06
 
[        154340001000] INFO: Receiving IO packet
[        154340001000]       srcTID #: 3f FTYPE: 5 TTYPE: 4 size-1: 1f
 
[        154340001000] INFO: Receiving IO packet
[        154340001000]       srcTID #: 3f FTYPE: 5 TTYPE: 4 size-1: 1f
 
[        154404001000] IREQ Transaction
[        154404001000] INFO: Transmitting IO packet
[        154404001000]       Instruction #: 4a FTYPE: 5 TTYPE: 4 size-1: 05
 
[        154404001000] IREQ Transaction
[        154404001000] INFO: Transmitting IO packet
[        154404001000]       Instruction #: 4a FTYPE: 5 TTYPE: 4 size-1: 05
 
[        154436001000] INFO: Receiving IO packet
[        154436001000]       srcTID #: 40 FTYPE: 5 TTYPE: 4 size-1: 0f
 
[        154436001000] INFO: Receiving IO packet
[        154436001000]       srcTID #: 40 FTYPE: 5 TTYPE: 4 size-1: 0f
 
[        154500001000] IREQ Transaction
[        154500001000] INFO: Transmitting IO packet
[        154500001000]       Instruction #: 4b FTYPE: 2 TTYPE: 4 size-1: 3f
 
[        154500001000] IREQ Transaction
[        154500001000] INFO: Transmitting IO packet
[        154500001000]       Instruction #: 4b FTYPE: 2 TTYPE: 4 size-1: 3f
 
[        154564001000] IREQ Transaction
[        154564001000] INFO: Transmitting IO packet
[        154564001000]       Instruction #: 4c FTYPE: 2 TTYPE: 4 size-1: 1f
 
[        154564001000] IREQ Transaction
[        154564001000] INFO: Transmitting IO packet
[        154564001000]       Instruction #: 4c FTYPE: 2 TTYPE: 4 size-1: 1f
 
[        154628001000] IREQ Transaction
[        154628001000] INFO: Transmitting IO packet
[        154628001000]       Instruction #: 4d FTYPE: 2 TTYPE: 4 size-1: 0f
 
[        154628001000] IREQ Transaction
[        154628001000] INFO: Transmitting IO packet
[        154628001000]       Instruction #: 4d FTYPE: 2 TTYPE: 4 size-1: 0f
 
[        154676001000] INFO: Receiving IO packet
[        154676001000]       srcTID #: 41 FTYPE: 5 TTYPE: 4 size-1: ff
 
[        154676001000] INFO: Receiving IO packet
[        154676001000]       srcTID #: 41 FTYPE: 5 TTYPE: 4 size-1: ff
 
[        154692001000] IREQ Transaction
[        154692001000] INFO: Transmitting IO packet
[        154692001000]       Instruction #: 4e FTYPE: 2 TTYPE: 4 size-1: 07
 
[        154692001000] IREQ Transaction
[        154692001000] INFO: Transmitting IO packet
[        154692001000]       Instruction #: 4e FTYPE: 2 TTYPE: 4 size-1: 07
 
[        154756001000] IREQ Transaction
[        154756001000] INFO: Transmitting IO packet
[        154756001000]       Instruction #: 4f FTYPE: 2 TTYPE: 4 size-1: 06
 
[        154756001000] IREQ Transaction
[        154756001000] INFO: Transmitting IO packet
[        154756001000]       Instruction #: 4f FTYPE: 2 TTYPE: 4 size-1: 06
 
[        154820001000] IREQ Transaction
[        154820001000] INFO: Transmitting IO packet
[        154820001000]       Instruction #: 50 FTYPE: 2 TTYPE: 4 size-1: 06
 
[        154820001000] IREQ Transaction
[        154820001000] INFO: Transmitting IO packet
[        154820001000]       Instruction #: 50 FTYPE: 2 TTYPE: 4 size-1: 06
 
[        154884001000] IREQ Transaction
[        154884001000] INFO: Transmitting IO packet
[        154884001000]       Instruction #: 51 FTYPE: 2 TTYPE: 4 size-1: 05
 
[        154884001000] IREQ Transaction
[        154884001000] INFO: Transmitting IO packet
[        154884001000]       Instruction #: 51 FTYPE: 2 TTYPE: 4 size-1: 05
 
[        154948001000] IREQ Transaction
[        154948001000] INFO: Transmitting IO packet
[        154948001000]       Instruction #: 52 FTYPE: 2 TTYPE: 4 size-1: 05
 
[        154948001000] IREQ Transaction
[        154948001000] INFO: Transmitting IO packet
[        154948001000]       Instruction #: 52 FTYPE: 2 TTYPE: 4 size-1: 05
 
[        155012001000] IREQ Transaction
[        155012001000] INFO: Transmitting IO packet
[        155012001000]       Instruction #: 53 FTYPE: 2 TTYPE: 4 size-1: 04
 
[        155012001000] IREQ Transaction
[        155012001000] INFO: Transmitting IO packet
[        155012001000]       Instruction #: 53 FTYPE: 2 TTYPE: 4 size-1: 04
 
[        155076001000] IREQ Transaction
[        155076001000] INFO: Transmitting IO packet
[        155076001000]       Instruction #: 54 FTYPE: 2 TTYPE: 4 size-1: 04
 
[        155076001000] IREQ Transaction
[        155076001000] INFO: Transmitting IO packet
[        155076001000]       Instruction #: 54 FTYPE: 2 TTYPE: 4 size-1: 04
 
[        155140001000] IREQ Transaction
[        155140001000] INFO: Transmitting IO packet
[        155140001000]       Instruction #: 55 FTYPE: 2 TTYPE: 4 size-1: 03
 
[        155140001000] IREQ Transaction
[        155140001000] INFO: Transmitting IO packet
[        155140001000]       Instruction #: 55 FTYPE: 2 TTYPE: 4 size-1: 03
 
[        155204001000] IREQ Transaction
[        155204001000] INFO: Transmitting IO packet
[        155204001000]       Instruction #: 56 FTYPE: 2 TTYPE: 4 size-1: 03
 
[        155204001000] IREQ Transaction
[        155204001000] INFO: Transmitting IO packet
[        155204001000]       Instruction #: 56 FTYPE: 2 TTYPE: 4 size-1: 03
 
[        155220001000] INFO: Receiving IO packet
[        155220001000]       srcTID #: 42 FTYPE: 5 TTYPE: 4 size-1: 7f
 
[        155220001000] INFO: Receiving IO packet
[        155220001000]       srcTID #: 42 FTYPE: 5 TTYPE: 4 size-1: 7f
 
[        155268001000] IREQ Transaction
[        155268001000] INFO: Transmitting IO packet
[        155268001000]       Instruction #: 57 FTYPE: 2 TTYPE: 4 size-1: 02
 
[        155268001000] IREQ Transaction
[        155268001000] INFO: Transmitting IO packet
[        155268001000]       Instruction #: 57 FTYPE: 2 TTYPE: 4 size-1: 02
 
[        155332001000] IREQ Transaction
[        155332001000] INFO: Transmitting IO packet
[        155332001000]       Instruction #: 58 FTYPE: 2 TTYPE: 4 size-1: 02
 
[        155332001000] IREQ Transaction
[        155332001000] INFO: Transmitting IO packet
[        155332001000]       Instruction #: 58 FTYPE: 2 TTYPE: 4 size-1: 02
 
[        155396001000] IREQ Transaction
[        155396001000] INFO: Transmitting IO packet
[        155396001000]       Instruction #: 59 FTYPE: 2 TTYPE: 4 size-1: 01
 
[        155396001000] IREQ Transaction
[        155396001000] INFO: Transmitting IO packet
[        155396001000]       Instruction #: 59 FTYPE: 2 TTYPE: 4 size-1: 01
 
[        155460001000] IREQ Transaction
[        155460001000] INFO: Transmitting IO packet
[        155460001000]       Instruction #: 5a FTYPE: 2 TTYPE: 4 size-1: 01
 
[        155460001000] IREQ Transaction
[        155460001000] INFO: Transmitting IO packet
[        155460001000]       Instruction #: 5a FTYPE: 2 TTYPE: 4 size-1: 01
 
[        155508001000] INFO: Receiving IO packet
[        155508001000]       srcTID #: 43 FTYPE: 5 TTYPE: 4 size-1: 5f
 
[        155508001000] INFO: Receiving IO packet
[        155508001000]       srcTID #: 43 FTYPE: 5 TTYPE: 4 size-1: 5f
 
[        155524001000] IREQ Transaction
[        155524001000] INFO: Transmitting IO packet
[        155524001000]       Instruction #: 5b FTYPE: 2 TTYPE: 4 size-1: 01
 
[        155524001000] IREQ Transaction
[        155524001000] INFO: Transmitting IO packet
[        155524001000]       Instruction #: 5b FTYPE: 2 TTYPE: 4 size-1: 01
 
[        155588001000] IREQ Transaction
[        155588001000] INFO: Transmitting IO packet
[        155588001000]       Instruction #: 5c FTYPE: 2 TTYPE: 4 size-1: 01
 
[        155588001000] IREQ Transaction
[        155588001000] INFO: Transmitting IO packet
[        155588001000]       Instruction #: 5c FTYPE: 2 TTYPE: 4 size-1: 01
 
[        155652001000] IREQ Transaction
[        155652001000] INFO: Transmitting IO packet
[        155652001000]       Instruction #: 5d FTYPE: 2 TTYPE: 4 size-1: 00
 
[        155652001000] IREQ Transaction
[        155652001000] INFO: Transmitting IO packet
[        155652001000]       Instruction #: 5d FTYPE: 2 TTYPE: 4 size-1: 00
 
[        155716001000] IREQ Transaction
[        155716001000] INFO: Transmitting IO packet
[        155716001000]       Instruction #: 5e FTYPE: 2 TTYPE: 4 size-1: 00
 
[        155716001000] IREQ Transaction
[        155716001000] INFO: Transmitting IO packet
[        155716001000]       Instruction #: 5e FTYPE: 2 TTYPE: 4 size-1: 00
 
[        155732001000] INFO: Receiving IO packet
[        155732001000]       srcTID #: 44 FTYPE: 5 TTYPE: 4 size-1: 3f
 
[        155732001000] INFO: Receiving IO packet
[        155732001000]       srcTID #: 44 FTYPE: 5 TTYPE: 4 size-1: 3f
 
[        155780001000] IREQ Transaction
[        155780001000] INFO: Transmitting IO packet
[        155780001000]       Instruction #: 5f FTYPE: 2 TTYPE: 4 size-1: 00
 
[        155780001000] IREQ Transaction
[        155780001000] INFO: Transmitting IO packet
[        155780001000]       Instruction #: 5f FTYPE: 2 TTYPE: 4 size-1: 00
 
[        155844001000] IREQ Transaction
[        155844001000] INFO: Transmitting IO packet
[        155844001000]       Instruction #: 60 FTYPE: 2 TTYPE: 4 size-1: 00
 
[        155844001000] IREQ Transaction
[        155844001000] INFO: Transmitting IO packet
[        155844001000]       Instruction #: 60 FTYPE: 2 TTYPE: 4 size-1: 00
 
[        155892001000] INFO: Receiving IO packet
[        155892001000]       srcTID #: 45 FTYPE: 5 TTYPE: 4 size-1: 1f
 
[        155892001000] INFO: Receiving IO packet
[        155892001000]       srcTID #: 45 FTYPE: 5 TTYPE: 4 size-1: 1f
 
[        155908001000] IREQ Transaction
[        155908001000] INFO: Transmitting IO packet
[        155908001000]       Instruction #: 61 FTYPE: 2 TTYPE: 4 size-1: 00
 
[        155908001000] IREQ Transaction
[        155908001000] INFO: Transmitting IO packet
[        155908001000]       Instruction #: 61 FTYPE: 2 TTYPE: 4 size-1: 00
 
[        155972001000] IREQ Transaction
[        155972001000] INFO: Transmitting IO packet
[        155972001000]       Instruction #: 62 FTYPE: 2 TTYPE: 4 size-1: 00
 
[        155972001000] IREQ Transaction
[        155972001000] INFO: Transmitting IO packet
[        155972001000]       Instruction #: 62 FTYPE: 2 TTYPE: 4 size-1: 00
 
[        155988001000] INFO: Receiving IO packet
[        155988001000]       srcTID #: 46 FTYPE: 5 TTYPE: 4 size-1: 0f
 
[        155988001000] INFO: Receiving IO packet
[        155988001000]       srcTID #: 46 FTYPE: 5 TTYPE: 4 size-1: 0f
 
[        156036001000] IREQ Transaction
[        156036001000] INFO: Transmitting IO packet
[        156036001000]       Instruction #: 63 FTYPE: 2 TTYPE: 4 size-1: 00
 
[        156036001000] IREQ Transaction
[        156036001000] INFO: Transmitting IO packet
[        156036001000]       Instruction #: 63 FTYPE: 2 TTYPE: 4 size-1: 00
 
[        156052001000] INFO: Receiving IO packet
[        156052001000]       srcTID #: 47 FTYPE: 5 TTYPE: 4 size-1: 07
 
[        156052001000] INFO: Receiving IO packet
[        156052001000]       srcTID #: 47 FTYPE: 5 TTYPE: 4 size-1: 07
 
[        156100001000] IREQ Transaction
[        156100001000] INFO: Transmitting IO packet
[        156100001000]       Instruction #: 64 FTYPE: 2 TTYPE: 4 size-1: 00
 
[        156100001000] INFO: Receiving IO packet
[        156100001000]       srcTID #: 48 FTYPE: 5 TTYPE: 4 size-1: 06
 
[        156100001000] IREQ Transaction
[        156100001000] INFO: Transmitting IO packet
[        156100001000]       Instruction #: 64 FTYPE: 2 TTYPE: 4 size-1: 00
 
[        156100001000] INFO: Receiving IO packet
[        156100001000]       srcTID #: 48 FTYPE: 5 TTYPE: 4 size-1: 06
 
[        156148001000] INFO: Receiving IO packet
[        156148001000]       srcTID #: 49 FTYPE: 5 TTYPE: 4 size-1: 06
 
[        156148001000] INFO: Receiving IO packet
[        156148001000]       srcTID #: 49 FTYPE: 5 TTYPE: 4 size-1: 06
 
[        156164001000] IREQ Transaction
[        156164001000] INFO: Transmitting IO packet
[        156164001000]       Instruction #: 65 FTYPE: a TTYPE: 0 size-1: 01
 
[        156164001000] IREQ Transaction
[        156164001000] INFO: Transmitting IO packet
[        156164001000]       Instruction #: 65 FTYPE: a TTYPE: 0 size-1: 01
 
[        156196001000] INFO: Receiving IO packet
[        156196001000]       srcTID #: 4a FTYPE: 5 TTYPE: 4 size-1: 05
 
[        156196001000] INFO: Receiving IO packet
[        156196001000]       srcTID #: 4a FTYPE: 5 TTYPE: 4 size-1: 05
 
[        156228001000] IREQ Transaction
[        156228001000] INFO: Transmitting IO packet
[        156228001000]       Instruction #: 66 FTYPE: a TTYPE: 0 size-1: 01
 
[        156228001000] IREQ Transaction
[        156228001000] INFO: Transmitting IO packet
[        156228001000]       Instruction #: 66 FTYPE: a TTYPE: 0 size-1: 01
 
[        156244001000] INFO: Receiving IO packet
[        156244001000]       srcTID #: 4b FTYPE: 2 TTYPE: 4 size-1: 3f
 
[        156244001000] INFO: Receiving IO packet
[        156244001000]       srcTID #: 4b FTYPE: 2 TTYPE: 4 size-1: 3f
 
[        156276001000] INFO: Receiving IO packet
[        156276001000]       srcTID #: 4c FTYPE: 2 TTYPE: 4 size-1: 1f
 
[        156276001000] INFO: Receiving IO packet
[        156276001000]       srcTID #: 4c FTYPE: 2 TTYPE: 4 size-1: 1f
 
[        156292001000] IREQ Transaction
[        156292001000] INFO: Transmitting IO packet
[        156292001000]       Instruction #: 00 FTYPE: b TTYPE: 0 size-1: 07
 
[        156292001000] IREQ Transaction
[        156292001000] INFO: Transmitting IO packet
[        156292001000]       Instruction #: 00 FTYPE: b TTYPE: 0 size-1: 07
 
[        156308001000] INFO: Receiving IO packet
[        156308001000]       srcTID #: 4d FTYPE: 2 TTYPE: 4 size-1: 0f
 
[        156308001000] INFO: Receiving IO packet
[        156308001000]       srcTID #: 4d FTYPE: 2 TTYPE: 4 size-1: 0f
 
[        156340001000] INFO: Receiving IO packet
[        156340001000]       srcTID #: 4e FTYPE: 2 TTYPE: 4 size-1: 07
 
[        156340001000] INFO: Receiving IO packet
[        156340001000]       srcTID #: 4e FTYPE: 2 TTYPE: 4 size-1: 07
 
[        156356001000] INFO: Transmitting IO packet
[        156356001000]       Instruction #: 4b FTYPE: d TTYPE: 8 size-1: 00
 
[        156356001000] INFO: Transmitting IO packet
[        156356001000]       Instruction #: 4b FTYPE: d TTYPE: 8 size-1: 00
 
[        156372001000] INFO: Receiving IO packet
[        156372001000]       srcTID #: 4f FTYPE: 2 TTYPE: 4 size-1: 06
 
[        156372001000] INFO: Receiving IO packet
[        156372001000]       srcTID #: 4f FTYPE: 2 TTYPE: 4 size-1: 06
 
[        156388001000] IREQ Transaction
[        156388001000] INFO: Transmitting IO packet
[        156388001000]       Instruction #: 00 FTYPE: b TTYPE: 0 size-1: 07
 
[        156388001000] IREQ Transaction
[        156388001000] INFO: Transmitting IO packet
[        156388001000]       Instruction #: 00 FTYPE: b TTYPE: 0 size-1: 07
 
[        156404001000] INFO: Receiving IO packet
[        156404001000]       srcTID #: 50 FTYPE: 2 TTYPE: 4 size-1: 06
 
[        156404001000] INFO: Receiving IO packet
[        156404001000]       srcTID #: 50 FTYPE: 2 TTYPE: 4 size-1: 06
 
[        156436001000] INFO: Receiving IO packet
[        156436001000]       srcTID #: 51 FTYPE: 2 TTYPE: 4 size-1: 05
 
[        156436001000] INFO: Receiving IO packet
[        156436001000]       srcTID #: 51 FTYPE: 2 TTYPE: 4 size-1: 05
 
[        156468001000] INFO: Receiving IO packet
[        156468001000]       srcTID #: 52 FTYPE: 2 TTYPE: 4 size-1: 05
 
[        156468001000] INFO: Receiving IO packet
[        156468001000]       srcTID #: 52 FTYPE: 2 TTYPE: 4 size-1: 05
 
[        156580001000] INFO: Transmitting IO packet
[        156580001000]       Instruction #: 4c FTYPE: d TTYPE: 8 size-1: 00
 
[        156580001000] INFO: Receiving IO packet
[        156580001000]       srcTID #: 53 FTYPE: 2 TTYPE: 4 size-1: 04
 
[        156580001000] INFO: Transmitting IO packet
[        156580001000]       Instruction #: 4c FTYPE: d TTYPE: 8 size-1: 00
 
[        156580001000] INFO: Receiving IO packet
[        156580001000]       srcTID #: 53 FTYPE: 2 TTYPE: 4 size-1: 04
 
[        156612001000] IREQ Transaction
[        156612001000] INFO: Transmitting IO packet
[        156612001000]       Instruction #: 00 FTYPE: b TTYPE: 0 size-1: 07
 
[        156612001000] INFO: Receiving IO packet
[        156612001000]       srcTID #: 54 FTYPE: 2 TTYPE: 4 size-1: 04
 
[        156612001000] IREQ Transaction
[        156612001000] INFO: Transmitting IO packet
[        156612001000]       Instruction #: 00 FTYPE: b TTYPE: 0 size-1: 07
 
[        156612001000] INFO: Receiving IO packet
[        156612001000]       srcTID #: 54 FTYPE: 2 TTYPE: 4 size-1: 04
 
[        156724001000] INFO: Receiving IO packet
[        156724001000]       srcTID #: 55 FTYPE: 2 TTYPE: 4 size-1: 03
 
[        156724001000] INFO: Receiving IO packet
[        156724001000]       srcTID #: 55 FTYPE: 2 TTYPE: 4 size-1: 03
 
[        156740001000] INFO: Transmitting IO packet
[        156740001000]       Instruction #: 4d FTYPE: d TTYPE: 8 size-1: 00
 
[        156740001000] INFO: Transmitting IO packet
[        156740001000]       Instruction #: 4d FTYPE: d TTYPE: 8 size-1: 00
 
[        156756001000] INFO: Receiving IO packet
[        156756001000]       srcTID #: 56 FTYPE: 2 TTYPE: 4 size-1: 03
 
[        156756001000] INFO: Receiving IO packet
[        156756001000]       srcTID #: 56 FTYPE: 2 TTYPE: 4 size-1: 03
 
[        156772001000] IREQ Transaction
[        156772001000] INFO: Transmitting IO packet
[        156772001000]       Instruction #: 00 FTYPE: b TTYPE: 0 size-1: 07
 
[        156772001000] IREQ Transaction
[        156772001000] INFO: Transmitting IO packet
[        156772001000]       Instruction #: 00 FTYPE: b TTYPE: 0 size-1: 07
 
[        156788001000] INFO: Receiving IO packet
[        156788001000]       srcTID #: 57 FTYPE: 2 TTYPE: 4 size-1: 02
 
[        156788001000] INFO: Receiving IO packet
[        156788001000]       srcTID #: 57 FTYPE: 2 TTYPE: 4 size-1: 02
 
[        156868001000] INFO: Transmitting IO packet
[        156868001000]       Instruction #: 4e FTYPE: d TTYPE: 8 size-1: 00
 
[        156868001000] INFO: Transmitting IO packet
[        156868001000]       Instruction #: 4e FTYPE: d TTYPE: 8 size-1: 00
 
[        156900001000] IREQ Transaction
[        156900001000] INFO: Transmitting IO packet
[        156900001000]       Instruction #: 00 FTYPE: b TTYPE: 0 size-1: 07
 
[        156900001000] INFO: Receiving IO packet
[        156900001000]       srcTID #: 58 FTYPE: 2 TTYPE: 4 size-1: 02
 
[        156900001000] IREQ Transaction
[        156900001000] INFO: Transmitting IO packet
[        156900001000]       Instruction #: 00 FTYPE: b TTYPE: 0 size-1: 07
 
[        156900001000] INFO: Receiving IO packet
[        156900001000]       srcTID #: 58 FTYPE: 2 TTYPE: 4 size-1: 02
 
[        156980001000] INFO: Transmitting IO packet
[        156980001000]       Instruction #: 4f FTYPE: d TTYPE: 8 size-1: 00
 
[        156980001000] INFO: Transmitting IO packet
[        156980001000]       Instruction #: 4f FTYPE: d TTYPE: 8 size-1: 00
 
[        157012001000] IREQ Transaction
[        157012001000] INFO: Transmitting IO packet
[        157012001000]       Instruction #: 00 FTYPE: b TTYPE: 0 size-1: 07
 
[        157012001000] IREQ Transaction
[        157012001000] INFO: Transmitting IO packet
[        157012001000]       Instruction #: 00 FTYPE: b TTYPE: 0 size-1: 07
 
[        157076001000] INFO: Receiving IO packet
[        157076001000]       srcTID #: 59 FTYPE: 2 TTYPE: 4 size-1: 01
 
[        157076001000] INFO: Receiving IO packet
[        157076001000]       srcTID #: 59 FTYPE: 2 TTYPE: 4 size-1: 01
 
[        157092001000] INFO: Transmitting IO packet
[        157092001000]       Instruction #: 50 FTYPE: d TTYPE: 8 size-1: 00
 
[        157092001000] INFO: Transmitting IO packet
[        157092001000]       Instruction #: 50 FTYPE: d TTYPE: 8 size-1: 00
 
[        157108001000] INFO: Receiving IO packet
[        157108001000]       srcTID #: 5a FTYPE: 2 TTYPE: 4 size-1: 01
 
[        157108001000] INFO: Receiving IO packet
[        157108001000]       srcTID #: 5a FTYPE: 2 TTYPE: 4 size-1: 01
 
[        157124001000] IREQ Transaction
[        157124001000] INFO: Transmitting IO packet
[        157124001000]       Instruction #: 00 FTYPE: b TTYPE: 0 size-1: 07
 
[        157124001000] IREQ Transaction
[        157124001000] INFO: Transmitting IO packet
[        157124001000]       Instruction #: 00 FTYPE: b TTYPE: 0 size-1: 07
 
[        157140001000] INFO: Receiving IO packet
[        157140001000]       srcTID #: 5b FTYPE: 2 TTYPE: 4 size-1: 01
 
[        157140001000] INFO: Receiving IO packet
[        157140001000]       srcTID #: 5b FTYPE: 2 TTYPE: 4 size-1: 01
 
[        157172001000] INFO: Receiving IO packet
[        157172001000]       srcTID #: 5c FTYPE: 2 TTYPE: 4 size-1: 01
 
[        157172001000] INFO: Receiving IO packet
[        157172001000]       srcTID #: 5c FTYPE: 2 TTYPE: 4 size-1: 01
 
[        157204001000] INFO: Transmitting IO packet
[        157204001000]       Instruction #: 51 FTYPE: d TTYPE: 8 size-1: 00
 
[        157204001000] INFO: Receiving IO packet
[        157204001000]       srcTID #: 5d FTYPE: 2 TTYPE: 4 size-1: 00
 
[        157204001000] INFO: Transmitting IO packet
[        157204001000]       Instruction #: 51 FTYPE: d TTYPE: 8 size-1: 00
 
[        157204001000] INFO: Receiving IO packet
[        157204001000]       srcTID #: 5d FTYPE: 2 TTYPE: 4 size-1: 00
 
[        157236001000] IREQ Transaction
[        157236001000] INFO: Transmitting IO packet
[        157236001000]       Instruction #: 00 FTYPE: b TTYPE: 0 size-1: 07
 
[        157236001000] INFO: Receiving IO packet
[        157236001000]       srcTID #: 5e FTYPE: 2 TTYPE: 4 size-1: 00
 
[        157236001000] IREQ Transaction
[        157236001000] INFO: Transmitting IO packet
[        157236001000]       Instruction #: 00 FTYPE: b TTYPE: 0 size-1: 07
 
[        157236001000] INFO: Receiving IO packet
[        157236001000]       srcTID #: 5e FTYPE: 2 TTYPE: 4 size-1: 00
 
[        157316001000] INFO: Transmitting IO packet
[        157316001000]       Instruction #: 52 FTYPE: d TTYPE: 8 size-1: 00
 
[        157316001000] INFO: Transmitting IO packet
[        157316001000]       Instruction #: 52 FTYPE: d TTYPE: 8 size-1: 00
 
[        157348001000] IREQ Transaction
[        157348001000] INFO: Transmitting IO packet
[        157348001000]       Instruction #: 00 FTYPE: b TTYPE: 0 size-1: 07
 
[        157348001000] INFO: Receiving IO packet
[        157348001000]       srcTID #: 5f FTYPE: 2 TTYPE: 4 size-1: 00
 
[        157348001000] IREQ Transaction
[        157348001000] INFO: Transmitting IO packet
[        157348001000]       Instruction #: 00 FTYPE: b TTYPE: 0 size-1: 07
 
[        157348001000] INFO: Receiving IO packet
[        157348001000]       srcTID #: 5f FTYPE: 2 TTYPE: 4 size-1: 00
 
[        157380001000] INFO: Receiving IO packet
[        157380001000]       srcTID #: 60 FTYPE: 2 TTYPE: 4 size-1: 00
 
[        157380001000] INFO: Receiving IO packet
[        157380001000]       srcTID #: 60 FTYPE: 2 TTYPE: 4 size-1: 00
 
[        157428001000] INFO: Transmitting IO packet
[        157428001000]       Instruction #: 53 FTYPE: d TTYPE: 8 size-1: 00
 
[        157428001000] INFO: Transmitting IO packet
[        157428001000]       Instruction #: 53 FTYPE: d TTYPE: 8 size-1: 00
 
[        157460001000] IREQ Transaction
[        157460001000] INFO: Transmitting IO packet
[        157460001000]       Instruction #: 00 FTYPE: b TTYPE: 0 size-1: 07
 
[        157460001000] IREQ Transaction
[        157460001000] INFO: Transmitting IO packet
[        157460001000]       Instruction #: 00 FTYPE: b TTYPE: 0 size-1: 07
 
[        157540001000] INFO: Transmitting IO packet
[        157540001000]       Instruction #: 54 FTYPE: d TTYPE: 8 size-1: 00
 
[        157540001000] INFO: Transmitting IO packet
[        157540001000]       Instruction #: 54 FTYPE: d TTYPE: 8 size-1: 00
 
[        157556001000] IRESP Receiption
[        157556001000] INFO: Receiving IO packet
[        157556001000]       srcTID #: 4b FTYPE: d TTYPE: 8 size-1: 00
 
[        157556001000] IRESP Receiption
[        157556001000] INFO: Receiving IO packet
[        157556001000]       srcTID #: 4b FTYPE: d TTYPE: 8 size-1: 00
 
[        157572001000] IREQ Transaction
[        157572001000] INFO: Transmitting IO packet
[        157572001000]       Instruction #: 00 FTYPE: b TTYPE: 0 size-1: 07
 
[        157572001000] IREQ Transaction
[        157572001000] INFO: Transmitting IO packet
[        157572001000]       Instruction #: 00 FTYPE: b TTYPE: 0 size-1: 07
 
[        157652001000] INFO: Transmitting IO packet
[        157652001000]       Instruction #: 55 FTYPE: d TTYPE: 8 size-1: 00
 
[        157652001000] INFO: Transmitting IO packet
[        157652001000]       Instruction #: 55 FTYPE: d TTYPE: 8 size-1: 00
 
[        157684001000] IREQ Transaction
[        157684001000] INFO: Transmitting IO packet
[        157684001000]       Instruction #: 00 FTYPE: b TTYPE: 0 size-1: 07
 
[        157684001000] IREQ Transaction
[        157684001000] INFO: Transmitting IO packet
[        157684001000]       Instruction #: 00 FTYPE: b TTYPE: 0 size-1: 07
 
[        157732001000] IRESP Receiption
[        157732001000] INFO: Receiving IO packet
[        157732001000]       srcTID #: 4c FTYPE: d TTYPE: 8 size-1: 00
 
[        157732001000] IRESP Receiption
[        157732001000] INFO: Receiving IO packet
[        157732001000]       srcTID #: 4c FTYPE: d TTYPE: 8 size-1: 00
 
[        157764001000] INFO: Transmitting IO packet
[        157764001000]       Instruction #: 56 FTYPE: d TTYPE: 8 size-1: 00
 
[        157764001000] INFO: Transmitting IO packet
[        157764001000]       Instruction #: 56 FTYPE: d TTYPE: 8 size-1: 00
 
[        157796001000] IREQ Transaction
[        157796001000] INFO: Transmitting IO packet
[        157796001000]       Instruction #: 00 FTYPE: b TTYPE: 0 size-1: 07
 
[        157796001000] IREQ Transaction
[        157796001000] INFO: Transmitting IO packet
[        157796001000]       Instruction #: 00 FTYPE: b TTYPE: 0 size-1: 07
 
[        157844001000] IRESP Receiption
[        157844001000] INFO: Receiving IO packet
[        157844001000]       srcTID #: 4d FTYPE: d TTYPE: 8 size-1: 00
 
[        157844001000] IRESP Receiption
[        157844001000] INFO: Receiving IO packet
[        157844001000]       srcTID #: 4d FTYPE: d TTYPE: 8 size-1: 00
 
[        157876001000] INFO: Transmitting IO packet
[        157876001000]       Instruction #: 57 FTYPE: d TTYPE: 8 size-1: 00
 
[        157876001000] INFO: Transmitting IO packet
[        157876001000]       Instruction #: 57 FTYPE: d TTYPE: 8 size-1: 00
 
[        157908001000] IREQ Transaction
[        157908001000] INFO: Transmitting IO packet
[        157908001000]       Instruction #: 00 FTYPE: b TTYPE: 0 size-1: 07
 
[        157908001000] INFO: Receiving IO packet
[        157908001000]       srcTID #: 61 FTYPE: 2 TTYPE: 4 size-1: 00
 
[        157908001000] IREQ Transaction
[        157908001000] INFO: Transmitting IO packet
[        157908001000]       Instruction #: 00 FTYPE: b TTYPE: 0 size-1: 07
 
[        157908001000] INFO: Receiving IO packet
[        157908001000]       srcTID #: 61 FTYPE: 2 TTYPE: 4 size-1: 00
 
[        157940001000] IRESP Receiption
[        157940001000] INFO: Receiving IO packet
[        157940001000]       srcTID #: 4e FTYPE: d TTYPE: 8 size-1: 00
 
[        157940001000] IRESP Receiption
[        157940001000] INFO: Receiving IO packet
[        157940001000]       srcTID #: 4e FTYPE: d TTYPE: 8 size-1: 00
 
[        157988001000] INFO: Transmitting IO packet
[        157988001000]       Instruction #: 58 FTYPE: d TTYPE: 8 size-1: 00
 
[        157988001000] INFO: Transmitting IO packet
[        157988001000]       Instruction #: 58 FTYPE: d TTYPE: 8 size-1: 00
 
[        158004001000] IRESP Receiption
[        158004001000] INFO: Receiving IO packet
[        158004001000]       srcTID #: 4f FTYPE: d TTYPE: 8 size-1: 00
 
[        158004001000] IRESP Receiption
[        158004001000] INFO: Receiving IO packet
[        158004001000]       srcTID #: 4f FTYPE: d TTYPE: 8 size-1: 00
 
[        158020001000] IREQ Transaction
[        158020001000] INFO: Transmitting IO packet
[        158020001000]       Instruction #: 00 FTYPE: b TTYPE: 0 size-1: 07
 
[        158020001000] IREQ Transaction
[        158020001000] INFO: Transmitting IO packet
[        158020001000]       Instruction #: 00 FTYPE: b TTYPE: 0 size-1: 07
 
[        158052001000] INFO: Receiving IO packet
[        158052001000]       srcTID #: 62 FTYPE: 2 TTYPE: 4 size-1: 00
 
[        158052001000] INFO: Receiving IO packet
[        158052001000]       srcTID #: 62 FTYPE: 2 TTYPE: 4 size-1: 00
 
[        158084001000] IRESP Receiption
[        158084001000] INFO: Receiving IO packet
[        158084001000]       srcTID #: 50 FTYPE: d TTYPE: 8 size-1: 00
 
[        158084001000] IRESP Receiption
[        158084001000] INFO: Receiving IO packet
[        158084001000]       srcTID #: 50 FTYPE: d TTYPE: 8 size-1: 00
 
[        158100001000] INFO: Transmitting IO packet
[        158100001000]       Instruction #: 59 FTYPE: d TTYPE: 8 size-1: 00
 
[        158100001000] INFO: Transmitting IO packet
[        158100001000]       Instruction #: 59 FTYPE: d TTYPE: 8 size-1: 00
 
[        158132001000] IREQ Transaction
[        158132001000] INFO: Transmitting IO packet
[        158132001000]       Instruction #: 00 FTYPE: b TTYPE: 0 size-1: 07
 
[        158132001000] IREQ Transaction
[        158132001000] INFO: Transmitting IO packet
[        158132001000]       Instruction #: 00 FTYPE: b TTYPE: 0 size-1: 07
 
[        158180001000] INFO: Receiving IO packet
[        158180001000]       srcTID #: 63 FTYPE: 2 TTYPE: 4 size-1: 00
 
[        158180001000] INFO: Receiving IO packet
[        158180001000]       srcTID #: 63 FTYPE: 2 TTYPE: 4 size-1: 00
 
[        158212001000] IRESP Receiption
[        158212001000] INFO: Receiving IO packet
[        158212001000]       srcTID #: 51 FTYPE: d TTYPE: 8 size-1: 00
 
[        158212001000] INFO: Transmitting IO packet
[        158212001000]       Instruction #: 5a FTYPE: d TTYPE: 8 size-1: 00
 
[        158212001000] IRESP Receiption
[        158212001000] INFO: Receiving IO packet
[        158212001000]       srcTID #: 51 FTYPE: d TTYPE: 8 size-1: 00
 
[        158212001000] INFO: Transmitting IO packet
[        158212001000]       Instruction #: 5a FTYPE: d TTYPE: 8 size-1: 00
 
[        158244001000] IREQ Transaction
[        158244001000] INFO: Transmitting IO packet
[        158244001000]       Instruction #: 00 FTYPE: b TTYPE: 0 size-1: 07
 
[        158244001000] IREQ Transaction
[        158244001000] INFO: Transmitting IO packet
[        158244001000]       Instruction #: 00 FTYPE: b TTYPE: 0 size-1: 07
 
[        158324001000] INFO: Transmitting IO packet
[        158324001000]       Instruction #: 5b FTYPE: d TTYPE: 8 size-1: 00
 
[        158324001000] INFO: Receiving IO packet
[        158324001000]       srcTID #: 64 FTYPE: 2 TTYPE: 4 size-1: 00
 
[        158324001000] INFO: Transmitting IO packet
[        158324001000]       Instruction #: 5b FTYPE: d TTYPE: 8 size-1: 00
 
[        158324001000] INFO: Receiving IO packet
[        158324001000]       srcTID #: 64 FTYPE: 2 TTYPE: 4 size-1: 00
 
[        158356001000] IRESP Receiption
[        158356001000] INFO: Receiving IO packet
[        158356001000]       srcTID #: 52 FTYPE: d TTYPE: 8 size-1: 00
 
[        158356001000] IRESP Receiption
[        158356001000] INFO: Receiving IO packet
[        158356001000]       srcTID #: 52 FTYPE: d TTYPE: 8 size-1: 00
 
[        158420001000] IRESP Receiption
[        158420001000] INFO: Receiving IO packet
[        158420001000]       srcTID #: 53 FTYPE: d TTYPE: 8 size-1: 00
 
[        158420001000] IRESP Receiption
[        158420001000] INFO: Receiving IO packet
[        158420001000]       srcTID #: 53 FTYPE: d TTYPE: 8 size-1: 00
 
[        158436001000] INFO: Transmitting IO packet
[        158436001000]       Instruction #: 5c FTYPE: d TTYPE: 8 size-1: 00
 
[        158436001000] INFO: Transmitting IO packet
[        158436001000]       Instruction #: 5c FTYPE: d TTYPE: 8 size-1: 00
 
[        158484001000] INFO: Receiving IO packet
[        158484001000]       srcTID #: 65 FTYPE: a TTYPE: 0 size-1: 00
 
[        158484001000] INFO: Receiving IO packet
[        158484001000]       srcTID #: 65 FTYPE: a TTYPE: 0 size-1: 00
 
[        158516001000] IRESP Receiption
[        158516001000] INFO: Receiving IO packet
[        158516001000]       srcTID #: 54 FTYPE: d TTYPE: 8 size-1: 00
 
[        158516001000] IRESP Receiption
[        158516001000] INFO: Receiving IO packet
[        158516001000]       srcTID #: 54 FTYPE: d TTYPE: 8 size-1: 00
 
[        158548001000] INFO: Transmitting IO packet
[        158548001000]       Instruction #: 5d FTYPE: d TTYPE: 8 size-1: 00
 
[        158548001000] INFO: Transmitting IO packet
[        158548001000]       Instruction #: 5d FTYPE: d TTYPE: 8 size-1: 00
 
[        158564001000] INFO: Receiving IO packet
[        158564001000]       srcTID #: 66 FTYPE: a TTYPE: 0 size-1: 00
 
[        158564001000] INFO: Receiving IO packet
[        158564001000]       srcTID #: 66 FTYPE: a TTYPE: 0 size-1: 00
 
[        158628001000] IRESP Receiption
[        158628001000] INFO: Receiving IO packet
[        158628001000]       srcTID #: 55 FTYPE: d TTYPE: 8 size-1: 00
 
[        158628001000] IRESP Receiption
[        158628001000] INFO: Receiving IO packet
[        158628001000]       srcTID #: 55 FTYPE: d TTYPE: 8 size-1: 00
 
[        158660001000] INFO: Transmitting IO packet
[        158660001000]       Instruction #: 5e FTYPE: d TTYPE: 8 size-1: 00
 
[        158660001000] INFO: Transmitting IO packet
[        158660001000]       Instruction #: 5e FTYPE: d TTYPE: 8 size-1: 00
 
[        158676001000] INFO: Receiving IO packet
[        158676001000]       srcTID #: 00 FTYPE: b TTYPE: 0 size-1: 07
 
[        158676001000] INFO: Receiving IO packet
[        158676001000]       srcTID #: 00 FTYPE: b TTYPE: 0 size-1: 07
 
[        158772001000] IRESP Receiption
[        158772001000] INFO: Receiving IO packet
[        158772001000]       srcTID #: 56 FTYPE: d TTYPE: 8 size-1: 00
 
[        158772001000] INFO: Transmitting IO packet
[        158772001000]       Instruction #: 5f FTYPE: d TTYPE: 8 size-1: 00
 
[        158772001000] IRESP Receiption
[        158772001000] INFO: Receiving IO packet
[        158772001000]       srcTID #: 56 FTYPE: d TTYPE: 8 size-1: 00
 
[        158772001000] INFO: Transmitting IO packet
[        158772001000]       Instruction #: 5f FTYPE: d TTYPE: 8 size-1: 00
 
[        158820001000] INFO: Receiving IO packet
[        158820001000]       srcTID #: 00 FTYPE: b TTYPE: 0 size-1: 07
 
[        158820001000] INFO: Receiving IO packet
[        158820001000]       srcTID #: 00 FTYPE: b TTYPE: 0 size-1: 07
 
[        158884001000] INFO: Transmitting IO packet
[        158884001000]       Instruction #: 60 FTYPE: d TTYPE: 8 size-1: 00
 
[        158884001000] INFO: Transmitting IO packet
[        158884001000]       Instruction #: 60 FTYPE: d TTYPE: 8 size-1: 00
 
[        158916001000] IRESP Receiption
[        158916001000] INFO: Receiving IO packet
[        158916001000]       srcTID #: 57 FTYPE: d TTYPE: 8 size-1: 00
 
[        158916001000] IRESP Receiption
[        158916001000] INFO: Receiving IO packet
[        158916001000]       srcTID #: 57 FTYPE: d TTYPE: 8 size-1: 00
 
[        158964001000] INFO: Receiving IO packet
[        158964001000]       srcTID #: 00 FTYPE: b TTYPE: 0 size-1: 07
 
[        158964001000] INFO: Receiving IO packet
[        158964001000]       srcTID #: 00 FTYPE: b TTYPE: 0 size-1: 07
 
[        158996001000] INFO: Transmitting IO packet
[        158996001000]       Instruction #: 61 FTYPE: d TTYPE: 8 size-1: 00
 
[        158996001000] INFO: Transmitting IO packet
[        158996001000]       Instruction #: 61 FTYPE: d TTYPE: 8 size-1: 00
 
[        159012001000] IRESP Receiption
[        159012001000] INFO: Receiving IO packet
[        159012001000]       srcTID #: 58 FTYPE: d TTYPE: 8 size-1: 00
 
[        159012001000] IRESP Receiption
[        159012001000] INFO: Receiving IO packet
[        159012001000]       srcTID #: 58 FTYPE: d TTYPE: 8 size-1: 00
 
[        159092001000] IRESP Receiption
[        159092001000] INFO: Receiving IO packet
[        159092001000]       srcTID #: 59 FTYPE: d TTYPE: 8 size-1: 00
 
[        159092001000] IRESP Receiption
[        159092001000] INFO: Receiving IO packet
[        159092001000]       srcTID #: 59 FTYPE: d TTYPE: 8 size-1: 00
 
[        159108001000] INFO: Transmitting IO packet
[        159108001000]       Instruction #: 62 FTYPE: d TTYPE: 8 size-1: 00
 
[        159108001000] INFO: Transmitting IO packet
[        159108001000]       Instruction #: 62 FTYPE: d TTYPE: 8 size-1: 00
 
[        159140001000] INFO: Receiving IO packet
[        159140001000]       srcTID #: 00 FTYPE: b TTYPE: 0 size-1: 07
 
[        159140001000] INFO: Receiving IO packet
[        159140001000]       srcTID #: 00 FTYPE: b TTYPE: 0 size-1: 07
 
[        159220001000] INFO: Transmitting IO packet
[        159220001000]       Instruction #: 63 FTYPE: d TTYPE: 8 size-1: 00
 
[        159220001000] INFO: Transmitting IO packet
[        159220001000]       Instruction #: 63 FTYPE: d TTYPE: 8 size-1: 00
 
[        159236001000] IRESP Receiption
[        159236001000] INFO: Receiving IO packet
[        159236001000]       srcTID #: 5a FTYPE: d TTYPE: 8 size-1: 00
 
[        159236001000] IRESP Receiption
[        159236001000] INFO: Receiving IO packet
[        159236001000]       srcTID #: 5a FTYPE: d TTYPE: 8 size-1: 00
 
[        159284001000] INFO: Receiving IO packet
[        159284001000]       srcTID #: 00 FTYPE: b TTYPE: 0 size-1: 07
 
[        159284001000] INFO: Receiving IO packet
[        159284001000]       srcTID #: 00 FTYPE: b TTYPE: 0 size-1: 07
 
[        159332001000] IRESP Receiption
[        159332001000] INFO: Receiving IO packet
[        159332001000]       srcTID #: 5b FTYPE: d TTYPE: 8 size-1: 00
 
[        159332001000] INFO: Transmitting IO packet
[        159332001000]       Instruction #: 64 FTYPE: d TTYPE: 8 size-1: 00
 
[        159332001000] IRESP Receiption
[        159332001000] INFO: Receiving IO packet
[        159332001000]       srcTID #: 5b FTYPE: d TTYPE: 8 size-1: 00
 
[        159332001000] INFO: Transmitting IO packet
[        159332001000]       Instruction #: 64 FTYPE: d TTYPE: 8 size-1: 00
 
[        159412001000] INFO: Receiving IO packet
[        159412001000]       srcTID #: 00 FTYPE: b TTYPE: 0 size-1: 07
 
[        159412001000] INFO: Receiving IO packet
[        159412001000]       srcTID #: 00 FTYPE: b TTYPE: 0 size-1: 07
 
[        159444001000] INFO: Transmitting IO packet
[        159444001000]       Instruction #: 65 FTYPE: d TTYPE: 0 size-1: 00
 
[        159444001000] INFO: Transmitting IO packet
[        159444001000]       Instruction #: 65 FTYPE: d TTYPE: 0 size-1: 00
 
[        159460001000] IRESP Receiption
[        159460001000] INFO: Receiving IO packet
[        159460001000]       srcTID #: 5c FTYPE: d TTYPE: 8 size-1: 00
 
[        159460001000] IRESP Receiption
[        159460001000] INFO: Receiving IO packet
[        159460001000]       srcTID #: 5c FTYPE: d TTYPE: 8 size-1: 00
 
[        159524001000] INFO: Transmitting IO packet
[        159524001000]       Instruction #: 66 FTYPE: d TTYPE: 0 size-1: 00
 
[        159524001000] INFO: Transmitting IO packet
[        159524001000]       Instruction #: 66 FTYPE: d TTYPE: 0 size-1: 00
 
[        159556001000] IRESP Receiption
[        159556001000] INFO: Receiving IO packet
[        159556001000]       srcTID #: 5d FTYPE: d TTYPE: 8 size-1: 00
 
[        159556001000] IRESP Receiption
[        159556001000] INFO: Receiving IO packet
[        159556001000]       srcTID #: 5d FTYPE: d TTYPE: 8 size-1: 00
 
[        159604001000] INFO: Transmitting IO packet
[        159604001000]       Instruction #: 00 FTYPE: d TTYPE: 1 size-1: 00
 
[        159604001000] INFO: Receiving IO packet
[        159604001000]       srcTID #: 00 FTYPE: b TTYPE: 0 size-1: 07
 
[        159604001000] INFO: Transmitting IO packet
[        159604001000]       Instruction #: 00 FTYPE: d TTYPE: 1 size-1: 00
 
[        159604001000] INFO: Receiving IO packet
[        159604001000]       srcTID #: 00 FTYPE: b TTYPE: 0 size-1: 07
 
[        159652001000] IRESP Receiption
[        159652001000] INFO: Receiving IO packet
[        159652001000]       srcTID #: 5e FTYPE: d TTYPE: 8 size-1: 00
 
[        159652001000] IRESP Receiption
[        159652001000] INFO: Receiving IO packet
[        159652001000]       srcTID #: 5e FTYPE: d TTYPE: 8 size-1: 00
 
[        159684001000] INFO: Transmitting IO packet
[        159684001000]       Instruction #: 00 FTYPE: d TTYPE: 1 size-1: 00
 
[        159684001000] INFO: Transmitting IO packet
[        159684001000]       Instruction #: 00 FTYPE: d TTYPE: 1 size-1: 00
 
[        159732001000] INFO: Receiving IO packet
[        159732001000]       srcTID #: 00 FTYPE: b TTYPE: 0 size-1: 07
 
[        159732001000] INFO: Receiving IO packet
[        159732001000]       srcTID #: 00 FTYPE: b TTYPE: 0 size-1: 07
 
[        159764001000] INFO: Transmitting IO packet
[        159764001000]       Instruction #: 00 FTYPE: d TTYPE: 1 size-1: 00
 
[        159764001000] INFO: Transmitting IO packet
[        159764001000]       Instruction #: 00 FTYPE: d TTYPE: 1 size-1: 00
 
[        159780001000] IRESP Receiption
[        159780001000] INFO: Receiving IO packet
[        159780001000]       srcTID #: 5f FTYPE: d TTYPE: 8 size-1: 00
 
[        159780001000] IRESP Receiption
[        159780001000] INFO: Receiving IO packet
[        159780001000]       srcTID #: 5f FTYPE: d TTYPE: 8 size-1: 00
 
[        159844001000] INFO: Transmitting IO packet
[        159844001000]       Instruction #: 00 FTYPE: d TTYPE: 1 size-1: 00
 
[        159844001000] INFO: Transmitting IO packet
[        159844001000]       Instruction #: 00 FTYPE: d TTYPE: 1 size-1: 00
 
[        159876001000] INFO: Receiving IO packet
[        159876001000]       srcTID #: 00 FTYPE: b TTYPE: 0 size-1: 07
 
[        159876001000] INFO: Receiving IO packet
[        159876001000]       srcTID #: 00 FTYPE: b TTYPE: 0 size-1: 07
 
[        159924001000] IRESP Receiption
[        159924001000] INFO: Receiving IO packet
[        159924001000]       srcTID #: 60 FTYPE: d TTYPE: 8 size-1: 00
 
[        159924001000] INFO: Transmitting IO packet
[        159924001000]       Instruction #: 00 FTYPE: d TTYPE: 1 size-1: 00
 
[        159924001000] IRESP Receiption
[        159924001000] INFO: Receiving IO packet
[        159924001000]       srcTID #: 60 FTYPE: d TTYPE: 8 size-1: 00
 
[        159924001000] INFO: Transmitting IO packet
[        159924001000]       Instruction #: 00 FTYPE: d TTYPE: 1 size-1: 00
 
[        159988001000] IRESP Receiption
[        159988001000] INFO: Receiving IO packet
[        159988001000]       srcTID #: 61 FTYPE: d TTYPE: 8 size-1: 00
 
[        159988001000] IRESP Receiption
[        159988001000] INFO: Receiving IO packet
[        159988001000]       srcTID #: 61 FTYPE: d TTYPE: 8 size-1: 00
 
[        160004001000] INFO: Transmitting IO packet
[        160004001000]       Instruction #: 00 FTYPE: d TTYPE: 1 size-1: 00
 
[        160004001000] INFO: Transmitting IO packet
[        160004001000]       Instruction #: 00 FTYPE: d TTYPE: 1 size-1: 00
 
[        160052001000] INFO: Receiving IO packet
[        160052001000]       srcTID #: 00 FTYPE: b TTYPE: 0 size-1: 07
 
[        160052001000] INFO: Receiving IO packet
[        160052001000]       srcTID #: 00 FTYPE: b TTYPE: 0 size-1: 07
 
[        160084001000] INFO: Transmitting IO packet
[        160084001000]       Instruction #: 00 FTYPE: d TTYPE: 1 size-1: 00
 
[        160084001000] INFO: Transmitting IO packet
[        160084001000]       Instruction #: 00 FTYPE: d TTYPE: 1 size-1: 00
 
[        160100001000] IRESP Receiption
[        160100001000] INFO: Receiving IO packet
[        160100001000]       srcTID #: 62 FTYPE: d TTYPE: 8 size-1: 00
 
[        160100001000] IRESP Receiption
[        160100001000] INFO: Receiving IO packet
[        160100001000]       srcTID #: 62 FTYPE: d TTYPE: 8 size-1: 00
 
[        160164001000] INFO: Transmitting IO packet
[        160164001000]       Instruction #: 00 FTYPE: d TTYPE: 1 size-1: 00
 
[        160164001000] INFO: Transmitting IO packet
[        160164001000]       Instruction #: 00 FTYPE: d TTYPE: 1 size-1: 00
 
[        160196001000] INFO: Receiving IO packet
[        160196001000]       srcTID #: 00 FTYPE: b TTYPE: 0 size-1: 07
 
[        160196001000] INFO: Receiving IO packet
[        160196001000]       srcTID #: 00 FTYPE: b TTYPE: 0 size-1: 07
 
[        160244001000] IRESP Receiption
[        160244001000] INFO: Receiving IO packet
[        160244001000]       srcTID #: 63 FTYPE: d TTYPE: 8 size-1: 00
 
[        160244001000] INFO: Transmitting IO packet
[        160244001000]       Instruction #: 00 FTYPE: d TTYPE: 1 size-1: 00
 
[        160244001000] IRESP Receiption
[        160244001000] INFO: Receiving IO packet
[        160244001000]       srcTID #: 63 FTYPE: d TTYPE: 8 size-1: 00
 
[        160244001000] INFO: Transmitting IO packet
[        160244001000]       Instruction #: 00 FTYPE: d TTYPE: 1 size-1: 00
 
[        160292001000] INFO: Receiving IO packet
[        160292001000]       srcTID #: 00 FTYPE: b TTYPE: 0 size-1: 07
 
[        160292001000] INFO: Receiving IO packet
[        160292001000]       srcTID #: 00 FTYPE: b TTYPE: 0 size-1: 07
 
[        160324001000] INFO: Transmitting IO packet
[        160324001000]       Instruction #: 00 FTYPE: d TTYPE: 1 size-1: 00
 
[        160324001000] INFO: Transmitting IO packet
[        160324001000]       Instruction #: 00 FTYPE: d TTYPE: 1 size-1: 00
 
[        160372001000] IRESP Receiption
[        160372001000] INFO: Receiving IO packet
[        160372001000]       srcTID #: 64 FTYPE: d TTYPE: 8 size-1: 00
 
[        160372001000] IRESP Receiption
[        160372001000] INFO: Receiving IO packet
[        160372001000]       srcTID #: 64 FTYPE: d TTYPE: 8 size-1: 00
 
[        160404001000] INFO: Transmitting IO packet
[        160404001000]       Instruction #: 00 FTYPE: d TTYPE: 1 size-1: 00
 
[        160404001000] INFO: Transmitting IO packet
[        160404001000]       Instruction #: 00 FTYPE: d TTYPE: 1 size-1: 00
 
[        160436001000] IRESP Receiption
[        160436001000] INFO: Receiving IO packet
[        160436001000]       srcTID #: 65 FTYPE: d TTYPE: 0 size-1: 00
 
[        160436001000] IRESP Receiption
[        160436001000] INFO: Receiving IO packet
[        160436001000]       srcTID #: 65 FTYPE: d TTYPE: 0 size-1: 00
 
[        160484001000] IRESP Receiption
[        160484001000] INFO: Receiving IO packet
[        160484001000]       srcTID #: 66 FTYPE: d TTYPE: 0 size-1: 00
 
[        160484001000] INFO: Transmitting IO packet
[        160484001000]       Instruction #: 00 FTYPE: d TTYPE: 1 size-1: 00
 
[        160484001000] IRESP Receiption
[        160484001000] INFO: Receiving IO packet
[        160484001000]       srcTID #: 66 FTYPE: d TTYPE: 0 size-1: 00
 
[        160484001000] INFO: Transmitting IO packet
[        160484001000]       Instruction #: 00 FTYPE: d TTYPE: 1 size-1: 00
 
[        160516001000] INFO: Receiving IO packet
[        160516001000]       srcTID #: 00 FTYPE: b TTYPE: 0 size-1: 07
 
[        160516001000] INFO: Receiving IO packet
[        160516001000]       srcTID #: 00 FTYPE: b TTYPE: 0 size-1: 07
 
[        160564001000] IRESP Receiption
[        160564001000] INFO: Receiving IO packet
[        160564001000]       srcTID #: 00 FTYPE: d TTYPE: 1 size-1: 00
 
[        160564001000] IRESP Receiption
[        160564001000] INFO: Receiving IO packet
[        160564001000]       srcTID #: 00 FTYPE: d TTYPE: 1 size-1: 00
 
[        160628001000] INFO: Transmitting IO packet
[        160628001000]       Instruction #: 00 FTYPE: d TTYPE: 1 size-1: 00
 
[        160628001000] INFO: Transmitting IO packet
[        160628001000]       Instruction #: 00 FTYPE: d TTYPE: 1 size-1: 00
 
[        160644001000] IRESP Receiption
[        160644001000] INFO: Receiving IO packet
[        160644001000]       srcTID #: 00 FTYPE: d TTYPE: 1 size-1: 00
 
[        160644001000] IRESP Receiption
[        160644001000] INFO: Receiving IO packet
[        160644001000]       srcTID #: 00 FTYPE: d TTYPE: 1 size-1: 00
 
[        160676001000] INFO: Receiving IO packet
[        160676001000]       srcTID #: 00 FTYPE: b TTYPE: 0 size-1: 07
 
[        160676001000] INFO: Receiving IO packet
[        160676001000]       srcTID #: 00 FTYPE: b TTYPE: 0 size-1: 07
 
[        160724001000] IRESP Receiption
[        160724001000] INFO: Receiving IO packet
[        160724001000]       srcTID #: 00 FTYPE: d TTYPE: 1 size-1: 00
 
[        160724001000] IRESP Receiption
[        160724001000] INFO: Receiving IO packet
[        160724001000]       srcTID #: 00 FTYPE: d TTYPE: 1 size-1: 00
 
[        160788001000] IRESP Receiption
[        160788001000] INFO: Receiving IO packet
[        160788001000]       srcTID #: 00 FTYPE: d TTYPE: 1 size-1: 00
 
[        160788001000] INFO: Transmitting IO packet
[        160788001000]       Instruction #: 00 FTYPE: d TTYPE: 1 size-1: 00
 
[        160788001000] IRESP Receiption
[        160788001000] INFO: Receiving IO packet
[        160788001000]       srcTID #: 00 FTYPE: d TTYPE: 1 size-1: 00
 
[        160788001000] INFO: Transmitting IO packet
[        160788001000]       Instruction #: 00 FTYPE: d TTYPE: 1 size-1: 00
 
[        160820001000] INFO: Receiving IO packet
[        160820001000]       srcTID #: 00 FTYPE: b TTYPE: 0 size-1: 07
 
[        160820001000] INFO: Receiving IO packet
[        160820001000]       srcTID #: 00 FTYPE: b TTYPE: 0 size-1: 07
 
[        160916001000] IRESP Receiption
[        160916001000] INFO: Receiving IO packet
[        160916001000]       srcTID #: 00 FTYPE: d TTYPE: 1 size-1: 00
 
[        160916001000] IRESP Receiption
[        160916001000] INFO: Receiving IO packet
[        160916001000]       srcTID #: 00 FTYPE: d TTYPE: 1 size-1: 00
 
[        160932001000] INFO: Transmitting IO packet
[        160932001000]       Instruction #: 00 FTYPE: d TTYPE: 1 size-1: 00
 
[        160932001000] INFO: Transmitting IO packet
[        160932001000]       Instruction #: 00 FTYPE: d TTYPE: 1 size-1: 00
 
[        160964001000] IRESP Receiption
[        160964001000] INFO: Receiving IO packet
[        160964001000]       srcTID #: 00 FTYPE: d TTYPE: 1 size-1: 00
 
[        160964001000] IRESP Receiption
[        160964001000] INFO: Receiving IO packet
[        160964001000]       srcTID #: 00 FTYPE: d TTYPE: 1 size-1: 00
 
[        161028001000] INFO: Receiving IO packet
[        161028001000]       srcTID #: 00 FTYPE: b TTYPE: 0 size-1: 07
 
[        161028001000] INFO: Receiving IO packet
[        161028001000]       srcTID #: 00 FTYPE: b TTYPE: 0 size-1: 07
 
[        161076001000] IRESP Receiption
[        161076001000] INFO: Receiving IO packet
[        161076001000]       srcTID #: 00 FTYPE: d TTYPE: 1 size-1: 00
 
[        161076001000] IRESP Receiption
[        161076001000] INFO: Receiving IO packet
[        161076001000]       srcTID #: 00 FTYPE: d TTYPE: 1 size-1: 00
blk_mem_gen_v8_4_4 collision detected at time: 161124000, Instance: srio_sim.srio_example_top_mirror.srio_support_inst.srio_5gx1_inst.inst.srio_gen2_v4_1_11_unifiedtop_inst.buf_core_inst.buf_top_inst.buf_rx_inst.buf_rx_bram_bank_inst.blk_mem_inst.\native_mem_module.blk_mem_gen_v8_4_4_inst , A write address: 2be, B  read address: 2be
blk_mem_gen_v8_4_4 collision detected at time: 161124000, Instance: srio_sim.srio_example_top_primary.srio_support_inst.srio_5gx1_inst.inst.srio_gen2_v4_1_11_unifiedtop_inst.buf_core_inst.buf_top_inst.buf_rx_inst.buf_rx_bram_bank_inst.blk_mem_inst.\native_mem_module.blk_mem_gen_v8_4_4_inst , A write address: 2be, B  read address: 2be
 
[        161124001000] IRESP Receiption
[        161124001000] INFO: Receiving IO packet
[        161124001000]       srcTID #: 00 FTYPE: d TTYPE: 1 size-1: 00
 
[        161124001000] IRESP Receiption
[        161124001000] INFO: Receiving IO packet
[        161124001000]       srcTID #: 00 FTYPE: d TTYPE: 1 size-1: 00
 
[        161140001000] INFO: Transmitting IO packet
[        161140001000]       Instruction #: 00 FTYPE: d TTYPE: 1 size-1: 00
 
[        161140001000] INFO: Transmitting IO packet
[        161140001000]       Instruction #: 00 FTYPE: d TTYPE: 1 size-1: 00
 
[        161172001000] INFO: Receiving IO packet
[        161172001000]       srcTID #: 00 FTYPE: b TTYPE: 0 size-1: 07
 
[        161172001000] INFO: Receiving IO packet
[        161172001000]       srcTID #: 00 FTYPE: b TTYPE: 0 size-1: 07
 
[        161220001000] IRESP Receiption
[        161220001000] INFO: Receiving IO packet
[        161220001000]       srcTID #: 00 FTYPE: d TTYPE: 1 size-1: 00
 
[        161220001000] IRESP Receiption
[        161220001000] INFO: Receiving IO packet
[        161220001000]       srcTID #: 00 FTYPE: d TTYPE: 1 size-1: 00
 
[        161284001000] INFO: Transmitting IO packet
[        161284001000]       Instruction #: 00 FTYPE: d TTYPE: 1 size-1: 00
 
[        161284001000] INFO: Transmitting IO packet
[        161284001000]       Instruction #: 00 FTYPE: d TTYPE: 1 size-1: 00
 
[        161300001000] IRESP Receiption
[        161300001000] INFO: Receiving IO packet
[        161300001000]       srcTID #: 00 FTYPE: d TTYPE: 1 size-1: 00
 
[        161300001000] IRESP Receiption
[        161300001000] INFO: Receiving IO packet
[        161300001000]       srcTID #: 00 FTYPE: d TTYPE: 1 size-1: 00
 
[        161348001000] IRESP Receiption
[        161348001000] INFO: Receiving IO packet
[        161348001000]       srcTID #: 00 FTYPE: d TTYPE: 1 size-1: 00
 
[        161348001000] IRESP Receiption
[        161348001000] INFO: Receiving IO packet
[        161348001000]       srcTID #: 00 FTYPE: d TTYPE: 1 size-1: 00
 
[        161412001000] IRESP Receiption
[        161412001000] INFO: Receiving IO packet
[        161412001000]       srcTID #: 00 FTYPE: d TTYPE: 1 size-1: 00
 
[        161412001000] IRESP Receiption
[        161412001000] INFO: Receiving IO packet
[        161412001000]       srcTID #: 00 FTYPE: d TTYPE: 1 size-1: 00
 
[        161540001000] IRESP Receiption
[        161540001000] INFO: Receiving IO packet
[        161540001000]       srcTID #: 00 FTYPE: d TTYPE: 1 size-1: 00
 
[        161540001000] IRESP Receiption
[        161540001000] INFO: Receiving IO packet
[        161540001000]       srcTID #: 00 FTYPE: d TTYPE: 1 size-1: 00
 
[        161700001000] IRESP Receiption
[        161700001000] INFO: Receiving IO packet
[        161700001000]       srcTID #: 00 FTYPE: d TTYPE: 1 size-1: 00
 
[        161700001000] IRESP Receiption
[        161700001000] INFO: Receiving IO packet
[        161700001000]       srcTID #: 00 FTYPE: d TTYPE: 1 size-1: 00
 
[        161844001000] IRESP Receiption
[        161844001000] INFO: Receiving IO packet
[        161844001000]       srcTID #: 00 FTYPE: d TTYPE: 1 size-1: 00
 
[        161844001000] IRESP Receiption
[        161844001000] INFO: Receiving IO packet
[        161844001000]       srcTID #: 00 FTYPE: d TTYPE: 1 size-1: 00
 
[        162052001000] IRESP Receiption
[        162052001000] INFO: Receiving IO packet
[        162052001000]       srcTID #: 00 FTYPE: d TTYPE: 1 size-1: 00
 
[        162052001000] IRESP Receiption
[        162052001000] INFO: Receiving IO packet
[        162052001000]       srcTID #: 00 FTYPE: d TTYPE: 1 size-1: 00
 
[        162196001000] IRESP Receiption
[        162196001000] INFO: Receiving IO packet
[        162196001000]       srcTID #: 00 FTYPE: d TTYPE: 1 size-1: 00
 
[        162196001000] IRESP Receiption
[        162196001000] INFO: Receiving IO packet
[        162196001000]       srcTID #: 00 FTYPE: d TTYPE: 1 size-1: 00


*****************************************************************
**************** Test Completed Successfully ********************
************* All Packets Checked and Accounted For *************
*****************************************************************


$finish called at time : 162205 ns : File "g:/00_module/07_fpga/develop_20200323/rtl/00_xilinx_ip/02_srio/srio_5gx1_ex/imports/srio_sim.v" Line 251
run: Time (s): cpu = 00:00:45 ; elapsed = 00:06:54 . Memory (MB): peak = 1253.750 ; gain = 0.000
current_wave_config {Untitled 1}
Untitled 1
add_wave {{/srio_sim/srio_example_top_primary/srio_support_inst/link_initialized}} 
relaunch_sim
Command: launch_simulation -simset sim_1 -mode behavioral
INFO: [Vivado 12-12493] Simulation top is 'srio_sim'
INFO: [Vivado 12-5698] Checking validity of IPs in the design for the 'XSim' simulator...
INFO: [Runs 36-567] Checking/generating simulation output products for IPs/BDs (if any)...
INFO: [Vivado 12-5682] Launching behavioral simulation in 'g:/00_module/07_fpga/develop_20200323/rtl/00_xilinx_ip/02_srio/srio_5gx1_ex/srio_5gx1_ex.sim/sim_1/behav/xsim'
INFO: [Vivado 12-4795] Using compiled simulation libraries for IPs
INFO: [SIM-utils-51] Simulation object is 'sim_1'
INFO: [SIM-utils-72] Using boost library from 'C:/Xilinx/Vivado/2021.1/tps/boost_1_72_0'
INFO: [USF-XSim-7] Finding pre-compiled libraries...
INFO: [USF-XSim-11] File 'C:/Xilinx/Vivado/2021.1/data/xsim/xsim.ini' copied to run dir:'g:/00_module/07_fpga/develop_20200323/rtl/00_xilinx_ip/02_srio/srio_5gx1_ex/srio_5gx1_ex.sim/sim_1/behav/xsim'
INFO: [SIM-utils-54] Inspecting design source files for 'srio_sim' in fileset 'sim_1'...
INFO: [USF-XSim-97] Finding global include files...
INFO: [USF-XSim-98] Fetching design files from 'sim_1'...
INFO: [USF-XSim-2] XSim::Compile design
INFO: [USF-XSim-61] Executing 'COMPILE and ANALYZE' step in 'g:/00_module/07_fpga/develop_20200323/rtl/00_xilinx_ip/02_srio/srio_5gx1_ex/srio_5gx1_ex.sim/sim_1/behav/xsim'
"xvlog --incr --relax -prj srio_sim_vlog.prj"
"xvhdl --incr --relax -prj srio_sim_vhdl.prj"
INFO: [USF-XSim-69] 'compile' step finished in '3' seconds
Command: launch_simulation -simset sim_1 -mode behavioral
INFO: [Vivado 12-12493] Simulation top is 'srio_sim'
INFO: [Vivado 12-5698] Checking validity of IPs in the design for the 'XSim' simulator...
INFO: [Runs 36-567] Checking/generating simulation output products for IPs/BDs (if any)...
INFO: [Vivado 12-5682] Launching behavioral simulation in 'g:/00_module/07_fpga/develop_20200323/rtl/00_xilinx_ip/02_srio/srio_5gx1_ex/srio_5gx1_ex.sim/sim_1/behav/xsim'
INFO: [Vivado 12-4795] Using compiled simulation libraries for IPs
INFO: [USF-XSim-3] XSim::Elaborate design
INFO: [USF-XSim-61] Executing 'ELABORATE' step in 'g:/00_module/07_fpga/develop_20200323/rtl/00_xilinx_ip/02_srio/srio_5gx1_ex/srio_5gx1_ex.sim/sim_1/behav/xsim'
"xelab -wto c61293ade1f6433c9deda9ef0104f2d5 --incr --debug typical --relax --mt 2 -L xil_defaultlib -L blk_mem_gen_v8_4_4 -L fifo_generator_v13_2_5 -L srio_gen2_v4_1_11 -L unisims_ver -L unimacro_ver -L secureip -L xpm --snapshot srio_sim_behav xil_defaultlib.srio_sim xil_defaultlib.glbl -log elaborate.log"
Vivado Simulator v2021.1
Copyright 1986-1999, 2001-2021 Xilinx, Inc. All Rights Reserved.
Running: C:/Xilinx/Vivado/2021.1/bin/unwrapped/win64.o/xelab.exe -wto c61293ade1f6433c9deda9ef0104f2d5 --incr --debug typical --relax --mt 2 -L xil_defaultlib -L blk_mem_gen_v8_4_4 -L fifo_generator_v13_2_5 -L srio_gen2_v4_1_11 -L unisims_ver -L unimacro_ver -L secureip -L xpm --snapshot srio_sim_behav xil_defaultlib.srio_sim xil_defaultlib.glbl -log elaborate.log 
Using 2 slave threads.
Starting static elaboration
Pass Through NonSizing Optimizer
WARNING: [VRFC 10-526] concatenation with unsized literal; will interpret as 32 bits [/wrk/ci/prod/2021.1/sw/continuous/3932/packages/customer/vivado/data/ip/xilinx/srio_gen2_v4_1/hdl/srio_gen2_v4_1_rfs.v:32755]
WARNING: [VRFC 10-3705] select index 7 into 'destripe_pdsc' is out of bounds [/wrk/ci/prod/2021.1/sw/continuous/3932/packages/customer/vivado/data/ip/xilinx/srio_gen2_v4_1/hdl/srio_gen2_v4_1_rfs.v:15758]
WARNING: [VRFC 10-3705] select index 5 into 'destripe_pdsc' is out of bounds [/wrk/ci/prod/2021.1/sw/continuous/3932/packages/customer/vivado/data/ip/xilinx/srio_gen2_v4_1/hdl/srio_gen2_v4_1_rfs.v:15759]
WARNING: [VRFC 10-3705] select index 7 into 'destripe_pdsc' is out of bounds [/wrk/ci/prod/2021.1/sw/continuous/3932/packages/customer/vivado/data/ip/xilinx/srio_gen2_v4_1/hdl/srio_gen2_v4_1_rfs.v:15790]
WARNING: [VRFC 10-3705] select index 5 into 'destripe_pdsc' is out of bounds [/wrk/ci/prod/2021.1/sw/continuous/3932/packages/customer/vivado/data/ip/xilinx/srio_gen2_v4_1/hdl/srio_gen2_v4_1_rfs.v:15791]
WARNING: [VRFC 10-3705] select index 7 into 'destripe_pdsc' is out of bounds [/wrk/ci/prod/2021.1/sw/continuous/3932/packages/customer/vivado/data/ip/xilinx/srio_gen2_v4_1/hdl/srio_gen2_v4_1_rfs.v:15833]
WARNING: [VRFC 10-3705] select index 5 into 'destripe_pdsc' is out of bounds [/wrk/ci/prod/2021.1/sw/continuous/3932/packages/customer/vivado/data/ip/xilinx/srio_gen2_v4_1/hdl/srio_gen2_v4_1_rfs.v:15835]
Completed static elaboration
INFO: [XSIM 43-4323] No Change in HDL. Linking previously generated obj files to create kernel
run_program: Time (s): cpu = 00:00:00 ; elapsed = 00:00:49 . Memory (MB): peak = 1253.750 ; gain = 0.000
INFO: [USF-XSim-69] 'elaborate' step finished in '49' seconds
launch_simulation: Time (s): cpu = 00:00:00 ; elapsed = 00:00:49 . Memory (MB): peak = 1253.750 ; gain = 0.000
Time resolution is 1 fs
WARNING: Behavioral models for independent clock FIFO configurations do not model synchronization delays. The behavioral models are functionally correct, and will represent the behavior of the configured FIFO. See the FIFO Generator User Guide for more information.
WARNING: Behavioral models for independent clock FIFO configurations do not model synchronization delays. The behavioral models are functionally correct, and will represent the behavior of the configured FIFO. See the FIFO Generator User Guide for more information.
Block Memory Generator module srio_sim.srio_example_top_primary.srio_support_inst.srio_5gx1_inst.inst.srio_gen2_v4_1_11_unifiedtop_inst.buf_core_inst.buf_top_inst.buf_tx_inst.buf_tx_bram_bank_inst.blk_mem_inst.\native_mem_module.blk_mem_gen_v8_4_4_inst  is using a behavioral model for simulation which will not precisely model memory collision behavior.
Block Memory Generator module srio_sim.srio_example_top_primary.srio_support_inst.srio_5gx1_inst.inst.srio_gen2_v4_1_11_unifiedtop_inst.buf_core_inst.buf_top_inst.buf_rx_inst.buf_rx_bram_bank_inst.blk_mem_inst.\native_mem_module.blk_mem_gen_v8_4_4_inst  is using a behavioral model for simulation which will not precisely model memory collision behavior.
WARNING: Behavioral models for independent clock FIFO configurations do not model synchronization delays. The behavioral models are functionally correct, and will represent the behavior of the configured FIFO. See the FIFO Generator User Guide for more information.
WARNING: Behavioral models for independent clock FIFO configurations do not model synchronization delays. The behavioral models are functionally correct, and will represent the behavior of the configured FIFO. See the FIFO Generator User Guide for more information.
Block Memory Generator module srio_sim.srio_example_top_mirror.srio_support_inst.srio_5gx1_inst.inst.srio_gen2_v4_1_11_unifiedtop_inst.buf_core_inst.buf_top_inst.buf_tx_inst.buf_tx_bram_bank_inst.blk_mem_inst.\native_mem_module.blk_mem_gen_v8_4_4_inst  is using a behavioral model for simulation which will not precisely model memory collision behavior.
Block Memory Generator module srio_sim.srio_example_top_mirror.srio_support_inst.srio_5gx1_inst.inst.srio_gen2_v4_1_11_unifiedtop_inst.buf_core_inst.buf_top_inst.buf_rx_inst.buf_rx_bram_bank_inst.blk_mem_inst.\native_mem_module.blk_mem_gen_v8_4_4_inst  is using a behavioral model for simulation which will not precisely model memory collision behavior.


*****************************************************************
Waiting for Link Initialization.
This may take some time.
*****************************************************************


relaunch_sim: Time (s): cpu = 00:00:02 ; elapsed = 00:00:56 . Memory (MB): peak = 1253.750 ; gain = 0.000
run all


*****************************************************************
********************Port Initialized*****************************
*****************************************************************




*****************************************************************
********************Link Initialized*****************************
*****************************************************************


 
[        142788001000] IREQ Transaction
[        142788001000] INFO: Transmitting IO packet
[        142788001000]       Instruction #: 00 FTYPE: 6 TTYPE: 0 size-1: 0f
 
[        142788001000] IREQ Transaction
[        142788001000] INFO: Transmitting IO packet
[        142788001000]       Instruction #: 00 FTYPE: 6 TTYPE: 0 size-1: 0f
 
[        142900001000] IREQ Transaction
[        142900001000] INFO: Transmitting IO packet
[        142900001000]       Instruction #: 01 FTYPE: 6 TTYPE: 0 size-1: 0f
 
[        142900001000] IREQ Transaction
[        142900001000] INFO: Transmitting IO packet
[        142900001000]       Instruction #: 01 FTYPE: 6 TTYPE: 0 size-1: 0f
 
[        143012001000] IREQ Transaction
[        143012001000] INFO: Transmitting IO packet
[        143012001000]       Instruction #: 02 FTYPE: 6 TTYPE: 0 size-1: ff
 
[        143012001000] IREQ Transaction
[        143012001000] INFO: Transmitting IO packet
[        143012001000]       Instruction #: 02 FTYPE: 6 TTYPE: 0 size-1: ff
 
[        143604001000] IREQ Transaction
[        143604001000] INFO: Transmitting IO packet
[        143604001000]       Instruction #: 03 FTYPE: 6 TTYPE: 0 size-1: 7f
 
[        143604001000] IREQ Transaction
[        143604001000] INFO: Transmitting IO packet
[        143604001000]       Instruction #: 03 FTYPE: 6 TTYPE: 0 size-1: 7f
 
[        143780001000] INFO: Receiving IO packet
[        143780001000]       srcTID #: 00 FTYPE: 6 TTYPE: 0 size-1: 00
 
[        143780001000] INFO: Receiving IO packet
[        143780001000]       srcTID #: 00 FTYPE: 6 TTYPE: 0 size-1: 00
 
[        143908001000] INFO: Receiving IO packet
[        143908001000]       srcTID #: 00 FTYPE: 6 TTYPE: 0 size-1: 00
 
[        143908001000] INFO: Receiving IO packet
[        143908001000]       srcTID #: 00 FTYPE: 6 TTYPE: 0 size-1: 00
 
[        143940001000] IREQ Transaction
[        143940001000] INFO: Transmitting IO packet
[        143940001000]       Instruction #: 04 FTYPE: 6 TTYPE: 0 size-1: 5f
 
[        143940001000] IREQ Transaction
[        143940001000] INFO: Transmitting IO packet
[        143940001000]       Instruction #: 04 FTYPE: 6 TTYPE: 0 size-1: 5f
 
[        144212001000] IREQ Transaction
[        144212001000] INFO: Transmitting IO packet
[        144212001000]       Instruction #: 05 FTYPE: 6 TTYPE: 0 size-1: 3f
 
[        144212001000] IREQ Transaction
[        144212001000] INFO: Transmitting IO packet
[        144212001000]       Instruction #: 05 FTYPE: 6 TTYPE: 0 size-1: 3f
 
[        144420001000] IREQ Transaction
[        144420001000] INFO: Transmitting IO packet
[        144420001000]       Instruction #: 06 FTYPE: 6 TTYPE: 0 size-1: 1f
 
[        144420001000] IREQ Transaction
[        144420001000] INFO: Transmitting IO packet
[        144420001000]       Instruction #: 06 FTYPE: 6 TTYPE: 0 size-1: 1f
 
[        144564001000] IREQ Transaction
[        144564001000] INFO: Transmitting IO packet
[        144564001000]       Instruction #: 07 FTYPE: 6 TTYPE: 0 size-1: 0f
 
[        144564001000] IREQ Transaction
[        144564001000] INFO: Transmitting IO packet
[        144564001000]       Instruction #: 07 FTYPE: 6 TTYPE: 0 size-1: 0f
 
[        144676001000] IREQ Transaction
[        144676001000] INFO: Transmitting IO packet
[        144676001000]       Instruction #: 08 FTYPE: 6 TTYPE: 0 size-1: ff
 
[        144676001000] IREQ Transaction
[        144676001000] INFO: Transmitting IO packet
[        144676001000]       Instruction #: 08 FTYPE: 6 TTYPE: 0 size-1: ff
 
[        144964001000] INFO: Receiving IO packet
[        144964001000]       srcTID #: 00 FTYPE: 6 TTYPE: 0 size-1: 00
 
[        144964001000] INFO: Receiving IO packet
[        144964001000]       srcTID #: 00 FTYPE: 6 TTYPE: 0 size-1: 00
 
[        145268001000] IREQ Transaction
[        145268001000] INFO: Transmitting IO packet
[        145268001000]       Instruction #: 09 FTYPE: 6 TTYPE: 0 size-1: 7f
 
[        145268001000] IREQ Transaction
[        145268001000] INFO: Transmitting IO packet
[        145268001000]       Instruction #: 09 FTYPE: 6 TTYPE: 0 size-1: 7f
 
[        145493000000] INFO: Receiving IO packet
[        145493000000]       srcTID #: 00 FTYPE: 6 TTYPE: 0 size-1: 00
 
[        145493000000] INFO: Receiving IO packet
[        145493000000]       srcTID #: 00 FTYPE: 6 TTYPE: 0 size-1: 00
 
[        145604001000] IREQ Transaction
[        145604001000] INFO: Transmitting IO packet
[        145604001000]       Instruction #: 0a FTYPE: 6 TTYPE: 0 size-1: 5f
 
[        145604001000] IREQ Transaction
[        145604001000] INFO: Transmitting IO packet
[        145604001000]       Instruction #: 0a FTYPE: 6 TTYPE: 0 size-1: 5f
 
[        145765000000] INFO: Receiving IO packet
[        145765000000]       srcTID #: 00 FTYPE: 6 TTYPE: 0 size-1: 00
 
[        145765000000] INFO: Receiving IO packet
[        145765000000]       srcTID #: 00 FTYPE: 6 TTYPE: 0 size-1: 00
 
[        145876001000] IREQ Transaction
[        145876001000] INFO: Transmitting IO packet
[        145876001000]       Instruction #: 0b FTYPE: 6 TTYPE: 0 size-1: 3f
 
[        145876001000] IREQ Transaction
[        145876001000] INFO: Transmitting IO packet
[        145876001000]       Instruction #: 0b FTYPE: 6 TTYPE: 0 size-1: 3f
 
[        145973000000] INFO: Receiving IO packet
[        145973000000]       srcTID #: 00 FTYPE: 6 TTYPE: 0 size-1: 00
 
[        145973000000] INFO: Receiving IO packet
[        145973000000]       srcTID #: 00 FTYPE: 6 TTYPE: 0 size-1: 00
 
[        146084001000] IREQ Transaction
[        146084001000] INFO: Transmitting IO packet
[        146084001000]       Instruction #: 0c FTYPE: 6 TTYPE: 0 size-1: 1f
 
[        146084001000] IREQ Transaction
[        146084001000] INFO: Transmitting IO packet
[        146084001000]       Instruction #: 0c FTYPE: 6 TTYPE: 0 size-1: 1f
 
[        146117000000] INFO: Receiving IO packet
[        146117000000]       srcTID #: 00 FTYPE: 6 TTYPE: 0 size-1: 00
 
[        146117000000] INFO: Receiving IO packet
[        146117000000]       srcTID #: 00 FTYPE: 6 TTYPE: 0 size-1: 00
 
[        146197000000] INFO: Receiving IO packet
[        146197000000]       srcTID #: 00 FTYPE: 6 TTYPE: 0 size-1: 00
 
[        146197000000] INFO: Receiving IO packet
[        146197000000]       srcTID #: 00 FTYPE: 6 TTYPE: 0 size-1: 00
 
[        146228001000] IREQ Transaction
[        146228001000] INFO: Transmitting IO packet
[        146228001000]       Instruction #: 0d FTYPE: 6 TTYPE: 0 size-1: 0f
 
[        146228001000] IREQ Transaction
[        146228001000] INFO: Transmitting IO packet
[        146228001000]       Instruction #: 0d FTYPE: 6 TTYPE: 0 size-1: 0f
 
[        146340001000] IREQ Transaction
[        146340001000] INFO: Transmitting IO packet
[        146340001000]       Instruction #: 0e FTYPE: 6 TTYPE: 0 size-1: 07
 
[        146340001000] IREQ Transaction
[        146340001000] INFO: Transmitting IO packet
[        146340001000]       Instruction #: 0e FTYPE: 6 TTYPE: 0 size-1: 07
 
[        146436001000] IREQ Transaction
[        146436001000] INFO: Transmitting IO packet
[        146436001000]       Instruction #: 0f FTYPE: 6 TTYPE: 0 size-1: 06
 
[        146436001000] IREQ Transaction
[        146436001000] INFO: Transmitting IO packet
[        146436001000]       Instruction #: 0f FTYPE: 6 TTYPE: 0 size-1: 06
 
[        146532001000] IREQ Transaction
[        146532001000] INFO: Transmitting IO packet
[        146532001000]       Instruction #: 10 FTYPE: 6 TTYPE: 0 size-1: 06
 
[        146532001000] IREQ Transaction
[        146532001000] INFO: Transmitting IO packet
[        146532001000]       Instruction #: 10 FTYPE: 6 TTYPE: 0 size-1: 06
 
[        146628001000] IREQ Transaction
[        146628001000] INFO: Transmitting IO packet
[        146628001000]       Instruction #: 11 FTYPE: 6 TTYPE: 0 size-1: 05
 
[        146628001000] IREQ Transaction
[        146628001000] INFO: Transmitting IO packet
[        146628001000]       Instruction #: 11 FTYPE: 6 TTYPE: 0 size-1: 05
 
[        146644001000] INFO: Receiving IO packet
[        146644001000]       srcTID #: 00 FTYPE: 6 TTYPE: 0 size-1: 00
 
[        146644001000] INFO: Receiving IO packet
[        146644001000]       srcTID #: 00 FTYPE: 6 TTYPE: 0 size-1: 00
 
[        146724001000] IREQ Transaction
[        146724001000] INFO: Transmitting IO packet
[        146724001000]       Instruction #: 12 FTYPE: 6 TTYPE: 0 size-1: 05
 
[        146724001000] IREQ Transaction
[        146724001000] INFO: Transmitting IO packet
[        146724001000]       Instruction #: 12 FTYPE: 6 TTYPE: 0 size-1: 05
 
[        146820001000] IREQ Transaction
[        146820001000] INFO: Transmitting IO packet
[        146820001000]       Instruction #: 13 FTYPE: 6 TTYPE: 0 size-1: 04
 
[        146820001000] IREQ Transaction
[        146820001000] INFO: Transmitting IO packet
[        146820001000]       Instruction #: 13 FTYPE: 6 TTYPE: 0 size-1: 04
 
[        146916001000] IREQ Transaction
[        146916001000] INFO: Transmitting IO packet
[        146916001000]       Instruction #: 14 FTYPE: 6 TTYPE: 0 size-1: 04
 
[        146916001000] IREQ Transaction
[        146916001000] INFO: Transmitting IO packet
[        146916001000]       Instruction #: 14 FTYPE: 6 TTYPE: 0 size-1: 04
 
[        147012001000] IREQ Transaction
[        147012001000] INFO: Transmitting IO packet
[        147012001000]       Instruction #: 15 FTYPE: 6 TTYPE: 0 size-1: 03
 
[        147012001000] IREQ Transaction
[        147012001000] INFO: Transmitting IO packet
[        147012001000]       Instruction #: 15 FTYPE: 6 TTYPE: 0 size-1: 03
 
[        147108001000] IREQ Transaction
[        147108001000] INFO: Transmitting IO packet
[        147108001000]       Instruction #: 16 FTYPE: 6 TTYPE: 0 size-1: 03
 
[        147108001000] IREQ Transaction
[        147108001000] INFO: Transmitting IO packet
[        147108001000]       Instruction #: 16 FTYPE: 6 TTYPE: 0 size-1: 03
 
[        147173000000] INFO: Receiving IO packet
[        147173000000]       srcTID #: 00 FTYPE: 6 TTYPE: 0 size-1: 00
 
[        147173000000] INFO: Receiving IO packet
[        147173000000]       srcTID #: 00 FTYPE: 6 TTYPE: 0 size-1: 00
 
[        147204001000] IREQ Transaction
[        147204001000] INFO: Transmitting IO packet
[        147204001000]       Instruction #: 17 FTYPE: 6 TTYPE: 0 size-1: 02
 
[        147204001000] IREQ Transaction
[        147204001000] INFO: Transmitting IO packet
[        147204001000]       Instruction #: 17 FTYPE: 6 TTYPE: 0 size-1: 02
 
[        147300001000] IREQ Transaction
[        147300001000] INFO: Transmitting IO packet
[        147300001000]       Instruction #: 18 FTYPE: 6 TTYPE: 0 size-1: 02
 
[        147300001000] IREQ Transaction
[        147300001000] INFO: Transmitting IO packet
[        147300001000]       Instruction #: 18 FTYPE: 6 TTYPE: 0 size-1: 02
 
[        147396001000] IREQ Transaction
[        147396001000] INFO: Transmitting IO packet
[        147396001000]       Instruction #: 19 FTYPE: 6 TTYPE: 0 size-1: 01
 
[        147396001000] IREQ Transaction
[        147396001000] INFO: Transmitting IO packet
[        147396001000]       Instruction #: 19 FTYPE: 6 TTYPE: 0 size-1: 01
 
[        147445000000] INFO: Receiving IO packet
[        147445000000]       srcTID #: 00 FTYPE: 6 TTYPE: 0 size-1: 00
 
[        147445000000] INFO: Receiving IO packet
[        147445000000]       srcTID #: 00 FTYPE: 6 TTYPE: 0 size-1: 00
 
[        147492001000] IREQ Transaction
[        147492001000] INFO: Transmitting IO packet
[        147492001000]       Instruction #: 1a FTYPE: 6 TTYPE: 0 size-1: 01
 
[        147492001000] IREQ Transaction
[        147492001000] INFO: Transmitting IO packet
[        147492001000]       Instruction #: 1a FTYPE: 6 TTYPE: 0 size-1: 01
 
[        147588001000] IREQ Transaction
[        147588001000] INFO: Transmitting IO packet
[        147588001000]       Instruction #: 1b FTYPE: 6 TTYPE: 0 size-1: 01
 
[        147588001000] IREQ Transaction
[        147588001000] INFO: Transmitting IO packet
[        147588001000]       Instruction #: 1b FTYPE: 6 TTYPE: 0 size-1: 01
 
[        147653000000] INFO: Receiving IO packet
[        147653000000]       srcTID #: 00 FTYPE: 6 TTYPE: 0 size-1: 00
 
[        147653000000] INFO: Receiving IO packet
[        147653000000]       srcTID #: 00 FTYPE: 6 TTYPE: 0 size-1: 00
 
[        147684001000] IREQ Transaction
[        147684001000] INFO: Transmitting IO packet
[        147684001000]       Instruction #: 1c FTYPE: 6 TTYPE: 0 size-1: 01
 
[        147684001000] IREQ Transaction
[        147684001000] INFO: Transmitting IO packet
[        147684001000]       Instruction #: 1c FTYPE: 6 TTYPE: 0 size-1: 01
 
[        147780001000] IREQ Transaction
[        147780001000] INFO: Transmitting IO packet
[        147780001000]       Instruction #: 1d FTYPE: 6 TTYPE: 0 size-1: 00
 
[        147780001000] IREQ Transaction
[        147780001000] INFO: Transmitting IO packet
[        147780001000]       Instruction #: 1d FTYPE: 6 TTYPE: 0 size-1: 00
 
[        147797000000] INFO: Receiving IO packet
[        147797000000]       srcTID #: 00 FTYPE: 6 TTYPE: 0 size-1: 00
 
[        147797000000] INFO: Receiving IO packet
[        147797000000]       srcTID #: 00 FTYPE: 6 TTYPE: 0 size-1: 00
 
[        147876001000] IREQ Transaction
[        147876001000] INFO: Transmitting IO packet
[        147876001000]       Instruction #: 1e FTYPE: 6 TTYPE: 0 size-1: 00
 
[        147876001000] IREQ Transaction
[        147876001000] INFO: Transmitting IO packet
[        147876001000]       Instruction #: 1e FTYPE: 6 TTYPE: 0 size-1: 00
 
[        147877000000] INFO: Receiving IO packet
[        147877000000]       srcTID #: 00 FTYPE: 6 TTYPE: 0 size-1: 00
 
[        147877000000] INFO: Receiving IO packet
[        147877000000]       srcTID #: 00 FTYPE: 6 TTYPE: 0 size-1: 00
 
[        147925000000] INFO: Receiving IO packet
[        147925000000]       srcTID #: 00 FTYPE: 6 TTYPE: 0 size-1: 00
 
[        147925000000] INFO: Receiving IO packet
[        147925000000]       srcTID #: 00 FTYPE: 6 TTYPE: 0 size-1: 00
 
[        147957000000] INFO: Receiving IO packet
[        147957000000]       srcTID #: 00 FTYPE: 6 TTYPE: 0 size-1: 00
 
[        147957000000] INFO: Receiving IO packet
[        147957000000]       srcTID #: 00 FTYPE: 6 TTYPE: 0 size-1: 00
 
[        147972001000] IREQ Transaction
[        147972001000] INFO: Transmitting IO packet
[        147972001000]       Instruction #: 1f FTYPE: 6 TTYPE: 0 size-1: 00
 
[        147972001000] IREQ Transaction
[        147972001000] INFO: Transmitting IO packet
[        147972001000]       Instruction #: 1f FTYPE: 6 TTYPE: 0 size-1: 00
 
[        147989000000] INFO: Receiving IO packet
[        147989000000]       srcTID #: 00 FTYPE: 6 TTYPE: 0 size-1: 00
 
[        147989000000] INFO: Receiving IO packet
[        147989000000]       srcTID #: 00 FTYPE: 6 TTYPE: 0 size-1: 00
 
[        148021000000] INFO: Receiving IO packet
[        148021000000]       srcTID #: 00 FTYPE: 6 TTYPE: 0 size-1: 00
 
[        148021000000] INFO: Receiving IO packet
[        148021000000]       srcTID #: 00 FTYPE: 6 TTYPE: 0 size-1: 00
 
[        148053000000] INFO: Receiving IO packet
[        148053000000]       srcTID #: 00 FTYPE: 6 TTYPE: 0 size-1: 00
 
[        148053000000] INFO: Receiving IO packet
[        148053000000]       srcTID #: 00 FTYPE: 6 TTYPE: 0 size-1: 00
 
[        148068001000] IREQ Transaction
[        148068001000] INFO: Transmitting IO packet
[        148068001000]       Instruction #: 20 FTYPE: 6 TTYPE: 0 size-1: 00
 
[        148068001000] IREQ Transaction
[        148068001000] INFO: Transmitting IO packet
[        148068001000]       Instruction #: 20 FTYPE: 6 TTYPE: 0 size-1: 00
 
[        148085000000] INFO: Receiving IO packet
[        148085000000]       srcTID #: 00 FTYPE: 6 TTYPE: 0 size-1: 00
 
[        148085000000] INFO: Receiving IO packet
[        148085000000]       srcTID #: 00 FTYPE: 6 TTYPE: 0 size-1: 00
 
[        148117000000] INFO: Receiving IO packet
[        148117000000]       srcTID #: 00 FTYPE: 6 TTYPE: 0 size-1: 00
 
[        148117000000] INFO: Receiving IO packet
[        148117000000]       srcTID #: 00 FTYPE: 6 TTYPE: 0 size-1: 00
 
[        148149000000] INFO: Receiving IO packet
[        148149000000]       srcTID #: 00 FTYPE: 6 TTYPE: 0 size-1: 00
 
[        148149000000] INFO: Receiving IO packet
[        148149000000]       srcTID #: 00 FTYPE: 6 TTYPE: 0 size-1: 00
 
[        148164001000] IREQ Transaction
[        148164001000] INFO: Transmitting IO packet
[        148164001000]       Instruction #: 21 FTYPE: 6 TTYPE: 0 size-1: 00
 
[        148164001000] IREQ Transaction
[        148164001000] INFO: Transmitting IO packet
[        148164001000]       Instruction #: 21 FTYPE: 6 TTYPE: 0 size-1: 00
 
[        148181000000] INFO: Receiving IO packet
[        148181000000]       srcTID #: 00 FTYPE: 6 TTYPE: 0 size-1: 00
 
[        148181000000] INFO: Receiving IO packet
[        148181000000]       srcTID #: 00 FTYPE: 6 TTYPE: 0 size-1: 00
 
[        148213000000] INFO: Receiving IO packet
[        148213000000]       srcTID #: 00 FTYPE: 6 TTYPE: 0 size-1: 00
 
[        148213000000] INFO: Receiving IO packet
[        148213000000]       srcTID #: 00 FTYPE: 6 TTYPE: 0 size-1: 00
 
[        148260001000] IREQ Transaction
[        148260001000] INFO: Transmitting IO packet
[        148260001000]       Instruction #: 22 FTYPE: 6 TTYPE: 0 size-1: 00
 
[        148260001000] IREQ Transaction
[        148260001000] INFO: Transmitting IO packet
[        148260001000]       Instruction #: 22 FTYPE: 6 TTYPE: 0 size-1: 00
 
[        148324001000] INFO: Receiving IO packet
[        148324001000]       srcTID #: 00 FTYPE: 6 TTYPE: 0 size-1: 00
 
[        148324001000] INFO: Receiving IO packet
[        148324001000]       srcTID #: 00 FTYPE: 6 TTYPE: 0 size-1: 00
 
[        148356001000] IREQ Transaction
[        148356001000] INFO: Transmitting IO packet
[        148356001000]       Instruction #: 23 FTYPE: 6 TTYPE: 0 size-1: 00
 
[        148356001000] IREQ Transaction
[        148356001000] INFO: Transmitting IO packet
[        148356001000]       Instruction #: 23 FTYPE: 6 TTYPE: 0 size-1: 00
 
[        148357000000] INFO: Receiving IO packet
[        148357000000]       srcTID #: 00 FTYPE: 6 TTYPE: 0 size-1: 00
 
[        148357000000] INFO: Receiving IO packet
[        148357000000]       srcTID #: 00 FTYPE: 6 TTYPE: 0 size-1: 00
 
[        148452001000] IREQ Transaction
[        148452001000] INFO: Transmitting IO packet
[        148452001000]       Instruction #: 24 FTYPE: 6 TTYPE: 0 size-1: 00
 
[        148452001000] IREQ Transaction
[        148452001000] INFO: Transmitting IO packet
[        148452001000]       Instruction #: 24 FTYPE: 6 TTYPE: 0 size-1: 00
 
[        148468001000] INFO: Receiving IO packet
[        148468001000]       srcTID #: 00 FTYPE: 6 TTYPE: 0 size-1: 00
 
[        148468001000] INFO: Receiving IO packet
[        148468001000]       srcTID #: 00 FTYPE: 6 TTYPE: 0 size-1: 00
 
[        148548001000] IREQ Transaction
[        148548001000] INFO: Transmitting IO packet
[        148548001000]       Instruction #: 25 FTYPE: 5 TTYPE: 5 size-1: 05
 
[        148548001000] IREQ Transaction
[        148548001000] INFO: Transmitting IO packet
[        148548001000]       Instruction #: 25 FTYPE: 5 TTYPE: 5 size-1: 05
 
[        148580001000] INFO: Receiving IO packet
[        148580001000]       srcTID #: 00 FTYPE: 6 TTYPE: 0 size-1: 00
 
[        148580001000] INFO: Receiving IO packet
[        148580001000]       srcTID #: 00 FTYPE: 6 TTYPE: 0 size-1: 00
 
[        148644001000] IREQ Transaction
[        148644001000] INFO: Transmitting IO packet
[        148644001000]       Instruction #: 26 FTYPE: 5 TTYPE: 5 size-1: 04
 
[        148644001000] IREQ Transaction
[        148644001000] INFO: Transmitting IO packet
[        148644001000]       Instruction #: 26 FTYPE: 5 TTYPE: 5 size-1: 04
 
[        148708001000] INFO: Receiving IO packet
[        148708001000]       srcTID #: 00 FTYPE: 6 TTYPE: 0 size-1: 00
 
[        148708001000] INFO: Receiving IO packet
[        148708001000]       srcTID #: 00 FTYPE: 6 TTYPE: 0 size-1: 00
 
[        148740001000] IREQ Transaction
[        148740001000] INFO: Transmitting IO packet
[        148740001000]       Instruction #: 27 FTYPE: 5 TTYPE: 5 size-1: 04
 
[        148740001000] IREQ Transaction
[        148740001000] INFO: Transmitting IO packet
[        148740001000]       Instruction #: 27 FTYPE: 5 TTYPE: 5 size-1: 04
 
[        148820001000] INFO: Receiving IO packet
[        148820001000]       srcTID #: 00 FTYPE: 6 TTYPE: 0 size-1: 00
 
[        148820001000] INFO: Receiving IO packet
[        148820001000]       srcTID #: 00 FTYPE: 6 TTYPE: 0 size-1: 00
 
[        148836001000] IREQ Transaction
[        148836001000] INFO: Transmitting IO packet
[        148836001000]       Instruction #: 28 FTYPE: 5 TTYPE: 5 size-1: 03
 
[        148836001000] IREQ Transaction
[        148836001000] INFO: Transmitting IO packet
[        148836001000]       Instruction #: 28 FTYPE: 5 TTYPE: 5 size-1: 03
 
[        148853000000] INFO: Receiving IO packet
[        148853000000]       srcTID #: 00 FTYPE: 6 TTYPE: 0 size-1: 00
 
[        148853000000] INFO: Receiving IO packet
[        148853000000]       srcTID #: 00 FTYPE: 6 TTYPE: 0 size-1: 00
 
[        148932001000] IREQ Transaction
[        148932001000] INFO: Transmitting IO packet
[        148932001000]       Instruction #: 29 FTYPE: 5 TTYPE: 5 size-1: 03
 
[        148932001000] IREQ Transaction
[        148932001000] INFO: Transmitting IO packet
[        148932001000]       Instruction #: 29 FTYPE: 5 TTYPE: 5 size-1: 03
 
[        148964001000] INFO: Receiving IO packet
[        148964001000]       srcTID #: 00 FTYPE: 6 TTYPE: 0 size-1: 00
 
[        148964001000] INFO: Receiving IO packet
[        148964001000]       srcTID #: 00 FTYPE: 6 TTYPE: 0 size-1: 00
 
[        149028001000] IREQ Transaction
[        149028001000] INFO: Transmitting IO packet
[        149028001000]       Instruction #: 2a FTYPE: 5 TTYPE: 5 size-1: 02
 
[        149028001000] IREQ Transaction
[        149028001000] INFO: Transmitting IO packet
[        149028001000]       Instruction #: 2a FTYPE: 5 TTYPE: 5 size-1: 02
 
[        149076001000] INFO: Receiving IO packet
[        149076001000]       srcTID #: 00 FTYPE: 6 TTYPE: 0 size-1: 00
 
[        149076001000] INFO: Receiving IO packet
[        149076001000]       srcTID #: 00 FTYPE: 6 TTYPE: 0 size-1: 00
 
[        149109000000] INFO: Receiving IO packet
[        149109000000]       srcTID #: 00 FTYPE: 6 TTYPE: 0 size-1: 00
 
[        149109000000] INFO: Receiving IO packet
[        149109000000]       srcTID #: 00 FTYPE: 6 TTYPE: 0 size-1: 00
 
[        149124001000] IREQ Transaction
[        149124001000] INFO: Transmitting IO packet
[        149124001000]       Instruction #: 2b FTYPE: 5 TTYPE: 5 size-1: 02
 
[        149124001000] IREQ Transaction
[        149124001000] INFO: Transmitting IO packet
[        149124001000]       Instruction #: 2b FTYPE: 5 TTYPE: 5 size-1: 02
 
[        149220001000] IREQ Transaction
[        149220001000] INFO: Transmitting IO packet
[        149220001000]       Instruction #: 2c FTYPE: 5 TTYPE: 5 size-1: 01
 
[        149220001000] INFO: Receiving IO packet
[        149220001000]       srcTID #: 00 FTYPE: 6 TTYPE: 0 size-1: 00
 
[        149220001000] IREQ Transaction
[        149220001000] INFO: Transmitting IO packet
[        149220001000]       Instruction #: 2c FTYPE: 5 TTYPE: 5 size-1: 01
 
[        149220001000] INFO: Receiving IO packet
[        149220001000]       srcTID #: 00 FTYPE: 6 TTYPE: 0 size-1: 00
 
[        149316001000] IREQ Transaction
[        149316001000] INFO: Transmitting IO packet
[        149316001000]       Instruction #: 2d FTYPE: 5 TTYPE: 5 size-1: 01
 
[        149316001000] IREQ Transaction
[        149316001000] INFO: Transmitting IO packet
[        149316001000]       Instruction #: 2d FTYPE: 5 TTYPE: 5 size-1: 01
 
[        149332001000] INFO: Receiving IO packet
[        149332001000]       srcTID #: 00 FTYPE: 6 TTYPE: 0 size-1: 00
 
[        149332001000] INFO: Receiving IO packet
[        149332001000]       srcTID #: 00 FTYPE: 6 TTYPE: 0 size-1: 00
 
[        149412001000] IREQ Transaction
[        149412001000] INFO: Transmitting IO packet
[        149412001000]       Instruction #: 2e FTYPE: 5 TTYPE: 5 size-1: 01
 
[        149412001000] IREQ Transaction
[        149412001000] INFO: Transmitting IO packet
[        149412001000]       Instruction #: 2e FTYPE: 5 TTYPE: 5 size-1: 01
 
[        149444001000] INFO: Receiving IO packet
[        149444001000]       srcTID #: 00 FTYPE: 6 TTYPE: 0 size-1: 00
 
[        149444001000] INFO: Receiving IO packet
[        149444001000]       srcTID #: 00 FTYPE: 6 TTYPE: 0 size-1: 00
 
[        149508001000] IREQ Transaction
[        149508001000] INFO: Transmitting IO packet
[        149508001000]       Instruction #: 2f FTYPE: 5 TTYPE: 5 size-1: 01
 
[        149508001000] IREQ Transaction
[        149508001000] INFO: Transmitting IO packet
[        149508001000]       Instruction #: 2f FTYPE: 5 TTYPE: 5 size-1: 01
 
[        149572001000] INFO: Receiving IO packet
[        149572001000]       srcTID #: 25 FTYPE: 5 TTYPE: 5 size-1: 05
 
[        149572001000] INFO: Receiving IO packet
[        149572001000]       srcTID #: 25 FTYPE: 5 TTYPE: 5 size-1: 05
 
[        149604001000] IREQ Transaction
[        149604001000] INFO: Transmitting IO packet
[        149604001000]       Instruction #: 30 FTYPE: 5 TTYPE: 5 size-1: 00
 
[        149604001000] IREQ Transaction
[        149604001000] INFO: Transmitting IO packet
[        149604001000]       Instruction #: 30 FTYPE: 5 TTYPE: 5 size-1: 00
 
[        149620001000] INFO: Receiving IO packet
[        149620001000]       srcTID #: 26 FTYPE: 5 TTYPE: 5 size-1: 04
 
[        149620001000] INFO: Receiving IO packet
[        149620001000]       srcTID #: 26 FTYPE: 5 TTYPE: 5 size-1: 04
 
[        149668001000] INFO: Transmitting IO packet
[        149668001000]       Instruction #: 25 FTYPE: d TTYPE: 0 size-1: 00
 
[        149668001000] INFO: Transmitting IO packet
[        149668001000]       Instruction #: 25 FTYPE: d TTYPE: 0 size-1: 00
 
[        149700001000] IREQ Transaction
[        149700001000] INFO: Transmitting IO packet
[        149700001000]       Instruction #: 31 FTYPE: 5 TTYPE: 5 size-1: 00
 
[        149700001000] IREQ Transaction
[        149700001000] INFO: Transmitting IO packet
[        149700001000]       Instruction #: 31 FTYPE: 5 TTYPE: 5 size-1: 00
 
[        149748001000] INFO: Transmitting IO packet
[        149748001000]       Instruction #: 26 FTYPE: d TTYPE: 0 size-1: 00
 
[        149748001000] INFO: Receiving IO packet
[        149748001000]       srcTID #: 27 FTYPE: 5 TTYPE: 5 size-1: 04
 
[        149748001000] INFO: Transmitting IO packet
[        149748001000]       Instruction #: 26 FTYPE: d TTYPE: 0 size-1: 00
 
[        149748001000] INFO: Receiving IO packet
[        149748001000]       srcTID #: 27 FTYPE: 5 TTYPE: 5 size-1: 04
 
[        149796001000] IREQ Transaction
[        149796001000] INFO: Transmitting IO packet
[        149796001000]       Instruction #: 32 FTYPE: 5 TTYPE: 5 size-1: 00
 
[        149796001000] IREQ Transaction
[        149796001000] INFO: Transmitting IO packet
[        149796001000]       Instruction #: 32 FTYPE: 5 TTYPE: 5 size-1: 00
 
[        149860001000] INFO: Transmitting IO packet
[        149860001000]       Instruction #: 27 FTYPE: d TTYPE: 0 size-1: 00
 
[        149860001000] INFO: Transmitting IO packet
[        149860001000]       Instruction #: 27 FTYPE: d TTYPE: 0 size-1: 00
 
[        149876001000] INFO: Receiving IO packet
[        149876001000]       srcTID #: 28 FTYPE: 5 TTYPE: 5 size-1: 03
 
[        149876001000] INFO: Receiving IO packet
[        149876001000]       srcTID #: 28 FTYPE: 5 TTYPE: 5 size-1: 03
 
[        149892001000] IREQ Transaction
[        149892001000] INFO: Transmitting IO packet
[        149892001000]       Instruction #: 33 FTYPE: 5 TTYPE: 5 size-1: 00
 
[        149892001000] IREQ Transaction
[        149892001000] INFO: Transmitting IO packet
[        149892001000]       Instruction #: 33 FTYPE: 5 TTYPE: 5 size-1: 00
 
[        149924001000] INFO: Receiving IO packet
[        149924001000]       srcTID #: 29 FTYPE: 5 TTYPE: 5 size-1: 03
 
[        149924001000] INFO: Receiving IO packet
[        149924001000]       srcTID #: 29 FTYPE: 5 TTYPE: 5 size-1: 03
 
[        149988001000] IREQ Transaction
[        149988001000] INFO: Transmitting IO packet
[        149988001000]       Instruction #: 34 FTYPE: 5 TTYPE: 5 size-1: 00
 
[        149988001000] INFO: Transmitting IO packet
[        149988001000]       Instruction #: 28 FTYPE: d TTYPE: 0 size-1: 00
 
[        149988001000] IREQ Transaction
[        149988001000] INFO: Transmitting IO packet
[        149988001000]       Instruction #: 34 FTYPE: 5 TTYPE: 5 size-1: 00
 
[        149988001000] INFO: Transmitting IO packet
[        149988001000]       Instruction #: 28 FTYPE: d TTYPE: 0 size-1: 00
 
[        150052001000] INFO: Receiving IO packet
[        150052001000]       srcTID #: 2a FTYPE: 5 TTYPE: 5 size-1: 02
 
[        150052001000] INFO: Receiving IO packet
[        150052001000]       srcTID #: 2a FTYPE: 5 TTYPE: 5 size-1: 02
 
[        150068001000] INFO: Transmitting IO packet
[        150068001000]       Instruction #: 29 FTYPE: d TTYPE: 0 size-1: 00
 
[        150068001000] INFO: Transmitting IO packet
[        150068001000]       Instruction #: 29 FTYPE: d TTYPE: 0 size-1: 00
 
[        150084001000] IREQ Transaction
[        150084001000] INFO: Transmitting IO packet
[        150084001000]       Instruction #: 35 FTYPE: 5 TTYPE: 5 size-1: 00
 
[        150084001000] IREQ Transaction
[        150084001000] INFO: Transmitting IO packet
[        150084001000]       Instruction #: 35 FTYPE: 5 TTYPE: 5 size-1: 00
 
[        150100001000] INFO: Receiving IO packet
[        150100001000]       srcTID #: 2b FTYPE: 5 TTYPE: 5 size-1: 02
 
[        150100001000] INFO: Receiving IO packet
[        150100001000]       srcTID #: 2b FTYPE: 5 TTYPE: 5 size-1: 02
 
[        150164001000] INFO: Transmitting IO packet
[        150164001000]       Instruction #: 2a FTYPE: d TTYPE: 0 size-1: 00
 
[        150164001000] INFO: Transmitting IO packet
[        150164001000]       Instruction #: 2a FTYPE: d TTYPE: 0 size-1: 00
 
[        150196001000] IREQ Transaction
[        150196001000] INFO: Transmitting IO packet
[        150196001000]       Instruction #: 36 FTYPE: 5 TTYPE: 5 size-1: 00
 
[        150196001000] IREQ Transaction
[        150196001000] INFO: Transmitting IO packet
[        150196001000]       Instruction #: 36 FTYPE: 5 TTYPE: 5 size-1: 00
 
[        150228001000] INFO: Receiving IO packet
[        150228001000]       srcTID #: 2c FTYPE: 5 TTYPE: 5 size-1: 01
 
[        150228001000] INFO: Receiving IO packet
[        150228001000]       srcTID #: 2c FTYPE: 5 TTYPE: 5 size-1: 01
 
[        150244001000] INFO: Transmitting IO packet
[        150244001000]       Instruction #: 2b FTYPE: d TTYPE: 0 size-1: 00
 
[        150244001000] INFO: Transmitting IO packet
[        150244001000]       Instruction #: 2b FTYPE: d TTYPE: 0 size-1: 00
 
[        150292001000] IREQ Transaction
[        150292001000] INFO: Transmitting IO packet
[        150292001000]       Instruction #: 37 FTYPE: 5 TTYPE: 5 size-1: 00
 
[        150292001000] IREQ Transaction
[        150292001000] INFO: Transmitting IO packet
[        150292001000]       Instruction #: 37 FTYPE: 5 TTYPE: 5 size-1: 00
 
[        150340001000] INFO: Transmitting IO packet
[        150340001000]       Instruction #: 2c FTYPE: d TTYPE: 0 size-1: 00
 
[        150340001000] INFO: Transmitting IO packet
[        150340001000]       Instruction #: 2c FTYPE: d TTYPE: 0 size-1: 00
 
[        150356001000] INFO: Receiving IO packet
[        150356001000]       srcTID #: 2d FTYPE: 5 TTYPE: 5 size-1: 01
 
[        150356001000] INFO: Receiving IO packet
[        150356001000]       srcTID #: 2d FTYPE: 5 TTYPE: 5 size-1: 01
 
[        150388001000] IREQ Transaction
[        150388001000] INFO: Transmitting IO packet
[        150388001000]       Instruction #: 38 FTYPE: 5 TTYPE: 4 size-1: 0f
 
[        150388001000] IREQ Transaction
[        150388001000] INFO: Transmitting IO packet
[        150388001000]       Instruction #: 38 FTYPE: 5 TTYPE: 4 size-1: 0f
 
[        150404001000] INFO: Receiving IO packet
[        150404001000]       srcTID #: 2e FTYPE: 5 TTYPE: 5 size-1: 01
 
[        150404001000] INFO: Receiving IO packet
[        150404001000]       srcTID #: 2e FTYPE: 5 TTYPE: 5 size-1: 01
 
[        150468001000] INFO: Transmitting IO packet
[        150468001000]       Instruction #: 2d FTYPE: d TTYPE: 0 size-1: 00
 
[        150468001000] INFO: Transmitting IO packet
[        150468001000]       Instruction #: 2d FTYPE: d TTYPE: 0 size-1: 00
 
[        150500001000] IREQ Transaction
[        150500001000] INFO: Transmitting IO packet
[        150500001000]       Instruction #: 39 FTYPE: 5 TTYPE: 4 size-1: 0f
 
[        150500001000] IREQ Transaction
[        150500001000] INFO: Transmitting IO packet
[        150500001000]       Instruction #: 39 FTYPE: 5 TTYPE: 4 size-1: 0f
blk_mem_gen_v8_4_4 collision detected at time: 150532000, Instance: srio_sim.srio_example_top_mirror.srio_support_inst.srio_5gx1_inst.inst.srio_gen2_v4_1_11_unifiedtop_inst.buf_core_inst.buf_top_inst.buf_rx_inst.buf_rx_bram_bank_inst.blk_mem_inst.\native_mem_module.blk_mem_gen_v8_4_4_inst , A write address: 131, B  read address: 131
blk_mem_gen_v8_4_4 collision detected at time: 150532000, Instance: srio_sim.srio_example_top_primary.srio_support_inst.srio_5gx1_inst.inst.srio_gen2_v4_1_11_unifiedtop_inst.buf_core_inst.buf_top_inst.buf_rx_inst.buf_rx_bram_bank_inst.blk_mem_inst.\native_mem_module.blk_mem_gen_v8_4_4_inst , A write address: 131, B  read address: 131
 
[        150532001000] INFO: Receiving IO packet
[        150532001000]       srcTID #: 2f FTYPE: 5 TTYPE: 5 size-1: 01
 
[        150532001000] INFO: Receiving IO packet
[        150532001000]       srcTID #: 2f FTYPE: 5 TTYPE: 5 size-1: 01
 
[        150548001000] INFO: Transmitting IO packet
[        150548001000]       Instruction #: 2e FTYPE: d TTYPE: 0 size-1: 00
 
[        150548001000] INFO: Transmitting IO packet
[        150548001000]       Instruction #: 2e FTYPE: d TTYPE: 0 size-1: 00
 
[        150580001000] INFO: Receiving IO packet
[        150580001000]       srcTID #: 30 FTYPE: 5 TTYPE: 5 size-1: 00
 
[        150580001000] INFO: Receiving IO packet
[        150580001000]       srcTID #: 30 FTYPE: 5 TTYPE: 5 size-1: 00
 
[        150612001000] IREQ Transaction
[        150612001000] INFO: Transmitting IO packet
[        150612001000]       Instruction #: 3a FTYPE: 5 TTYPE: 4 size-1: 0f
 
[        150612001000] IREQ Transaction
[        150612001000] INFO: Transmitting IO packet
[        150612001000]       Instruction #: 3a FTYPE: 5 TTYPE: 4 size-1: 0f
 
[        150628001000] IRESP Receiption
[        150628001000] INFO: Receiving IO packet
[        150628001000]       srcTID #: 25 FTYPE: d TTYPE: 0 size-1: 00
 
[        150628001000] IRESP Receiption
[        150628001000] INFO: Receiving IO packet
[        150628001000]       srcTID #: 25 FTYPE: d TTYPE: 0 size-1: 00
 
[        150644001000] INFO: Transmitting IO packet
[        150644001000]       Instruction #: 2f FTYPE: d TTYPE: 0 size-1: 00
 
[        150644001000] INFO: Transmitting IO packet
[        150644001000]       Instruction #: 2f FTYPE: d TTYPE: 0 size-1: 00
 
[        150708001000] IRESP Receiption
[        150708001000] INFO: Receiving IO packet
[        150708001000]       srcTID #: 26 FTYPE: d TTYPE: 0 size-1: 00
 
[        150708001000] IRESP Receiption
[        150708001000] INFO: Receiving IO packet
[        150708001000]       srcTID #: 26 FTYPE: d TTYPE: 0 size-1: 00
 
[        150724001000] IREQ Transaction
[        150724001000] INFO: Transmitting IO packet
[        150724001000]       Instruction #: 3b FTYPE: 5 TTYPE: 4 size-1: ff
 
[        150724001000] INFO: Transmitting IO packet
[        150724001000]       Instruction #: 30 FTYPE: d TTYPE: 0 size-1: 00
 
[        150724001000] IREQ Transaction
[        150724001000] INFO: Transmitting IO packet
[        150724001000]       Instruction #: 3b FTYPE: 5 TTYPE: 4 size-1: ff
 
[        150724001000] INFO: Transmitting IO packet
[        150724001000]       Instruction #: 30 FTYPE: d TTYPE: 0 size-1: 00
 
[        150820001000] INFO: Receiving IO packet
[        150820001000]       srcTID #: 31 FTYPE: 5 TTYPE: 5 size-1: 00
 
[        150820001000] INFO: Receiving IO packet
[        150820001000]       srcTID #: 31 FTYPE: 5 TTYPE: 5 size-1: 00
 
[        150868001000] IRESP Receiption
[        150868001000] INFO: Receiving IO packet
[        150868001000]       srcTID #: 27 FTYPE: d TTYPE: 0 size-1: 00
 
[        150868001000] IRESP Receiption
[        150868001000] INFO: Receiving IO packet
[        150868001000]       srcTID #: 27 FTYPE: d TTYPE: 0 size-1: 00
 
[        150964001000] INFO: Receiving IO packet
[        150964001000]       srcTID #: 32 FTYPE: 5 TTYPE: 5 size-1: 00
 
[        150964001000] INFO: Receiving IO packet
[        150964001000]       srcTID #: 32 FTYPE: 5 TTYPE: 5 size-1: 00
 
[        151012001000] IRESP Receiption
[        151012001000] INFO: Receiving IO packet
[        151012001000]       srcTID #: 28 FTYPE: d TTYPE: 0 size-1: 00
 
[        151012001000] IRESP Receiption
[        151012001000] INFO: Receiving IO packet
[        151012001000]       srcTID #: 28 FTYPE: d TTYPE: 0 size-1: 00
 
[        151060001000] IRESP Receiption
[        151060001000] INFO: Receiving IO packet
[        151060001000]       srcTID #: 29 FTYPE: d TTYPE: 0 size-1: 00
 
[        151060001000] IRESP Receiption
[        151060001000] INFO: Receiving IO packet
[        151060001000]       srcTID #: 29 FTYPE: d TTYPE: 0 size-1: 00
 
[        151124001000] INFO: Receiving IO packet
[        151124001000]       srcTID #: 33 FTYPE: 5 TTYPE: 5 size-1: 00
 
[        151124001000] INFO: Receiving IO packet
[        151124001000]       srcTID #: 33 FTYPE: 5 TTYPE: 5 size-1: 00
 
[        151172001000] IRESP Receiption
[        151172001000] INFO: Receiving IO packet
[        151172001000]       srcTID #: 2a FTYPE: d TTYPE: 0 size-1: 00
 
[        151172001000] IRESP Receiption
[        151172001000] INFO: Receiving IO packet
[        151172001000]       srcTID #: 2a FTYPE: d TTYPE: 0 size-1: 00
 
[        151220001000] IRESP Receiption
[        151220001000] INFO: Receiving IO packet
[        151220001000]       srcTID #: 2b FTYPE: d TTYPE: 0 size-1: 00
 
[        151220001000] IRESP Receiption
[        151220001000] INFO: Receiving IO packet
[        151220001000]       srcTID #: 2b FTYPE: d TTYPE: 0 size-1: 00
 
[        151284001000] INFO: Receiving IO packet
[        151284001000]       srcTID #: 34 FTYPE: 5 TTYPE: 5 size-1: 00
 
[        151284001000] INFO: Receiving IO packet
[        151284001000]       srcTID #: 34 FTYPE: 5 TTYPE: 5 size-1: 00
 
[        151300001000] INFO: Transmitting IO packet
[        151300001000]       Instruction #: 31 FTYPE: d TTYPE: 0 size-1: 00
 
[        151300001000] INFO: Transmitting IO packet
[        151300001000]       Instruction #: 31 FTYPE: d TTYPE: 0 size-1: 00
 
[        151316001000] IREQ Transaction
[        151316001000] INFO: Transmitting IO packet
[        151316001000]       Instruction #: 3c FTYPE: 5 TTYPE: 4 size-1: 7f
 
[        151316001000] IREQ Transaction
[        151316001000] INFO: Transmitting IO packet
[        151316001000]       Instruction #: 3c FTYPE: 5 TTYPE: 4 size-1: 7f
 
[        151332001000] IRESP Receiption
[        151332001000] INFO: Receiving IO packet
[        151332001000]       srcTID #: 2c FTYPE: d TTYPE: 0 size-1: 00
 
[        151332001000] IRESP Receiption
[        151332001000] INFO: Receiving IO packet
[        151332001000]       srcTID #: 2c FTYPE: d TTYPE: 0 size-1: 00
 
[        151380001000] INFO: Transmitting IO packet
[        151380001000]       Instruction #: 32 FTYPE: d TTYPE: 0 size-1: 00
 
[        151380001000] INFO: Transmitting IO packet
[        151380001000]       Instruction #: 32 FTYPE: d TTYPE: 0 size-1: 00
 
[        151428001000] INFO: Receiving IO packet
[        151428001000]       srcTID #: 35 FTYPE: 5 TTYPE: 5 size-1: 00
 
[        151428001000] INFO: Receiving IO packet
[        151428001000]       srcTID #: 35 FTYPE: 5 TTYPE: 5 size-1: 00
 
[        151476001000] IRESP Receiption
[        151476001000] INFO: Receiving IO packet
[        151476001000]       srcTID #: 2d FTYPE: d TTYPE: 0 size-1: 00
 
[        151476001000] IRESP Receiption
[        151476001000] INFO: Receiving IO packet
[        151476001000]       srcTID #: 2d FTYPE: d TTYPE: 0 size-1: 00
 
[        151524001000] IRESP Receiption
[        151524001000] INFO: Receiving IO packet
[        151524001000]       srcTID #: 2e FTYPE: d TTYPE: 0 size-1: 00
 
[        151524001000] IRESP Receiption
[        151524001000] INFO: Receiving IO packet
[        151524001000]       srcTID #: 2e FTYPE: d TTYPE: 0 size-1: 00
 
[        151588001000] INFO: Receiving IO packet
[        151588001000]       srcTID #: 36 FTYPE: 5 TTYPE: 5 size-1: 00
 
[        151588001000] INFO: Receiving IO packet
[        151588001000]       srcTID #: 36 FTYPE: 5 TTYPE: 5 size-1: 00
 
[        151636001000] IRESP Receiption
[        151636001000] INFO: Receiving IO packet
[        151636001000]       srcTID #: 2f FTYPE: d TTYPE: 0 size-1: 00
 
[        151636001000] IRESP Receiption
[        151636001000] INFO: Receiving IO packet
[        151636001000]       srcTID #: 2f FTYPE: d TTYPE: 0 size-1: 00
 
[        151652001000] INFO: Transmitting IO packet
[        151652001000]       Instruction #: 33 FTYPE: d TTYPE: 0 size-1: 00
 
[        151652001000] INFO: Transmitting IO packet
[        151652001000]       Instruction #: 33 FTYPE: d TTYPE: 0 size-1: 00
 
[        151668001000] IREQ Transaction
[        151668001000] INFO: Transmitting IO packet
[        151668001000]       Instruction #: 3d FTYPE: 5 TTYPE: 4 size-1: 5f
 
[        151668001000] IREQ Transaction
[        151668001000] INFO: Transmitting IO packet
[        151668001000]       Instruction #: 3d FTYPE: 5 TTYPE: 4 size-1: 5f
 
[        151732001000] INFO: Transmitting IO packet
[        151732001000]       Instruction #: 34 FTYPE: d TTYPE: 0 size-1: 00
 
[        151732001000] INFO: Receiving IO packet
[        151732001000]       srcTID #: 37 FTYPE: 5 TTYPE: 5 size-1: 00
 
[        151732001000] INFO: Transmitting IO packet
[        151732001000]       Instruction #: 34 FTYPE: d TTYPE: 0 size-1: 00
 
[        151732001000] INFO: Receiving IO packet
[        151732001000]       srcTID #: 37 FTYPE: 5 TTYPE: 5 size-1: 00
 
[        151780001000] INFO: Receiving IO packet
[        151780001000]       srcTID #: 38 FTYPE: 5 TTYPE: 4 size-1: 0f
 
[        151780001000] INFO: Receiving IO packet
[        151780001000]       srcTID #: 38 FTYPE: 5 TTYPE: 4 size-1: 0f
 
[        151924001000] INFO: Receiving IO packet
[        151924001000]       srcTID #: 39 FTYPE: 5 TTYPE: 4 size-1: 0f
 
[        151924001000] INFO: Receiving IO packet
[        151924001000]       srcTID #: 39 FTYPE: 5 TTYPE: 4 size-1: 0f
 
[        151940001000] INFO: Transmitting IO packet
[        151940001000]       Instruction #: 35 FTYPE: d TTYPE: 0 size-1: 00
 
[        151940001000] INFO: Transmitting IO packet
[        151940001000]       Instruction #: 35 FTYPE: d TTYPE: 0 size-1: 00
 
[        151956001000] IREQ Transaction
[        151956001000] INFO: Transmitting IO packet
[        151956001000]       Instruction #: 3e FTYPE: 5 TTYPE: 4 size-1: 3f
 
[        151956001000] IREQ Transaction
[        151956001000] INFO: Transmitting IO packet
[        151956001000]       Instruction #: 3e FTYPE: 5 TTYPE: 4 size-1: 3f
 
[        151988001000] INFO: Receiving IO packet
[        151988001000]       srcTID #: 3a FTYPE: 5 TTYPE: 4 size-1: 0f
 
[        151988001000] INFO: Receiving IO packet
[        151988001000]       srcTID #: 3a FTYPE: 5 TTYPE: 4 size-1: 0f
 
[        152020001000] INFO: Transmitting IO packet
[        152020001000]       Instruction #: 36 FTYPE: d TTYPE: 0 size-1: 00
 
[        152020001000] INFO: Transmitting IO packet
[        152020001000]       Instruction #: 36 FTYPE: d TTYPE: 0 size-1: 00
 
[        152164001000] IRESP Receiption
[        152164001000] INFO: Receiving IO packet
[        152164001000]       srcTID #: 30 FTYPE: d TTYPE: 0 size-1: 00
 
[        152164001000] INFO: Transmitting IO packet
[        152164001000]       Instruction #: 37 FTYPE: d TTYPE: 0 size-1: 00
 
[        152164001000] IRESP Receiption
[        152164001000] INFO: Receiving IO packet
[        152164001000]       srcTID #: 30 FTYPE: d TTYPE: 0 size-1: 00
 
[        152164001000] INFO: Transmitting IO packet
[        152164001000]       Instruction #: 37 FTYPE: d TTYPE: 0 size-1: 00
 
[        152180001000] IREQ Transaction
[        152180001000] INFO: Transmitting IO packet
[        152180001000]       Instruction #: 3f FTYPE: 5 TTYPE: 4 size-1: 1f
 
[        152180001000] IREQ Transaction
[        152180001000] INFO: Transmitting IO packet
[        152180001000]       Instruction #: 3f FTYPE: 5 TTYPE: 4 size-1: 1f
 
[        152260001000] IRESP Receiption
[        152260001000] INFO: Receiving IO packet
[        152260001000]       srcTID #: 31 FTYPE: d TTYPE: 0 size-1: 00
 
[        152260001000] IRESP Receiption
[        152260001000] INFO: Receiving IO packet
[        152260001000]       srcTID #: 31 FTYPE: d TTYPE: 0 size-1: 00
 
[        152340001000] IREQ Transaction
[        152340001000] INFO: Transmitting IO packet
[        152340001000]       Instruction #: 40 FTYPE: 5 TTYPE: 4 size-1: 0f
 
[        152340001000] IREQ Transaction
[        152340001000] INFO: Transmitting IO packet
[        152340001000]       Instruction #: 40 FTYPE: 5 TTYPE: 4 size-1: 0f
 
[        152452001000] IREQ Transaction
[        152452001000] INFO: Transmitting IO packet
[        152452001000]       Instruction #: 41 FTYPE: 5 TTYPE: 4 size-1: ff
 
[        152452001000] IREQ Transaction
[        152452001000] INFO: Transmitting IO packet
[        152452001000]       Instruction #: 41 FTYPE: 5 TTYPE: 4 size-1: ff
 
[        152852001000] INFO: Receiving IO packet
[        152852001000]       srcTID #: 3b FTYPE: 5 TTYPE: 4 size-1: ff
 
[        152852001000] INFO: Receiving IO packet
[        152852001000]       srcTID #: 3b FTYPE: 5 TTYPE: 4 size-1: ff
 
[        153044001000] IREQ Transaction
[        153044001000] INFO: Transmitting IO packet
[        153044001000]       Instruction #: 42 FTYPE: 5 TTYPE: 4 size-1: 7f
 
[        153044001000] IREQ Transaction
[        153044001000] INFO: Transmitting IO packet
[        153044001000]       Instruction #: 42 FTYPE: 5 TTYPE: 4 size-1: 7f
 
[        153380001000] IREQ Transaction
[        153380001000] INFO: Transmitting IO packet
[        153380001000]       Instruction #: 43 FTYPE: 5 TTYPE: 4 size-1: 5f
 
[        153380001000] IREQ Transaction
[        153380001000] INFO: Transmitting IO packet
[        153380001000]       Instruction #: 43 FTYPE: 5 TTYPE: 4 size-1: 5f
 
[        153396001000] IRESP Receiption
[        153396001000] INFO: Receiving IO packet
[        153396001000]       srcTID #: 32 FTYPE: d TTYPE: 0 size-1: 00
 
[        153396001000] IRESP Receiption
[        153396001000] INFO: Receiving IO packet
[        153396001000]       srcTID #: 32 FTYPE: d TTYPE: 0 size-1: 00
 
[        153444001000] IRESP Receiption
[        153444001000] INFO: Receiving IO packet
[        153444001000]       srcTID #: 33 FTYPE: d TTYPE: 0 size-1: 00
 
[        153444001000] IRESP Receiption
[        153444001000] INFO: Receiving IO packet
[        153444001000]       srcTID #: 33 FTYPE: d TTYPE: 0 size-1: 00
 
[        153492001000] IRESP Receiption
[        153492001000] INFO: Receiving IO packet
[        153492001000]       srcTID #: 34 FTYPE: d TTYPE: 0 size-1: 00
 
[        153492001000] IRESP Receiption
[        153492001000] INFO: Receiving IO packet
[        153492001000]       srcTID #: 34 FTYPE: d TTYPE: 0 size-1: 00
 
[        153540001000] IRESP Receiption
[        153540001000] INFO: Receiving IO packet
[        153540001000]       srcTID #: 35 FTYPE: d TTYPE: 0 size-1: 00
 
[        153540001000] IRESP Receiption
[        153540001000] INFO: Receiving IO packet
[        153540001000]       srcTID #: 35 FTYPE: d TTYPE: 0 size-1: 00
 
[        153588001000] IRESP Receiption
[        153588001000] INFO: Receiving IO packet
[        153588001000]       srcTID #: 36 FTYPE: d TTYPE: 0 size-1: 00
 
[        153588001000] IRESP Receiption
[        153588001000] INFO: Receiving IO packet
[        153588001000]       srcTID #: 36 FTYPE: d TTYPE: 0 size-1: 00
 
[        153636001000] IRESP Receiption
[        153636001000] INFO: Receiving IO packet
[        153636001000]       srcTID #: 37 FTYPE: d TTYPE: 0 size-1: 00
 
[        153636001000] IRESP Receiption
[        153636001000] INFO: Receiving IO packet
[        153636001000]       srcTID #: 37 FTYPE: d TTYPE: 0 size-1: 00
 
[        153652001000] IREQ Transaction
[        153652001000] INFO: Transmitting IO packet
[        153652001000]       Instruction #: 44 FTYPE: 5 TTYPE: 4 size-1: 3f
 
[        153652001000] IREQ Transaction
[        153652001000] INFO: Transmitting IO packet
[        153652001000]       Instruction #: 44 FTYPE: 5 TTYPE: 4 size-1: 3f
 
[        153668001000] INFO: Receiving IO packet
[        153668001000]       srcTID #: 3c FTYPE: 5 TTYPE: 4 size-1: 7f
 
[        153668001000] INFO: Receiving IO packet
[        153668001000]       srcTID #: 3c FTYPE: 5 TTYPE: 4 size-1: 7f
 
[        153860001000] IREQ Transaction
[        153860001000] INFO: Transmitting IO packet
[        153860001000]       Instruction #: 45 FTYPE: 5 TTYPE: 4 size-1: 1f
 
[        153860001000] IREQ Transaction
[        153860001000] INFO: Transmitting IO packet
[        153860001000]       Instruction #: 45 FTYPE: 5 TTYPE: 4 size-1: 1f
 
[        153956001000] INFO: Receiving IO packet
[        153956001000]       srcTID #: 3d FTYPE: 5 TTYPE: 4 size-1: 5f
 
[        153956001000] INFO: Receiving IO packet
[        153956001000]       srcTID #: 3d FTYPE: 5 TTYPE: 4 size-1: 5f
 
[        154004001000] IREQ Transaction
[        154004001000] INFO: Transmitting IO packet
[        154004001000]       Instruction #: 46 FTYPE: 5 TTYPE: 4 size-1: 0f
 
[        154004001000] IREQ Transaction
[        154004001000] INFO: Transmitting IO packet
[        154004001000]       Instruction #: 46 FTYPE: 5 TTYPE: 4 size-1: 0f
 
[        154116001000] IREQ Transaction
[        154116001000] INFO: Transmitting IO packet
[        154116001000]       Instruction #: 47 FTYPE: 5 TTYPE: 4 size-1: 07
 
[        154116001000] IREQ Transaction
[        154116001000] INFO: Transmitting IO packet
[        154116001000]       Instruction #: 47 FTYPE: 5 TTYPE: 4 size-1: 07
 
[        154180001000] INFO: Receiving IO packet
[        154180001000]       srcTID #: 3e FTYPE: 5 TTYPE: 4 size-1: 3f
 
[        154180001000] INFO: Receiving IO packet
[        154180001000]       srcTID #: 3e FTYPE: 5 TTYPE: 4 size-1: 3f
 
[        154212001000] IREQ Transaction
[        154212001000] INFO: Transmitting IO packet
[        154212001000]       Instruction #: 48 FTYPE: 5 TTYPE: 4 size-1: 06
 
[        154212001000] IREQ Transaction
[        154212001000] INFO: Transmitting IO packet
[        154212001000]       Instruction #: 48 FTYPE: 5 TTYPE: 4 size-1: 06
 
[        154308001000] IREQ Transaction
[        154308001000] INFO: Transmitting IO packet
[        154308001000]       Instruction #: 49 FTYPE: 5 TTYPE: 4 size-1: 06
 
[        154308001000] IREQ Transaction
[        154308001000] INFO: Transmitting IO packet
[        154308001000]       Instruction #: 49 FTYPE: 5 TTYPE: 4 size-1: 06
 
[        154340001000] INFO: Receiving IO packet
[        154340001000]       srcTID #: 3f FTYPE: 5 TTYPE: 4 size-1: 1f
 
[        154340001000] INFO: Receiving IO packet
[        154340001000]       srcTID #: 3f FTYPE: 5 TTYPE: 4 size-1: 1f
 
[        154404001000] IREQ Transaction
[        154404001000] INFO: Transmitting IO packet
[        154404001000]       Instruction #: 4a FTYPE: 5 TTYPE: 4 size-1: 05
 
[        154404001000] IREQ Transaction
[        154404001000] INFO: Transmitting IO packet
[        154404001000]       Instruction #: 4a FTYPE: 5 TTYPE: 4 size-1: 05
 
[        154436001000] INFO: Receiving IO packet
[        154436001000]       srcTID #: 40 FTYPE: 5 TTYPE: 4 size-1: 0f
 
[        154436001000] INFO: Receiving IO packet
[        154436001000]       srcTID #: 40 FTYPE: 5 TTYPE: 4 size-1: 0f
 
[        154500001000] IREQ Transaction
[        154500001000] INFO: Transmitting IO packet
[        154500001000]       Instruction #: 4b FTYPE: 2 TTYPE: 4 size-1: 3f
 
[        154500001000] IREQ Transaction
[        154500001000] INFO: Transmitting IO packet
[        154500001000]       Instruction #: 4b FTYPE: 2 TTYPE: 4 size-1: 3f
 
[        154564001000] IREQ Transaction
[        154564001000] INFO: Transmitting IO packet
[        154564001000]       Instruction #: 4c FTYPE: 2 TTYPE: 4 size-1: 1f
 
[        154564001000] IREQ Transaction
[        154564001000] INFO: Transmitting IO packet
[        154564001000]       Instruction #: 4c FTYPE: 2 TTYPE: 4 size-1: 1f
 
[        154628001000] IREQ Transaction
[        154628001000] INFO: Transmitting IO packet
[        154628001000]       Instruction #: 4d FTYPE: 2 TTYPE: 4 size-1: 0f
 
[        154628001000] IREQ Transaction
[        154628001000] INFO: Transmitting IO packet
[        154628001000]       Instruction #: 4d FTYPE: 2 TTYPE: 4 size-1: 0f
 
[        154676001000] INFO: Receiving IO packet
[        154676001000]       srcTID #: 41 FTYPE: 5 TTYPE: 4 size-1: ff
 
[        154676001000] INFO: Receiving IO packet
[        154676001000]       srcTID #: 41 FTYPE: 5 TTYPE: 4 size-1: ff
 
[        154692001000] IREQ Transaction
[        154692001000] INFO: Transmitting IO packet
[        154692001000]       Instruction #: 4e FTYPE: 2 TTYPE: 4 size-1: 07
 
[        154692001000] IREQ Transaction
[        154692001000] INFO: Transmitting IO packet
[        154692001000]       Instruction #: 4e FTYPE: 2 TTYPE: 4 size-1: 07
 
[        154756001000] IREQ Transaction
[        154756001000] INFO: Transmitting IO packet
[        154756001000]       Instruction #: 4f FTYPE: 2 TTYPE: 4 size-1: 06
 
[        154756001000] IREQ Transaction
[        154756001000] INFO: Transmitting IO packet
[        154756001000]       Instruction #: 4f FTYPE: 2 TTYPE: 4 size-1: 06
 
[        154820001000] IREQ Transaction
[        154820001000] INFO: Transmitting IO packet
[        154820001000]       Instruction #: 50 FTYPE: 2 TTYPE: 4 size-1: 06
 
[        154820001000] IREQ Transaction
[        154820001000] INFO: Transmitting IO packet
[        154820001000]       Instruction #: 50 FTYPE: 2 TTYPE: 4 size-1: 06
 
[        154884001000] IREQ Transaction
[        154884001000] INFO: Transmitting IO packet
[        154884001000]       Instruction #: 51 FTYPE: 2 TTYPE: 4 size-1: 05
 
[        154884001000] IREQ Transaction
[        154884001000] INFO: Transmitting IO packet
[        154884001000]       Instruction #: 51 FTYPE: 2 TTYPE: 4 size-1: 05
 
[        154948001000] IREQ Transaction
[        154948001000] INFO: Transmitting IO packet
[        154948001000]       Instruction #: 52 FTYPE: 2 TTYPE: 4 size-1: 05
 
[        154948001000] IREQ Transaction
[        154948001000] INFO: Transmitting IO packet
[        154948001000]       Instruction #: 52 FTYPE: 2 TTYPE: 4 size-1: 05
 
[        155012001000] IREQ Transaction
[        155012001000] INFO: Transmitting IO packet
[        155012001000]       Instruction #: 53 FTYPE: 2 TTYPE: 4 size-1: 04
 
[        155012001000] IREQ Transaction
[        155012001000] INFO: Transmitting IO packet
[        155012001000]       Instruction #: 53 FTYPE: 2 TTYPE: 4 size-1: 04
 
[        155076001000] IREQ Transaction
[        155076001000] INFO: Transmitting IO packet
[        155076001000]       Instruction #: 54 FTYPE: 2 TTYPE: 4 size-1: 04
 
[        155076001000] IREQ Transaction
[        155076001000] INFO: Transmitting IO packet
[        155076001000]       Instruction #: 54 FTYPE: 2 TTYPE: 4 size-1: 04
 
[        155140001000] IREQ Transaction
[        155140001000] INFO: Transmitting IO packet
[        155140001000]       Instruction #: 55 FTYPE: 2 TTYPE: 4 size-1: 03
 
[        155140001000] IREQ Transaction
[        155140001000] INFO: Transmitting IO packet
[        155140001000]       Instruction #: 55 FTYPE: 2 TTYPE: 4 size-1: 03
 
[        155204001000] IREQ Transaction
[        155204001000] INFO: Transmitting IO packet
[        155204001000]       Instruction #: 56 FTYPE: 2 TTYPE: 4 size-1: 03
 
[        155204001000] IREQ Transaction
[        155204001000] INFO: Transmitting IO packet
[        155204001000]       Instruction #: 56 FTYPE: 2 TTYPE: 4 size-1: 03
 
[        155220001000] INFO: Receiving IO packet
[        155220001000]       srcTID #: 42 FTYPE: 5 TTYPE: 4 size-1: 7f
 
[        155220001000] INFO: Receiving IO packet
[        155220001000]       srcTID #: 42 FTYPE: 5 TTYPE: 4 size-1: 7f
 
[        155268001000] IREQ Transaction
[        155268001000] INFO: Transmitting IO packet
[        155268001000]       Instruction #: 57 FTYPE: 2 TTYPE: 4 size-1: 02
 
[        155268001000] IREQ Transaction
[        155268001000] INFO: Transmitting IO packet
[        155268001000]       Instruction #: 57 FTYPE: 2 TTYPE: 4 size-1: 02
 
[        155332001000] IREQ Transaction
[        155332001000] INFO: Transmitting IO packet
[        155332001000]       Instruction #: 58 FTYPE: 2 TTYPE: 4 size-1: 02
 
[        155332001000] IREQ Transaction
[        155332001000] INFO: Transmitting IO packet
[        155332001000]       Instruction #: 58 FTYPE: 2 TTYPE: 4 size-1: 02
 
[        155396001000] IREQ Transaction
[        155396001000] INFO: Transmitting IO packet
[        155396001000]       Instruction #: 59 FTYPE: 2 TTYPE: 4 size-1: 01
 
[        155396001000] IREQ Transaction
[        155396001000] INFO: Transmitting IO packet
[        155396001000]       Instruction #: 59 FTYPE: 2 TTYPE: 4 size-1: 01
 
[        155460001000] IREQ Transaction
[        155460001000] INFO: Transmitting IO packet
[        155460001000]       Instruction #: 5a FTYPE: 2 TTYPE: 4 size-1: 01
 
[        155460001000] IREQ Transaction
[        155460001000] INFO: Transmitting IO packet
[        155460001000]       Instruction #: 5a FTYPE: 2 TTYPE: 4 size-1: 01
 
[        155508001000] INFO: Receiving IO packet
[        155508001000]       srcTID #: 43 FTYPE: 5 TTYPE: 4 size-1: 5f
 
[        155508001000] INFO: Receiving IO packet
[        155508001000]       srcTID #: 43 FTYPE: 5 TTYPE: 4 size-1: 5f
 
[        155524001000] IREQ Transaction
[        155524001000] INFO: Transmitting IO packet
[        155524001000]       Instruction #: 5b FTYPE: 2 TTYPE: 4 size-1: 01
 
[        155524001000] IREQ Transaction
[        155524001000] INFO: Transmitting IO packet
[        155524001000]       Instruction #: 5b FTYPE: 2 TTYPE: 4 size-1: 01
 
[        155588001000] IREQ Transaction
[        155588001000] INFO: Transmitting IO packet
[        155588001000]       Instruction #: 5c FTYPE: 2 TTYPE: 4 size-1: 01
 
[        155588001000] IREQ Transaction
[        155588001000] INFO: Transmitting IO packet
[        155588001000]       Instruction #: 5c FTYPE: 2 TTYPE: 4 size-1: 01
 
[        155652001000] IREQ Transaction
[        155652001000] INFO: Transmitting IO packet
[        155652001000]       Instruction #: 5d FTYPE: 2 TTYPE: 4 size-1: 00
 
[        155652001000] IREQ Transaction
[        155652001000] INFO: Transmitting IO packet
[        155652001000]       Instruction #: 5d FTYPE: 2 TTYPE: 4 size-1: 00
 
[        155716001000] IREQ Transaction
[        155716001000] INFO: Transmitting IO packet
[        155716001000]       Instruction #: 5e FTYPE: 2 TTYPE: 4 size-1: 00
 
[        155716001000] IREQ Transaction
[        155716001000] INFO: Transmitting IO packet
[        155716001000]       Instruction #: 5e FTYPE: 2 TTYPE: 4 size-1: 00
 
[        155732001000] INFO: Receiving IO packet
[        155732001000]       srcTID #: 44 FTYPE: 5 TTYPE: 4 size-1: 3f
 
[        155732001000] INFO: Receiving IO packet
[        155732001000]       srcTID #: 44 FTYPE: 5 TTYPE: 4 size-1: 3f
 
[        155780001000] IREQ Transaction
[        155780001000] INFO: Transmitting IO packet
[        155780001000]       Instruction #: 5f FTYPE: 2 TTYPE: 4 size-1: 00
 
[        155780001000] IREQ Transaction
[        155780001000] INFO: Transmitting IO packet
[        155780001000]       Instruction #: 5f FTYPE: 2 TTYPE: 4 size-1: 00
 
[        155844001000] IREQ Transaction
[        155844001000] INFO: Transmitting IO packet
[        155844001000]       Instruction #: 60 FTYPE: 2 TTYPE: 4 size-1: 00
 
[        155844001000] IREQ Transaction
[        155844001000] INFO: Transmitting IO packet
[        155844001000]       Instruction #: 60 FTYPE: 2 TTYPE: 4 size-1: 00
 
[        155892001000] INFO: Receiving IO packet
[        155892001000]       srcTID #: 45 FTYPE: 5 TTYPE: 4 size-1: 1f
 
[        155892001000] INFO: Receiving IO packet
[        155892001000]       srcTID #: 45 FTYPE: 5 TTYPE: 4 size-1: 1f
 
[        155908001000] IREQ Transaction
[        155908001000] INFO: Transmitting IO packet
[        155908001000]       Instruction #: 61 FTYPE: 2 TTYPE: 4 size-1: 00
 
[        155908001000] IREQ Transaction
[        155908001000] INFO: Transmitting IO packet
[        155908001000]       Instruction #: 61 FTYPE: 2 TTYPE: 4 size-1: 00
 
[        155972001000] IREQ Transaction
[        155972001000] INFO: Transmitting IO packet
[        155972001000]       Instruction #: 62 FTYPE: 2 TTYPE: 4 size-1: 00
 
[        155972001000] IREQ Transaction
[        155972001000] INFO: Transmitting IO packet
[        155972001000]       Instruction #: 62 FTYPE: 2 TTYPE: 4 size-1: 00
 
[        155988001000] INFO: Receiving IO packet
[        155988001000]       srcTID #: 46 FTYPE: 5 TTYPE: 4 size-1: 0f
 
[        155988001000] INFO: Receiving IO packet
[        155988001000]       srcTID #: 46 FTYPE: 5 TTYPE: 4 size-1: 0f
 
[        156036001000] IREQ Transaction
[        156036001000] INFO: Transmitting IO packet
[        156036001000]       Instruction #: 63 FTYPE: 2 TTYPE: 4 size-1: 00
 
[        156036001000] IREQ Transaction
[        156036001000] INFO: Transmitting IO packet
[        156036001000]       Instruction #: 63 FTYPE: 2 TTYPE: 4 size-1: 00
 
[        156052001000] INFO: Receiving IO packet
[        156052001000]       srcTID #: 47 FTYPE: 5 TTYPE: 4 size-1: 07
 
[        156052001000] INFO: Receiving IO packet
[        156052001000]       srcTID #: 47 FTYPE: 5 TTYPE: 4 size-1: 07
 
[        156100001000] IREQ Transaction
[        156100001000] INFO: Transmitting IO packet
[        156100001000]       Instruction #: 64 FTYPE: 2 TTYPE: 4 size-1: 00
 
[        156100001000] INFO: Receiving IO packet
[        156100001000]       srcTID #: 48 FTYPE: 5 TTYPE: 4 size-1: 06
 
[        156100001000] IREQ Transaction
[        156100001000] INFO: Transmitting IO packet
[        156100001000]       Instruction #: 64 FTYPE: 2 TTYPE: 4 size-1: 00
 
[        156100001000] INFO: Receiving IO packet
[        156100001000]       srcTID #: 48 FTYPE: 5 TTYPE: 4 size-1: 06
 
[        156148001000] INFO: Receiving IO packet
[        156148001000]       srcTID #: 49 FTYPE: 5 TTYPE: 4 size-1: 06
 
[        156148001000] INFO: Receiving IO packet
[        156148001000]       srcTID #: 49 FTYPE: 5 TTYPE: 4 size-1: 06
 
[        156164001000] IREQ Transaction
[        156164001000] INFO: Transmitting IO packet
[        156164001000]       Instruction #: 65 FTYPE: a TTYPE: 0 size-1: 01
 
[        156164001000] IREQ Transaction
[        156164001000] INFO: Transmitting IO packet
[        156164001000]       Instruction #: 65 FTYPE: a TTYPE: 0 size-1: 01
 
[        156196001000] INFO: Receiving IO packet
[        156196001000]       srcTID #: 4a FTYPE: 5 TTYPE: 4 size-1: 05
 
[        156196001000] INFO: Receiving IO packet
[        156196001000]       srcTID #: 4a FTYPE: 5 TTYPE: 4 size-1: 05
 
[        156228001000] IREQ Transaction
[        156228001000] INFO: Transmitting IO packet
[        156228001000]       Instruction #: 66 FTYPE: a TTYPE: 0 size-1: 01
 
[        156228001000] IREQ Transaction
[        156228001000] INFO: Transmitting IO packet
[        156228001000]       Instruction #: 66 FTYPE: a TTYPE: 0 size-1: 01
 
[        156244001000] INFO: Receiving IO packet
[        156244001000]       srcTID #: 4b FTYPE: 2 TTYPE: 4 size-1: 3f
 
[        156244001000] INFO: Receiving IO packet
[        156244001000]       srcTID #: 4b FTYPE: 2 TTYPE: 4 size-1: 3f
 
[        156276001000] INFO: Receiving IO packet
[        156276001000]       srcTID #: 4c FTYPE: 2 TTYPE: 4 size-1: 1f
 
[        156276001000] INFO: Receiving IO packet
[        156276001000]       srcTID #: 4c FTYPE: 2 TTYPE: 4 size-1: 1f
 
[        156292001000] IREQ Transaction
[        156292001000] INFO: Transmitting IO packet
[        156292001000]       Instruction #: 00 FTYPE: b TTYPE: 0 size-1: 07
 
[        156292001000] IREQ Transaction
[        156292001000] INFO: Transmitting IO packet
[        156292001000]       Instruction #: 00 FTYPE: b TTYPE: 0 size-1: 07
 
[        156308001000] INFO: Receiving IO packet
[        156308001000]       srcTID #: 4d FTYPE: 2 TTYPE: 4 size-1: 0f
 
[        156308001000] INFO: Receiving IO packet
[        156308001000]       srcTID #: 4d FTYPE: 2 TTYPE: 4 size-1: 0f
 
[        156340001000] INFO: Receiving IO packet
[        156340001000]       srcTID #: 4e FTYPE: 2 TTYPE: 4 size-1: 07
 
[        156340001000] INFO: Receiving IO packet
[        156340001000]       srcTID #: 4e FTYPE: 2 TTYPE: 4 size-1: 07
 
[        156356001000] INFO: Transmitting IO packet
[        156356001000]       Instruction #: 4b FTYPE: d TTYPE: 8 size-1: 00
 
[        156356001000] INFO: Transmitting IO packet
[        156356001000]       Instruction #: 4b FTYPE: d TTYPE: 8 size-1: 00
 
[        156372001000] INFO: Receiving IO packet
[        156372001000]       srcTID #: 4f FTYPE: 2 TTYPE: 4 size-1: 06
 
[        156372001000] INFO: Receiving IO packet
[        156372001000]       srcTID #: 4f FTYPE: 2 TTYPE: 4 size-1: 06
 
[        156388001000] IREQ Transaction
[        156388001000] INFO: Transmitting IO packet
[        156388001000]       Instruction #: 00 FTYPE: b TTYPE: 0 size-1: 07
 
[        156388001000] IREQ Transaction
[        156388001000] INFO: Transmitting IO packet
[        156388001000]       Instruction #: 00 FTYPE: b TTYPE: 0 size-1: 07
 
[        156404001000] INFO: Receiving IO packet
[        156404001000]       srcTID #: 50 FTYPE: 2 TTYPE: 4 size-1: 06
 
[        156404001000] INFO: Receiving IO packet
[        156404001000]       srcTID #: 50 FTYPE: 2 TTYPE: 4 size-1: 06
 
[        156436001000] INFO: Receiving IO packet
[        156436001000]       srcTID #: 51 FTYPE: 2 TTYPE: 4 size-1: 05
 
[        156436001000] INFO: Receiving IO packet
[        156436001000]       srcTID #: 51 FTYPE: 2 TTYPE: 4 size-1: 05
 
[        156468001000] INFO: Receiving IO packet
[        156468001000]       srcTID #: 52 FTYPE: 2 TTYPE: 4 size-1: 05
 
[        156468001000] INFO: Receiving IO packet
[        156468001000]       srcTID #: 52 FTYPE: 2 TTYPE: 4 size-1: 05
 
[        156580001000] INFO: Transmitting IO packet
[        156580001000]       Instruction #: 4c FTYPE: d TTYPE: 8 size-1: 00
 
[        156580001000] INFO: Receiving IO packet
[        156580001000]       srcTID #: 53 FTYPE: 2 TTYPE: 4 size-1: 04
 
[        156580001000] INFO: Transmitting IO packet
[        156580001000]       Instruction #: 4c FTYPE: d TTYPE: 8 size-1: 00
 
[        156580001000] INFO: Receiving IO packet
[        156580001000]       srcTID #: 53 FTYPE: 2 TTYPE: 4 size-1: 04
 
[        156612001000] IREQ Transaction
[        156612001000] INFO: Transmitting IO packet
[        156612001000]       Instruction #: 00 FTYPE: b TTYPE: 0 size-1: 07
 
[        156612001000] INFO: Receiving IO packet
[        156612001000]       srcTID #: 54 FTYPE: 2 TTYPE: 4 size-1: 04
 
[        156612001000] IREQ Transaction
[        156612001000] INFO: Transmitting IO packet
[        156612001000]       Instruction #: 00 FTYPE: b TTYPE: 0 size-1: 07
 
[        156612001000] INFO: Receiving IO packet
[        156612001000]       srcTID #: 54 FTYPE: 2 TTYPE: 4 size-1: 04
 
[        156724001000] INFO: Receiving IO packet
[        156724001000]       srcTID #: 55 FTYPE: 2 TTYPE: 4 size-1: 03
 
[        156724001000] INFO: Receiving IO packet
[        156724001000]       srcTID #: 55 FTYPE: 2 TTYPE: 4 size-1: 03
 
[        156740001000] INFO: Transmitting IO packet
[        156740001000]       Instruction #: 4d FTYPE: d TTYPE: 8 size-1: 00
 
[        156740001000] INFO: Transmitting IO packet
[        156740001000]       Instruction #: 4d FTYPE: d TTYPE: 8 size-1: 00
 
[        156756001000] INFO: Receiving IO packet
[        156756001000]       srcTID #: 56 FTYPE: 2 TTYPE: 4 size-1: 03
 
[        156756001000] INFO: Receiving IO packet
[        156756001000]       srcTID #: 56 FTYPE: 2 TTYPE: 4 size-1: 03
 
[        156772001000] IREQ Transaction
[        156772001000] INFO: Transmitting IO packet
[        156772001000]       Instruction #: 00 FTYPE: b TTYPE: 0 size-1: 07
 
[        156772001000] IREQ Transaction
[        156772001000] INFO: Transmitting IO packet
[        156772001000]       Instruction #: 00 FTYPE: b TTYPE: 0 size-1: 07
 
[        156788001000] INFO: Receiving IO packet
[        156788001000]       srcTID #: 57 FTYPE: 2 TTYPE: 4 size-1: 02
 
[        156788001000] INFO: Receiving IO packet
[        156788001000]       srcTID #: 57 FTYPE: 2 TTYPE: 4 size-1: 02
 
[        156868001000] INFO: Transmitting IO packet
[        156868001000]       Instruction #: 4e FTYPE: d TTYPE: 8 size-1: 00
 
[        156868001000] INFO: Transmitting IO packet
[        156868001000]       Instruction #: 4e FTYPE: d TTYPE: 8 size-1: 00
 
[        156900001000] IREQ Transaction
[        156900001000] INFO: Transmitting IO packet
[        156900001000]       Instruction #: 00 FTYPE: b TTYPE: 0 size-1: 07
 
[        156900001000] INFO: Receiving IO packet
[        156900001000]       srcTID #: 58 FTYPE: 2 TTYPE: 4 size-1: 02
 
[        156900001000] IREQ Transaction
[        156900001000] INFO: Transmitting IO packet
[        156900001000]       Instruction #: 00 FTYPE: b TTYPE: 0 size-1: 07
 
[        156900001000] INFO: Receiving IO packet
[        156900001000]       srcTID #: 58 FTYPE: 2 TTYPE: 4 size-1: 02
 
[        156980001000] INFO: Transmitting IO packet
[        156980001000]       Instruction #: 4f FTYPE: d TTYPE: 8 size-1: 00
 
[        156980001000] INFO: Transmitting IO packet
[        156980001000]       Instruction #: 4f FTYPE: d TTYPE: 8 size-1: 00
 
[        157012001000] IREQ Transaction
[        157012001000] INFO: Transmitting IO packet
[        157012001000]       Instruction #: 00 FTYPE: b TTYPE: 0 size-1: 07
 
[        157012001000] IREQ Transaction
[        157012001000] INFO: Transmitting IO packet
[        157012001000]       Instruction #: 00 FTYPE: b TTYPE: 0 size-1: 07
 
[        157076001000] INFO: Receiving IO packet
[        157076001000]       srcTID #: 59 FTYPE: 2 TTYPE: 4 size-1: 01
 
[        157076001000] INFO: Receiving IO packet
[        157076001000]       srcTID #: 59 FTYPE: 2 TTYPE: 4 size-1: 01
 
[        157092001000] INFO: Transmitting IO packet
[        157092001000]       Instruction #: 50 FTYPE: d TTYPE: 8 size-1: 00
 
[        157092001000] INFO: Transmitting IO packet
[        157092001000]       Instruction #: 50 FTYPE: d TTYPE: 8 size-1: 00
 
[        157108001000] INFO: Receiving IO packet
[        157108001000]       srcTID #: 5a FTYPE: 2 TTYPE: 4 size-1: 01
 
[        157108001000] INFO: Receiving IO packet
[        157108001000]       srcTID #: 5a FTYPE: 2 TTYPE: 4 size-1: 01
 
[        157124001000] IREQ Transaction
[        157124001000] INFO: Transmitting IO packet
[        157124001000]       Instruction #: 00 FTYPE: b TTYPE: 0 size-1: 07
 
[        157124001000] IREQ Transaction
[        157124001000] INFO: Transmitting IO packet
[        157124001000]       Instruction #: 00 FTYPE: b TTYPE: 0 size-1: 07
 
[        157140001000] INFO: Receiving IO packet
[        157140001000]       srcTID #: 5b FTYPE: 2 TTYPE: 4 size-1: 01
 
[        157140001000] INFO: Receiving IO packet
[        157140001000]       srcTID #: 5b FTYPE: 2 TTYPE: 4 size-1: 01
 
[        157172001000] INFO: Receiving IO packet
[        157172001000]       srcTID #: 5c FTYPE: 2 TTYPE: 4 size-1: 01
 
[        157172001000] INFO: Receiving IO packet
[        157172001000]       srcTID #: 5c FTYPE: 2 TTYPE: 4 size-1: 01
 
[        157204001000] INFO: Transmitting IO packet
[        157204001000]       Instruction #: 51 FTYPE: d TTYPE: 8 size-1: 00
 
[        157204001000] INFO: Receiving IO packet
[        157204001000]       srcTID #: 5d FTYPE: 2 TTYPE: 4 size-1: 00
 
[        157204001000] INFO: Transmitting IO packet
[        157204001000]       Instruction #: 51 FTYPE: d TTYPE: 8 size-1: 00
 
[        157204001000] INFO: Receiving IO packet
[        157204001000]       srcTID #: 5d FTYPE: 2 TTYPE: 4 size-1: 00
 
[        157236001000] IREQ Transaction
[        157236001000] INFO: Transmitting IO packet
[        157236001000]       Instruction #: 00 FTYPE: b TTYPE: 0 size-1: 07
 
[        157236001000] INFO: Receiving IO packet
[        157236001000]       srcTID #: 5e FTYPE: 2 TTYPE: 4 size-1: 00
 
[        157236001000] IREQ Transaction
[        157236001000] INFO: Transmitting IO packet
[        157236001000]       Instruction #: 00 FTYPE: b TTYPE: 0 size-1: 07
 
[        157236001000] INFO: Receiving IO packet
[        157236001000]       srcTID #: 5e FTYPE: 2 TTYPE: 4 size-1: 00
 
[        157316001000] INFO: Transmitting IO packet
[        157316001000]       Instruction #: 52 FTYPE: d TTYPE: 8 size-1: 00
 
[        157316001000] INFO: Transmitting IO packet
[        157316001000]       Instruction #: 52 FTYPE: d TTYPE: 8 size-1: 00
 
[        157348001000] IREQ Transaction
[        157348001000] INFO: Transmitting IO packet
[        157348001000]       Instruction #: 00 FTYPE: b TTYPE: 0 size-1: 07
 
[        157348001000] INFO: Receiving IO packet
[        157348001000]       srcTID #: 5f FTYPE: 2 TTYPE: 4 size-1: 00
 
[        157348001000] IREQ Transaction
[        157348001000] INFO: Transmitting IO packet
[        157348001000]       Instruction #: 00 FTYPE: b TTYPE: 0 size-1: 07
 
[        157348001000] INFO: Receiving IO packet
[        157348001000]       srcTID #: 5f FTYPE: 2 TTYPE: 4 size-1: 00
 
[        157380001000] INFO: Receiving IO packet
[        157380001000]       srcTID #: 60 FTYPE: 2 TTYPE: 4 size-1: 00
 
[        157380001000] INFO: Receiving IO packet
[        157380001000]       srcTID #: 60 FTYPE: 2 TTYPE: 4 size-1: 00
 
[        157428001000] INFO: Transmitting IO packet
[        157428001000]       Instruction #: 53 FTYPE: d TTYPE: 8 size-1: 00
 
[        157428001000] INFO: Transmitting IO packet
[        157428001000]       Instruction #: 53 FTYPE: d TTYPE: 8 size-1: 00
 
[        157460001000] IREQ Transaction
[        157460001000] INFO: Transmitting IO packet
[        157460001000]       Instruction #: 00 FTYPE: b TTYPE: 0 size-1: 07
 
[        157460001000] IREQ Transaction
[        157460001000] INFO: Transmitting IO packet
[        157460001000]       Instruction #: 00 FTYPE: b TTYPE: 0 size-1: 07
 
[        157540001000] INFO: Transmitting IO packet
[        157540001000]       Instruction #: 54 FTYPE: d TTYPE: 8 size-1: 00
 
[        157540001000] INFO: Transmitting IO packet
[        157540001000]       Instruction #: 54 FTYPE: d TTYPE: 8 size-1: 00
 
[        157556001000] IRESP Receiption
[        157556001000] INFO: Receiving IO packet
[        157556001000]       srcTID #: 4b FTYPE: d TTYPE: 8 size-1: 00
 
[        157556001000] IRESP Receiption
[        157556001000] INFO: Receiving IO packet
[        157556001000]       srcTID #: 4b FTYPE: d TTYPE: 8 size-1: 00
 
[        157572001000] IREQ Transaction
[        157572001000] INFO: Transmitting IO packet
[        157572001000]       Instruction #: 00 FTYPE: b TTYPE: 0 size-1: 07
 
[        157572001000] IREQ Transaction
[        157572001000] INFO: Transmitting IO packet
[        157572001000]       Instruction #: 00 FTYPE: b TTYPE: 0 size-1: 07
 
[        157652001000] INFO: Transmitting IO packet
[        157652001000]       Instruction #: 55 FTYPE: d TTYPE: 8 size-1: 00
 
[        157652001000] INFO: Transmitting IO packet
[        157652001000]       Instruction #: 55 FTYPE: d TTYPE: 8 size-1: 00
 
[        157684001000] IREQ Transaction
[        157684001000] INFO: Transmitting IO packet
[        157684001000]       Instruction #: 00 FTYPE: b TTYPE: 0 size-1: 07
 
[        157684001000] IREQ Transaction
[        157684001000] INFO: Transmitting IO packet
[        157684001000]       Instruction #: 00 FTYPE: b TTYPE: 0 size-1: 07
 
[        157732001000] IRESP Receiption
[        157732001000] INFO: Receiving IO packet
[        157732001000]       srcTID #: 4c FTYPE: d TTYPE: 8 size-1: 00
 
[        157732001000] IRESP Receiption
[        157732001000] INFO: Receiving IO packet
[        157732001000]       srcTID #: 4c FTYPE: d TTYPE: 8 size-1: 00
 
[        157764001000] INFO: Transmitting IO packet
[        157764001000]       Instruction #: 56 FTYPE: d TTYPE: 8 size-1: 00
 
[        157764001000] INFO: Transmitting IO packet
[        157764001000]       Instruction #: 56 FTYPE: d TTYPE: 8 size-1: 00
 
[        157796001000] IREQ Transaction
[        157796001000] INFO: Transmitting IO packet
[        157796001000]       Instruction #: 00 FTYPE: b TTYPE: 0 size-1: 07
 
[        157796001000] IREQ Transaction
[        157796001000] INFO: Transmitting IO packet
[        157796001000]       Instruction #: 00 FTYPE: b TTYPE: 0 size-1: 07
 
[        157844001000] IRESP Receiption
[        157844001000] INFO: Receiving IO packet
[        157844001000]       srcTID #: 4d FTYPE: d TTYPE: 8 size-1: 00
 
[        157844001000] IRESP Receiption
[        157844001000] INFO: Receiving IO packet
[        157844001000]       srcTID #: 4d FTYPE: d TTYPE: 8 size-1: 00
 
[        157876001000] INFO: Transmitting IO packet
[        157876001000]       Instruction #: 57 FTYPE: d TTYPE: 8 size-1: 00
 
[        157876001000] INFO: Transmitting IO packet
[        157876001000]       Instruction #: 57 FTYPE: d TTYPE: 8 size-1: 00
 
[        157908001000] IREQ Transaction
[        157908001000] INFO: Transmitting IO packet
[        157908001000]       Instruction #: 00 FTYPE: b TTYPE: 0 size-1: 07
 
[        157908001000] INFO: Receiving IO packet
[        157908001000]       srcTID #: 61 FTYPE: 2 TTYPE: 4 size-1: 00
 
[        157908001000] IREQ Transaction
[        157908001000] INFO: Transmitting IO packet
[        157908001000]       Instruction #: 00 FTYPE: b TTYPE: 0 size-1: 07
 
[        157908001000] INFO: Receiving IO packet
[        157908001000]       srcTID #: 61 FTYPE: 2 TTYPE: 4 size-1: 00
 
[        157940001000] IRESP Receiption
[        157940001000] INFO: Receiving IO packet
[        157940001000]       srcTID #: 4e FTYPE: d TTYPE: 8 size-1: 00
 
[        157940001000] IRESP Receiption
[        157940001000] INFO: Receiving IO packet
[        157940001000]       srcTID #: 4e FTYPE: d TTYPE: 8 size-1: 00
 
[        157988001000] INFO: Transmitting IO packet
[        157988001000]       Instruction #: 58 FTYPE: d TTYPE: 8 size-1: 00
 
[        157988001000] INFO: Transmitting IO packet
[        157988001000]       Instruction #: 58 FTYPE: d TTYPE: 8 size-1: 00
 
[        158004001000] IRESP Receiption
[        158004001000] INFO: Receiving IO packet
[        158004001000]       srcTID #: 4f FTYPE: d TTYPE: 8 size-1: 00
 
[        158004001000] IRESP Receiption
[        158004001000] INFO: Receiving IO packet
[        158004001000]       srcTID #: 4f FTYPE: d TTYPE: 8 size-1: 00
 
[        158020001000] IREQ Transaction
[        158020001000] INFO: Transmitting IO packet
[        158020001000]       Instruction #: 00 FTYPE: b TTYPE: 0 size-1: 07
 
[        158020001000] IREQ Transaction
[        158020001000] INFO: Transmitting IO packet
[        158020001000]       Instruction #: 00 FTYPE: b TTYPE: 0 size-1: 07
 
[        158052001000] INFO: Receiving IO packet
[        158052001000]       srcTID #: 62 FTYPE: 2 TTYPE: 4 size-1: 00
 
[        158052001000] INFO: Receiving IO packet
[        158052001000]       srcTID #: 62 FTYPE: 2 TTYPE: 4 size-1: 00
 
[        158084001000] IRESP Receiption
[        158084001000] INFO: Receiving IO packet
[        158084001000]       srcTID #: 50 FTYPE: d TTYPE: 8 size-1: 00
 
[        158084001000] IRESP Receiption
[        158084001000] INFO: Receiving IO packet
[        158084001000]       srcTID #: 50 FTYPE: d TTYPE: 8 size-1: 00
 
[        158100001000] INFO: Transmitting IO packet
[        158100001000]       Instruction #: 59 FTYPE: d TTYPE: 8 size-1: 00
 
[        158100001000] INFO: Transmitting IO packet
[        158100001000]       Instruction #: 59 FTYPE: d TTYPE: 8 size-1: 00
 
[        158132001000] IREQ Transaction
[        158132001000] INFO: Transmitting IO packet
[        158132001000]       Instruction #: 00 FTYPE: b TTYPE: 0 size-1: 07
 
[        158132001000] IREQ Transaction
[        158132001000] INFO: Transmitting IO packet
[        158132001000]       Instruction #: 00 FTYPE: b TTYPE: 0 size-1: 07
 
[        158180001000] INFO: Receiving IO packet
[        158180001000]       srcTID #: 63 FTYPE: 2 TTYPE: 4 size-1: 00
 
[        158180001000] INFO: Receiving IO packet
[        158180001000]       srcTID #: 63 FTYPE: 2 TTYPE: 4 size-1: 00
 
[        158212001000] IRESP Receiption
[        158212001000] INFO: Receiving IO packet
[        158212001000]       srcTID #: 51 FTYPE: d TTYPE: 8 size-1: 00
 
[        158212001000] INFO: Transmitting IO packet
[        158212001000]       Instruction #: 5a FTYPE: d TTYPE: 8 size-1: 00
 
[        158212001000] IRESP Receiption
[        158212001000] INFO: Receiving IO packet
[        158212001000]       srcTID #: 51 FTYPE: d TTYPE: 8 size-1: 00
 
[        158212001000] INFO: Transmitting IO packet
[        158212001000]       Instruction #: 5a FTYPE: d TTYPE: 8 size-1: 00
 
[        158244001000] IREQ Transaction
[        158244001000] INFO: Transmitting IO packet
[        158244001000]       Instruction #: 00 FTYPE: b TTYPE: 0 size-1: 07
 
[        158244001000] IREQ Transaction
[        158244001000] INFO: Transmitting IO packet
[        158244001000]       Instruction #: 00 FTYPE: b TTYPE: 0 size-1: 07
 
[        158324001000] INFO: Transmitting IO packet
[        158324001000]       Instruction #: 5b FTYPE: d TTYPE: 8 size-1: 00
 
[        158324001000] INFO: Receiving IO packet
[        158324001000]       srcTID #: 64 FTYPE: 2 TTYPE: 4 size-1: 00
 
[        158324001000] INFO: Transmitting IO packet
[        158324001000]       Instruction #: 5b FTYPE: d TTYPE: 8 size-1: 00
 
[        158324001000] INFO: Receiving IO packet
[        158324001000]       srcTID #: 64 FTYPE: 2 TTYPE: 4 size-1: 00
 
[        158356001000] IRESP Receiption
[        158356001000] INFO: Receiving IO packet
[        158356001000]       srcTID #: 52 FTYPE: d TTYPE: 8 size-1: 00
 
[        158356001000] IRESP Receiption
[        158356001000] INFO: Receiving IO packet
[        158356001000]       srcTID #: 52 FTYPE: d TTYPE: 8 size-1: 00
 
[        158420001000] IRESP Receiption
[        158420001000] INFO: Receiving IO packet
[        158420001000]       srcTID #: 53 FTYPE: d TTYPE: 8 size-1: 00
 
[        158420001000] IRESP Receiption
[        158420001000] INFO: Receiving IO packet
[        158420001000]       srcTID #: 53 FTYPE: d TTYPE: 8 size-1: 00
 
[        158436001000] INFO: Transmitting IO packet
[        158436001000]       Instruction #: 5c FTYPE: d TTYPE: 8 size-1: 00
 
[        158436001000] INFO: Transmitting IO packet
[        158436001000]       Instruction #: 5c FTYPE: d TTYPE: 8 size-1: 00
 
[        158484001000] INFO: Receiving IO packet
[        158484001000]       srcTID #: 65 FTYPE: a TTYPE: 0 size-1: 00
 
[        158484001000] INFO: Receiving IO packet
[        158484001000]       srcTID #: 65 FTYPE: a TTYPE: 0 size-1: 00
 
[        158516001000] IRESP Receiption
[        158516001000] INFO: Receiving IO packet
[        158516001000]       srcTID #: 54 FTYPE: d TTYPE: 8 size-1: 00
 
[        158516001000] IRESP Receiption
[        158516001000] INFO: Receiving IO packet
[        158516001000]       srcTID #: 54 FTYPE: d TTYPE: 8 size-1: 00
 
[        158548001000] INFO: Transmitting IO packet
[        158548001000]       Instruction #: 5d FTYPE: d TTYPE: 8 size-1: 00
 
[        158548001000] INFO: Transmitting IO packet
[        158548001000]       Instruction #: 5d FTYPE: d TTYPE: 8 size-1: 00
 
[        158564001000] INFO: Receiving IO packet
[        158564001000]       srcTID #: 66 FTYPE: a TTYPE: 0 size-1: 00
 
[        158564001000] INFO: Receiving IO packet
[        158564001000]       srcTID #: 66 FTYPE: a TTYPE: 0 size-1: 00
 
[        158628001000] IRESP Receiption
[        158628001000] INFO: Receiving IO packet
[        158628001000]       srcTID #: 55 FTYPE: d TTYPE: 8 size-1: 00
 
[        158628001000] IRESP Receiption
[        158628001000] INFO: Receiving IO packet
[        158628001000]       srcTID #: 55 FTYPE: d TTYPE: 8 size-1: 00
 
[        158660001000] INFO: Transmitting IO packet
[        158660001000]       Instruction #: 5e FTYPE: d TTYPE: 8 size-1: 00
 
[        158660001000] INFO: Transmitting IO packet
[        158660001000]       Instruction #: 5e FTYPE: d TTYPE: 8 size-1: 00
 
[        158676001000] INFO: Receiving IO packet
[        158676001000]       srcTID #: 00 FTYPE: b TTYPE: 0 size-1: 07
 
[        158676001000] INFO: Receiving IO packet
[        158676001000]       srcTID #: 00 FTYPE: b TTYPE: 0 size-1: 07
 
[        158772001000] IRESP Receiption
[        158772001000] INFO: Receiving IO packet
[        158772001000]       srcTID #: 56 FTYPE: d TTYPE: 8 size-1: 00
 
[        158772001000] INFO: Transmitting IO packet
[        158772001000]       Instruction #: 5f FTYPE: d TTYPE: 8 size-1: 00
 
[        158772001000] IRESP Receiption
[        158772001000] INFO: Receiving IO packet
[        158772001000]       srcTID #: 56 FTYPE: d TTYPE: 8 size-1: 00
 
[        158772001000] INFO: Transmitting IO packet
[        158772001000]       Instruction #: 5f FTYPE: d TTYPE: 8 size-1: 00
 
[        158820001000] INFO: Receiving IO packet
[        158820001000]       srcTID #: 00 FTYPE: b TTYPE: 0 size-1: 07
 
[        158820001000] INFO: Receiving IO packet
[        158820001000]       srcTID #: 00 FTYPE: b TTYPE: 0 size-1: 07
 
[        158884001000] INFO: Transmitting IO packet
[        158884001000]       Instruction #: 60 FTYPE: d TTYPE: 8 size-1: 00
 
[        158884001000] INFO: Transmitting IO packet
[        158884001000]       Instruction #: 60 FTYPE: d TTYPE: 8 size-1: 00
 
[        158916001000] IRESP Receiption
[        158916001000] INFO: Receiving IO packet
[        158916001000]       srcTID #: 57 FTYPE: d TTYPE: 8 size-1: 00
 
[        158916001000] IRESP Receiption
[        158916001000] INFO: Receiving IO packet
[        158916001000]       srcTID #: 57 FTYPE: d TTYPE: 8 size-1: 00
 
[        158964001000] INFO: Receiving IO packet
[        158964001000]       srcTID #: 00 FTYPE: b TTYPE: 0 size-1: 07
 
[        158964001000] INFO: Receiving IO packet
[        158964001000]       srcTID #: 00 FTYPE: b TTYPE: 0 size-1: 07
 
[        158996001000] INFO: Transmitting IO packet
[        158996001000]       Instruction #: 61 FTYPE: d TTYPE: 8 size-1: 00
 
[        158996001000] INFO: Transmitting IO packet
[        158996001000]       Instruction #: 61 FTYPE: d TTYPE: 8 size-1: 00
 
[        159012001000] IRESP Receiption
[        159012001000] INFO: Receiving IO packet
[        159012001000]       srcTID #: 58 FTYPE: d TTYPE: 8 size-1: 00
 
[        159012001000] IRESP Receiption
[        159012001000] INFO: Receiving IO packet
[        159012001000]       srcTID #: 58 FTYPE: d TTYPE: 8 size-1: 00
 
[        159092001000] IRESP Receiption
[        159092001000] INFO: Receiving IO packet
[        159092001000]       srcTID #: 59 FTYPE: d TTYPE: 8 size-1: 00
 
[        159092001000] IRESP Receiption
[        159092001000] INFO: Receiving IO packet
[        159092001000]       srcTID #: 59 FTYPE: d TTYPE: 8 size-1: 00
 
[        159108001000] INFO: Transmitting IO packet
[        159108001000]       Instruction #: 62 FTYPE: d TTYPE: 8 size-1: 00
 
[        159108001000] INFO: Transmitting IO packet
[        159108001000]       Instruction #: 62 FTYPE: d TTYPE: 8 size-1: 00
 
[        159140001000] INFO: Receiving IO packet
[        159140001000]       srcTID #: 00 FTYPE: b TTYPE: 0 size-1: 07
 
[        159140001000] INFO: Receiving IO packet
[        159140001000]       srcTID #: 00 FTYPE: b TTYPE: 0 size-1: 07
 
[        159220001000] INFO: Transmitting IO packet
[        159220001000]       Instruction #: 63 FTYPE: d TTYPE: 8 size-1: 00
 
[        159220001000] INFO: Transmitting IO packet
[        159220001000]       Instruction #: 63 FTYPE: d TTYPE: 8 size-1: 00
 
[        159236001000] IRESP Receiption
[        159236001000] INFO: Receiving IO packet
[        159236001000]       srcTID #: 5a FTYPE: d TTYPE: 8 size-1: 00
 
[        159236001000] IRESP Receiption
[        159236001000] INFO: Receiving IO packet
[        159236001000]       srcTID #: 5a FTYPE: d TTYPE: 8 size-1: 00
 
[        159284001000] INFO: Receiving IO packet
[        159284001000]       srcTID #: 00 FTYPE: b TTYPE: 0 size-1: 07
 
[        159284001000] INFO: Receiving IO packet
[        159284001000]       srcTID #: 00 FTYPE: b TTYPE: 0 size-1: 07
 
[        159332001000] IRESP Receiption
[        159332001000] INFO: Receiving IO packet
[        159332001000]       srcTID #: 5b FTYPE: d TTYPE: 8 size-1: 00
 
[        159332001000] INFO: Transmitting IO packet
[        159332001000]       Instruction #: 64 FTYPE: d TTYPE: 8 size-1: 00
 
[        159332001000] IRESP Receiption
[        159332001000] INFO: Receiving IO packet
[        159332001000]       srcTID #: 5b FTYPE: d TTYPE: 8 size-1: 00
 
[        159332001000] INFO: Transmitting IO packet
[        159332001000]       Instruction #: 64 FTYPE: d TTYPE: 8 size-1: 00
 
[        159412001000] INFO: Receiving IO packet
[        159412001000]       srcTID #: 00 FTYPE: b TTYPE: 0 size-1: 07
 
[        159412001000] INFO: Receiving IO packet
[        159412001000]       srcTID #: 00 FTYPE: b TTYPE: 0 size-1: 07
 
[        159444001000] INFO: Transmitting IO packet
[        159444001000]       Instruction #: 65 FTYPE: d TTYPE: 0 size-1: 00
 
[        159444001000] INFO: Transmitting IO packet
[        159444001000]       Instruction #: 65 FTYPE: d TTYPE: 0 size-1: 00
 
[        159460001000] IRESP Receiption
[        159460001000] INFO: Receiving IO packet
[        159460001000]       srcTID #: 5c FTYPE: d TTYPE: 8 size-1: 00
 
[        159460001000] IRESP Receiption
[        159460001000] INFO: Receiving IO packet
[        159460001000]       srcTID #: 5c FTYPE: d TTYPE: 8 size-1: 00
 
[        159524001000] INFO: Transmitting IO packet
[        159524001000]       Instruction #: 66 FTYPE: d TTYPE: 0 size-1: 00
 
[        159524001000] INFO: Transmitting IO packet
[        159524001000]       Instruction #: 66 FTYPE: d TTYPE: 0 size-1: 00
 
[        159556001000] IRESP Receiption
[        159556001000] INFO: Receiving IO packet
[        159556001000]       srcTID #: 5d FTYPE: d TTYPE: 8 size-1: 00
 
[        159556001000] IRESP Receiption
[        159556001000] INFO: Receiving IO packet
[        159556001000]       srcTID #: 5d FTYPE: d TTYPE: 8 size-1: 00
 
[        159604001000] INFO: Transmitting IO packet
[        159604001000]       Instruction #: 00 FTYPE: d TTYPE: 1 size-1: 00
 
[        159604001000] INFO: Receiving IO packet
[        159604001000]       srcTID #: 00 FTYPE: b TTYPE: 0 size-1: 07
 
[        159604001000] INFO: Transmitting IO packet
[        159604001000]       Instruction #: 00 FTYPE: d TTYPE: 1 size-1: 00
 
[        159604001000] INFO: Receiving IO packet
[        159604001000]       srcTID #: 00 FTYPE: b TTYPE: 0 size-1: 07
 
[        159652001000] IRESP Receiption
[        159652001000] INFO: Receiving IO packet
[        159652001000]       srcTID #: 5e FTYPE: d TTYPE: 8 size-1: 00
 
[        159652001000] IRESP Receiption
[        159652001000] INFO: Receiving IO packet
[        159652001000]       srcTID #: 5e FTYPE: d TTYPE: 8 size-1: 00
 
[        159684001000] INFO: Transmitting IO packet
[        159684001000]       Instruction #: 00 FTYPE: d TTYPE: 1 size-1: 00
 
[        159684001000] INFO: Transmitting IO packet
[        159684001000]       Instruction #: 00 FTYPE: d TTYPE: 1 size-1: 00
 
[        159732001000] INFO: Receiving IO packet
[        159732001000]       srcTID #: 00 FTYPE: b TTYPE: 0 size-1: 07
 
[        159732001000] INFO: Receiving IO packet
[        159732001000]       srcTID #: 00 FTYPE: b TTYPE: 0 size-1: 07
 
[        159764001000] INFO: Transmitting IO packet
[        159764001000]       Instruction #: 00 FTYPE: d TTYPE: 1 size-1: 00
 
[        159764001000] INFO: Transmitting IO packet
[        159764001000]       Instruction #: 00 FTYPE: d TTYPE: 1 size-1: 00
 
[        159780001000] IRESP Receiption
[        159780001000] INFO: Receiving IO packet
[        159780001000]       srcTID #: 5f FTYPE: d TTYPE: 8 size-1: 00
 
[        159780001000] IRESP Receiption
[        159780001000] INFO: Receiving IO packet
[        159780001000]       srcTID #: 5f FTYPE: d TTYPE: 8 size-1: 00
 
[        159844001000] INFO: Transmitting IO packet
[        159844001000]       Instruction #: 00 FTYPE: d TTYPE: 1 size-1: 00
 
[        159844001000] INFO: Transmitting IO packet
[        159844001000]       Instruction #: 00 FTYPE: d TTYPE: 1 size-1: 00
 
[        159876001000] INFO: Receiving IO packet
[        159876001000]       srcTID #: 00 FTYPE: b TTYPE: 0 size-1: 07
 
[        159876001000] INFO: Receiving IO packet
[        159876001000]       srcTID #: 00 FTYPE: b TTYPE: 0 size-1: 07
 
[        159924001000] IRESP Receiption
[        159924001000] INFO: Receiving IO packet
[        159924001000]       srcTID #: 60 FTYPE: d TTYPE: 8 size-1: 00
 
[        159924001000] INFO: Transmitting IO packet
[        159924001000]       Instruction #: 00 FTYPE: d TTYPE: 1 size-1: 00
 
[        159924001000] IRESP Receiption
[        159924001000] INFO: Receiving IO packet
[        159924001000]       srcTID #: 60 FTYPE: d TTYPE: 8 size-1: 00
 
[        159924001000] INFO: Transmitting IO packet
[        159924001000]       Instruction #: 00 FTYPE: d TTYPE: 1 size-1: 00
 
[        159988001000] IRESP Receiption
[        159988001000] INFO: Receiving IO packet
[        159988001000]       srcTID #: 61 FTYPE: d TTYPE: 8 size-1: 00
 
[        159988001000] IRESP Receiption
[        159988001000] INFO: Receiving IO packet
[        159988001000]       srcTID #: 61 FTYPE: d TTYPE: 8 size-1: 00
 
[        160004001000] INFO: Transmitting IO packet
[        160004001000]       Instruction #: 00 FTYPE: d TTYPE: 1 size-1: 00
 
[        160004001000] INFO: Transmitting IO packet
[        160004001000]       Instruction #: 00 FTYPE: d TTYPE: 1 size-1: 00
 
[        160052001000] INFO: Receiving IO packet
[        160052001000]       srcTID #: 00 FTYPE: b TTYPE: 0 size-1: 07
 
[        160052001000] INFO: Receiving IO packet
[        160052001000]       srcTID #: 00 FTYPE: b TTYPE: 0 size-1: 07
 
[        160084001000] INFO: Transmitting IO packet
[        160084001000]       Instruction #: 00 FTYPE: d TTYPE: 1 size-1: 00
 
[        160084001000] INFO: Transmitting IO packet
[        160084001000]       Instruction #: 00 FTYPE: d TTYPE: 1 size-1: 00
 
[        160100001000] IRESP Receiption
[        160100001000] INFO: Receiving IO packet
[        160100001000]       srcTID #: 62 FTYPE: d TTYPE: 8 size-1: 00
 
[        160100001000] IRESP Receiption
[        160100001000] INFO: Receiving IO packet
[        160100001000]       srcTID #: 62 FTYPE: d TTYPE: 8 size-1: 00
 
[        160164001000] INFO: Transmitting IO packet
[        160164001000]       Instruction #: 00 FTYPE: d TTYPE: 1 size-1: 00
 
[        160164001000] INFO: Transmitting IO packet
[        160164001000]       Instruction #: 00 FTYPE: d TTYPE: 1 size-1: 00
 
[        160196001000] INFO: Receiving IO packet
[        160196001000]       srcTID #: 00 FTYPE: b TTYPE: 0 size-1: 07
 
[        160196001000] INFO: Receiving IO packet
[        160196001000]       srcTID #: 00 FTYPE: b TTYPE: 0 size-1: 07
 
[        160244001000] IRESP Receiption
[        160244001000] INFO: Receiving IO packet
[        160244001000]       srcTID #: 63 FTYPE: d TTYPE: 8 size-1: 00
 
[        160244001000] INFO: Transmitting IO packet
[        160244001000]       Instruction #: 00 FTYPE: d TTYPE: 1 size-1: 00
 
[        160244001000] IRESP Receiption
[        160244001000] INFO: Receiving IO packet
[        160244001000]       srcTID #: 63 FTYPE: d TTYPE: 8 size-1: 00
 
[        160244001000] INFO: Transmitting IO packet
[        160244001000]       Instruction #: 00 FTYPE: d TTYPE: 1 size-1: 00
 
[        160292001000] INFO: Receiving IO packet
[        160292001000]       srcTID #: 00 FTYPE: b TTYPE: 0 size-1: 07
 
[        160292001000] INFO: Receiving IO packet
[        160292001000]       srcTID #: 00 FTYPE: b TTYPE: 0 size-1: 07
 
[        160324001000] INFO: Transmitting IO packet
[        160324001000]       Instruction #: 00 FTYPE: d TTYPE: 1 size-1: 00
 
[        160324001000] INFO: Transmitting IO packet
[        160324001000]       Instruction #: 00 FTYPE: d TTYPE: 1 size-1: 00
 
[        160372001000] IRESP Receiption
[        160372001000] INFO: Receiving IO packet
[        160372001000]       srcTID #: 64 FTYPE: d TTYPE: 8 size-1: 00
 
[        160372001000] IRESP Receiption
[        160372001000] INFO: Receiving IO packet
[        160372001000]       srcTID #: 64 FTYPE: d TTYPE: 8 size-1: 00
 
[        160404001000] INFO: Transmitting IO packet
[        160404001000]       Instruction #: 00 FTYPE: d TTYPE: 1 size-1: 00
 
[        160404001000] INFO: Transmitting IO packet
[        160404001000]       Instruction #: 00 FTYPE: d TTYPE: 1 size-1: 00
 
[        160436001000] IRESP Receiption
[        160436001000] INFO: Receiving IO packet
[        160436001000]       srcTID #: 65 FTYPE: d TTYPE: 0 size-1: 00
 
[        160436001000] IRESP Receiption
[        160436001000] INFO: Receiving IO packet
[        160436001000]       srcTID #: 65 FTYPE: d TTYPE: 0 size-1: 00
 
[        160484001000] IRESP Receiption
[        160484001000] INFO: Receiving IO packet
[        160484001000]       srcTID #: 66 FTYPE: d TTYPE: 0 size-1: 00
 
[        160484001000] INFO: Transmitting IO packet
[        160484001000]       Instruction #: 00 FTYPE: d TTYPE: 1 size-1: 00
 
[        160484001000] IRESP Receiption
[        160484001000] INFO: Receiving IO packet
[        160484001000]       srcTID #: 66 FTYPE: d TTYPE: 0 size-1: 00
 
[        160484001000] INFO: Transmitting IO packet
[        160484001000]       Instruction #: 00 FTYPE: d TTYPE: 1 size-1: 00
 
[        160516001000] INFO: Receiving IO packet
[        160516001000]       srcTID #: 00 FTYPE: b TTYPE: 0 size-1: 07
 
[        160516001000] INFO: Receiving IO packet
[        160516001000]       srcTID #: 00 FTYPE: b TTYPE: 0 size-1: 07
 
[        160564001000] IRESP Receiption
[        160564001000] INFO: Receiving IO packet
[        160564001000]       srcTID #: 00 FTYPE: d TTYPE: 1 size-1: 00
 
[        160564001000] IRESP Receiption
[        160564001000] INFO: Receiving IO packet
[        160564001000]       srcTID #: 00 FTYPE: d TTYPE: 1 size-1: 00
 
[        160628001000] INFO: Transmitting IO packet
[        160628001000]       Instruction #: 00 FTYPE: d TTYPE: 1 size-1: 00
 
[        160628001000] INFO: Transmitting IO packet
[        160628001000]       Instruction #: 00 FTYPE: d TTYPE: 1 size-1: 00
 
[        160644001000] IRESP Receiption
[        160644001000] INFO: Receiving IO packet
[        160644001000]       srcTID #: 00 FTYPE: d TTYPE: 1 size-1: 00
 
[        160644001000] IRESP Receiption
[        160644001000] INFO: Receiving IO packet
[        160644001000]       srcTID #: 00 FTYPE: d TTYPE: 1 size-1: 00
 
[        160676001000] INFO: Receiving IO packet
[        160676001000]       srcTID #: 00 FTYPE: b TTYPE: 0 size-1: 07
 
[        160676001000] INFO: Receiving IO packet
[        160676001000]       srcTID #: 00 FTYPE: b TTYPE: 0 size-1: 07
 
[        160724001000] IRESP Receiption
[        160724001000] INFO: Receiving IO packet
[        160724001000]       srcTID #: 00 FTYPE: d TTYPE: 1 size-1: 00
 
[        160724001000] IRESP Receiption
[        160724001000] INFO: Receiving IO packet
[        160724001000]       srcTID #: 00 FTYPE: d TTYPE: 1 size-1: 00
 
[        160788001000] IRESP Receiption
[        160788001000] INFO: Receiving IO packet
[        160788001000]       srcTID #: 00 FTYPE: d TTYPE: 1 size-1: 00
 
[        160788001000] INFO: Transmitting IO packet
[        160788001000]       Instruction #: 00 FTYPE: d TTYPE: 1 size-1: 00
 
[        160788001000] IRESP Receiption
[        160788001000] INFO: Receiving IO packet
[        160788001000]       srcTID #: 00 FTYPE: d TTYPE: 1 size-1: 00
 
[        160788001000] INFO: Transmitting IO packet
[        160788001000]       Instruction #: 00 FTYPE: d TTYPE: 1 size-1: 00
 
[        160820001000] INFO: Receiving IO packet
[        160820001000]       srcTID #: 00 FTYPE: b TTYPE: 0 size-1: 07
 
[        160820001000] INFO: Receiving IO packet
[        160820001000]       srcTID #: 00 FTYPE: b TTYPE: 0 size-1: 07
 
[        160916001000] IRESP Receiption
[        160916001000] INFO: Receiving IO packet
[        160916001000]       srcTID #: 00 FTYPE: d TTYPE: 1 size-1: 00
 
[        160916001000] IRESP Receiption
[        160916001000] INFO: Receiving IO packet
[        160916001000]       srcTID #: 00 FTYPE: d TTYPE: 1 size-1: 00
 
[        160932001000] INFO: Transmitting IO packet
[        160932001000]       Instruction #: 00 FTYPE: d TTYPE: 1 size-1: 00
 
[        160932001000] INFO: Transmitting IO packet
[        160932001000]       Instruction #: 00 FTYPE: d TTYPE: 1 size-1: 00
 
[        160964001000] IRESP Receiption
[        160964001000] INFO: Receiving IO packet
[        160964001000]       srcTID #: 00 FTYPE: d TTYPE: 1 size-1: 00
 
[        160964001000] IRESP Receiption
[        160964001000] INFO: Receiving IO packet
[        160964001000]       srcTID #: 00 FTYPE: d TTYPE: 1 size-1: 00
 
[        161028001000] INFO: Receiving IO packet
[        161028001000]       srcTID #: 00 FTYPE: b TTYPE: 0 size-1: 07
 
[        161028001000] INFO: Receiving IO packet
[        161028001000]       srcTID #: 00 FTYPE: b TTYPE: 0 size-1: 07
 
[        161076001000] IRESP Receiption
[        161076001000] INFO: Receiving IO packet
[        161076001000]       srcTID #: 00 FTYPE: d TTYPE: 1 size-1: 00
 
[        161076001000] IRESP Receiption
[        161076001000] INFO: Receiving IO packet
[        161076001000]       srcTID #: 00 FTYPE: d TTYPE: 1 size-1: 00
blk_mem_gen_v8_4_4 collision detected at time: 161124000, Instance: srio_sim.srio_example_top_mirror.srio_support_inst.srio_5gx1_inst.inst.srio_gen2_v4_1_11_unifiedtop_inst.buf_core_inst.buf_top_inst.buf_rx_inst.buf_rx_bram_bank_inst.blk_mem_inst.\native_mem_module.blk_mem_gen_v8_4_4_inst , A write address: 2be, B  read address: 2be
blk_mem_gen_v8_4_4 collision detected at time: 161124000, Instance: srio_sim.srio_example_top_primary.srio_support_inst.srio_5gx1_inst.inst.srio_gen2_v4_1_11_unifiedtop_inst.buf_core_inst.buf_top_inst.buf_rx_inst.buf_rx_bram_bank_inst.blk_mem_inst.\native_mem_module.blk_mem_gen_v8_4_4_inst , A write address: 2be, B  read address: 2be
 
[        161124001000] IRESP Receiption
[        161124001000] INFO: Receiving IO packet
[        161124001000]       srcTID #: 00 FTYPE: d TTYPE: 1 size-1: 00
 
[        161124001000] IRESP Receiption
[        161124001000] INFO: Receiving IO packet
[        161124001000]       srcTID #: 00 FTYPE: d TTYPE: 1 size-1: 00
 
[        161140001000] INFO: Transmitting IO packet
[        161140001000]       Instruction #: 00 FTYPE: d TTYPE: 1 size-1: 00
 
[        161140001000] INFO: Transmitting IO packet
[        161140001000]       Instruction #: 00 FTYPE: d TTYPE: 1 size-1: 00
 
[        161172001000] INFO: Receiving IO packet
[        161172001000]       srcTID #: 00 FTYPE: b TTYPE: 0 size-1: 07
 
[        161172001000] INFO: Receiving IO packet
[        161172001000]       srcTID #: 00 FTYPE: b TTYPE: 0 size-1: 07
 
[        161220001000] IRESP Receiption
[        161220001000] INFO: Receiving IO packet
[        161220001000]       srcTID #: 00 FTYPE: d TTYPE: 1 size-1: 00
 
[        161220001000] IRESP Receiption
[        161220001000] INFO: Receiving IO packet
[        161220001000]       srcTID #: 00 FTYPE: d TTYPE: 1 size-1: 00
 
[        161284001000] INFO: Transmitting IO packet
[        161284001000]       Instruction #: 00 FTYPE: d TTYPE: 1 size-1: 00
 
[        161284001000] INFO: Transmitting IO packet
[        161284001000]       Instruction #: 00 FTYPE: d TTYPE: 1 size-1: 00
 
[        161300001000] IRESP Receiption
[        161300001000] INFO: Receiving IO packet
[        161300001000]       srcTID #: 00 FTYPE: d TTYPE: 1 size-1: 00
 
[        161300001000] IRESP Receiption
[        161300001000] INFO: Receiving IO packet
[        161300001000]       srcTID #: 00 FTYPE: d TTYPE: 1 size-1: 00
 
[        161348001000] IRESP Receiption
[        161348001000] INFO: Receiving IO packet
[        161348001000]       srcTID #: 00 FTYPE: d TTYPE: 1 size-1: 00
 
[        161348001000] IRESP Receiption
[        161348001000] INFO: Receiving IO packet
[        161348001000]       srcTID #: 00 FTYPE: d TTYPE: 1 size-1: 00
 
[        161412001000] IRESP Receiption
[        161412001000] INFO: Receiving IO packet
[        161412001000]       srcTID #: 00 FTYPE: d TTYPE: 1 size-1: 00
 
[        161412001000] IRESP Receiption
[        161412001000] INFO: Receiving IO packet
[        161412001000]       srcTID #: 00 FTYPE: d TTYPE: 1 size-1: 00
 
[        161540001000] IRESP Receiption
[        161540001000] INFO: Receiving IO packet
[        161540001000]       srcTID #: 00 FTYPE: d TTYPE: 1 size-1: 00
 
[        161540001000] IRESP Receiption
[        161540001000] INFO: Receiving IO packet
[        161540001000]       srcTID #: 00 FTYPE: d TTYPE: 1 size-1: 00
 
[        161700001000] IRESP Receiption
[        161700001000] INFO: Receiving IO packet
[        161700001000]       srcTID #: 00 FTYPE: d TTYPE: 1 size-1: 00
 
[        161700001000] IRESP Receiption
[        161700001000] INFO: Receiving IO packet
[        161700001000]       srcTID #: 00 FTYPE: d TTYPE: 1 size-1: 00
 
[        161844001000] IRESP Receiption
[        161844001000] INFO: Receiving IO packet
[        161844001000]       srcTID #: 00 FTYPE: d TTYPE: 1 size-1: 00
 
[        161844001000] IRESP Receiption
[        161844001000] INFO: Receiving IO packet
[        161844001000]       srcTID #: 00 FTYPE: d TTYPE: 1 size-1: 00
 
[        162052001000] IRESP Receiption
[        162052001000] INFO: Receiving IO packet
[        162052001000]       srcTID #: 00 FTYPE: d TTYPE: 1 size-1: 00
 
[        162052001000] IRESP Receiption
[        162052001000] INFO: Receiving IO packet
[        162052001000]       srcTID #: 00 FTYPE: d TTYPE: 1 size-1: 00
 
[        162196001000] IRESP Receiption
[        162196001000] INFO: Receiving IO packet
[        162196001000]       srcTID #: 00 FTYPE: d TTYPE: 1 size-1: 00
 
[        162196001000] IRESP Receiption
[        162196001000] INFO: Receiving IO packet
[        162196001000]       srcTID #: 00 FTYPE: d TTYPE: 1 size-1: 00


*****************************************************************
**************** Test Completed Successfully ********************
************* All Packets Checked and Accounted For *************
*****************************************************************


$finish called at time : 162205 ns : File "g:/00_module/07_fpga/develop_20200323/rtl/00_xilinx_ip/02_srio/srio_5gx1_ex/imports/srio_sim.v" Line 251
run: Time (s): cpu = 00:00:37 ; elapsed = 00:07:12 . Memory (MB): peak = 1253.750 ; gain = 0.000
close_sim
INFO: [Simtcl 6-16] Simulation closed
close_sim: Time (s): cpu = 00:00:02 ; elapsed = 00:00:06 . Memory (MB): peak = 1253.750 ; gain = 0.000
launch_simulation
Command: launch_simulation 
INFO: [Vivado 12-12493] Simulation top is 'srio_sim'
INFO: [Vivado 12-5698] Checking validity of IPs in the design for the 'XSim' simulator...
INFO: [Runs 36-567] Checking/generating simulation output products for IPs/BDs (if any)...
INFO: [Vivado 12-5682] Launching behavioral simulation in 'g:/00_module/07_fpga/develop_20200323/rtl/00_xilinx_ip/02_srio/srio_5gx1_ex/srio_5gx1_ex.sim/sim_1/behav/xsim'
INFO: [Vivado 12-4795] Using compiled simulation libraries for IPs
INFO: [SIM-utils-51] Simulation object is 'sim_1'
INFO: [SIM-utils-72] Using boost library from 'C:/Xilinx/Vivado/2021.1/tps/boost_1_72_0'
INFO: [USF-XSim-7] Finding pre-compiled libraries...
INFO: [USF-XSim-11] File 'C:/Xilinx/Vivado/2021.1/data/xsim/xsim.ini' copied to run dir:'g:/00_module/07_fpga/develop_20200323/rtl/00_xilinx_ip/02_srio/srio_5gx1_ex/srio_5gx1_ex.sim/sim_1/behav/xsim'
INFO: [SIM-utils-54] Inspecting design source files for 'srio_sim' in fileset 'sim_1'...
INFO: [USF-XSim-97] Finding global include files...
INFO: [USF-XSim-98] Fetching design files from 'sim_1'...
INFO: [USF-XSim-2] XSim::Compile design
INFO: [USF-XSim-61] Executing 'COMPILE and ANALYZE' step in 'g:/00_module/07_fpga/develop_20200323/rtl/00_xilinx_ip/02_srio/srio_5gx1_ex/srio_5gx1_ex.sim/sim_1/behav/xsim'
"xvlog --incr --relax -prj srio_sim_vlog.prj"
"xvhdl --incr --relax -prj srio_sim_vhdl.prj"
INFO: [USF-XSim-69] 'compile' step finished in '5' seconds
INFO: [USF-XSim-3] XSim::Elaborate design
INFO: [USF-XSim-61] Executing 'ELABORATE' step in 'g:/00_module/07_fpga/develop_20200323/rtl/00_xilinx_ip/02_srio/srio_5gx1_ex/srio_5gx1_ex.sim/sim_1/behav/xsim'
"xelab -wto c61293ade1f6433c9deda9ef0104f2d5 --incr --debug typical --relax --mt 2 -L xil_defaultlib -L blk_mem_gen_v8_4_4 -L fifo_generator_v13_2_5 -L srio_gen2_v4_1_11 -L unisims_ver -L unimacro_ver -L secureip -L xpm --snapshot srio_sim_behav xil_defaultlib.srio_sim xil_defaultlib.glbl -log elaborate.log"
Vivado Simulator v2021.1
Copyright 1986-1999, 2001-2021 Xilinx, Inc. All Rights Reserved.
Running: C:/Xilinx/Vivado/2021.1/bin/unwrapped/win64.o/xelab.exe -wto c61293ade1f6433c9deda9ef0104f2d5 --incr --debug typical --relax --mt 2 -L xil_defaultlib -L blk_mem_gen_v8_4_4 -L fifo_generator_v13_2_5 -L srio_gen2_v4_1_11 -L unisims_ver -L unimacro_ver -L secureip -L xpm --snapshot srio_sim_behav xil_defaultlib.srio_sim xil_defaultlib.glbl -log elaborate.log 
Using 2 slave threads.
Starting static elaboration
Pass Through NonSizing Optimizer
WARNING: [VRFC 10-526] concatenation with unsized literal; will interpret as 32 bits [/wrk/ci/prod/2021.1/sw/continuous/3932/packages/customer/vivado/data/ip/xilinx/srio_gen2_v4_1/hdl/srio_gen2_v4_1_rfs.v:32755]
WARNING: [VRFC 10-3705] select index 7 into 'destripe_pdsc' is out of bounds [/wrk/ci/prod/2021.1/sw/continuous/3932/packages/customer/vivado/data/ip/xilinx/srio_gen2_v4_1/hdl/srio_gen2_v4_1_rfs.v:15758]
WARNING: [VRFC 10-3705] select index 5 into 'destripe_pdsc' is out of bounds [/wrk/ci/prod/2021.1/sw/continuous/3932/packages/customer/vivado/data/ip/xilinx/srio_gen2_v4_1/hdl/srio_gen2_v4_1_rfs.v:15759]
WARNING: [VRFC 10-3705] select index 7 into 'destripe_pdsc' is out of bounds [/wrk/ci/prod/2021.1/sw/continuous/3932/packages/customer/vivado/data/ip/xilinx/srio_gen2_v4_1/hdl/srio_gen2_v4_1_rfs.v:15790]
WARNING: [VRFC 10-3705] select index 5 into 'destripe_pdsc' is out of bounds [/wrk/ci/prod/2021.1/sw/continuous/3932/packages/customer/vivado/data/ip/xilinx/srio_gen2_v4_1/hdl/srio_gen2_v4_1_rfs.v:15791]
WARNING: [VRFC 10-3705] select index 7 into 'destripe_pdsc' is out of bounds [/wrk/ci/prod/2021.1/sw/continuous/3932/packages/customer/vivado/data/ip/xilinx/srio_gen2_v4_1/hdl/srio_gen2_v4_1_rfs.v:15833]
WARNING: [VRFC 10-3705] select index 5 into 'destripe_pdsc' is out of bounds [/wrk/ci/prod/2021.1/sw/continuous/3932/packages/customer/vivado/data/ip/xilinx/srio_gen2_v4_1/hdl/srio_gen2_v4_1_rfs.v:15835]
Completed static elaboration
INFO: [XSIM 43-4323] No Change in HDL. Linking previously generated obj files to create kernel
run_program: Time (s): cpu = 00:00:01 ; elapsed = 00:00:57 . Memory (MB): peak = 1253.750 ; gain = 0.000
INFO: [USF-XSim-69] 'elaborate' step finished in '56' seconds
INFO: [USF-XSim-4] XSim::Simulate design
INFO: [USF-XSim-61] Executing 'SIMULATE' step in 'g:/00_module/07_fpga/develop_20200323/rtl/00_xilinx_ip/02_srio/srio_5gx1_ex/srio_5gx1_ex.sim/sim_1/behav/xsim'
INFO: [USF-XSim-98] *** Running xsim
   with args "srio_sim_behav -key {Behavioral:sim_1:Functional:srio_sim} -tclbatch {srio_sim.tcl} -log {simulate.log}"
INFO: [USF-XSim-8] Loading simulator feature
Time resolution is 1 fs
source srio_sim.tcl
# set curr_wave [current_wave_config]
# if { [string length $curr_wave] == 0 } {
#   if { [llength [get_objects]] > 0} {
#     add_wave /
#     set_property needs_save false [current_wave_config]
#   } else {
#      send_msg_id Add_Wave-1 WARNING "No top level signals found. Simulator will start without a wave window. If you want to open a wave window go to 'File->New Waveform Configuration' or type 'create_wave_config' in the TCL console."
#   }
# }
# run 1000ns
WARNING: Behavioral models for independent clock FIFO configurations do not model synchronization delays. The behavioral models are functionally correct, and will represent the behavior of the configured FIFO. See the FIFO Generator User Guide for more information.
WARNING: Behavioral models for independent clock FIFO configurations do not model synchronization delays. The behavioral models are functionally correct, and will represent the behavior of the configured FIFO. See the FIFO Generator User Guide for more information.
Block Memory Generator module srio_sim.srio_example_top_primary.srio_support_inst.srio_5gx1_inst.inst.srio_gen2_v4_1_11_unifiedtop_inst.buf_core_inst.buf_top_inst.buf_tx_inst.buf_tx_bram_bank_inst.blk_mem_inst.\native_mem_module.blk_mem_gen_v8_4_4_inst  is using a behavioral model for simulation which will not precisely model memory collision behavior.
Block Memory Generator module srio_sim.srio_example_top_primary.srio_support_inst.srio_5gx1_inst.inst.srio_gen2_v4_1_11_unifiedtop_inst.buf_core_inst.buf_top_inst.buf_rx_inst.buf_rx_bram_bank_inst.blk_mem_inst.\native_mem_module.blk_mem_gen_v8_4_4_inst  is using a behavioral model for simulation which will not precisely model memory collision behavior.
WARNING: Behavioral models for independent clock FIFO configurations do not model synchronization delays. The behavioral models are functionally correct, and will represent the behavior of the configured FIFO. See the FIFO Generator User Guide for more information.
WARNING: Behavioral models for independent clock FIFO configurations do not model synchronization delays. The behavioral models are functionally correct, and will represent the behavior of the configured FIFO. See the FIFO Generator User Guide for more information.
Block Memory Generator module srio_sim.srio_example_top_mirror.srio_support_inst.srio_5gx1_inst.inst.srio_gen2_v4_1_11_unifiedtop_inst.buf_core_inst.buf_top_inst.buf_tx_inst.buf_tx_bram_bank_inst.blk_mem_inst.\native_mem_module.blk_mem_gen_v8_4_4_inst  is using a behavioral model for simulation which will not precisely model memory collision behavior.
Block Memory Generator module srio_sim.srio_example_top_mirror.srio_support_inst.srio_5gx1_inst.inst.srio_gen2_v4_1_11_unifiedtop_inst.buf_core_inst.buf_top_inst.buf_rx_inst.buf_rx_bram_bank_inst.blk_mem_inst.\native_mem_module.blk_mem_gen_v8_4_4_inst  is using a behavioral model for simulation which will not precisely model memory collision behavior.


*****************************************************************
Waiting for Link Initialization.
This may take some time.
*****************************************************************


INFO: [USF-XSim-96] XSim completed. Design snapshot 'srio_sim_behav' loaded.
INFO: [USF-XSim-97] XSim simulation ran for 1000ns
launch_simulation: Time (s): cpu = 00:00:04 ; elapsed = 00:01:05 . Memory (MB): peak = 1253.750 ; gain = 0.000
current_wave_config {Untitled 2}
Untitled 2
add_wave {{/srio_sim/srio_example_top_primary/srio_support_inst/sys_clkp}} {{/srio_sim/srio_example_top_primary/srio_support_inst/sys_clkn}} {{/srio_sim/srio_example_top_primary/srio_support_inst/sys_rst}} {{/srio_sim/srio_example_top_primary/srio_support_inst/log_clk_out}} {{/srio_sim/srio_example_top_primary/srio_support_inst/phy_clk_out}} {{/srio_sim/srio_example_top_primary/srio_support_inst/gt_clk_out}} {{/srio_sim/srio_example_top_primary/srio_support_inst/gt_pcs_clk_out}} {{/srio_sim/srio_example_top_primary/srio_support_inst/drpclk_out}} {{/srio_sim/srio_example_top_primary/srio_support_inst/refclk_out}} {{/srio_sim/srio_example_top_primary/srio_support_inst/clk_lock_out}} {{/srio_sim/srio_example_top_primary/srio_support_inst/log_rst_out}} {{/srio_sim/srio_example_top_primary/srio_support_inst/phy_rst_out}} {{/srio_sim/srio_example_top_primary/srio_support_inst/buf_rst_out}} {{/srio_sim/srio_example_top_primary/srio_support_inst/cfg_rst_out}} {{/srio_sim/srio_example_top_primary/srio_support_inst/gt_pcs_rst_out}} {{/srio_sim/srio_example_top_primary/srio_support_inst/gt0_qpll_clk_out}} {{/srio_sim/srio_example_top_primary/srio_support_inst/gt0_qpll_out_refclk_out}} {{/srio_sim/srio_example_top_primary/srio_support_inst/s_axi_maintr_rst}} {{/srio_sim/srio_example_top_primary/srio_support_inst/srio_rxn0}} {{/srio_sim/srio_example_top_primary/srio_support_inst/srio_rxp0}} {{/srio_sim/srio_example_top_primary/srio_support_inst/srio_txn0}} {{/srio_sim/srio_example_top_primary/srio_support_inst/srio_txp0}} {{/srio_sim/srio_example_top_primary/srio_support_inst/s_axis_ireq_tvalid}} {{/srio_sim/srio_example_top_primary/srio_support_inst/s_axis_ireq_tready}} {{/srio_sim/srio_example_top_primary/srio_support_inst/s_axis_ireq_tlast}} {{/srio_sim/srio_example_top_primary/srio_support_inst/s_axis_ireq_tdata}} {{/srio_sim/srio_example_top_primary/srio_support_inst/s_axis_ireq_tkeep}} {{/srio_sim/srio_example_top_primary/srio_support_inst/s_axis_ireq_tuser}} {{/srio_sim/srio_example_top_primary/srio_support_inst/m_axis_iresp_tvalid}} {{/srio_sim/srio_example_top_primary/srio_support_inst/m_axis_iresp_tready}} {{/srio_sim/srio_example_top_primary/srio_support_inst/m_axis_iresp_tlast}} {{/srio_sim/srio_example_top_primary/srio_support_inst/m_axis_iresp_tdata}} {{/srio_sim/srio_example_top_primary/srio_support_inst/m_axis_iresp_tkeep}} {{/srio_sim/srio_example_top_primary/srio_support_inst/m_axis_iresp_tuser}} {{/srio_sim/srio_example_top_primary/srio_support_inst/m_axis_treq_tvalid}} {{/srio_sim/srio_example_top_primary/srio_support_inst/m_axis_treq_tready}} {{/srio_sim/srio_example_top_primary/srio_support_inst/m_axis_treq_tlast}} {{/srio_sim/srio_example_top_primary/srio_support_inst/m_axis_treq_tdata}} {{/srio_sim/srio_example_top_primary/srio_support_inst/m_axis_treq_tkeep}} {{/srio_sim/srio_example_top_primary/srio_support_inst/m_axis_treq_tuser}} {{/srio_sim/srio_example_top_primary/srio_support_inst/s_axis_tresp_tvalid}} {{/srio_sim/srio_example_top_primary/srio_support_inst/s_axis_tresp_tready}} {{/srio_sim/srio_example_top_primary/srio_support_inst/s_axis_tresp_tlast}} {{/srio_sim/srio_example_top_primary/srio_support_inst/s_axis_tresp_tdata}} {{/srio_sim/srio_example_top_primary/srio_support_inst/s_axis_tresp_tkeep}} {{/srio_sim/srio_example_top_primary/srio_support_inst/s_axis_tresp_tuser}} {{/srio_sim/srio_example_top_primary/srio_support_inst/s_axi_maintr_awvalid}} {{/srio_sim/srio_example_top_primary/srio_support_inst/s_axi_maintr_awready}} {{/srio_sim/srio_example_top_primary/srio_support_inst/s_axi_maintr_awaddr}} {{/srio_sim/srio_example_top_primary/srio_support_inst/s_axi_maintr_wvalid}} {{/srio_sim/srio_example_top_primary/srio_support_inst/s_axi_maintr_wready}} {{/srio_sim/srio_example_top_primary/srio_support_inst/s_axi_maintr_wdata}} {{/srio_sim/srio_example_top_primary/srio_support_inst/s_axi_maintr_bvalid}} {{/srio_sim/srio_example_top_primary/srio_support_inst/s_axi_maintr_bready}} {{/srio_sim/srio_example_top_primary/srio_support_inst/s_axi_maintr_bresp}} {{/srio_sim/srio_example_top_primary/srio_support_inst/s_axi_maintr_arvalid}} {{/srio_sim/srio_example_top_primary/srio_support_inst/s_axi_maintr_arready}} {{/srio_sim/srio_example_top_primary/srio_support_inst/s_axi_maintr_araddr}} {{/srio_sim/srio_example_top_primary/srio_support_inst/s_axi_maintr_rvalid}} {{/srio_sim/srio_example_top_primary/srio_support_inst/s_axi_maintr_rready}} {{/srio_sim/srio_example_top_primary/srio_support_inst/s_axi_maintr_rdata}} {{/srio_sim/srio_example_top_primary/srio_support_inst/s_axi_maintr_rresp}} {{/srio_sim/srio_example_top_primary/srio_support_inst/sim_train_en}} {{/srio_sim/srio_example_top_primary/srio_support_inst/force_reinit}} {{/srio_sim/srio_example_top_primary/srio_support_inst/phy_mce}} {{/srio_sim/srio_example_top_primary/srio_support_inst/phy_link_reset}} {{/srio_sim/srio_example_top_primary/srio_support_inst/phy_rcvd_mce}} {{/srio_sim/srio_example_top_primary/srio_support_inst/phy_rcvd_link_reset}} {{/srio_sim/srio_example_top_primary/srio_support_inst/phy_debug}} {{/srio_sim/srio_example_top_primary/srio_support_inst/gtrx_disperr_or}} {{/srio_sim/srio_example_top_primary/srio_support_inst/gtrx_notintable_or}} {{/srio_sim/srio_example_top_primary/srio_support_inst/port_error}} {{/srio_sim/srio_example_top_primary/srio_support_inst/port_timeout}} {{/srio_sim/srio_example_top_primary/srio_support_inst/srio_host}} {{/srio_sim/srio_example_top_primary/srio_support_inst/port_decode_error}} {{/srio_sim/srio_example_top_primary/srio_support_inst/deviceid}} {{/srio_sim/srio_example_top_primary/srio_support_inst/idle2_selected}} {{/srio_sim/srio_example_top_primary/srio_support_inst/phy_lcl_master_enable_out}} {{/srio_sim/srio_example_top_primary/srio_support_inst/buf_lcl_response_only_out}} {{/srio_sim/srio_example_top_primary/srio_support_inst/buf_lcl_tx_flow_control_out}} {{/srio_sim/srio_example_top_primary/srio_support_inst/buf_lcl_phy_buf_stat_out}} {{/srio_sim/srio_example_top_primary/srio_support_inst/phy_lcl_phy_next_fm_out}} {{/srio_sim/srio_example_top_primary/srio_support_inst/phy_lcl_phy_last_ack_out}} {{/srio_sim/srio_example_top_primary/srio_support_inst/phy_lcl_phy_rewind_out}} {{/srio_sim/srio_example_top_primary/srio_support_inst/phy_lcl_phy_rcvd_buf_stat_out}} {{/srio_sim/srio_example_top_primary/srio_support_inst/phy_lcl_maint_only_out}} {{/srio_sim/srio_example_top_primary/srio_support_inst/port_initialized}} {{/srio_sim/srio_example_top_primary/srio_support_inst/link_initialized}} {{/srio_sim/srio_example_top_primary/srio_support_inst/idle_selected}} {{/srio_sim/srio_example_top_primary/srio_support_inst/mode_1x}} {{/srio_sim/srio_example_top_primary/srio_support_inst/controlled_force_reinit}} {{/srio_sim/srio_example_top_primary/srio_support_inst/clk_lock_out_int}} {{/srio_sim/srio_example_top_primary/srio_support_inst/gt0_qpll_clk_in}} {{/srio_sim/srio_example_top_primary/srio_support_inst/gt0_qpll_out_refclk_in}} {{/srio_sim/srio_example_top_primary/srio_support_inst/log_lcl_cfg_rst}} {{/srio_sim/srio_example_top_primary/srio_support_inst/log_rst}} {{/srio_sim/srio_example_top_primary/srio_support_inst/buf_rst}} {{/srio_sim/srio_example_top_primary/srio_support_inst/phy_rst}} {{/srio_sim/srio_example_top_primary/srio_support_inst/gt_pcs_rst}} {{/srio_sim/srio_example_top_primary/srio_support_inst/gt0_qpll_lock_out}} {{/srio_sim/srio_example_top_primary/srio_support_inst/TCQ}} {{/srio_sim/srio_example_top_primary/srio_support_inst/LINK_WIDTH}} {{/srio_sim/srio_example_top_primary/srio_support_inst/C_LINK_WIDTH}} 
run all


*****************************************************************
********************Port Initialized*****************************
*****************************************************************




*****************************************************************
********************Link Initialized*****************************
*****************************************************************


 
[        142788001000] IREQ Transaction
[        142788001000] INFO: Transmitting IO packet
[        142788001000]       Instruction #: 00 FTYPE: 6 TTYPE: 0 size-1: 0f
 
[        142788001000] IREQ Transaction
[        142788001000] INFO: Transmitting IO packet
[        142788001000]       Instruction #: 00 FTYPE: 6 TTYPE: 0 size-1: 0f
 
[        142900001000] IREQ Transaction
[        142900001000] INFO: Transmitting IO packet
[        142900001000]       Instruction #: 01 FTYPE: 6 TTYPE: 0 size-1: 0f
 
[        142900001000] IREQ Transaction
[        142900001000] INFO: Transmitting IO packet
[        142900001000]       Instruction #: 01 FTYPE: 6 TTYPE: 0 size-1: 0f
 
[        143012001000] IREQ Transaction
[        143012001000] INFO: Transmitting IO packet
[        143012001000]       Instruction #: 02 FTYPE: 6 TTYPE: 0 size-1: ff
 
[        143012001000] IREQ Transaction
[        143012001000] INFO: Transmitting IO packet
[        143012001000]       Instruction #: 02 FTYPE: 6 TTYPE: 0 size-1: ff
 
[        143604001000] IREQ Transaction
[        143604001000] INFO: Transmitting IO packet
[        143604001000]       Instruction #: 03 FTYPE: 6 TTYPE: 0 size-1: 7f
 
[        143604001000] IREQ Transaction
[        143604001000] INFO: Transmitting IO packet
[        143604001000]       Instruction #: 03 FTYPE: 6 TTYPE: 0 size-1: 7f
 
[        143780001000] INFO: Receiving IO packet
[        143780001000]       srcTID #: 00 FTYPE: 6 TTYPE: 0 size-1: 00
 
[        143780001000] INFO: Receiving IO packet
[        143780001000]       srcTID #: 00 FTYPE: 6 TTYPE: 0 size-1: 00
 
[        143908001000] INFO: Receiving IO packet
[        143908001000]       srcTID #: 00 FTYPE: 6 TTYPE: 0 size-1: 00
 
[        143908001000] INFO: Receiving IO packet
[        143908001000]       srcTID #: 00 FTYPE: 6 TTYPE: 0 size-1: 00
 
[        143940001000] IREQ Transaction
[        143940001000] INFO: Transmitting IO packet
[        143940001000]       Instruction #: 04 FTYPE: 6 TTYPE: 0 size-1: 5f
 
[        143940001000] IREQ Transaction
[        143940001000] INFO: Transmitting IO packet
[        143940001000]       Instruction #: 04 FTYPE: 6 TTYPE: 0 size-1: 5f
 
[        144212001000] IREQ Transaction
[        144212001000] INFO: Transmitting IO packet
[        144212001000]       Instruction #: 05 FTYPE: 6 TTYPE: 0 size-1: 3f
 
[        144212001000] IREQ Transaction
[        144212001000] INFO: Transmitting IO packet
[        144212001000]       Instruction #: 05 FTYPE: 6 TTYPE: 0 size-1: 3f
 
[        144420001000] IREQ Transaction
[        144420001000] INFO: Transmitting IO packet
[        144420001000]       Instruction #: 06 FTYPE: 6 TTYPE: 0 size-1: 1f
 
[        144420001000] IREQ Transaction
[        144420001000] INFO: Transmitting IO packet
[        144420001000]       Instruction #: 06 FTYPE: 6 TTYPE: 0 size-1: 1f
 
[        144564001000] IREQ Transaction
[        144564001000] INFO: Transmitting IO packet
[        144564001000]       Instruction #: 07 FTYPE: 6 TTYPE: 0 size-1: 0f
 
[        144564001000] IREQ Transaction
[        144564001000] INFO: Transmitting IO packet
[        144564001000]       Instruction #: 07 FTYPE: 6 TTYPE: 0 size-1: 0f
 
[        144676001000] IREQ Transaction
[        144676001000] INFO: Transmitting IO packet
[        144676001000]       Instruction #: 08 FTYPE: 6 TTYPE: 0 size-1: ff
 
[        144676001000] IREQ Transaction
[        144676001000] INFO: Transmitting IO packet
[        144676001000]       Instruction #: 08 FTYPE: 6 TTYPE: 0 size-1: ff
 
[        144964001000] INFO: Receiving IO packet
[        144964001000]       srcTID #: 00 FTYPE: 6 TTYPE: 0 size-1: 00
 
[        144964001000] INFO: Receiving IO packet
[        144964001000]       srcTID #: 00 FTYPE: 6 TTYPE: 0 size-1: 00
 
[        145268001000] IREQ Transaction
[        145268001000] INFO: Transmitting IO packet
[        145268001000]       Instruction #: 09 FTYPE: 6 TTYPE: 0 size-1: 7f
 
[        145268001000] IREQ Transaction
[        145268001000] INFO: Transmitting IO packet
[        145268001000]       Instruction #: 09 FTYPE: 6 TTYPE: 0 size-1: 7f
 
[        145493000000] INFO: Receiving IO packet
[        145493000000]       srcTID #: 00 FTYPE: 6 TTYPE: 0 size-1: 00
 
[        145493000000] INFO: Receiving IO packet
[        145493000000]       srcTID #: 00 FTYPE: 6 TTYPE: 0 size-1: 00
 
[        145604001000] IREQ Transaction
[        145604001000] INFO: Transmitting IO packet
[        145604001000]       Instruction #: 0a FTYPE: 6 TTYPE: 0 size-1: 5f
 
[        145604001000] IREQ Transaction
[        145604001000] INFO: Transmitting IO packet
[        145604001000]       Instruction #: 0a FTYPE: 6 TTYPE: 0 size-1: 5f
 
[        145765000000] INFO: Receiving IO packet
[        145765000000]       srcTID #: 00 FTYPE: 6 TTYPE: 0 size-1: 00
 
[        145765000000] INFO: Receiving IO packet
[        145765000000]       srcTID #: 00 FTYPE: 6 TTYPE: 0 size-1: 00
 
[        145876001000] IREQ Transaction
[        145876001000] INFO: Transmitting IO packet
[        145876001000]       Instruction #: 0b FTYPE: 6 TTYPE: 0 size-1: 3f
 
[        145876001000] IREQ Transaction
[        145876001000] INFO: Transmitting IO packet
[        145876001000]       Instruction #: 0b FTYPE: 6 TTYPE: 0 size-1: 3f
 
[        145973000000] INFO: Receiving IO packet
[        145973000000]       srcTID #: 00 FTYPE: 6 TTYPE: 0 size-1: 00
 
[        145973000000] INFO: Receiving IO packet
[        145973000000]       srcTID #: 00 FTYPE: 6 TTYPE: 0 size-1: 00
 
[        146084001000] IREQ Transaction
[        146084001000] INFO: Transmitting IO packet
[        146084001000]       Instruction #: 0c FTYPE: 6 TTYPE: 0 size-1: 1f
 
[        146084001000] IREQ Transaction
[        146084001000] INFO: Transmitting IO packet
[        146084001000]       Instruction #: 0c FTYPE: 6 TTYPE: 0 size-1: 1f
 
[        146117000000] INFO: Receiving IO packet
[        146117000000]       srcTID #: 00 FTYPE: 6 TTYPE: 0 size-1: 00
 
[        146117000000] INFO: Receiving IO packet
[        146117000000]       srcTID #: 00 FTYPE: 6 TTYPE: 0 size-1: 00
 
[        146197000000] INFO: Receiving IO packet
[        146197000000]       srcTID #: 00 FTYPE: 6 TTYPE: 0 size-1: 00
 
[        146197000000] INFO: Receiving IO packet
[        146197000000]       srcTID #: 00 FTYPE: 6 TTYPE: 0 size-1: 00
 
[        146228001000] IREQ Transaction
[        146228001000] INFO: Transmitting IO packet
[        146228001000]       Instruction #: 0d FTYPE: 6 TTYPE: 0 size-1: 0f
 
[        146228001000] IREQ Transaction
[        146228001000] INFO: Transmitting IO packet
[        146228001000]       Instruction #: 0d FTYPE: 6 TTYPE: 0 size-1: 0f
 
[        146340001000] IREQ Transaction
[        146340001000] INFO: Transmitting IO packet
[        146340001000]       Instruction #: 0e FTYPE: 6 TTYPE: 0 size-1: 07
 
[        146340001000] IREQ Transaction
[        146340001000] INFO: Transmitting IO packet
[        146340001000]       Instruction #: 0e FTYPE: 6 TTYPE: 0 size-1: 07
 
[        146436001000] IREQ Transaction
[        146436001000] INFO: Transmitting IO packet
[        146436001000]       Instruction #: 0f FTYPE: 6 TTYPE: 0 size-1: 06
 
[        146436001000] IREQ Transaction
[        146436001000] INFO: Transmitting IO packet
[        146436001000]       Instruction #: 0f FTYPE: 6 TTYPE: 0 size-1: 06
 
[        146532001000] IREQ Transaction
[        146532001000] INFO: Transmitting IO packet
[        146532001000]       Instruction #: 10 FTYPE: 6 TTYPE: 0 size-1: 06
 
[        146532001000] IREQ Transaction
[        146532001000] INFO: Transmitting IO packet
[        146532001000]       Instruction #: 10 FTYPE: 6 TTYPE: 0 size-1: 06
 
[        146628001000] IREQ Transaction
[        146628001000] INFO: Transmitting IO packet
[        146628001000]       Instruction #: 11 FTYPE: 6 TTYPE: 0 size-1: 05
 
[        146628001000] IREQ Transaction
[        146628001000] INFO: Transmitting IO packet
[        146628001000]       Instruction #: 11 FTYPE: 6 TTYPE: 0 size-1: 05
 
[        146644001000] INFO: Receiving IO packet
[        146644001000]       srcTID #: 00 FTYPE: 6 TTYPE: 0 size-1: 00
 
[        146644001000] INFO: Receiving IO packet
[        146644001000]       srcTID #: 00 FTYPE: 6 TTYPE: 0 size-1: 00
 
[        146724001000] IREQ Transaction
[        146724001000] INFO: Transmitting IO packet
[        146724001000]       Instruction #: 12 FTYPE: 6 TTYPE: 0 size-1: 05
 
[        146724001000] IREQ Transaction
[        146724001000] INFO: Transmitting IO packet
[        146724001000]       Instruction #: 12 FTYPE: 6 TTYPE: 0 size-1: 05
 
[        146820001000] IREQ Transaction
[        146820001000] INFO: Transmitting IO packet
[        146820001000]       Instruction #: 13 FTYPE: 6 TTYPE: 0 size-1: 04
 
[        146820001000] IREQ Transaction
[        146820001000] INFO: Transmitting IO packet
[        146820001000]       Instruction #: 13 FTYPE: 6 TTYPE: 0 size-1: 04
 
[        146916001000] IREQ Transaction
[        146916001000] INFO: Transmitting IO packet
[        146916001000]       Instruction #: 14 FTYPE: 6 TTYPE: 0 size-1: 04
 
[        146916001000] IREQ Transaction
[        146916001000] INFO: Transmitting IO packet
[        146916001000]       Instruction #: 14 FTYPE: 6 TTYPE: 0 size-1: 04
 
[        147012001000] IREQ Transaction
[        147012001000] INFO: Transmitting IO packet
[        147012001000]       Instruction #: 15 FTYPE: 6 TTYPE: 0 size-1: 03
 
[        147012001000] IREQ Transaction
[        147012001000] INFO: Transmitting IO packet
[        147012001000]       Instruction #: 15 FTYPE: 6 TTYPE: 0 size-1: 03
 
[        147108001000] IREQ Transaction
[        147108001000] INFO: Transmitting IO packet
[        147108001000]       Instruction #: 16 FTYPE: 6 TTYPE: 0 size-1: 03
 
[        147108001000] IREQ Transaction
[        147108001000] INFO: Transmitting IO packet
[        147108001000]       Instruction #: 16 FTYPE: 6 TTYPE: 0 size-1: 03
 
[        147173000000] INFO: Receiving IO packet
[        147173000000]       srcTID #: 00 FTYPE: 6 TTYPE: 0 size-1: 00
 
[        147173000000] INFO: Receiving IO packet
[        147173000000]       srcTID #: 00 FTYPE: 6 TTYPE: 0 size-1: 00
 
[        147204001000] IREQ Transaction
[        147204001000] INFO: Transmitting IO packet
[        147204001000]       Instruction #: 17 FTYPE: 6 TTYPE: 0 size-1: 02
 
[        147204001000] IREQ Transaction
[        147204001000] INFO: Transmitting IO packet
[        147204001000]       Instruction #: 17 FTYPE: 6 TTYPE: 0 size-1: 02
 
[        147300001000] IREQ Transaction
[        147300001000] INFO: Transmitting IO packet
[        147300001000]       Instruction #: 18 FTYPE: 6 TTYPE: 0 size-1: 02
 
[        147300001000] IREQ Transaction
[        147300001000] INFO: Transmitting IO packet
[        147300001000]       Instruction #: 18 FTYPE: 6 TTYPE: 0 size-1: 02
 
[        147396001000] IREQ Transaction
[        147396001000] INFO: Transmitting IO packet
[        147396001000]       Instruction #: 19 FTYPE: 6 TTYPE: 0 size-1: 01
 
[        147396001000] IREQ Transaction
[        147396001000] INFO: Transmitting IO packet
[        147396001000]       Instruction #: 19 FTYPE: 6 TTYPE: 0 size-1: 01
 
[        147445000000] INFO: Receiving IO packet
[        147445000000]       srcTID #: 00 FTYPE: 6 TTYPE: 0 size-1: 00
 
[        147445000000] INFO: Receiving IO packet
[        147445000000]       srcTID #: 00 FTYPE: 6 TTYPE: 0 size-1: 00
 
[        147492001000] IREQ Transaction
[        147492001000] INFO: Transmitting IO packet
[        147492001000]       Instruction #: 1a FTYPE: 6 TTYPE: 0 size-1: 01
 
[        147492001000] IREQ Transaction
[        147492001000] INFO: Transmitting IO packet
[        147492001000]       Instruction #: 1a FTYPE: 6 TTYPE: 0 size-1: 01
 
[        147588001000] IREQ Transaction
[        147588001000] INFO: Transmitting IO packet
[        147588001000]       Instruction #: 1b FTYPE: 6 TTYPE: 0 size-1: 01
 
[        147588001000] IREQ Transaction
[        147588001000] INFO: Transmitting IO packet
[        147588001000]       Instruction #: 1b FTYPE: 6 TTYPE: 0 size-1: 01
 
[        147653000000] INFO: Receiving IO packet
[        147653000000]       srcTID #: 00 FTYPE: 6 TTYPE: 0 size-1: 00
 
[        147653000000] INFO: Receiving IO packet
[        147653000000]       srcTID #: 00 FTYPE: 6 TTYPE: 0 size-1: 00
 
[        147684001000] IREQ Transaction
[        147684001000] INFO: Transmitting IO packet
[        147684001000]       Instruction #: 1c FTYPE: 6 TTYPE: 0 size-1: 01
 
[        147684001000] IREQ Transaction
[        147684001000] INFO: Transmitting IO packet
[        147684001000]       Instruction #: 1c FTYPE: 6 TTYPE: 0 size-1: 01
 
[        147780001000] IREQ Transaction
[        147780001000] INFO: Transmitting IO packet
[        147780001000]       Instruction #: 1d FTYPE: 6 TTYPE: 0 size-1: 00
 
[        147780001000] IREQ Transaction
[        147780001000] INFO: Transmitting IO packet
[        147780001000]       Instruction #: 1d FTYPE: 6 TTYPE: 0 size-1: 00
 
[        147797000000] INFO: Receiving IO packet
[        147797000000]       srcTID #: 00 FTYPE: 6 TTYPE: 0 size-1: 00
 
[        147797000000] INFO: Receiving IO packet
[        147797000000]       srcTID #: 00 FTYPE: 6 TTYPE: 0 size-1: 00
 
[        147876001000] IREQ Transaction
[        147876001000] INFO: Transmitting IO packet
[        147876001000]       Instruction #: 1e FTYPE: 6 TTYPE: 0 size-1: 00
 
[        147876001000] IREQ Transaction
[        147876001000] INFO: Transmitting IO packet
[        147876001000]       Instruction #: 1e FTYPE: 6 TTYPE: 0 size-1: 00
 
[        147877000000] INFO: Receiving IO packet
[        147877000000]       srcTID #: 00 FTYPE: 6 TTYPE: 0 size-1: 00
 
[        147877000000] INFO: Receiving IO packet
[        147877000000]       srcTID #: 00 FTYPE: 6 TTYPE: 0 size-1: 00
 
[        147925000000] INFO: Receiving IO packet
[        147925000000]       srcTID #: 00 FTYPE: 6 TTYPE: 0 size-1: 00
 
[        147925000000] INFO: Receiving IO packet
[        147925000000]       srcTID #: 00 FTYPE: 6 TTYPE: 0 size-1: 00
 
[        147957000000] INFO: Receiving IO packet
[        147957000000]       srcTID #: 00 FTYPE: 6 TTYPE: 0 size-1: 00
 
[        147957000000] INFO: Receiving IO packet
[        147957000000]       srcTID #: 00 FTYPE: 6 TTYPE: 0 size-1: 00
 
[        147972001000] IREQ Transaction
[        147972001000] INFO: Transmitting IO packet
[        147972001000]       Instruction #: 1f FTYPE: 6 TTYPE: 0 size-1: 00
 
[        147972001000] IREQ Transaction
[        147972001000] INFO: Transmitting IO packet
[        147972001000]       Instruction #: 1f FTYPE: 6 TTYPE: 0 size-1: 00
 
[        147989000000] INFO: Receiving IO packet
[        147989000000]       srcTID #: 00 FTYPE: 6 TTYPE: 0 size-1: 00
 
[        147989000000] INFO: Receiving IO packet
[        147989000000]       srcTID #: 00 FTYPE: 6 TTYPE: 0 size-1: 00
 
[        148021000000] INFO: Receiving IO packet
[        148021000000]       srcTID #: 00 FTYPE: 6 TTYPE: 0 size-1: 00
 
[        148021000000] INFO: Receiving IO packet
[        148021000000]       srcTID #: 00 FTYPE: 6 TTYPE: 0 size-1: 00
 
[        148053000000] INFO: Receiving IO packet
[        148053000000]       srcTID #: 00 FTYPE: 6 TTYPE: 0 size-1: 00
 
[        148053000000] INFO: Receiving IO packet
[        148053000000]       srcTID #: 00 FTYPE: 6 TTYPE: 0 size-1: 00
 
[        148068001000] IREQ Transaction
[        148068001000] INFO: Transmitting IO packet
[        148068001000]       Instruction #: 20 FTYPE: 6 TTYPE: 0 size-1: 00
 
[        148068001000] IREQ Transaction
[        148068001000] INFO: Transmitting IO packet
[        148068001000]       Instruction #: 20 FTYPE: 6 TTYPE: 0 size-1: 00
 
[        148085000000] INFO: Receiving IO packet
[        148085000000]       srcTID #: 00 FTYPE: 6 TTYPE: 0 size-1: 00
 
[        148085000000] INFO: Receiving IO packet
[        148085000000]       srcTID #: 00 FTYPE: 6 TTYPE: 0 size-1: 00
 
[        148117000000] INFO: Receiving IO packet
[        148117000000]       srcTID #: 00 FTYPE: 6 TTYPE: 0 size-1: 00
 
[        148117000000] INFO: Receiving IO packet
[        148117000000]       srcTID #: 00 FTYPE: 6 TTYPE: 0 size-1: 00
 
[        148149000000] INFO: Receiving IO packet
[        148149000000]       srcTID #: 00 FTYPE: 6 TTYPE: 0 size-1: 00
 
[        148149000000] INFO: Receiving IO packet
[        148149000000]       srcTID #: 00 FTYPE: 6 TTYPE: 0 size-1: 00
 
[        148164001000] IREQ Transaction
[        148164001000] INFO: Transmitting IO packet
[        148164001000]       Instruction #: 21 FTYPE: 6 TTYPE: 0 size-1: 00
 
[        148164001000] IREQ Transaction
[        148164001000] INFO: Transmitting IO packet
[        148164001000]       Instruction #: 21 FTYPE: 6 TTYPE: 0 size-1: 00
 
[        148181000000] INFO: Receiving IO packet
[        148181000000]       srcTID #: 00 FTYPE: 6 TTYPE: 0 size-1: 00
 
[        148181000000] INFO: Receiving IO packet
[        148181000000]       srcTID #: 00 FTYPE: 6 TTYPE: 0 size-1: 00
 
[        148213000000] INFO: Receiving IO packet
[        148213000000]       srcTID #: 00 FTYPE: 6 TTYPE: 0 size-1: 00
 
[        148213000000] INFO: Receiving IO packet
[        148213000000]       srcTID #: 00 FTYPE: 6 TTYPE: 0 size-1: 00
 
[        148260001000] IREQ Transaction
[        148260001000] INFO: Transmitting IO packet
[        148260001000]       Instruction #: 22 FTYPE: 6 TTYPE: 0 size-1: 00
 
[        148260001000] IREQ Transaction
[        148260001000] INFO: Transmitting IO packet
[        148260001000]       Instruction #: 22 FTYPE: 6 TTYPE: 0 size-1: 00
 
[        148324001000] INFO: Receiving IO packet
[        148324001000]       srcTID #: 00 FTYPE: 6 TTYPE: 0 size-1: 00
 
[        148324001000] INFO: Receiving IO packet
[        148324001000]       srcTID #: 00 FTYPE: 6 TTYPE: 0 size-1: 00
 
[        148356001000] IREQ Transaction
[        148356001000] INFO: Transmitting IO packet
[        148356001000]       Instruction #: 23 FTYPE: 6 TTYPE: 0 size-1: 00
 
[        148356001000] IREQ Transaction
[        148356001000] INFO: Transmitting IO packet
[        148356001000]       Instruction #: 23 FTYPE: 6 TTYPE: 0 size-1: 00
 
[        148357000000] INFO: Receiving IO packet
[        148357000000]       srcTID #: 00 FTYPE: 6 TTYPE: 0 size-1: 00
 
[        148357000000] INFO: Receiving IO packet
[        148357000000]       srcTID #: 00 FTYPE: 6 TTYPE: 0 size-1: 00
 
[        148452001000] IREQ Transaction
[        148452001000] INFO: Transmitting IO packet
[        148452001000]       Instruction #: 24 FTYPE: 6 TTYPE: 0 size-1: 00
 
[        148452001000] IREQ Transaction
[        148452001000] INFO: Transmitting IO packet
[        148452001000]       Instruction #: 24 FTYPE: 6 TTYPE: 0 size-1: 00
 
[        148468001000] INFO: Receiving IO packet
[        148468001000]       srcTID #: 00 FTYPE: 6 TTYPE: 0 size-1: 00
 
[        148468001000] INFO: Receiving IO packet
[        148468001000]       srcTID #: 00 FTYPE: 6 TTYPE: 0 size-1: 00
 
[        148548001000] IREQ Transaction
[        148548001000] INFO: Transmitting IO packet
[        148548001000]       Instruction #: 25 FTYPE: 5 TTYPE: 5 size-1: 05
 
[        148548001000] IREQ Transaction
[        148548001000] INFO: Transmitting IO packet
[        148548001000]       Instruction #: 25 FTYPE: 5 TTYPE: 5 size-1: 05
 
[        148580001000] INFO: Receiving IO packet
[        148580001000]       srcTID #: 00 FTYPE: 6 TTYPE: 0 size-1: 00
 
[        148580001000] INFO: Receiving IO packet
[        148580001000]       srcTID #: 00 FTYPE: 6 TTYPE: 0 size-1: 00
 
[        148644001000] IREQ Transaction
[        148644001000] INFO: Transmitting IO packet
[        148644001000]       Instruction #: 26 FTYPE: 5 TTYPE: 5 size-1: 04
 
[        148644001000] IREQ Transaction
[        148644001000] INFO: Transmitting IO packet
[        148644001000]       Instruction #: 26 FTYPE: 5 TTYPE: 5 size-1: 04
 
[        148708001000] INFO: Receiving IO packet
[        148708001000]       srcTID #: 00 FTYPE: 6 TTYPE: 0 size-1: 00
 
[        148708001000] INFO: Receiving IO packet
[        148708001000]       srcTID #: 00 FTYPE: 6 TTYPE: 0 size-1: 00
 
[        148740001000] IREQ Transaction
[        148740001000] INFO: Transmitting IO packet
[        148740001000]       Instruction #: 27 FTYPE: 5 TTYPE: 5 size-1: 04
 
[        148740001000] IREQ Transaction
[        148740001000] INFO: Transmitting IO packet
[        148740001000]       Instruction #: 27 FTYPE: 5 TTYPE: 5 size-1: 04
 
[        148820001000] INFO: Receiving IO packet
[        148820001000]       srcTID #: 00 FTYPE: 6 TTYPE: 0 size-1: 00
 
[        148820001000] INFO: Receiving IO packet
[        148820001000]       srcTID #: 00 FTYPE: 6 TTYPE: 0 size-1: 00
 
[        148836001000] IREQ Transaction
[        148836001000] INFO: Transmitting IO packet
[        148836001000]       Instruction #: 28 FTYPE: 5 TTYPE: 5 size-1: 03
 
[        148836001000] IREQ Transaction
[        148836001000] INFO: Transmitting IO packet
[        148836001000]       Instruction #: 28 FTYPE: 5 TTYPE: 5 size-1: 03
 
[        148853000000] INFO: Receiving IO packet
[        148853000000]       srcTID #: 00 FTYPE: 6 TTYPE: 0 size-1: 00
 
[        148853000000] INFO: Receiving IO packet
[        148853000000]       srcTID #: 00 FTYPE: 6 TTYPE: 0 size-1: 00
 
[        148932001000] IREQ Transaction
[        148932001000] INFO: Transmitting IO packet
[        148932001000]       Instruction #: 29 FTYPE: 5 TTYPE: 5 size-1: 03
 
[        148932001000] IREQ Transaction
[        148932001000] INFO: Transmitting IO packet
[        148932001000]       Instruction #: 29 FTYPE: 5 TTYPE: 5 size-1: 03
 
[        148964001000] INFO: Receiving IO packet
[        148964001000]       srcTID #: 00 FTYPE: 6 TTYPE: 0 size-1: 00
 
[        148964001000] INFO: Receiving IO packet
[        148964001000]       srcTID #: 00 FTYPE: 6 TTYPE: 0 size-1: 00
 
[        149028001000] IREQ Transaction
[        149028001000] INFO: Transmitting IO packet
[        149028001000]       Instruction #: 2a FTYPE: 5 TTYPE: 5 size-1: 02
 
[        149028001000] IREQ Transaction
[        149028001000] INFO: Transmitting IO packet
[        149028001000]       Instruction #: 2a FTYPE: 5 TTYPE: 5 size-1: 02
 
[        149076001000] INFO: Receiving IO packet
[        149076001000]       srcTID #: 00 FTYPE: 6 TTYPE: 0 size-1: 00
 
[        149076001000] INFO: Receiving IO packet
[        149076001000]       srcTID #: 00 FTYPE: 6 TTYPE: 0 size-1: 00
 
[        149109000000] INFO: Receiving IO packet
[        149109000000]       srcTID #: 00 FTYPE: 6 TTYPE: 0 size-1: 00
 
[        149109000000] INFO: Receiving IO packet
[        149109000000]       srcTID #: 00 FTYPE: 6 TTYPE: 0 size-1: 00
 
[        149124001000] IREQ Transaction
[        149124001000] INFO: Transmitting IO packet
[        149124001000]       Instruction #: 2b FTYPE: 5 TTYPE: 5 size-1: 02
 
[        149124001000] IREQ Transaction
[        149124001000] INFO: Transmitting IO packet
[        149124001000]       Instruction #: 2b FTYPE: 5 TTYPE: 5 size-1: 02
 
[        149220001000] IREQ Transaction
[        149220001000] INFO: Transmitting IO packet
[        149220001000]       Instruction #: 2c FTYPE: 5 TTYPE: 5 size-1: 01
 
[        149220001000] INFO: Receiving IO packet
[        149220001000]       srcTID #: 00 FTYPE: 6 TTYPE: 0 size-1: 00
 
[        149220001000] IREQ Transaction
[        149220001000] INFO: Transmitting IO packet
[        149220001000]       Instruction #: 2c FTYPE: 5 TTYPE: 5 size-1: 01
 
[        149220001000] INFO: Receiving IO packet
[        149220001000]       srcTID #: 00 FTYPE: 6 TTYPE: 0 size-1: 00
 
[        149316001000] IREQ Transaction
[        149316001000] INFO: Transmitting IO packet
[        149316001000]       Instruction #: 2d FTYPE: 5 TTYPE: 5 size-1: 01
 
[        149316001000] IREQ Transaction
[        149316001000] INFO: Transmitting IO packet
[        149316001000]       Instruction #: 2d FTYPE: 5 TTYPE: 5 size-1: 01
 
[        149332001000] INFO: Receiving IO packet
[        149332001000]       srcTID #: 00 FTYPE: 6 TTYPE: 0 size-1: 00
 
[        149332001000] INFO: Receiving IO packet
[        149332001000]       srcTID #: 00 FTYPE: 6 TTYPE: 0 size-1: 00
 
[        149412001000] IREQ Transaction
[        149412001000] INFO: Transmitting IO packet
[        149412001000]       Instruction #: 2e FTYPE: 5 TTYPE: 5 size-1: 01
 
[        149412001000] IREQ Transaction
[        149412001000] INFO: Transmitting IO packet
[        149412001000]       Instruction #: 2e FTYPE: 5 TTYPE: 5 size-1: 01
 
[        149444001000] INFO: Receiving IO packet
[        149444001000]       srcTID #: 00 FTYPE: 6 TTYPE: 0 size-1: 00
 
[        149444001000] INFO: Receiving IO packet
[        149444001000]       srcTID #: 00 FTYPE: 6 TTYPE: 0 size-1: 00
 
[        149508001000] IREQ Transaction
[        149508001000] INFO: Transmitting IO packet
[        149508001000]       Instruction #: 2f FTYPE: 5 TTYPE: 5 size-1: 01
 
[        149508001000] IREQ Transaction
[        149508001000] INFO: Transmitting IO packet
[        149508001000]       Instruction #: 2f FTYPE: 5 TTYPE: 5 size-1: 01
 
[        149572001000] INFO: Receiving IO packet
[        149572001000]       srcTID #: 25 FTYPE: 5 TTYPE: 5 size-1: 05
 
[        149572001000] INFO: Receiving IO packet
[        149572001000]       srcTID #: 25 FTYPE: 5 TTYPE: 5 size-1: 05
 
[        149604001000] IREQ Transaction
[        149604001000] INFO: Transmitting IO packet
[        149604001000]       Instruction #: 30 FTYPE: 5 TTYPE: 5 size-1: 00
 
[        149604001000] IREQ Transaction
[        149604001000] INFO: Transmitting IO packet
[        149604001000]       Instruction #: 30 FTYPE: 5 TTYPE: 5 size-1: 00
 
[        149620001000] INFO: Receiving IO packet
[        149620001000]       srcTID #: 26 FTYPE: 5 TTYPE: 5 size-1: 04
 
[        149620001000] INFO: Receiving IO packet
[        149620001000]       srcTID #: 26 FTYPE: 5 TTYPE: 5 size-1: 04
 
[        149668001000] INFO: Transmitting IO packet
[        149668001000]       Instruction #: 25 FTYPE: d TTYPE: 0 size-1: 00
 
[        149668001000] INFO: Transmitting IO packet
[        149668001000]       Instruction #: 25 FTYPE: d TTYPE: 0 size-1: 00
 
[        149700001000] IREQ Transaction
[        149700001000] INFO: Transmitting IO packet
[        149700001000]       Instruction #: 31 FTYPE: 5 TTYPE: 5 size-1: 00
 
[        149700001000] IREQ Transaction
[        149700001000] INFO: Transmitting IO packet
[        149700001000]       Instruction #: 31 FTYPE: 5 TTYPE: 5 size-1: 00
 
[        149748001000] INFO: Transmitting IO packet
[        149748001000]       Instruction #: 26 FTYPE: d TTYPE: 0 size-1: 00
 
[        149748001000] INFO: Receiving IO packet
[        149748001000]       srcTID #: 27 FTYPE: 5 TTYPE: 5 size-1: 04
 
[        149748001000] INFO: Transmitting IO packet
[        149748001000]       Instruction #: 26 FTYPE: d TTYPE: 0 size-1: 00
 
[        149748001000] INFO: Receiving IO packet
[        149748001000]       srcTID #: 27 FTYPE: 5 TTYPE: 5 size-1: 04
 
[        149796001000] IREQ Transaction
[        149796001000] INFO: Transmitting IO packet
[        149796001000]       Instruction #: 32 FTYPE: 5 TTYPE: 5 size-1: 00
 
[        149796001000] IREQ Transaction
[        149796001000] INFO: Transmitting IO packet
[        149796001000]       Instruction #: 32 FTYPE: 5 TTYPE: 5 size-1: 00
 
[        149860001000] INFO: Transmitting IO packet
[        149860001000]       Instruction #: 27 FTYPE: d TTYPE: 0 size-1: 00
 
[        149860001000] INFO: Transmitting IO packet
[        149860001000]       Instruction #: 27 FTYPE: d TTYPE: 0 size-1: 00
 
[        149876001000] INFO: Receiving IO packet
[        149876001000]       srcTID #: 28 FTYPE: 5 TTYPE: 5 size-1: 03
 
[        149876001000] INFO: Receiving IO packet
[        149876001000]       srcTID #: 28 FTYPE: 5 TTYPE: 5 size-1: 03
 
[        149892001000] IREQ Transaction
[        149892001000] INFO: Transmitting IO packet
[        149892001000]       Instruction #: 33 FTYPE: 5 TTYPE: 5 size-1: 00
 
[        149892001000] IREQ Transaction
[        149892001000] INFO: Transmitting IO packet
[        149892001000]       Instruction #: 33 FTYPE: 5 TTYPE: 5 size-1: 00
 
[        149924001000] INFO: Receiving IO packet
[        149924001000]       srcTID #: 29 FTYPE: 5 TTYPE: 5 size-1: 03
 
[        149924001000] INFO: Receiving IO packet
[        149924001000]       srcTID #: 29 FTYPE: 5 TTYPE: 5 size-1: 03
 
[        149988001000] IREQ Transaction
[        149988001000] INFO: Transmitting IO packet
[        149988001000]       Instruction #: 34 FTYPE: 5 TTYPE: 5 size-1: 00
 
[        149988001000] INFO: Transmitting IO packet
[        149988001000]       Instruction #: 28 FTYPE: d TTYPE: 0 size-1: 00
 
[        149988001000] IREQ Transaction
[        149988001000] INFO: Transmitting IO packet
[        149988001000]       Instruction #: 34 FTYPE: 5 TTYPE: 5 size-1: 00
 
[        149988001000] INFO: Transmitting IO packet
[        149988001000]       Instruction #: 28 FTYPE: d TTYPE: 0 size-1: 00
 
[        150052001000] INFO: Receiving IO packet
[        150052001000]       srcTID #: 2a FTYPE: 5 TTYPE: 5 size-1: 02
 
[        150052001000] INFO: Receiving IO packet
[        150052001000]       srcTID #: 2a FTYPE: 5 TTYPE: 5 size-1: 02
 
[        150068001000] INFO: Transmitting IO packet
[        150068001000]       Instruction #: 29 FTYPE: d TTYPE: 0 size-1: 00
 
[        150068001000] INFO: Transmitting IO packet
[        150068001000]       Instruction #: 29 FTYPE: d TTYPE: 0 size-1: 00
 
[        150084001000] IREQ Transaction
[        150084001000] INFO: Transmitting IO packet
[        150084001000]       Instruction #: 35 FTYPE: 5 TTYPE: 5 size-1: 00
 
[        150084001000] IREQ Transaction
[        150084001000] INFO: Transmitting IO packet
[        150084001000]       Instruction #: 35 FTYPE: 5 TTYPE: 5 size-1: 00
 
[        150100001000] INFO: Receiving IO packet
[        150100001000]       srcTID #: 2b FTYPE: 5 TTYPE: 5 size-1: 02
 
[        150100001000] INFO: Receiving IO packet
[        150100001000]       srcTID #: 2b FTYPE: 5 TTYPE: 5 size-1: 02
 
[        150164001000] INFO: Transmitting IO packet
[        150164001000]       Instruction #: 2a FTYPE: d TTYPE: 0 size-1: 00
 
[        150164001000] INFO: Transmitting IO packet
[        150164001000]       Instruction #: 2a FTYPE: d TTYPE: 0 size-1: 00
 
[        150196001000] IREQ Transaction
[        150196001000] INFO: Transmitting IO packet
[        150196001000]       Instruction #: 36 FTYPE: 5 TTYPE: 5 size-1: 00
 
[        150196001000] IREQ Transaction
[        150196001000] INFO: Transmitting IO packet
[        150196001000]       Instruction #: 36 FTYPE: 5 TTYPE: 5 size-1: 00
 
[        150228001000] INFO: Receiving IO packet
[        150228001000]       srcTID #: 2c FTYPE: 5 TTYPE: 5 size-1: 01
 
[        150228001000] INFO: Receiving IO packet
[        150228001000]       srcTID #: 2c FTYPE: 5 TTYPE: 5 size-1: 01
 
[        150244001000] INFO: Transmitting IO packet
[        150244001000]       Instruction #: 2b FTYPE: d TTYPE: 0 size-1: 00
 
[        150244001000] INFO: Transmitting IO packet
[        150244001000]       Instruction #: 2b FTYPE: d TTYPE: 0 size-1: 00
 
[        150292001000] IREQ Transaction
[        150292001000] INFO: Transmitting IO packet
[        150292001000]       Instruction #: 37 FTYPE: 5 TTYPE: 5 size-1: 00
 
[        150292001000] IREQ Transaction
[        150292001000] INFO: Transmitting IO packet
[        150292001000]       Instruction #: 37 FTYPE: 5 TTYPE: 5 size-1: 00
 
[        150340001000] INFO: Transmitting IO packet
[        150340001000]       Instruction #: 2c FTYPE: d TTYPE: 0 size-1: 00
 
[        150340001000] INFO: Transmitting IO packet
[        150340001000]       Instruction #: 2c FTYPE: d TTYPE: 0 size-1: 00
 
[        150356001000] INFO: Receiving IO packet
[        150356001000]       srcTID #: 2d FTYPE: 5 TTYPE: 5 size-1: 01
 
[        150356001000] INFO: Receiving IO packet
[        150356001000]       srcTID #: 2d FTYPE: 5 TTYPE: 5 size-1: 01
 
[        150388001000] IREQ Transaction
[        150388001000] INFO: Transmitting IO packet
[        150388001000]       Instruction #: 38 FTYPE: 5 TTYPE: 4 size-1: 0f
 
[        150388001000] IREQ Transaction
[        150388001000] INFO: Transmitting IO packet
[        150388001000]       Instruction #: 38 FTYPE: 5 TTYPE: 4 size-1: 0f
 
[        150404001000] INFO: Receiving IO packet
[        150404001000]       srcTID #: 2e FTYPE: 5 TTYPE: 5 size-1: 01
 
[        150404001000] INFO: Receiving IO packet
[        150404001000]       srcTID #: 2e FTYPE: 5 TTYPE: 5 size-1: 01
 
[        150468001000] INFO: Transmitting IO packet
[        150468001000]       Instruction #: 2d FTYPE: d TTYPE: 0 size-1: 00
 
[        150468001000] INFO: Transmitting IO packet
[        150468001000]       Instruction #: 2d FTYPE: d TTYPE: 0 size-1: 00
 
[        150500001000] IREQ Transaction
[        150500001000] INFO: Transmitting IO packet
[        150500001000]       Instruction #: 39 FTYPE: 5 TTYPE: 4 size-1: 0f
 
[        150500001000] IREQ Transaction
[        150500001000] INFO: Transmitting IO packet
[        150500001000]       Instruction #: 39 FTYPE: 5 TTYPE: 4 size-1: 0f
blk_mem_gen_v8_4_4 collision detected at time: 150532000, Instance: srio_sim.srio_example_top_mirror.srio_support_inst.srio_5gx1_inst.inst.srio_gen2_v4_1_11_unifiedtop_inst.buf_core_inst.buf_top_inst.buf_rx_inst.buf_rx_bram_bank_inst.blk_mem_inst.\native_mem_module.blk_mem_gen_v8_4_4_inst , A write address: 131, B  read address: 131
blk_mem_gen_v8_4_4 collision detected at time: 150532000, Instance: srio_sim.srio_example_top_primary.srio_support_inst.srio_5gx1_inst.inst.srio_gen2_v4_1_11_unifiedtop_inst.buf_core_inst.buf_top_inst.buf_rx_inst.buf_rx_bram_bank_inst.blk_mem_inst.\native_mem_module.blk_mem_gen_v8_4_4_inst , A write address: 131, B  read address: 131
 
[        150532001000] INFO: Receiving IO packet
[        150532001000]       srcTID #: 2f FTYPE: 5 TTYPE: 5 size-1: 01
 
[        150532001000] INFO: Receiving IO packet
[        150532001000]       srcTID #: 2f FTYPE: 5 TTYPE: 5 size-1: 01
 
[        150548001000] INFO: Transmitting IO packet
[        150548001000]       Instruction #: 2e FTYPE: d TTYPE: 0 size-1: 00
 
[        150548001000] INFO: Transmitting IO packet
[        150548001000]       Instruction #: 2e FTYPE: d TTYPE: 0 size-1: 00
 
[        150580001000] INFO: Receiving IO packet
[        150580001000]       srcTID #: 30 FTYPE: 5 TTYPE: 5 size-1: 00
 
[        150580001000] INFO: Receiving IO packet
[        150580001000]       srcTID #: 30 FTYPE: 5 TTYPE: 5 size-1: 00
 
[        150612001000] IREQ Transaction
[        150612001000] INFO: Transmitting IO packet
[        150612001000]       Instruction #: 3a FTYPE: 5 TTYPE: 4 size-1: 0f
 
[        150612001000] IREQ Transaction
[        150612001000] INFO: Transmitting IO packet
[        150612001000]       Instruction #: 3a FTYPE: 5 TTYPE: 4 size-1: 0f
 
[        150628001000] IRESP Receiption
[        150628001000] INFO: Receiving IO packet
[        150628001000]       srcTID #: 25 FTYPE: d TTYPE: 0 size-1: 00
 
[        150628001000] IRESP Receiption
[        150628001000] INFO: Receiving IO packet
[        150628001000]       srcTID #: 25 FTYPE: d TTYPE: 0 size-1: 00
 
[        150644001000] INFO: Transmitting IO packet
[        150644001000]       Instruction #: 2f FTYPE: d TTYPE: 0 size-1: 00
 
[        150644001000] INFO: Transmitting IO packet
[        150644001000]       Instruction #: 2f FTYPE: d TTYPE: 0 size-1: 00
 
[        150708001000] IRESP Receiption
[        150708001000] INFO: Receiving IO packet
[        150708001000]       srcTID #: 26 FTYPE: d TTYPE: 0 size-1: 00
 
[        150708001000] IRESP Receiption
[        150708001000] INFO: Receiving IO packet
[        150708001000]       srcTID #: 26 FTYPE: d TTYPE: 0 size-1: 00
 
[        150724001000] IREQ Transaction
[        150724001000] INFO: Transmitting IO packet
[        150724001000]       Instruction #: 3b FTYPE: 5 TTYPE: 4 size-1: ff
 
[        150724001000] INFO: Transmitting IO packet
[        150724001000]       Instruction #: 30 FTYPE: d TTYPE: 0 size-1: 00
 
[        150724001000] IREQ Transaction
[        150724001000] INFO: Transmitting IO packet
[        150724001000]       Instruction #: 3b FTYPE: 5 TTYPE: 4 size-1: ff
 
[        150724001000] INFO: Transmitting IO packet
[        150724001000]       Instruction #: 30 FTYPE: d TTYPE: 0 size-1: 00
 
[        150820001000] INFO: Receiving IO packet
[        150820001000]       srcTID #: 31 FTYPE: 5 TTYPE: 5 size-1: 00
 
[        150820001000] INFO: Receiving IO packet
[        150820001000]       srcTID #: 31 FTYPE: 5 TTYPE: 5 size-1: 00
 
[        150868001000] IRESP Receiption
[        150868001000] INFO: Receiving IO packet
[        150868001000]       srcTID #: 27 FTYPE: d TTYPE: 0 size-1: 00
 
[        150868001000] IRESP Receiption
[        150868001000] INFO: Receiving IO packet
[        150868001000]       srcTID #: 27 FTYPE: d TTYPE: 0 size-1: 00
 
[        150964001000] INFO: Receiving IO packet
[        150964001000]       srcTID #: 32 FTYPE: 5 TTYPE: 5 size-1: 00
 
[        150964001000] INFO: Receiving IO packet
[        150964001000]       srcTID #: 32 FTYPE: 5 TTYPE: 5 size-1: 00
 
[        151012001000] IRESP Receiption
[        151012001000] INFO: Receiving IO packet
[        151012001000]       srcTID #: 28 FTYPE: d TTYPE: 0 size-1: 00
 
[        151012001000] IRESP Receiption
[        151012001000] INFO: Receiving IO packet
[        151012001000]       srcTID #: 28 FTYPE: d TTYPE: 0 size-1: 00
 
[        151060001000] IRESP Receiption
[        151060001000] INFO: Receiving IO packet
[        151060001000]       srcTID #: 29 FTYPE: d TTYPE: 0 size-1: 00
 
[        151060001000] IRESP Receiption
[        151060001000] INFO: Receiving IO packet
[        151060001000]       srcTID #: 29 FTYPE: d TTYPE: 0 size-1: 00
 
[        151124001000] INFO: Receiving IO packet
[        151124001000]       srcTID #: 33 FTYPE: 5 TTYPE: 5 size-1: 00
 
[        151124001000] INFO: Receiving IO packet
[        151124001000]       srcTID #: 33 FTYPE: 5 TTYPE: 5 size-1: 00
 
[        151172001000] IRESP Receiption
[        151172001000] INFO: Receiving IO packet
[        151172001000]       srcTID #: 2a FTYPE: d TTYPE: 0 size-1: 00
 
[        151172001000] IRESP Receiption
[        151172001000] INFO: Receiving IO packet
[        151172001000]       srcTID #: 2a FTYPE: d TTYPE: 0 size-1: 00
 
[        151220001000] IRESP Receiption
[        151220001000] INFO: Receiving IO packet
[        151220001000]       srcTID #: 2b FTYPE: d TTYPE: 0 size-1: 00
 
[        151220001000] IRESP Receiption
[        151220001000] INFO: Receiving IO packet
[        151220001000]       srcTID #: 2b FTYPE: d TTYPE: 0 size-1: 00
 
[        151284001000] INFO: Receiving IO packet
[        151284001000]       srcTID #: 34 FTYPE: 5 TTYPE: 5 size-1: 00
 
[        151284001000] INFO: Receiving IO packet
[        151284001000]       srcTID #: 34 FTYPE: 5 TTYPE: 5 size-1: 00
 
[        151300001000] INFO: Transmitting IO packet
[        151300001000]       Instruction #: 31 FTYPE: d TTYPE: 0 size-1: 00
 
[        151300001000] INFO: Transmitting IO packet
[        151300001000]       Instruction #: 31 FTYPE: d TTYPE: 0 size-1: 00
 
[        151316001000] IREQ Transaction
[        151316001000] INFO: Transmitting IO packet
[        151316001000]       Instruction #: 3c FTYPE: 5 TTYPE: 4 size-1: 7f
 
[        151316001000] IREQ Transaction
[        151316001000] INFO: Transmitting IO packet
[        151316001000]       Instruction #: 3c FTYPE: 5 TTYPE: 4 size-1: 7f
 
[        151332001000] IRESP Receiption
[        151332001000] INFO: Receiving IO packet
[        151332001000]       srcTID #: 2c FTYPE: d TTYPE: 0 size-1: 00
 
[        151332001000] IRESP Receiption
[        151332001000] INFO: Receiving IO packet
[        151332001000]       srcTID #: 2c FTYPE: d TTYPE: 0 size-1: 00
 
[        151380001000] INFO: Transmitting IO packet
[        151380001000]       Instruction #: 32 FTYPE: d TTYPE: 0 size-1: 00
 
[        151380001000] INFO: Transmitting IO packet
[        151380001000]       Instruction #: 32 FTYPE: d TTYPE: 0 size-1: 00
 
[        151428001000] INFO: Receiving IO packet
[        151428001000]       srcTID #: 35 FTYPE: 5 TTYPE: 5 size-1: 00
 
[        151428001000] INFO: Receiving IO packet
[        151428001000]       srcTID #: 35 FTYPE: 5 TTYPE: 5 size-1: 00
 
[        151476001000] IRESP Receiption
[        151476001000] INFO: Receiving IO packet
[        151476001000]       srcTID #: 2d FTYPE: d TTYPE: 0 size-1: 00
 
[        151476001000] IRESP Receiption
[        151476001000] INFO: Receiving IO packet
[        151476001000]       srcTID #: 2d FTYPE: d TTYPE: 0 size-1: 00
 
[        151524001000] IRESP Receiption
[        151524001000] INFO: Receiving IO packet
[        151524001000]       srcTID #: 2e FTYPE: d TTYPE: 0 size-1: 00
 
[        151524001000] IRESP Receiption
[        151524001000] INFO: Receiving IO packet
[        151524001000]       srcTID #: 2e FTYPE: d TTYPE: 0 size-1: 00
 
[        151588001000] INFO: Receiving IO packet
[        151588001000]       srcTID #: 36 FTYPE: 5 TTYPE: 5 size-1: 00
 
[        151588001000] INFO: Receiving IO packet
[        151588001000]       srcTID #: 36 FTYPE: 5 TTYPE: 5 size-1: 00
 
[        151636001000] IRESP Receiption
[        151636001000] INFO: Receiving IO packet
[        151636001000]       srcTID #: 2f FTYPE: d TTYPE: 0 size-1: 00
 
[        151636001000] IRESP Receiption
[        151636001000] INFO: Receiving IO packet
[        151636001000]       srcTID #: 2f FTYPE: d TTYPE: 0 size-1: 00
 
[        151652001000] INFO: Transmitting IO packet
[        151652001000]       Instruction #: 33 FTYPE: d TTYPE: 0 size-1: 00
 
[        151652001000] INFO: Transmitting IO packet
[        151652001000]       Instruction #: 33 FTYPE: d TTYPE: 0 size-1: 00
 
[        151668001000] IREQ Transaction
[        151668001000] INFO: Transmitting IO packet
[        151668001000]       Instruction #: 3d FTYPE: 5 TTYPE: 4 size-1: 5f
 
[        151668001000] IREQ Transaction
[        151668001000] INFO: Transmitting IO packet
[        151668001000]       Instruction #: 3d FTYPE: 5 TTYPE: 4 size-1: 5f
 
[        151732001000] INFO: Transmitting IO packet
[        151732001000]       Instruction #: 34 FTYPE: d TTYPE: 0 size-1: 00
 
[        151732001000] INFO: Receiving IO packet
[        151732001000]       srcTID #: 37 FTYPE: 5 TTYPE: 5 size-1: 00
 
[        151732001000] INFO: Transmitting IO packet
[        151732001000]       Instruction #: 34 FTYPE: d TTYPE: 0 size-1: 00
 
[        151732001000] INFO: Receiving IO packet
[        151732001000]       srcTID #: 37 FTYPE: 5 TTYPE: 5 size-1: 00
 
[        151780001000] INFO: Receiving IO packet
[        151780001000]       srcTID #: 38 FTYPE: 5 TTYPE: 4 size-1: 0f
 
[        151780001000] INFO: Receiving IO packet
[        151780001000]       srcTID #: 38 FTYPE: 5 TTYPE: 4 size-1: 0f
 
[        151924001000] INFO: Receiving IO packet
[        151924001000]       srcTID #: 39 FTYPE: 5 TTYPE: 4 size-1: 0f
 
[        151924001000] INFO: Receiving IO packet
[        151924001000]       srcTID #: 39 FTYPE: 5 TTYPE: 4 size-1: 0f
 
[        151940001000] INFO: Transmitting IO packet
[        151940001000]       Instruction #: 35 FTYPE: d TTYPE: 0 size-1: 00
 
[        151940001000] INFO: Transmitting IO packet
[        151940001000]       Instruction #: 35 FTYPE: d TTYPE: 0 size-1: 00
 
[        151956001000] IREQ Transaction
[        151956001000] INFO: Transmitting IO packet
[        151956001000]       Instruction #: 3e FTYPE: 5 TTYPE: 4 size-1: 3f
 
[        151956001000] IREQ Transaction
[        151956001000] INFO: Transmitting IO packet
[        151956001000]       Instruction #: 3e FTYPE: 5 TTYPE: 4 size-1: 3f
 
[        151988001000] INFO: Receiving IO packet
[        151988001000]       srcTID #: 3a FTYPE: 5 TTYPE: 4 size-1: 0f
 
[        151988001000] INFO: Receiving IO packet
[        151988001000]       srcTID #: 3a FTYPE: 5 TTYPE: 4 size-1: 0f
 
[        152020001000] INFO: Transmitting IO packet
[        152020001000]       Instruction #: 36 FTYPE: d TTYPE: 0 size-1: 00
 
[        152020001000] INFO: Transmitting IO packet
[        152020001000]       Instruction #: 36 FTYPE: d TTYPE: 0 size-1: 00
 
[        152164001000] IRESP Receiption
[        152164001000] INFO: Receiving IO packet
[        152164001000]       srcTID #: 30 FTYPE: d TTYPE: 0 size-1: 00
 
[        152164001000] INFO: Transmitting IO packet
[        152164001000]       Instruction #: 37 FTYPE: d TTYPE: 0 size-1: 00
 
[        152164001000] IRESP Receiption
[        152164001000] INFO: Receiving IO packet
[        152164001000]       srcTID #: 30 FTYPE: d TTYPE: 0 size-1: 00
 
[        152164001000] INFO: Transmitting IO packet
[        152164001000]       Instruction #: 37 FTYPE: d TTYPE: 0 size-1: 00
 
[        152180001000] IREQ Transaction
[        152180001000] INFO: Transmitting IO packet
[        152180001000]       Instruction #: 3f FTYPE: 5 TTYPE: 4 size-1: 1f
 
[        152180001000] IREQ Transaction
[        152180001000] INFO: Transmitting IO packet
[        152180001000]       Instruction #: 3f FTYPE: 5 TTYPE: 4 size-1: 1f
 
[        152260001000] IRESP Receiption
[        152260001000] INFO: Receiving IO packet
[        152260001000]       srcTID #: 31 FTYPE: d TTYPE: 0 size-1: 00
 
[        152260001000] IRESP Receiption
[        152260001000] INFO: Receiving IO packet
[        152260001000]       srcTID #: 31 FTYPE: d TTYPE: 0 size-1: 00
 
[        152340001000] IREQ Transaction
[        152340001000] INFO: Transmitting IO packet
[        152340001000]       Instruction #: 40 FTYPE: 5 TTYPE: 4 size-1: 0f
 
[        152340001000] IREQ Transaction
[        152340001000] INFO: Transmitting IO packet
[        152340001000]       Instruction #: 40 FTYPE: 5 TTYPE: 4 size-1: 0f
 
[        152452001000] IREQ Transaction
[        152452001000] INFO: Transmitting IO packet
[        152452001000]       Instruction #: 41 FTYPE: 5 TTYPE: 4 size-1: ff
 
[        152452001000] IREQ Transaction
[        152452001000] INFO: Transmitting IO packet
[        152452001000]       Instruction #: 41 FTYPE: 5 TTYPE: 4 size-1: ff
 
[        152852001000] INFO: Receiving IO packet
[        152852001000]       srcTID #: 3b FTYPE: 5 TTYPE: 4 size-1: ff
 
[        152852001000] INFO: Receiving IO packet
[        152852001000]       srcTID #: 3b FTYPE: 5 TTYPE: 4 size-1: ff
 
[        153044001000] IREQ Transaction
[        153044001000] INFO: Transmitting IO packet
[        153044001000]       Instruction #: 42 FTYPE: 5 TTYPE: 4 size-1: 7f
 
[        153044001000] IREQ Transaction
[        153044001000] INFO: Transmitting IO packet
[        153044001000]       Instruction #: 42 FTYPE: 5 TTYPE: 4 size-1: 7f
 
[        153380001000] IREQ Transaction
[        153380001000] INFO: Transmitting IO packet
[        153380001000]       Instruction #: 43 FTYPE: 5 TTYPE: 4 size-1: 5f
 
[        153380001000] IREQ Transaction
[        153380001000] INFO: Transmitting IO packet
[        153380001000]       Instruction #: 43 FTYPE: 5 TTYPE: 4 size-1: 5f
 
[        153396001000] IRESP Receiption
[        153396001000] INFO: Receiving IO packet
[        153396001000]       srcTID #: 32 FTYPE: d TTYPE: 0 size-1: 00
 
[        153396001000] IRESP Receiption
[        153396001000] INFO: Receiving IO packet
[        153396001000]       srcTID #: 32 FTYPE: d TTYPE: 0 size-1: 00
 
[        153444001000] IRESP Receiption
[        153444001000] INFO: Receiving IO packet
[        153444001000]       srcTID #: 33 FTYPE: d TTYPE: 0 size-1: 00
 
[        153444001000] IRESP Receiption
[        153444001000] INFO: Receiving IO packet
[        153444001000]       srcTID #: 33 FTYPE: d TTYPE: 0 size-1: 00
 
[        153492001000] IRESP Receiption
[        153492001000] INFO: Receiving IO packet
[        153492001000]       srcTID #: 34 FTYPE: d TTYPE: 0 size-1: 00
 
[        153492001000] IRESP Receiption
[        153492001000] INFO: Receiving IO packet
[        153492001000]       srcTID #: 34 FTYPE: d TTYPE: 0 size-1: 00
 
[        153540001000] IRESP Receiption
[        153540001000] INFO: Receiving IO packet
[        153540001000]       srcTID #: 35 FTYPE: d TTYPE: 0 size-1: 00
 
[        153540001000] IRESP Receiption
[        153540001000] INFO: Receiving IO packet
[        153540001000]       srcTID #: 35 FTYPE: d TTYPE: 0 size-1: 00
 
[        153588001000] IRESP Receiption
[        153588001000] INFO: Receiving IO packet
[        153588001000]       srcTID #: 36 FTYPE: d TTYPE: 0 size-1: 00
 
[        153588001000] IRESP Receiption
[        153588001000] INFO: Receiving IO packet
[        153588001000]       srcTID #: 36 FTYPE: d TTYPE: 0 size-1: 00
 
[        153636001000] IRESP Receiption
[        153636001000] INFO: Receiving IO packet
[        153636001000]       srcTID #: 37 FTYPE: d TTYPE: 0 size-1: 00
 
[        153636001000] IRESP Receiption
[        153636001000] INFO: Receiving IO packet
[        153636001000]       srcTID #: 37 FTYPE: d TTYPE: 0 size-1: 00
 
[        153652001000] IREQ Transaction
[        153652001000] INFO: Transmitting IO packet
[        153652001000]       Instruction #: 44 FTYPE: 5 TTYPE: 4 size-1: 3f
 
[        153652001000] IREQ Transaction
[        153652001000] INFO: Transmitting IO packet
[        153652001000]       Instruction #: 44 FTYPE: 5 TTYPE: 4 size-1: 3f
 
[        153668001000] INFO: Receiving IO packet
[        153668001000]       srcTID #: 3c FTYPE: 5 TTYPE: 4 size-1: 7f
 
[        153668001000] INFO: Receiving IO packet
[        153668001000]       srcTID #: 3c FTYPE: 5 TTYPE: 4 size-1: 7f
 
[        153860001000] IREQ Transaction
[        153860001000] INFO: Transmitting IO packet
[        153860001000]       Instruction #: 45 FTYPE: 5 TTYPE: 4 size-1: 1f
 
[        153860001000] IREQ Transaction
[        153860001000] INFO: Transmitting IO packet
[        153860001000]       Instruction #: 45 FTYPE: 5 TTYPE: 4 size-1: 1f
 
[        153956001000] INFO: Receiving IO packet
[        153956001000]       srcTID #: 3d FTYPE: 5 TTYPE: 4 size-1: 5f
 
[        153956001000] INFO: Receiving IO packet
[        153956001000]       srcTID #: 3d FTYPE: 5 TTYPE: 4 size-1: 5f
 
[        154004001000] IREQ Transaction
[        154004001000] INFO: Transmitting IO packet
[        154004001000]       Instruction #: 46 FTYPE: 5 TTYPE: 4 size-1: 0f
 
[        154004001000] IREQ Transaction
[        154004001000] INFO: Transmitting IO packet
[        154004001000]       Instruction #: 46 FTYPE: 5 TTYPE: 4 size-1: 0f
 
[        154116001000] IREQ Transaction
[        154116001000] INFO: Transmitting IO packet
[        154116001000]       Instruction #: 47 FTYPE: 5 TTYPE: 4 size-1: 07
 
[        154116001000] IREQ Transaction
[        154116001000] INFO: Transmitting IO packet
[        154116001000]       Instruction #: 47 FTYPE: 5 TTYPE: 4 size-1: 07
 
[        154180001000] INFO: Receiving IO packet
[        154180001000]       srcTID #: 3e FTYPE: 5 TTYPE: 4 size-1: 3f
 
[        154180001000] INFO: Receiving IO packet
[        154180001000]       srcTID #: 3e FTYPE: 5 TTYPE: 4 size-1: 3f
 
[        154212001000] IREQ Transaction
[        154212001000] INFO: Transmitting IO packet
[        154212001000]       Instruction #: 48 FTYPE: 5 TTYPE: 4 size-1: 06
 
[        154212001000] IREQ Transaction
[        154212001000] INFO: Transmitting IO packet
[        154212001000]       Instruction #: 48 FTYPE: 5 TTYPE: 4 size-1: 06
 
[        154308001000] IREQ Transaction
[        154308001000] INFO: Transmitting IO packet
[        154308001000]       Instruction #: 49 FTYPE: 5 TTYPE: 4 size-1: 06
 
[        154308001000] IREQ Transaction
[        154308001000] INFO: Transmitting IO packet
[        154308001000]       Instruction #: 49 FTYPE: 5 TTYPE: 4 size-1: 06
 
[        154340001000] INFO: Receiving IO packet
[        154340001000]       srcTID #: 3f FTYPE: 5 TTYPE: 4 size-1: 1f
 
[        154340001000] INFO: Receiving IO packet
[        154340001000]       srcTID #: 3f FTYPE: 5 TTYPE: 4 size-1: 1f
 
[        154404001000] IREQ Transaction
[        154404001000] INFO: Transmitting IO packet
[        154404001000]       Instruction #: 4a FTYPE: 5 TTYPE: 4 size-1: 05
 
[        154404001000] IREQ Transaction
[        154404001000] INFO: Transmitting IO packet
[        154404001000]       Instruction #: 4a FTYPE: 5 TTYPE: 4 size-1: 05
 
[        154436001000] INFO: Receiving IO packet
[        154436001000]       srcTID #: 40 FTYPE: 5 TTYPE: 4 size-1: 0f
 
[        154436001000] INFO: Receiving IO packet
[        154436001000]       srcTID #: 40 FTYPE: 5 TTYPE: 4 size-1: 0f
 
[        154500001000] IREQ Transaction
[        154500001000] INFO: Transmitting IO packet
[        154500001000]       Instruction #: 4b FTYPE: 2 TTYPE: 4 size-1: 3f
 
[        154500001000] IREQ Transaction
[        154500001000] INFO: Transmitting IO packet
[        154500001000]       Instruction #: 4b FTYPE: 2 TTYPE: 4 size-1: 3f
 
[        154564001000] IREQ Transaction
[        154564001000] INFO: Transmitting IO packet
[        154564001000]       Instruction #: 4c FTYPE: 2 TTYPE: 4 size-1: 1f
 
[        154564001000] IREQ Transaction
[        154564001000] INFO: Transmitting IO packet
[        154564001000]       Instruction #: 4c FTYPE: 2 TTYPE: 4 size-1: 1f
 
[        154628001000] IREQ Transaction
[        154628001000] INFO: Transmitting IO packet
[        154628001000]       Instruction #: 4d FTYPE: 2 TTYPE: 4 size-1: 0f
 
[        154628001000] IREQ Transaction
[        154628001000] INFO: Transmitting IO packet
[        154628001000]       Instruction #: 4d FTYPE: 2 TTYPE: 4 size-1: 0f
 
[        154676001000] INFO: Receiving IO packet
[        154676001000]       srcTID #: 41 FTYPE: 5 TTYPE: 4 size-1: ff
 
[        154676001000] INFO: Receiving IO packet
[        154676001000]       srcTID #: 41 FTYPE: 5 TTYPE: 4 size-1: ff
 
[        154692001000] IREQ Transaction
[        154692001000] INFO: Transmitting IO packet
[        154692001000]       Instruction #: 4e FTYPE: 2 TTYPE: 4 size-1: 07
 
[        154692001000] IREQ Transaction
[        154692001000] INFO: Transmitting IO packet
[        154692001000]       Instruction #: 4e FTYPE: 2 TTYPE: 4 size-1: 07
 
[        154756001000] IREQ Transaction
[        154756001000] INFO: Transmitting IO packet
[        154756001000]       Instruction #: 4f FTYPE: 2 TTYPE: 4 size-1: 06
 
[        154756001000] IREQ Transaction
[        154756001000] INFO: Transmitting IO packet
[        154756001000]       Instruction #: 4f FTYPE: 2 TTYPE: 4 size-1: 06
 
[        154820001000] IREQ Transaction
[        154820001000] INFO: Transmitting IO packet
[        154820001000]       Instruction #: 50 FTYPE: 2 TTYPE: 4 size-1: 06
 
[        154820001000] IREQ Transaction
[        154820001000] INFO: Transmitting IO packet
[        154820001000]       Instruction #: 50 FTYPE: 2 TTYPE: 4 size-1: 06
 
[        154884001000] IREQ Transaction
[        154884001000] INFO: Transmitting IO packet
[        154884001000]       Instruction #: 51 FTYPE: 2 TTYPE: 4 size-1: 05
 
[        154884001000] IREQ Transaction
[        154884001000] INFO: Transmitting IO packet
[        154884001000]       Instruction #: 51 FTYPE: 2 TTYPE: 4 size-1: 05
 
[        154948001000] IREQ Transaction
[        154948001000] INFO: Transmitting IO packet
[        154948001000]       Instruction #: 52 FTYPE: 2 TTYPE: 4 size-1: 05
 
[        154948001000] IREQ Transaction
[        154948001000] INFO: Transmitting IO packet
[        154948001000]       Instruction #: 52 FTYPE: 2 TTYPE: 4 size-1: 05
 
[        155012001000] IREQ Transaction
[        155012001000] INFO: Transmitting IO packet
[        155012001000]       Instruction #: 53 FTYPE: 2 TTYPE: 4 size-1: 04
 
[        155012001000] IREQ Transaction
[        155012001000] INFO: Transmitting IO packet
[        155012001000]       Instruction #: 53 FTYPE: 2 TTYPE: 4 size-1: 04
 
[        155076001000] IREQ Transaction
[        155076001000] INFO: Transmitting IO packet
[        155076001000]       Instruction #: 54 FTYPE: 2 TTYPE: 4 size-1: 04
 
[        155076001000] IREQ Transaction
[        155076001000] INFO: Transmitting IO packet
[        155076001000]       Instruction #: 54 FTYPE: 2 TTYPE: 4 size-1: 04
 
[        155140001000] IREQ Transaction
[        155140001000] INFO: Transmitting IO packet
[        155140001000]       Instruction #: 55 FTYPE: 2 TTYPE: 4 size-1: 03
 
[        155140001000] IREQ Transaction
[        155140001000] INFO: Transmitting IO packet
[        155140001000]       Instruction #: 55 FTYPE: 2 TTYPE: 4 size-1: 03
 
[        155204001000] IREQ Transaction
[        155204001000] INFO: Transmitting IO packet
[        155204001000]       Instruction #: 56 FTYPE: 2 TTYPE: 4 size-1: 03
 
[        155204001000] IREQ Transaction
[        155204001000] INFO: Transmitting IO packet
[        155204001000]       Instruction #: 56 FTYPE: 2 TTYPE: 4 size-1: 03
 
[        155220001000] INFO: Receiving IO packet
[        155220001000]       srcTID #: 42 FTYPE: 5 TTYPE: 4 size-1: 7f
 
[        155220001000] INFO: Receiving IO packet
[        155220001000]       srcTID #: 42 FTYPE: 5 TTYPE: 4 size-1: 7f
 
[        155268001000] IREQ Transaction
[        155268001000] INFO: Transmitting IO packet
[        155268001000]       Instruction #: 57 FTYPE: 2 TTYPE: 4 size-1: 02
 
[        155268001000] IREQ Transaction
[        155268001000] INFO: Transmitting IO packet
[        155268001000]       Instruction #: 57 FTYPE: 2 TTYPE: 4 size-1: 02
 
[        155332001000] IREQ Transaction
[        155332001000] INFO: Transmitting IO packet
[        155332001000]       Instruction #: 58 FTYPE: 2 TTYPE: 4 size-1: 02
 
[        155332001000] IREQ Transaction
[        155332001000] INFO: Transmitting IO packet
[        155332001000]       Instruction #: 58 FTYPE: 2 TTYPE: 4 size-1: 02
 
[        155396001000] IREQ Transaction
[        155396001000] INFO: Transmitting IO packet
[        155396001000]       Instruction #: 59 FTYPE: 2 TTYPE: 4 size-1: 01
 
[        155396001000] IREQ Transaction
[        155396001000] INFO: Transmitting IO packet
[        155396001000]       Instruction #: 59 FTYPE: 2 TTYPE: 4 size-1: 01
 
[        155460001000] IREQ Transaction
[        155460001000] INFO: Transmitting IO packet
[        155460001000]       Instruction #: 5a FTYPE: 2 TTYPE: 4 size-1: 01
 
[        155460001000] IREQ Transaction
[        155460001000] INFO: Transmitting IO packet
[        155460001000]       Instruction #: 5a FTYPE: 2 TTYPE: 4 size-1: 01
 
[        155508001000] INFO: Receiving IO packet
[        155508001000]       srcTID #: 43 FTYPE: 5 TTYPE: 4 size-1: 5f
 
[        155508001000] INFO: Receiving IO packet
[        155508001000]       srcTID #: 43 FTYPE: 5 TTYPE: 4 size-1: 5f
 
[        155524001000] IREQ Transaction
[        155524001000] INFO: Transmitting IO packet
[        155524001000]       Instruction #: 5b FTYPE: 2 TTYPE: 4 size-1: 01
 
[        155524001000] IREQ Transaction
[        155524001000] INFO: Transmitting IO packet
[        155524001000]       Instruction #: 5b FTYPE: 2 TTYPE: 4 size-1: 01
 
[        155588001000] IREQ Transaction
[        155588001000] INFO: Transmitting IO packet
[        155588001000]       Instruction #: 5c FTYPE: 2 TTYPE: 4 size-1: 01
 
[        155588001000] IREQ Transaction
[        155588001000] INFO: Transmitting IO packet
[        155588001000]       Instruction #: 5c FTYPE: 2 TTYPE: 4 size-1: 01
 
[        155652001000] IREQ Transaction
[        155652001000] INFO: Transmitting IO packet
[        155652001000]       Instruction #: 5d FTYPE: 2 TTYPE: 4 size-1: 00
 
[        155652001000] IREQ Transaction
[        155652001000] INFO: Transmitting IO packet
[        155652001000]       Instruction #: 5d FTYPE: 2 TTYPE: 4 size-1: 00
 
[        155716001000] IREQ Transaction
[        155716001000] INFO: Transmitting IO packet
[        155716001000]       Instruction #: 5e FTYPE: 2 TTYPE: 4 size-1: 00
 
[        155716001000] IREQ Transaction
[        155716001000] INFO: Transmitting IO packet
[        155716001000]       Instruction #: 5e FTYPE: 2 TTYPE: 4 size-1: 00
 
[        155732001000] INFO: Receiving IO packet
[        155732001000]       srcTID #: 44 FTYPE: 5 TTYPE: 4 size-1: 3f
 
[        155732001000] INFO: Receiving IO packet
[        155732001000]       srcTID #: 44 FTYPE: 5 TTYPE: 4 size-1: 3f
 
[        155780001000] IREQ Transaction
[        155780001000] INFO: Transmitting IO packet
[        155780001000]       Instruction #: 5f FTYPE: 2 TTYPE: 4 size-1: 00
 
[        155780001000] IREQ Transaction
[        155780001000] INFO: Transmitting IO packet
[        155780001000]       Instruction #: 5f FTYPE: 2 TTYPE: 4 size-1: 00
 
[        155844001000] IREQ Transaction
[        155844001000] INFO: Transmitting IO packet
[        155844001000]       Instruction #: 60 FTYPE: 2 TTYPE: 4 size-1: 00
 
[        155844001000] IREQ Transaction
[        155844001000] INFO: Transmitting IO packet
[        155844001000]       Instruction #: 60 FTYPE: 2 TTYPE: 4 size-1: 00
 
[        155892001000] INFO: Receiving IO packet
[        155892001000]       srcTID #: 45 FTYPE: 5 TTYPE: 4 size-1: 1f
 
[        155892001000] INFO: Receiving IO packet
[        155892001000]       srcTID #: 45 FTYPE: 5 TTYPE: 4 size-1: 1f
 
[        155908001000] IREQ Transaction
[        155908001000] INFO: Transmitting IO packet
[        155908001000]       Instruction #: 61 FTYPE: 2 TTYPE: 4 size-1: 00
 
[        155908001000] IREQ Transaction
[        155908001000] INFO: Transmitting IO packet
[        155908001000]       Instruction #: 61 FTYPE: 2 TTYPE: 4 size-1: 00
 
[        155972001000] IREQ Transaction
[        155972001000] INFO: Transmitting IO packet
[        155972001000]       Instruction #: 62 FTYPE: 2 TTYPE: 4 size-1: 00
 
[        155972001000] IREQ Transaction
[        155972001000] INFO: Transmitting IO packet
[        155972001000]       Instruction #: 62 FTYPE: 2 TTYPE: 4 size-1: 00
 
[        155988001000] INFO: Receiving IO packet
[        155988001000]       srcTID #: 46 FTYPE: 5 TTYPE: 4 size-1: 0f
 
[        155988001000] INFO: Receiving IO packet
[        155988001000]       srcTID #: 46 FTYPE: 5 TTYPE: 4 size-1: 0f
 
[        156036001000] IREQ Transaction
[        156036001000] INFO: Transmitting IO packet
[        156036001000]       Instruction #: 63 FTYPE: 2 TTYPE: 4 size-1: 00
 
[        156036001000] IREQ Transaction
[        156036001000] INFO: Transmitting IO packet
[        156036001000]       Instruction #: 63 FTYPE: 2 TTYPE: 4 size-1: 00
 
[        156052001000] INFO: Receiving IO packet
[        156052001000]       srcTID #: 47 FTYPE: 5 TTYPE: 4 size-1: 07
 
[        156052001000] INFO: Receiving IO packet
[        156052001000]       srcTID #: 47 FTYPE: 5 TTYPE: 4 size-1: 07
 
[        156100001000] IREQ Transaction
[        156100001000] INFO: Transmitting IO packet
[        156100001000]       Instruction #: 64 FTYPE: 2 TTYPE: 4 size-1: 00
 
[        156100001000] INFO: Receiving IO packet
[        156100001000]       srcTID #: 48 FTYPE: 5 TTYPE: 4 size-1: 06
 
[        156100001000] IREQ Transaction
[        156100001000] INFO: Transmitting IO packet
[        156100001000]       Instruction #: 64 FTYPE: 2 TTYPE: 4 size-1: 00
 
[        156100001000] INFO: Receiving IO packet
[        156100001000]       srcTID #: 48 FTYPE: 5 TTYPE: 4 size-1: 06
 
[        156148001000] INFO: Receiving IO packet
[        156148001000]       srcTID #: 49 FTYPE: 5 TTYPE: 4 size-1: 06
 
[        156148001000] INFO: Receiving IO packet
[        156148001000]       srcTID #: 49 FTYPE: 5 TTYPE: 4 size-1: 06
 
[        156164001000] IREQ Transaction
[        156164001000] INFO: Transmitting IO packet
[        156164001000]       Instruction #: 65 FTYPE: a TTYPE: 0 size-1: 01
 
[        156164001000] IREQ Transaction
[        156164001000] INFO: Transmitting IO packet
[        156164001000]       Instruction #: 65 FTYPE: a TTYPE: 0 size-1: 01
 
[        156196001000] INFO: Receiving IO packet
[        156196001000]       srcTID #: 4a FTYPE: 5 TTYPE: 4 size-1: 05
 
[        156196001000] INFO: Receiving IO packet
[        156196001000]       srcTID #: 4a FTYPE: 5 TTYPE: 4 size-1: 05
 
[        156228001000] IREQ Transaction
[        156228001000] INFO: Transmitting IO packet
[        156228001000]       Instruction #: 66 FTYPE: a TTYPE: 0 size-1: 01
 
[        156228001000] IREQ Transaction
[        156228001000] INFO: Transmitting IO packet
[        156228001000]       Instruction #: 66 FTYPE: a TTYPE: 0 size-1: 01
 
[        156244001000] INFO: Receiving IO packet
[        156244001000]       srcTID #: 4b FTYPE: 2 TTYPE: 4 size-1: 3f
 
[        156244001000] INFO: Receiving IO packet
[        156244001000]       srcTID #: 4b FTYPE: 2 TTYPE: 4 size-1: 3f
 
[        156276001000] INFO: Receiving IO packet
[        156276001000]       srcTID #: 4c FTYPE: 2 TTYPE: 4 size-1: 1f
 
[        156276001000] INFO: Receiving IO packet
[        156276001000]       srcTID #: 4c FTYPE: 2 TTYPE: 4 size-1: 1f
 
[        156292001000] IREQ Transaction
[        156292001000] INFO: Transmitting IO packet
[        156292001000]       Instruction #: 00 FTYPE: b TTYPE: 0 size-1: 07
 
[        156292001000] IREQ Transaction
[        156292001000] INFO: Transmitting IO packet
[        156292001000]       Instruction #: 00 FTYPE: b TTYPE: 0 size-1: 07
 
[        156308001000] INFO: Receiving IO packet
[        156308001000]       srcTID #: 4d FTYPE: 2 TTYPE: 4 size-1: 0f
 
[        156308001000] INFO: Receiving IO packet
[        156308001000]       srcTID #: 4d FTYPE: 2 TTYPE: 4 size-1: 0f
 
[        156340001000] INFO: Receiving IO packet
[        156340001000]       srcTID #: 4e FTYPE: 2 TTYPE: 4 size-1: 07
 
[        156340001000] INFO: Receiving IO packet
[        156340001000]       srcTID #: 4e FTYPE: 2 TTYPE: 4 size-1: 07
 
[        156356001000] INFO: Transmitting IO packet
[        156356001000]       Instruction #: 4b FTYPE: d TTYPE: 8 size-1: 00
 
[        156356001000] INFO: Transmitting IO packet
[        156356001000]       Instruction #: 4b FTYPE: d TTYPE: 8 size-1: 00
 
[        156372001000] INFO: Receiving IO packet
[        156372001000]       srcTID #: 4f FTYPE: 2 TTYPE: 4 size-1: 06
 
[        156372001000] INFO: Receiving IO packet
[        156372001000]       srcTID #: 4f FTYPE: 2 TTYPE: 4 size-1: 06
 
[        156388001000] IREQ Transaction
[        156388001000] INFO: Transmitting IO packet
[        156388001000]       Instruction #: 00 FTYPE: b TTYPE: 0 size-1: 07
 
[        156388001000] IREQ Transaction
[        156388001000] INFO: Transmitting IO packet
[        156388001000]       Instruction #: 00 FTYPE: b TTYPE: 0 size-1: 07
 
[        156404001000] INFO: Receiving IO packet
[        156404001000]       srcTID #: 50 FTYPE: 2 TTYPE: 4 size-1: 06
 
[        156404001000] INFO: Receiving IO packet
[        156404001000]       srcTID #: 50 FTYPE: 2 TTYPE: 4 size-1: 06
 
[        156436001000] INFO: Receiving IO packet
[        156436001000]       srcTID #: 51 FTYPE: 2 TTYPE: 4 size-1: 05
 
[        156436001000] INFO: Receiving IO packet
[        156436001000]       srcTID #: 51 FTYPE: 2 TTYPE: 4 size-1: 05
 
[        156468001000] INFO: Receiving IO packet
[        156468001000]       srcTID #: 52 FTYPE: 2 TTYPE: 4 size-1: 05
 
[        156468001000] INFO: Receiving IO packet
[        156468001000]       srcTID #: 52 FTYPE: 2 TTYPE: 4 size-1: 05
 
[        156580001000] INFO: Transmitting IO packet
[        156580001000]       Instruction #: 4c FTYPE: d TTYPE: 8 size-1: 00
 
[        156580001000] INFO: Receiving IO packet
[        156580001000]       srcTID #: 53 FTYPE: 2 TTYPE: 4 size-1: 04
 
[        156580001000] INFO: Transmitting IO packet
[        156580001000]       Instruction #: 4c FTYPE: d TTYPE: 8 size-1: 00
 
[        156580001000] INFO: Receiving IO packet
[        156580001000]       srcTID #: 53 FTYPE: 2 TTYPE: 4 size-1: 04
 
[        156612001000] IREQ Transaction
[        156612001000] INFO: Transmitting IO packet
[        156612001000]       Instruction #: 00 FTYPE: b TTYPE: 0 size-1: 07
 
[        156612001000] INFO: Receiving IO packet
[        156612001000]       srcTID #: 54 FTYPE: 2 TTYPE: 4 size-1: 04
 
[        156612001000] IREQ Transaction
[        156612001000] INFO: Transmitting IO packet
[        156612001000]       Instruction #: 00 FTYPE: b TTYPE: 0 size-1: 07
 
[        156612001000] INFO: Receiving IO packet
[        156612001000]       srcTID #: 54 FTYPE: 2 TTYPE: 4 size-1: 04
 
[        156724001000] INFO: Receiving IO packet
[        156724001000]       srcTID #: 55 FTYPE: 2 TTYPE: 4 size-1: 03
 
[        156724001000] INFO: Receiving IO packet
[        156724001000]       srcTID #: 55 FTYPE: 2 TTYPE: 4 size-1: 03
 
[        156740001000] INFO: Transmitting IO packet
[        156740001000]       Instruction #: 4d FTYPE: d TTYPE: 8 size-1: 00
 
[        156740001000] INFO: Transmitting IO packet
[        156740001000]       Instruction #: 4d FTYPE: d TTYPE: 8 size-1: 00
 
[        156756001000] INFO: Receiving IO packet
[        156756001000]       srcTID #: 56 FTYPE: 2 TTYPE: 4 size-1: 03
 
[        156756001000] INFO: Receiving IO packet
[        156756001000]       srcTID #: 56 FTYPE: 2 TTYPE: 4 size-1: 03
 
[        156772001000] IREQ Transaction
[        156772001000] INFO: Transmitting IO packet
[        156772001000]       Instruction #: 00 FTYPE: b TTYPE: 0 size-1: 07
 
[        156772001000] IREQ Transaction
[        156772001000] INFO: Transmitting IO packet
[        156772001000]       Instruction #: 00 FTYPE: b TTYPE: 0 size-1: 07
 
[        156788001000] INFO: Receiving IO packet
[        156788001000]       srcTID #: 57 FTYPE: 2 TTYPE: 4 size-1: 02
 
[        156788001000] INFO: Receiving IO packet
[        156788001000]       srcTID #: 57 FTYPE: 2 TTYPE: 4 size-1: 02
 
[        156868001000] INFO: Transmitting IO packet
[        156868001000]       Instruction #: 4e FTYPE: d TTYPE: 8 size-1: 00
 
[        156868001000] INFO: Transmitting IO packet
[        156868001000]       Instruction #: 4e FTYPE: d TTYPE: 8 size-1: 00
 
[        156900001000] IREQ Transaction
[        156900001000] INFO: Transmitting IO packet
[        156900001000]       Instruction #: 00 FTYPE: b TTYPE: 0 size-1: 07
 
[        156900001000] INFO: Receiving IO packet
[        156900001000]       srcTID #: 58 FTYPE: 2 TTYPE: 4 size-1: 02
 
[        156900001000] IREQ Transaction
[        156900001000] INFO: Transmitting IO packet
[        156900001000]       Instruction #: 00 FTYPE: b TTYPE: 0 size-1: 07
 
[        156900001000] INFO: Receiving IO packet
[        156900001000]       srcTID #: 58 FTYPE: 2 TTYPE: 4 size-1: 02
 
[        156980001000] INFO: Transmitting IO packet
[        156980001000]       Instruction #: 4f FTYPE: d TTYPE: 8 size-1: 00
 
[        156980001000] INFO: Transmitting IO packet
[        156980001000]       Instruction #: 4f FTYPE: d TTYPE: 8 size-1: 00
 
[        157012001000] IREQ Transaction
[        157012001000] INFO: Transmitting IO packet
[        157012001000]       Instruction #: 00 FTYPE: b TTYPE: 0 size-1: 07
 
[        157012001000] IREQ Transaction
[        157012001000] INFO: Transmitting IO packet
[        157012001000]       Instruction #: 00 FTYPE: b TTYPE: 0 size-1: 07
 
[        157076001000] INFO: Receiving IO packet
[        157076001000]       srcTID #: 59 FTYPE: 2 TTYPE: 4 size-1: 01
 
[        157076001000] INFO: Receiving IO packet
[        157076001000]       srcTID #: 59 FTYPE: 2 TTYPE: 4 size-1: 01
 
[        157092001000] INFO: Transmitting IO packet
[        157092001000]       Instruction #: 50 FTYPE: d TTYPE: 8 size-1: 00
 
[        157092001000] INFO: Transmitting IO packet
[        157092001000]       Instruction #: 50 FTYPE: d TTYPE: 8 size-1: 00
 
[        157108001000] INFO: Receiving IO packet
[        157108001000]       srcTID #: 5a FTYPE: 2 TTYPE: 4 size-1: 01
 
[        157108001000] INFO: Receiving IO packet
[        157108001000]       srcTID #: 5a FTYPE: 2 TTYPE: 4 size-1: 01
 
[        157124001000] IREQ Transaction
[        157124001000] INFO: Transmitting IO packet
[        157124001000]       Instruction #: 00 FTYPE: b TTYPE: 0 size-1: 07
 
[        157124001000] IREQ Transaction
[        157124001000] INFO: Transmitting IO packet
[        157124001000]       Instruction #: 00 FTYPE: b TTYPE: 0 size-1: 07
 
[        157140001000] INFO: Receiving IO packet
[        157140001000]       srcTID #: 5b FTYPE: 2 TTYPE: 4 size-1: 01
 
[        157140001000] INFO: Receiving IO packet
[        157140001000]       srcTID #: 5b FTYPE: 2 TTYPE: 4 size-1: 01
 
[        157172001000] INFO: Receiving IO packet
[        157172001000]       srcTID #: 5c FTYPE: 2 TTYPE: 4 size-1: 01
 
[        157172001000] INFO: Receiving IO packet
[        157172001000]       srcTID #: 5c FTYPE: 2 TTYPE: 4 size-1: 01
 
[        157204001000] INFO: Transmitting IO packet
[        157204001000]       Instruction #: 51 FTYPE: d TTYPE: 8 size-1: 00
 
[        157204001000] INFO: Receiving IO packet
[        157204001000]       srcTID #: 5d FTYPE: 2 TTYPE: 4 size-1: 00
 
[        157204001000] INFO: Transmitting IO packet
[        157204001000]       Instruction #: 51 FTYPE: d TTYPE: 8 size-1: 00
 
[        157204001000] INFO: Receiving IO packet
[        157204001000]       srcTID #: 5d FTYPE: 2 TTYPE: 4 size-1: 00
 
[        157236001000] IREQ Transaction
[        157236001000] INFO: Transmitting IO packet
[        157236001000]       Instruction #: 00 FTYPE: b TTYPE: 0 size-1: 07
 
[        157236001000] INFO: Receiving IO packet
[        157236001000]       srcTID #: 5e FTYPE: 2 TTYPE: 4 size-1: 00
 
[        157236001000] IREQ Transaction
[        157236001000] INFO: Transmitting IO packet
[        157236001000]       Instruction #: 00 FTYPE: b TTYPE: 0 size-1: 07
 
[        157236001000] INFO: Receiving IO packet
[        157236001000]       srcTID #: 5e FTYPE: 2 TTYPE: 4 size-1: 00
 
[        157316001000] INFO: Transmitting IO packet
[        157316001000]       Instruction #: 52 FTYPE: d TTYPE: 8 size-1: 00
 
[        157316001000] INFO: Transmitting IO packet
[        157316001000]       Instruction #: 52 FTYPE: d TTYPE: 8 size-1: 00
 
[        157348001000] IREQ Transaction
[        157348001000] INFO: Transmitting IO packet
[        157348001000]       Instruction #: 00 FTYPE: b TTYPE: 0 size-1: 07
 
[        157348001000] INFO: Receiving IO packet
[        157348001000]       srcTID #: 5f FTYPE: 2 TTYPE: 4 size-1: 00
 
[        157348001000] IREQ Transaction
[        157348001000] INFO: Transmitting IO packet
[        157348001000]       Instruction #: 00 FTYPE: b TTYPE: 0 size-1: 07
 
[        157348001000] INFO: Receiving IO packet
[        157348001000]       srcTID #: 5f FTYPE: 2 TTYPE: 4 size-1: 00
 
[        157380001000] INFO: Receiving IO packet
[        157380001000]       srcTID #: 60 FTYPE: 2 TTYPE: 4 size-1: 00
 
[        157380001000] INFO: Receiving IO packet
[        157380001000]       srcTID #: 60 FTYPE: 2 TTYPE: 4 size-1: 00
 
[        157428001000] INFO: Transmitting IO packet
[        157428001000]       Instruction #: 53 FTYPE: d TTYPE: 8 size-1: 00
 
[        157428001000] INFO: Transmitting IO packet
[        157428001000]       Instruction #: 53 FTYPE: d TTYPE: 8 size-1: 00
 
[        157460001000] IREQ Transaction
[        157460001000] INFO: Transmitting IO packet
[        157460001000]       Instruction #: 00 FTYPE: b TTYPE: 0 size-1: 07
 
[        157460001000] IREQ Transaction
[        157460001000] INFO: Transmitting IO packet
[        157460001000]       Instruction #: 00 FTYPE: b TTYPE: 0 size-1: 07
 
[        157540001000] INFO: Transmitting IO packet
[        157540001000]       Instruction #: 54 FTYPE: d TTYPE: 8 size-1: 00
 
[        157540001000] INFO: Transmitting IO packet
[        157540001000]       Instruction #: 54 FTYPE: d TTYPE: 8 size-1: 00
 
[        157556001000] IRESP Receiption
[        157556001000] INFO: Receiving IO packet
[        157556001000]       srcTID #: 4b FTYPE: d TTYPE: 8 size-1: 00
 
[        157556001000] IRESP Receiption
[        157556001000] INFO: Receiving IO packet
[        157556001000]       srcTID #: 4b FTYPE: d TTYPE: 8 size-1: 00
 
[        157572001000] IREQ Transaction
[        157572001000] INFO: Transmitting IO packet
[        157572001000]       Instruction #: 00 FTYPE: b TTYPE: 0 size-1: 07
 
[        157572001000] IREQ Transaction
[        157572001000] INFO: Transmitting IO packet
[        157572001000]       Instruction #: 00 FTYPE: b TTYPE: 0 size-1: 07
 
[        157652001000] INFO: Transmitting IO packet
[        157652001000]       Instruction #: 55 FTYPE: d TTYPE: 8 size-1: 00
 
[        157652001000] INFO: Transmitting IO packet
[        157652001000]       Instruction #: 55 FTYPE: d TTYPE: 8 size-1: 00
 
[        157684001000] IREQ Transaction
[        157684001000] INFO: Transmitting IO packet
[        157684001000]       Instruction #: 00 FTYPE: b TTYPE: 0 size-1: 07
 
[        157684001000] IREQ Transaction
[        157684001000] INFO: Transmitting IO packet
[        157684001000]       Instruction #: 00 FTYPE: b TTYPE: 0 size-1: 07
 
[        157732001000] IRESP Receiption
[        157732001000] INFO: Receiving IO packet
[        157732001000]       srcTID #: 4c FTYPE: d TTYPE: 8 size-1: 00
 
[        157732001000] IRESP Receiption
[        157732001000] INFO: Receiving IO packet
[        157732001000]       srcTID #: 4c FTYPE: d TTYPE: 8 size-1: 00
 
[        157764001000] INFO: Transmitting IO packet
[        157764001000]       Instruction #: 56 FTYPE: d TTYPE: 8 size-1: 00
 
[        157764001000] INFO: Transmitting IO packet
[        157764001000]       Instruction #: 56 FTYPE: d TTYPE: 8 size-1: 00
 
[        157796001000] IREQ Transaction
[        157796001000] INFO: Transmitting IO packet
[        157796001000]       Instruction #: 00 FTYPE: b TTYPE: 0 size-1: 07
 
[        157796001000] IREQ Transaction
[        157796001000] INFO: Transmitting IO packet
[        157796001000]       Instruction #: 00 FTYPE: b TTYPE: 0 size-1: 07
 
[        157844001000] IRESP Receiption
[        157844001000] INFO: Receiving IO packet
[        157844001000]       srcTID #: 4d FTYPE: d TTYPE: 8 size-1: 00
 
[        157844001000] IRESP Receiption
[        157844001000] INFO: Receiving IO packet
[        157844001000]       srcTID #: 4d FTYPE: d TTYPE: 8 size-1: 00
 
[        157876001000] INFO: Transmitting IO packet
[        157876001000]       Instruction #: 57 FTYPE: d TTYPE: 8 size-1: 00
 
[        157876001000] INFO: Transmitting IO packet
[        157876001000]       Instruction #: 57 FTYPE: d TTYPE: 8 size-1: 00
 
[        157908001000] IREQ Transaction
[        157908001000] INFO: Transmitting IO packet
[        157908001000]       Instruction #: 00 FTYPE: b TTYPE: 0 size-1: 07
 
[        157908001000] INFO: Receiving IO packet
[        157908001000]       srcTID #: 61 FTYPE: 2 TTYPE: 4 size-1: 00
 
[        157908001000] IREQ Transaction
[        157908001000] INFO: Transmitting IO packet
[        157908001000]       Instruction #: 00 FTYPE: b TTYPE: 0 size-1: 07
 
[        157908001000] INFO: Receiving IO packet
[        157908001000]       srcTID #: 61 FTYPE: 2 TTYPE: 4 size-1: 00
 
[        157940001000] IRESP Receiption
[        157940001000] INFO: Receiving IO packet
[        157940001000]       srcTID #: 4e FTYPE: d TTYPE: 8 size-1: 00
 
[        157940001000] IRESP Receiption
[        157940001000] INFO: Receiving IO packet
[        157940001000]       srcTID #: 4e FTYPE: d TTYPE: 8 size-1: 00
 
[        157988001000] INFO: Transmitting IO packet
[        157988001000]       Instruction #: 58 FTYPE: d TTYPE: 8 size-1: 00
 
[        157988001000] INFO: Transmitting IO packet
[        157988001000]       Instruction #: 58 FTYPE: d TTYPE: 8 size-1: 00
 
[        158004001000] IRESP Receiption
[        158004001000] INFO: Receiving IO packet
[        158004001000]       srcTID #: 4f FTYPE: d TTYPE: 8 size-1: 00
 
[        158004001000] IRESP Receiption
[        158004001000] INFO: Receiving IO packet
[        158004001000]       srcTID #: 4f FTYPE: d TTYPE: 8 size-1: 00
 
[        158020001000] IREQ Transaction
[        158020001000] INFO: Transmitting IO packet
[        158020001000]       Instruction #: 00 FTYPE: b TTYPE: 0 size-1: 07
 
[        158020001000] IREQ Transaction
[        158020001000] INFO: Transmitting IO packet
[        158020001000]       Instruction #: 00 FTYPE: b TTYPE: 0 size-1: 07
 
[        158052001000] INFO: Receiving IO packet
[        158052001000]       srcTID #: 62 FTYPE: 2 TTYPE: 4 size-1: 00
 
[        158052001000] INFO: Receiving IO packet
[        158052001000]       srcTID #: 62 FTYPE: 2 TTYPE: 4 size-1: 00
 
[        158084001000] IRESP Receiption
[        158084001000] INFO: Receiving IO packet
[        158084001000]       srcTID #: 50 FTYPE: d TTYPE: 8 size-1: 00
 
[        158084001000] IRESP Receiption
[        158084001000] INFO: Receiving IO packet
[        158084001000]       srcTID #: 50 FTYPE: d TTYPE: 8 size-1: 00
 
[        158100001000] INFO: Transmitting IO packet
[        158100001000]       Instruction #: 59 FTYPE: d TTYPE: 8 size-1: 00
 
[        158100001000] INFO: Transmitting IO packet
[        158100001000]       Instruction #: 59 FTYPE: d TTYPE: 8 size-1: 00
 
[        158132001000] IREQ Transaction
[        158132001000] INFO: Transmitting IO packet
[        158132001000]       Instruction #: 00 FTYPE: b TTYPE: 0 size-1: 07
 
[        158132001000] IREQ Transaction
[        158132001000] INFO: Transmitting IO packet
[        158132001000]       Instruction #: 00 FTYPE: b TTYPE: 0 size-1: 07
 
[        158180001000] INFO: Receiving IO packet
[        158180001000]       srcTID #: 63 FTYPE: 2 TTYPE: 4 size-1: 00
 
[        158180001000] INFO: Receiving IO packet
[        158180001000]       srcTID #: 63 FTYPE: 2 TTYPE: 4 size-1: 00
 
[        158212001000] IRESP Receiption
[        158212001000] INFO: Receiving IO packet
[        158212001000]       srcTID #: 51 FTYPE: d TTYPE: 8 size-1: 00
 
[        158212001000] INFO: Transmitting IO packet
[        158212001000]       Instruction #: 5a FTYPE: d TTYPE: 8 size-1: 00
 
[        158212001000] IRESP Receiption
[        158212001000] INFO: Receiving IO packet
[        158212001000]       srcTID #: 51 FTYPE: d TTYPE: 8 size-1: 00
 
[        158212001000] INFO: Transmitting IO packet
[        158212001000]       Instruction #: 5a FTYPE: d TTYPE: 8 size-1: 00
 
[        158244001000] IREQ Transaction
[        158244001000] INFO: Transmitting IO packet
[        158244001000]       Instruction #: 00 FTYPE: b TTYPE: 0 size-1: 07
 
[        158244001000] IREQ Transaction
[        158244001000] INFO: Transmitting IO packet
[        158244001000]       Instruction #: 00 FTYPE: b TTYPE: 0 size-1: 07
 
[        158324001000] INFO: Transmitting IO packet
[        158324001000]       Instruction #: 5b FTYPE: d TTYPE: 8 size-1: 00
 
[        158324001000] INFO: Receiving IO packet
[        158324001000]       srcTID #: 64 FTYPE: 2 TTYPE: 4 size-1: 00
 
[        158324001000] INFO: Transmitting IO packet
[        158324001000]       Instruction #: 5b FTYPE: d TTYPE: 8 size-1: 00
 
[        158324001000] INFO: Receiving IO packet
[        158324001000]       srcTID #: 64 FTYPE: 2 TTYPE: 4 size-1: 00
 
[        158356001000] IRESP Receiption
[        158356001000] INFO: Receiving IO packet
[        158356001000]       srcTID #: 52 FTYPE: d TTYPE: 8 size-1: 00
 
[        158356001000] IRESP Receiption
[        158356001000] INFO: Receiving IO packet
[        158356001000]       srcTID #: 52 FTYPE: d TTYPE: 8 size-1: 00
 
[        158420001000] IRESP Receiption
[        158420001000] INFO: Receiving IO packet
[        158420001000]       srcTID #: 53 FTYPE: d TTYPE: 8 size-1: 00
 
[        158420001000] IRESP Receiption
[        158420001000] INFO: Receiving IO packet
[        158420001000]       srcTID #: 53 FTYPE: d TTYPE: 8 size-1: 00
 
[        158436001000] INFO: Transmitting IO packet
[        158436001000]       Instruction #: 5c FTYPE: d TTYPE: 8 size-1: 00
 
[        158436001000] INFO: Transmitting IO packet
[        158436001000]       Instruction #: 5c FTYPE: d TTYPE: 8 size-1: 00
 
[        158484001000] INFO: Receiving IO packet
[        158484001000]       srcTID #: 65 FTYPE: a TTYPE: 0 size-1: 00
 
[        158484001000] INFO: Receiving IO packet
[        158484001000]       srcTID #: 65 FTYPE: a TTYPE: 0 size-1: 00
 
[        158516001000] IRESP Receiption
[        158516001000] INFO: Receiving IO packet
[        158516001000]       srcTID #: 54 FTYPE: d TTYPE: 8 size-1: 00
 
[        158516001000] IRESP Receiption
[        158516001000] INFO: Receiving IO packet
[        158516001000]       srcTID #: 54 FTYPE: d TTYPE: 8 size-1: 00
 
[        158548001000] INFO: Transmitting IO packet
[        158548001000]       Instruction #: 5d FTYPE: d TTYPE: 8 size-1: 00
 
[        158548001000] INFO: Transmitting IO packet
[        158548001000]       Instruction #: 5d FTYPE: d TTYPE: 8 size-1: 00
 
[        158564001000] INFO: Receiving IO packet
[        158564001000]       srcTID #: 66 FTYPE: a TTYPE: 0 size-1: 00
 
[        158564001000] INFO: Receiving IO packet
[        158564001000]       srcTID #: 66 FTYPE: a TTYPE: 0 size-1: 00
 
[        158628001000] IRESP Receiption
[        158628001000] INFO: Receiving IO packet
[        158628001000]       srcTID #: 55 FTYPE: d TTYPE: 8 size-1: 00
 
[        158628001000] IRESP Receiption
[        158628001000] INFO: Receiving IO packet
[        158628001000]       srcTID #: 55 FTYPE: d TTYPE: 8 size-1: 00
 
[        158660001000] INFO: Transmitting IO packet
[        158660001000]       Instruction #: 5e FTYPE: d TTYPE: 8 size-1: 00
 
[        158660001000] INFO: Transmitting IO packet
[        158660001000]       Instruction #: 5e FTYPE: d TTYPE: 8 size-1: 00
 
[        158676001000] INFO: Receiving IO packet
[        158676001000]       srcTID #: 00 FTYPE: b TTYPE: 0 size-1: 07
 
[        158676001000] INFO: Receiving IO packet
[        158676001000]       srcTID #: 00 FTYPE: b TTYPE: 0 size-1: 07
 
[        158772001000] IRESP Receiption
[        158772001000] INFO: Receiving IO packet
[        158772001000]       srcTID #: 56 FTYPE: d TTYPE: 8 size-1: 00
 
[        158772001000] INFO: Transmitting IO packet
[        158772001000]       Instruction #: 5f FTYPE: d TTYPE: 8 size-1: 00
 
[        158772001000] IRESP Receiption
[        158772001000] INFO: Receiving IO packet
[        158772001000]       srcTID #: 56 FTYPE: d TTYPE: 8 size-1: 00
 
[        158772001000] INFO: Transmitting IO packet
[        158772001000]       Instruction #: 5f FTYPE: d TTYPE: 8 size-1: 00
 
[        158820001000] INFO: Receiving IO packet
[        158820001000]       srcTID #: 00 FTYPE: b TTYPE: 0 size-1: 07
 
[        158820001000] INFO: Receiving IO packet
[        158820001000]       srcTID #: 00 FTYPE: b TTYPE: 0 size-1: 07
 
[        158884001000] INFO: Transmitting IO packet
[        158884001000]       Instruction #: 60 FTYPE: d TTYPE: 8 size-1: 00
 
[        158884001000] INFO: Transmitting IO packet
[        158884001000]       Instruction #: 60 FTYPE: d TTYPE: 8 size-1: 00
 
[        158916001000] IRESP Receiption
[        158916001000] INFO: Receiving IO packet
[        158916001000]       srcTID #: 57 FTYPE: d TTYPE: 8 size-1: 00
 
[        158916001000] IRESP Receiption
[        158916001000] INFO: Receiving IO packet
[        158916001000]       srcTID #: 57 FTYPE: d TTYPE: 8 size-1: 00
 
[        158964001000] INFO: Receiving IO packet
[        158964001000]       srcTID #: 00 FTYPE: b TTYPE: 0 size-1: 07
 
[        158964001000] INFO: Receiving IO packet
[        158964001000]       srcTID #: 00 FTYPE: b TTYPE: 0 size-1: 07
 
[        158996001000] INFO: Transmitting IO packet
[        158996001000]       Instruction #: 61 FTYPE: d TTYPE: 8 size-1: 00
 
[        158996001000] INFO: Transmitting IO packet
[        158996001000]       Instruction #: 61 FTYPE: d TTYPE: 8 size-1: 00
 
[        159012001000] IRESP Receiption
[        159012001000] INFO: Receiving IO packet
[        159012001000]       srcTID #: 58 FTYPE: d TTYPE: 8 size-1: 00
 
[        159012001000] IRESP Receiption
[        159012001000] INFO: Receiving IO packet
[        159012001000]       srcTID #: 58 FTYPE: d TTYPE: 8 size-1: 00
 
[        159092001000] IRESP Receiption
[        159092001000] INFO: Receiving IO packet
[        159092001000]       srcTID #: 59 FTYPE: d TTYPE: 8 size-1: 00
 
[        159092001000] IRESP Receiption
[        159092001000] INFO: Receiving IO packet
[        159092001000]       srcTID #: 59 FTYPE: d TTYPE: 8 size-1: 00
 
[        159108001000] INFO: Transmitting IO packet
[        159108001000]       Instruction #: 62 FTYPE: d TTYPE: 8 size-1: 00
 
[        159108001000] INFO: Transmitting IO packet
[        159108001000]       Instruction #: 62 FTYPE: d TTYPE: 8 size-1: 00
 
[        159140001000] INFO: Receiving IO packet
[        159140001000]       srcTID #: 00 FTYPE: b TTYPE: 0 size-1: 07
 
[        159140001000] INFO: Receiving IO packet
[        159140001000]       srcTID #: 00 FTYPE: b TTYPE: 0 size-1: 07
 
[        159220001000] INFO: Transmitting IO packet
[        159220001000]       Instruction #: 63 FTYPE: d TTYPE: 8 size-1: 00
 
[        159220001000] INFO: Transmitting IO packet
[        159220001000]       Instruction #: 63 FTYPE: d TTYPE: 8 size-1: 00
 
[        159236001000] IRESP Receiption
[        159236001000] INFO: Receiving IO packet
[        159236001000]       srcTID #: 5a FTYPE: d TTYPE: 8 size-1: 00
 
[        159236001000] IRESP Receiption
[        159236001000] INFO: Receiving IO packet
[        159236001000]       srcTID #: 5a FTYPE: d TTYPE: 8 size-1: 00
 
[        159284001000] INFO: Receiving IO packet
[        159284001000]       srcTID #: 00 FTYPE: b TTYPE: 0 size-1: 07
 
[        159284001000] INFO: Receiving IO packet
[        159284001000]       srcTID #: 00 FTYPE: b TTYPE: 0 size-1: 07
 
[        159332001000] IRESP Receiption
[        159332001000] INFO: Receiving IO packet
[        159332001000]       srcTID #: 5b FTYPE: d TTYPE: 8 size-1: 00
 
[        159332001000] INFO: Transmitting IO packet
[        159332001000]       Instruction #: 64 FTYPE: d TTYPE: 8 size-1: 00
 
[        159332001000] IRESP Receiption
[        159332001000] INFO: Receiving IO packet
[        159332001000]       srcTID #: 5b FTYPE: d TTYPE: 8 size-1: 00
 
[        159332001000] INFO: Transmitting IO packet
[        159332001000]       Instruction #: 64 FTYPE: d TTYPE: 8 size-1: 00
 
[        159412001000] INFO: Receiving IO packet
[        159412001000]       srcTID #: 00 FTYPE: b TTYPE: 0 size-1: 07
 
[        159412001000] INFO: Receiving IO packet
[        159412001000]       srcTID #: 00 FTYPE: b TTYPE: 0 size-1: 07
 
[        159444001000] INFO: Transmitting IO packet
[        159444001000]       Instruction #: 65 FTYPE: d TTYPE: 0 size-1: 00
 
[        159444001000] INFO: Transmitting IO packet
[        159444001000]       Instruction #: 65 FTYPE: d TTYPE: 0 size-1: 00
 
[        159460001000] IRESP Receiption
[        159460001000] INFO: Receiving IO packet
[        159460001000]       srcTID #: 5c FTYPE: d TTYPE: 8 size-1: 00
 
[        159460001000] IRESP Receiption
[        159460001000] INFO: Receiving IO packet
[        159460001000]       srcTID #: 5c FTYPE: d TTYPE: 8 size-1: 00
 
[        159524001000] INFO: Transmitting IO packet
[        159524001000]       Instruction #: 66 FTYPE: d TTYPE: 0 size-1: 00
 
[        159524001000] INFO: Transmitting IO packet
[        159524001000]       Instruction #: 66 FTYPE: d TTYPE: 0 size-1: 00
 
[        159556001000] IRESP Receiption
[        159556001000] INFO: Receiving IO packet
[        159556001000]       srcTID #: 5d FTYPE: d TTYPE: 8 size-1: 00
 
[        159556001000] IRESP Receiption
[        159556001000] INFO: Receiving IO packet
[        159556001000]       srcTID #: 5d FTYPE: d TTYPE: 8 size-1: 00
 
[        159604001000] INFO: Transmitting IO packet
[        159604001000]       Instruction #: 00 FTYPE: d TTYPE: 1 size-1: 00
 
[        159604001000] INFO: Receiving IO packet
[        159604001000]       srcTID #: 00 FTYPE: b TTYPE: 0 size-1: 07
 
[        159604001000] INFO: Transmitting IO packet
[        159604001000]       Instruction #: 00 FTYPE: d TTYPE: 1 size-1: 00
 
[        159604001000] INFO: Receiving IO packet
[        159604001000]       srcTID #: 00 FTYPE: b TTYPE: 0 size-1: 07
 
[        159652001000] IRESP Receiption
[        159652001000] INFO: Receiving IO packet
[        159652001000]       srcTID #: 5e FTYPE: d TTYPE: 8 size-1: 00
 
[        159652001000] IRESP Receiption
[        159652001000] INFO: Receiving IO packet
[        159652001000]       srcTID #: 5e FTYPE: d TTYPE: 8 size-1: 00
 
[        159684001000] INFO: Transmitting IO packet
[        159684001000]       Instruction #: 00 FTYPE: d TTYPE: 1 size-1: 00
 
[        159684001000] INFO: Transmitting IO packet
[        159684001000]       Instruction #: 00 FTYPE: d TTYPE: 1 size-1: 00
 
[        159732001000] INFO: Receiving IO packet
[        159732001000]       srcTID #: 00 FTYPE: b TTYPE: 0 size-1: 07
 
[        159732001000] INFO: Receiving IO packet
[        159732001000]       srcTID #: 00 FTYPE: b TTYPE: 0 size-1: 07
 
[        159764001000] INFO: Transmitting IO packet
[        159764001000]       Instruction #: 00 FTYPE: d TTYPE: 1 size-1: 00
 
[        159764001000] INFO: Transmitting IO packet
[        159764001000]       Instruction #: 00 FTYPE: d TTYPE: 1 size-1: 00
 
[        159780001000] IRESP Receiption
[        159780001000] INFO: Receiving IO packet
[        159780001000]       srcTID #: 5f FTYPE: d TTYPE: 8 size-1: 00
 
[        159780001000] IRESP Receiption
[        159780001000] INFO: Receiving IO packet
[        159780001000]       srcTID #: 5f FTYPE: d TTYPE: 8 size-1: 00
 
[        159844001000] INFO: Transmitting IO packet
[        159844001000]       Instruction #: 00 FTYPE: d TTYPE: 1 size-1: 00
 
[        159844001000] INFO: Transmitting IO packet
[        159844001000]       Instruction #: 00 FTYPE: d TTYPE: 1 size-1: 00
 
[        159876001000] INFO: Receiving IO packet
[        159876001000]       srcTID #: 00 FTYPE: b TTYPE: 0 size-1: 07
 
[        159876001000] INFO: Receiving IO packet
[        159876001000]       srcTID #: 00 FTYPE: b TTYPE: 0 size-1: 07
 
[        159924001000] IRESP Receiption
[        159924001000] INFO: Receiving IO packet
[        159924001000]       srcTID #: 60 FTYPE: d TTYPE: 8 size-1: 00
 
[        159924001000] INFO: Transmitting IO packet
[        159924001000]       Instruction #: 00 FTYPE: d TTYPE: 1 size-1: 00
 
[        159924001000] IRESP Receiption
[        159924001000] INFO: Receiving IO packet
[        159924001000]       srcTID #: 60 FTYPE: d TTYPE: 8 size-1: 00
 
[        159924001000] INFO: Transmitting IO packet
[        159924001000]       Instruction #: 00 FTYPE: d TTYPE: 1 size-1: 00
 
[        159988001000] IRESP Receiption
[        159988001000] INFO: Receiving IO packet
[        159988001000]       srcTID #: 61 FTYPE: d TTYPE: 8 size-1: 00
 
[        159988001000] IRESP Receiption
[        159988001000] INFO: Receiving IO packet
[        159988001000]       srcTID #: 61 FTYPE: d TTYPE: 8 size-1: 00
 
[        160004001000] INFO: Transmitting IO packet
[        160004001000]       Instruction #: 00 FTYPE: d TTYPE: 1 size-1: 00
 
[        160004001000] INFO: Transmitting IO packet
[        160004001000]       Instruction #: 00 FTYPE: d TTYPE: 1 size-1: 00
 
[        160052001000] INFO: Receiving IO packet
[        160052001000]       srcTID #: 00 FTYPE: b TTYPE: 0 size-1: 07
 
[        160052001000] INFO: Receiving IO packet
[        160052001000]       srcTID #: 00 FTYPE: b TTYPE: 0 size-1: 07
 
[        160084001000] INFO: Transmitting IO packet
[        160084001000]       Instruction #: 00 FTYPE: d TTYPE: 1 size-1: 00
 
[        160084001000] INFO: Transmitting IO packet
[        160084001000]       Instruction #: 00 FTYPE: d TTYPE: 1 size-1: 00
 
[        160100001000] IRESP Receiption
[        160100001000] INFO: Receiving IO packet
[        160100001000]       srcTID #: 62 FTYPE: d TTYPE: 8 size-1: 00
 
[        160100001000] IRESP Receiption
[        160100001000] INFO: Receiving IO packet
[        160100001000]       srcTID #: 62 FTYPE: d TTYPE: 8 size-1: 00
 
[        160164001000] INFO: Transmitting IO packet
[        160164001000]       Instruction #: 00 FTYPE: d TTYPE: 1 size-1: 00
 
[        160164001000] INFO: Transmitting IO packet
[        160164001000]       Instruction #: 00 FTYPE: d TTYPE: 1 size-1: 00
 
[        160196001000] INFO: Receiving IO packet
[        160196001000]       srcTID #: 00 FTYPE: b TTYPE: 0 size-1: 07
 
[        160196001000] INFO: Receiving IO packet
[        160196001000]       srcTID #: 00 FTYPE: b TTYPE: 0 size-1: 07
 
[        160244001000] IRESP Receiption
[        160244001000] INFO: Receiving IO packet
[        160244001000]       srcTID #: 63 FTYPE: d TTYPE: 8 size-1: 00
 
[        160244001000] INFO: Transmitting IO packet
[        160244001000]       Instruction #: 00 FTYPE: d TTYPE: 1 size-1: 00
 
[        160244001000] IRESP Receiption
[        160244001000] INFO: Receiving IO packet
[        160244001000]       srcTID #: 63 FTYPE: d TTYPE: 8 size-1: 00
 
[        160244001000] INFO: Transmitting IO packet
[        160244001000]       Instruction #: 00 FTYPE: d TTYPE: 1 size-1: 00
 
[        160292001000] INFO: Receiving IO packet
[        160292001000]       srcTID #: 00 FTYPE: b TTYPE: 0 size-1: 07
 
[        160292001000] INFO: Receiving IO packet
[        160292001000]       srcTID #: 00 FTYPE: b TTYPE: 0 size-1: 07
 
[        160324001000] INFO: Transmitting IO packet
[        160324001000]       Instruction #: 00 FTYPE: d TTYPE: 1 size-1: 00
 
[        160324001000] INFO: Transmitting IO packet
[        160324001000]       Instruction #: 00 FTYPE: d TTYPE: 1 size-1: 00
 
[        160372001000] IRESP Receiption
[        160372001000] INFO: Receiving IO packet
[        160372001000]       srcTID #: 64 FTYPE: d TTYPE: 8 size-1: 00
 
[        160372001000] IRESP Receiption
[        160372001000] INFO: Receiving IO packet
[        160372001000]       srcTID #: 64 FTYPE: d TTYPE: 8 size-1: 00
 
[        160404001000] INFO: Transmitting IO packet
[        160404001000]       Instruction #: 00 FTYPE: d TTYPE: 1 size-1: 00
 
[        160404001000] INFO: Transmitting IO packet
[        160404001000]       Instruction #: 00 FTYPE: d TTYPE: 1 size-1: 00
 
[        160436001000] IRESP Receiption
[        160436001000] INFO: Receiving IO packet
[        160436001000]       srcTID #: 65 FTYPE: d TTYPE: 0 size-1: 00
 
[        160436001000] IRESP Receiption
[        160436001000] INFO: Receiving IO packet
[        160436001000]       srcTID #: 65 FTYPE: d TTYPE: 0 size-1: 00
 
[        160484001000] IRESP Receiption
[        160484001000] INFO: Receiving IO packet
[        160484001000]       srcTID #: 66 FTYPE: d TTYPE: 0 size-1: 00
 
[        160484001000] INFO: Transmitting IO packet
[        160484001000]       Instruction #: 00 FTYPE: d TTYPE: 1 size-1: 00
 
[        160484001000] IRESP Receiption
[        160484001000] INFO: Receiving IO packet
[        160484001000]       srcTID #: 66 FTYPE: d TTYPE: 0 size-1: 00
 
[        160484001000] INFO: Transmitting IO packet
[        160484001000]       Instruction #: 00 FTYPE: d TTYPE: 1 size-1: 00
 
[        160516001000] INFO: Receiving IO packet
[        160516001000]       srcTID #: 00 FTYPE: b TTYPE: 0 size-1: 07
 
[        160516001000] INFO: Receiving IO packet
[        160516001000]       srcTID #: 00 FTYPE: b TTYPE: 0 size-1: 07
 
[        160564001000] IRESP Receiption
[        160564001000] INFO: Receiving IO packet
[        160564001000]       srcTID #: 00 FTYPE: d TTYPE: 1 size-1: 00
 
[        160564001000] IRESP Receiption
[        160564001000] INFO: Receiving IO packet
[        160564001000]       srcTID #: 00 FTYPE: d TTYPE: 1 size-1: 00
 
[        160628001000] INFO: Transmitting IO packet
[        160628001000]       Instruction #: 00 FTYPE: d TTYPE: 1 size-1: 00
 
[        160628001000] INFO: Transmitting IO packet
[        160628001000]       Instruction #: 00 FTYPE: d TTYPE: 1 size-1: 00
 
[        160644001000] IRESP Receiption
[        160644001000] INFO: Receiving IO packet
[        160644001000]       srcTID #: 00 FTYPE: d TTYPE: 1 size-1: 00
 
[        160644001000] IRESP Receiption
[        160644001000] INFO: Receiving IO packet
[        160644001000]       srcTID #: 00 FTYPE: d TTYPE: 1 size-1: 00
 
[        160676001000] INFO: Receiving IO packet
[        160676001000]       srcTID #: 00 FTYPE: b TTYPE: 0 size-1: 07
 
[        160676001000] INFO: Receiving IO packet
[        160676001000]       srcTID #: 00 FTYPE: b TTYPE: 0 size-1: 07
 
[        160724001000] IRESP Receiption
[        160724001000] INFO: Receiving IO packet
[        160724001000]       srcTID #: 00 FTYPE: d TTYPE: 1 size-1: 00
 
[        160724001000] IRESP Receiption
[        160724001000] INFO: Receiving IO packet
[        160724001000]       srcTID #: 00 FTYPE: d TTYPE: 1 size-1: 00
 
[        160788001000] IRESP Receiption
[        160788001000] INFO: Receiving IO packet
[        160788001000]       srcTID #: 00 FTYPE: d TTYPE: 1 size-1: 00
 
[        160788001000] INFO: Transmitting IO packet
[        160788001000]       Instruction #: 00 FTYPE: d TTYPE: 1 size-1: 00
 
[        160788001000] IRESP Receiption
[        160788001000] INFO: Receiving IO packet
[        160788001000]       srcTID #: 00 FTYPE: d TTYPE: 1 size-1: 00
 
[        160788001000] INFO: Transmitting IO packet
[        160788001000]       Instruction #: 00 FTYPE: d TTYPE: 1 size-1: 00
 
[        160820001000] INFO: Receiving IO packet
[        160820001000]       srcTID #: 00 FTYPE: b TTYPE: 0 size-1: 07
 
[        160820001000] INFO: Receiving IO packet
[        160820001000]       srcTID #: 00 FTYPE: b TTYPE: 0 size-1: 07
 
[        160916001000] IRESP Receiption
[        160916001000] INFO: Receiving IO packet
[        160916001000]       srcTID #: 00 FTYPE: d TTYPE: 1 size-1: 00
 
[        160916001000] IRESP Receiption
[        160916001000] INFO: Receiving IO packet
[        160916001000]       srcTID #: 00 FTYPE: d TTYPE: 1 size-1: 00
 
[        160932001000] INFO: Transmitting IO packet
[        160932001000]       Instruction #: 00 FTYPE: d TTYPE: 1 size-1: 00
 
[        160932001000] INFO: Transmitting IO packet
[        160932001000]       Instruction #: 00 FTYPE: d TTYPE: 1 size-1: 00
 
[        160964001000] IRESP Receiption
[        160964001000] INFO: Receiving IO packet
[        160964001000]       srcTID #: 00 FTYPE: d TTYPE: 1 size-1: 00
 
[        160964001000] IRESP Receiption
[        160964001000] INFO: Receiving IO packet
[        160964001000]       srcTID #: 00 FTYPE: d TTYPE: 1 size-1: 00
 
[        161028001000] INFO: Receiving IO packet
[        161028001000]       srcTID #: 00 FTYPE: b TTYPE: 0 size-1: 07
 
[        161028001000] INFO: Receiving IO packet
[        161028001000]       srcTID #: 00 FTYPE: b TTYPE: 0 size-1: 07
 
[        161076001000] IRESP Receiption
[        161076001000] INFO: Receiving IO packet
[        161076001000]       srcTID #: 00 FTYPE: d TTYPE: 1 size-1: 00
 
[        161076001000] IRESP Receiption
[        161076001000] INFO: Receiving IO packet
[        161076001000]       srcTID #: 00 FTYPE: d TTYPE: 1 size-1: 00
blk_mem_gen_v8_4_4 collision detected at time: 161124000, Instance: srio_sim.srio_example_top_mirror.srio_support_inst.srio_5gx1_inst.inst.srio_gen2_v4_1_11_unifiedtop_inst.buf_core_inst.buf_top_inst.buf_rx_inst.buf_rx_bram_bank_inst.blk_mem_inst.\native_mem_module.blk_mem_gen_v8_4_4_inst , A write address: 2be, B  read address: 2be
blk_mem_gen_v8_4_4 collision detected at time: 161124000, Instance: srio_sim.srio_example_top_primary.srio_support_inst.srio_5gx1_inst.inst.srio_gen2_v4_1_11_unifiedtop_inst.buf_core_inst.buf_top_inst.buf_rx_inst.buf_rx_bram_bank_inst.blk_mem_inst.\native_mem_module.blk_mem_gen_v8_4_4_inst , A write address: 2be, B  read address: 2be
 
[        161124001000] IRESP Receiption
[        161124001000] INFO: Receiving IO packet
[        161124001000]       srcTID #: 00 FTYPE: d TTYPE: 1 size-1: 00
 
[        161124001000] IRESP Receiption
[        161124001000] INFO: Receiving IO packet
[        161124001000]       srcTID #: 00 FTYPE: d TTYPE: 1 size-1: 00
 
[        161140001000] INFO: Transmitting IO packet
[        161140001000]       Instruction #: 00 FTYPE: d TTYPE: 1 size-1: 00
 
[        161140001000] INFO: Transmitting IO packet
[        161140001000]       Instruction #: 00 FTYPE: d TTYPE: 1 size-1: 00
 
[        161172001000] INFO: Receiving IO packet
[        161172001000]       srcTID #: 00 FTYPE: b TTYPE: 0 size-1: 07
 
[        161172001000] INFO: Receiving IO packet
[        161172001000]       srcTID #: 00 FTYPE: b TTYPE: 0 size-1: 07
 
[        161220001000] IRESP Receiption
[        161220001000] INFO: Receiving IO packet
[        161220001000]       srcTID #: 00 FTYPE: d TTYPE: 1 size-1: 00
 
[        161220001000] IRESP Receiption
[        161220001000] INFO: Receiving IO packet
[        161220001000]       srcTID #: 00 FTYPE: d TTYPE: 1 size-1: 00
 
[        161284001000] INFO: Transmitting IO packet
[        161284001000]       Instruction #: 00 FTYPE: d TTYPE: 1 size-1: 00
 
[        161284001000] INFO: Transmitting IO packet
[        161284001000]       Instruction #: 00 FTYPE: d TTYPE: 1 size-1: 00
 
[        161300001000] IRESP Receiption
[        161300001000] INFO: Receiving IO packet
[        161300001000]       srcTID #: 00 FTYPE: d TTYPE: 1 size-1: 00
 
[        161300001000] IRESP Receiption
[        161300001000] INFO: Receiving IO packet
[        161300001000]       srcTID #: 00 FTYPE: d TTYPE: 1 size-1: 00
 
[        161348001000] IRESP Receiption
[        161348001000] INFO: Receiving IO packet
[        161348001000]       srcTID #: 00 FTYPE: d TTYPE: 1 size-1: 00
 
[        161348001000] IRESP Receiption
[        161348001000] INFO: Receiving IO packet
[        161348001000]       srcTID #: 00 FTYPE: d TTYPE: 1 size-1: 00
 
[        161412001000] IRESP Receiption
[        161412001000] INFO: Receiving IO packet
[        161412001000]       srcTID #: 00 FTYPE: d TTYPE: 1 size-1: 00
 
[        161412001000] IRESP Receiption
[        161412001000] INFO: Receiving IO packet
[        161412001000]       srcTID #: 00 FTYPE: d TTYPE: 1 size-1: 00
 
[        161540001000] IRESP Receiption
[        161540001000] INFO: Receiving IO packet
[        161540001000]       srcTID #: 00 FTYPE: d TTYPE: 1 size-1: 00
 
[        161540001000] IRESP Receiption
[        161540001000] INFO: Receiving IO packet
[        161540001000]       srcTID #: 00 FTYPE: d TTYPE: 1 size-1: 00
 
[        161700001000] IRESP Receiption
[        161700001000] INFO: Receiving IO packet
[        161700001000]       srcTID #: 00 FTYPE: d TTYPE: 1 size-1: 00
 
[        161700001000] IRESP Receiption
[        161700001000] INFO: Receiving IO packet
[        161700001000]       srcTID #: 00 FTYPE: d TTYPE: 1 size-1: 00
 
[        161844001000] IRESP Receiption
[        161844001000] INFO: Receiving IO packet
[        161844001000]       srcTID #: 00 FTYPE: d TTYPE: 1 size-1: 00
 
[        161844001000] IRESP Receiption
[        161844001000] INFO: Receiving IO packet
[        161844001000]       srcTID #: 00 FTYPE: d TTYPE: 1 size-1: 00
 
[        162052001000] IRESP Receiption
[        162052001000] INFO: Receiving IO packet
[        162052001000]       srcTID #: 00 FTYPE: d TTYPE: 1 size-1: 00
 
[        162052001000] IRESP Receiption
[        162052001000] INFO: Receiving IO packet
[        162052001000]       srcTID #: 00 FTYPE: d TTYPE: 1 size-1: 00
 
[        162196001000] IRESP Receiption
[        162196001000] INFO: Receiving IO packet
[        162196001000]       srcTID #: 00 FTYPE: d TTYPE: 1 size-1: 00
 
[        162196001000] IRESP Receiption
[        162196001000] INFO: Receiving IO packet
[        162196001000]       srcTID #: 00 FTYPE: d TTYPE: 1 size-1: 00


*****************************************************************
**************** Test Completed Successfully ********************
************* All Packets Checked and Accounted For *************
*****************************************************************


$finish called at time : 162205 ns : File "g:/00_module/07_fpga/develop_20200323/rtl/00_xilinx_ip/02_srio/srio_5gx1_ex/imports/srio_sim.v" Line 251
run: Time (s): cpu = 00:00:46 ; elapsed = 00:06:38 . Memory (MB): peak = 1253.750 ; gain = 0.000
close_sim
INFO: [Simtcl 6-16] Simulation closed
close_sim: Time (s): cpu = 00:00:00 ; elapsed = 00:00:06 . Memory (MB): peak = 1253.750 ; gain = 0.000
exit
INFO: [Common 17-206] Exiting Vivado at Mon Apr 21 16:31:12 2025...
