# vsim -t 1ps -c -l ./log/vsim_tb_00_report.log work.tb_top -L UNISIMS_VER -L SECUREIP -L SIMPRIMS_VER -L work -voptargs="+acc" work.glbl -wav ./wave/tb_00.wlf 
# Start time: 10:43:42 on Apr 22,2025
# ** Note: (vsim-3812) Design is being optimized...
# ** Error: ../rtl/03_srio/srio_top.v(305): Module 'ARBITA_CH6' is not defined.
# ** Error: ../rtl/03_srio/tag_reg_tx.v(110): Module 'sfifo_i64o64_d1024' is not defined.
# ** Error: ../rtl/03_srio/srio_top.v(526): Module 'ARBITA_CH6' is not defined.
# Optimization failed
# ** Note: (vsim-12126) Error and warning message counts have been restored: Errors=3, Warnings=0.
# Error loading design
# Error: Error loading design
#        Pausing macro execution
# MACRO ./do/tb_00.do PAUSED at line 6
do do/compile_all.do
# ** Warning: (vlib-34) Library already exists at "work".
# Errors: 0, Warnings: 1
# Model Technology ModelSim SE-64 vmap 2020.4 Lib Mapping Utility 2020.10 Oct 13 2020
# vmap work 
# Reading C:/modeltech64_2020.4/win64/../modelsim.ini
# "work" maps to directory ./work. (Default mapping)
# Model Technology ModelSim SE-64 vlog 2020.4 Compiler 2020.10 Oct 13 2020
# Start time: 10:44:50 on Apr 22,2025
# vlog -reportprogress 300 -work work sim_model/lib/glbl.v 
# -- Compiling module glbl
# 
# Top level modules:
# 	glbl
# End time: 10:44:50 on Apr 22,2025, Elapsed time: 0:00:00
# Errors: 0, Warnings: 0
# ** Warning: (vlib-34) Library already exists at "work".
# Errors: 0, Warnings: 1
# Model Technology ModelSim SE-64 vmap 2020.4 Lib Mapping Utility 2020.10 Oct 13 2020
# vmap work 
# Reading C:/modeltech64_2020.4/win64/../modelsim.ini
# "work" maps to directory ./work. (Default mapping)
# Model Technology ModelSim SE-64 vlog 2020.4 Compiler 2020.10 Oct 13 2020
# Start time: 10:44:50 on Apr 22,2025
# vlog -reportprogress 300 -work work ../rtl/00_xilinx_ip/00_afifo/afifo_i72o72_d2048/afifo_i72o72_d2048_sim_netlist.V 
# -- Compiling module afifo_i72o72_d2048
# -- Compiling module afifo_i72o72_d2048_xpm_cdc_gray
# -- Compiling module afifo_i72o72_d2048_xpm_cdc_gray__2
# -- Compiling module afifo_i72o72_d2048_xpm_cdc_single
# -- Compiling module afifo_i72o72_d2048_xpm_cdc_single__2
# -- Compiling module afifo_i72o72_d2048_xpm_cdc_sync_rst
# -- Compiling module afifo_i72o72_d2048_xpm_cdc_sync_rst__2
# -- Compiling module glbl
# 
# Top level modules:
# 	afifo_i72o72_d2048
# 	glbl
# End time: 10:44:51 on Apr 22,2025, Elapsed time: 0:00:01
# Errors: 0, Warnings: 0
# Model Technology ModelSim SE-64 vlog 2020.4 Compiler 2020.10 Oct 13 2020
# Start time: 10:44:51 on Apr 22,2025
# vlog -reportprogress 300 -work work ../rtl/00_xilinx_ip/01_sfifo/sfifo_i32o32_d1024/sfifo_i32o32_d1024_sim_netlist.V 
# -- Compiling module sfifo_i32o32_d1024
# -- Compiling module glbl
# 
# Top level modules:
# 	sfifo_i32o32_d1024
# 	glbl
# End time: 10:44:51 on Apr 22,2025, Elapsed time: 0:00:00
# Errors: 0, Warnings: 0
# Model Technology ModelSim SE-64 vlog 2020.4 Compiler 2020.10 Oct 13 2020
# Start time: 10:44:51 on Apr 22,2025
# vlog -reportprogress 300 -work work ../rtl/00_xilinx_ip/01_sfifo/sfifo_i64o64_d512/sfifo_i64o64_d512_sim_netlist.V 
# -- Compiling module sfifo_i64o64_d512
# -- Compiling module glbl
# 
# Top level modules:
# 	sfifo_i64o64_d512
# 	glbl
# End time: 10:44:51 on Apr 22,2025, Elapsed time: 0:00:00
# Errors: 0, Warnings: 0
# Model Technology ModelSim SE-64 vlog 2020.4 Compiler 2020.10 Oct 13 2020
# Start time: 10:44:52 on Apr 22,2025
# vlog -reportprogress 300 -work work ../rtl/00_xilinx_ip/01_sfifo/sfifo_i72o72_d512/sfifo_i72o72_d512_sim_netlist.V 
# -- Compiling module sfifo_i72o72_d512
# -- Compiling module glbl
# 
# Top level modules:
# 	sfifo_i72o72_d512
# 	glbl
# End time: 10:44:52 on Apr 22,2025, Elapsed time: 0:00:00
# Errors: 0, Warnings: 0
# Model Technology ModelSim SE-64 vlog 2020.4 Compiler 2020.10 Oct 13 2020
# Start time: 10:44:52 on Apr 22,2025
# vlog -reportprogress 300 -work work ../rtl/00_xilinx_ip/03_ram/sram_i64o64_d256/sram_i64o64_d256_sim_netlist.V 
# -- Compiling module sram_i64o64_d256
# -- Compiling module glbl
# 
# Top level modules:
# 	sram_i64o64_d256
# 	glbl
# End time: 10:44:52 on Apr 22,2025, Elapsed time: 0:00:00
# Errors: 0, Warnings: 0
# Model Technology ModelSim SE-64 vlog 2020.4 Compiler 2020.10 Oct 13 2020
# Start time: 10:44:52 on Apr 22,2025
# vlog -reportprogress 300 -work work ../rtl/01_user_ip/arbita_ch6.v ../rtl/01_user_ip/pulse_gen.v 
# -- Compiling module ARBITA_CH6
# -- Compiling module PULSE_GEN
# 
# Top level modules:
# 	ARBITA_CH6
# 	PULSE_GEN
# End time: 10:44:52 on Apr 22,2025, Elapsed time: 0:00:00
# Errors: 0, Warnings: 0
# Model Technology ModelSim SE-64 vlog 2020.4 Compiler 2020.10 Oct 13 2020
# Start time: 10:44:52 on Apr 22,2025
# vlog -reportprogress 300 -work work ../rtl/03_srio/ini_dma_rd.v ../rtl/03_srio/ini_dma_wr.v ../rtl/03_srio/ini_reg_tx.v ../rtl/03_srio/ini_rx_dec.v ../rtl/03_srio/srio_rx.v ../rtl/03_srio/srio_top.v ../rtl/03_srio/srio_tx.v ../rtl/03_srio/tag_dma_tx.v ../rtl/03_srio/tag_reg_tx.v ../rtl/03_srio/tag_rx_dec.v 
# -- Compiling module INI_DMA_RD
# -- Compiling module INI_DMA_WR
# -- Compiling module INI_REG_TX
# -- Compiling module INI_RX_DEC
# -- Compiling module SRIO_RX
# -- Compiling module SRIO_TOP
# -- Compiling module SRIO_TX
# -- Compiling module TAG_DMA_TX
# -- Compiling module TAG_REG_TX
# -- Compiling module TAG_RX_DEC
# 
# Top level modules:
# 	SRIO_TOP
# End time: 10:44:52 on Apr 22,2025, Elapsed time: 0:00:00
# Errors: 0, Warnings: 0
# Model Technology ModelSim SE-64 vlog 2020.4 Compiler 2020.10 Oct 13 2020
# Start time: 10:44:52 on Apr 22,2025
# vlog -reportprogress 300 -work work ../rtl/04_bist/bist_reg.v ../rtl/04_bist/ram_bist.v 
# -- Compiling module BIST_REG
# -- Compiling module RAM_BIST
# 
# Top level modules:
# 	BIST_REG
# 	RAM_BIST
# End time: 10:44:53 on Apr 22,2025, Elapsed time: 0:00:01
# Errors: 0, Warnings: 0
# ** Warning: (vlib-34) Library already exists at "work".
# Errors: 0, Warnings: 1
# Model Technology ModelSim SE-64 vmap 2020.4 Lib Mapping Utility 2020.10 Oct 13 2020
# vmap work 
# Reading C:/modeltech64_2020.4/win64/../modelsim.ini
# "work" maps to directory ./work. (Default mapping)
# Model Technology ModelSim SE-64 vlog 2020.4 Compiler 2020.10 Oct 13 2020
# Start time: 10:44:53 on Apr 22,2025
# vlog -reportprogress 300 -work work sim_model/define/define.v 
# End time: 10:44:53 on Apr 22,2025, Elapsed time: 0:00:00
# Errors: 0, Warnings: 0
# Model Technology ModelSim SE-64 vlog 2020.4 Compiler 2020.10 Oct 13 2020
# Start time: 10:44:53 on Apr 22,2025
# vlog -reportprogress 300 "+define+tb_00=1" -work work "+incdir+{sim_model/define}" sim_model/sim_model.v 
# -- Compiling module SIM_MODEL
# 
# Top level modules:
# 	SIM_MODEL
# End time: 10:44:53 on Apr 22,2025, Elapsed time: 0:00:00
# Errors: 0, Warnings: 0
# Model Technology ModelSim SE-64 vlog 2020.4 Compiler 2020.10 Oct 13 2020
# Start time: 10:44:53 on Apr 22,2025
# vlog -reportprogress 300 "+define+tb_00=1" -work work "+incdir+{sim_model/define}" sim_model/tb_top.v 
# -- Compiling module tb_top
# 
# Top level modules:
# 	tb_top
# End time: 10:44:53 on Apr 22,2025, Elapsed time: 0:00:00
# Errors: 0, Warnings: 0
do do/tb_00.do
# Model Technology ModelSim SE-64 vlog 2020.4 Compiler 2020.10 Oct 13 2020
# Start time: 10:44:56 on Apr 22,2025
# vlog -reportprogress 300 "+define+tb_00=1" -work work sim_model\define\define.v 
# End time: 10:44:56 on Apr 22,2025, Elapsed time: 0:00:00
# Errors: 0, Warnings: 0
# Model Technology ModelSim SE-64 vlog 2020.4 Compiler 2020.10 Oct 13 2020
# Start time: 10:44:56 on Apr 22,2025
# vlog -reportprogress 300 "+define+tb_00=1" -work work "+incdir+{sim_modeldefine}" sim_model\tb_top.v 
# -- Compiling module tb_top
# 
# Top level modules:
# 	tb_top
# End time: 10:44:56 on Apr 22,2025, Elapsed time: 0:00:00
# Errors: 0, Warnings: 0
# vsim -t 1ps -c -l ./log/vsim_tb_00_report.log work.tb_top -L UNISIMS_VER -L SECUREIP -L SIMPRIMS_VER -L work -voptargs="+acc" work.glbl -wav ./wave/tb_00.wlf 
# Start time: 10:43:42 on Apr 22,2025
# ** Note: (vsim-3812) Design is being optimized...
# ** Error (suppressible): ../rtl/04_bist/ram_bist.v(113): (vopt-2912) Port 'rstb' not found in module 'sram_i64o64_d256' (6th connection).
# ** Error (suppressible): ../rtl/03_srio/tag_dma_tx.v(133): (vopt-2912) Port 'wr_rst_busy' not found in module 'sfifo_i64o64_d512' (3rd connection).
# ** Error (suppressible): ../rtl/03_srio/tag_dma_tx.v(133): (vopt-2912) Port 'rd_rst_busy' not found in module 'sfifo_i64o64_d512' (4th connection).
# ** Error (suppressible): ../rtl/03_srio/tag_dma_tx.v(133): (vopt-2912) Port 'almost_full' not found in module 'sfifo_i64o64_d512' (8th connection).
# ** Error (suppressible): ../rtl/03_srio/tag_dma_tx.v(133): (vopt-2912) Port 'almost_empty' not found in module 'sfifo_i64o64_d512' (12th connection).
# ** Error (suppressible): ../rtl/03_srio/tag_dma_tx.v(185): (vopt-2912) Port 'almost_full' not found in module 'sfifo_i64o64_d512' (9th connection).
# ** Error (suppressible): ../rtl/03_srio/tag_dma_tx.v(185): (vopt-2912) Port 'almost_empty' not found in module 'sfifo_i64o64_d512' (10th connection).
# ** Error (suppressible): ../rtl/03_srio/tag_dma_tx.v(185): (vopt-2912) Port 'wr_rst_busy' not found in module 'sfifo_i64o64_d512' (12th connection).
# ** Error (suppressible): ../rtl/03_srio/tag_dma_tx.v(185): (vopt-2912) Port 'rd_rst_busy' not found in module 'sfifo_i64o64_d512' (13th connection).
# ** Error (suppressible): ../rtl/03_srio/tag_reg_tx.v(110): (vopt-2912) Port 'wr_rst_busy' not found in module 'sfifo_i64o64_d512' (3rd connection).
# ** Error (suppressible): ../rtl/03_srio/tag_reg_tx.v(110): (vopt-2912) Port 'rd_rst_busy' not found in module 'sfifo_i64o64_d512' (4th connection).
# ** Error (suppressible): ../rtl/03_srio/tag_reg_tx.v(110): (vopt-2912) Port 'almost_full' not found in module 'sfifo_i64o64_d512' (8th connection).
# ** Error (suppressible): ../rtl/03_srio/tag_reg_tx.v(110): (vopt-2912) Port 'almost_empty' not found in module 'sfifo_i64o64_d512' (11th connection).
# ** Error (suppressible): ../rtl/03_srio/srio_top.v(451): (vopt-2912) Port 'CLK' not found in module 'TAG_RX_DEC' (1st connection).
# ** Error (suppressible): ../rtl/03_srio/srio_top.v(451): (vopt-2912) Port 'RST' not found in module 'TAG_RX_DEC' (2nd connection).
# ** Error (suppressible): ../rtl/03_srio/srio_top.v(431): (vopt-2912) Port 'USR_CLK' not found in module 'SRIO_RX' (3rd connection).
# ** Error (suppressible): ../rtl/03_srio/srio_top.v(431): (vopt-2912) Port 'USR_RST' not found in module 'SRIO_RX' (4th connection).
# ** Error (suppressible): ../rtl/03_srio/srio_top.v(431): (vopt-2912) Port 'SRIO_RX_RDY' not found in module 'SRIO_RX' (11th connection).
# ** Error (suppressible): ../rtl/03_srio/srio_top.v(386): (vopt-2912) Port 'USR_CLK' not found in module 'SRIO_RX' (3rd connection).
# ** Error (suppressible): ../rtl/03_srio/srio_top.v(386): (vopt-2912) Port 'USR_RST' not found in module 'SRIO_RX' (4th connection).
# ** Error (suppressible): ../rtl/03_srio/srio_top.v(386): (vopt-2912) Port 'SRIO_RX_RDY' not found in module 'SRIO_RX' (11th connection).
# ** Error (suppressible): ../rtl/03_srio/ini_dma_rd.v(110): (vopt-2912) Port 'wr_rst_busy' not found in module 'sfifo_i64o64_d512' (3rd connection).
# ** Error (suppressible): ../rtl/03_srio/ini_dma_rd.v(110): (vopt-2912) Port 'rd_rst_busy' not found in module 'sfifo_i64o64_d512' (4th connection).
# ** Error (suppressible): ../rtl/03_srio/ini_dma_rd.v(110): (vopt-2912) Port 'almost_full' not found in module 'sfifo_i64o64_d512' (8th connection).
# ** Error (suppressible): ../rtl/03_srio/ini_dma_rd.v(110): (vopt-2912) Port 'almost_empty' not found in module 'sfifo_i64o64_d512' (11th connection).
# ** Error (suppressible): ../rtl/03_srio/ini_dma_wr.v(133): (vopt-2912) Port 'wr_rst_busy' not found in module 'sfifo_i64o64_d512' (3rd connection).
# ** Error (suppressible): ../rtl/03_srio/ini_dma_wr.v(133): (vopt-2912) Port 'rd_rst_busy' not found in module 'sfifo_i64o64_d512' (4th connection).
# ** Error (suppressible): ../rtl/03_srio/ini_dma_wr.v(183): (vopt-2912) Port 'almost_full' not found in module 'sfifo_i64o64_d512' (9th connection).
# ** Error (suppressible): ../rtl/03_srio/ini_dma_wr.v(183): (vopt-2912) Port 'almost_empty' not found in module 'sfifo_i64o64_d512' (10th connection).
# ** Error (suppressible): ../rtl/03_srio/ini_dma_wr.v(183): (vopt-2912) Port 'wr_rst_busy' not found in module 'sfifo_i64o64_d512' (12th connection).
# ** Error (suppressible): ../rtl/03_srio/ini_dma_wr.v(183): (vopt-2912) Port 'rd_rst_busy' not found in module 'sfifo_i64o64_d512' (13th connection).
# Optimization failed
# ** Note: (vsim-12126) Error and warning message counts have been restored: Errors=34, Warnings=0.
# Error loading design
# Error: Error loading design
#        Pausing macro execution
# MACRO ./do/tb_00.do PAUSED at line 6
do do/compile_all.do
# ** Warning: (vlib-34) Library already exists at "work".
# Errors: 0, Warnings: 1
# Model Technology ModelSim SE-64 vmap 2020.4 Lib Mapping Utility 2020.10 Oct 13 2020
# vmap work 
# Reading C:/modeltech64_2020.4/win64/../modelsim.ini
# "work" maps to directory ./work. (Default mapping)
# Model Technology ModelSim SE-64 vlog 2020.4 Compiler 2020.10 Oct 13 2020
# Start time: 10:56:55 on Apr 22,2025
# vlog -reportprogress 300 -work work sim_model/lib/glbl.v 
# -- Compiling module glbl
# 
# Top level modules:
# 	glbl
# End time: 10:56:55 on Apr 22,2025, Elapsed time: 0:00:00
# Errors: 0, Warnings: 0
# ** Warning: (vlib-34) Library already exists at "work".
# Errors: 0, Warnings: 1
# Model Technology ModelSim SE-64 vmap 2020.4 Lib Mapping Utility 2020.10 Oct 13 2020
# vmap work 
# Reading C:/modeltech64_2020.4/win64/../modelsim.ini
# "work" maps to directory ./work. (Default mapping)
# Model Technology ModelSim SE-64 vlog 2020.4 Compiler 2020.10 Oct 13 2020
# Start time: 10:56:55 on Apr 22,2025
# vlog -reportprogress 300 -work work ../rtl/00_xilinx_ip/00_afifo/afifo_i72o72_d2048/afifo_i72o72_d2048_sim_netlist.V 
# -- Compiling module afifo_i72o72_d2048
# -- Compiling module afifo_i72o72_d2048_xpm_cdc_gray
# -- Compiling module afifo_i72o72_d2048_xpm_cdc_gray__2
# -- Compiling module afifo_i72o72_d2048_xpm_cdc_single
# -- Compiling module afifo_i72o72_d2048_xpm_cdc_single__2
# -- Compiling module afifo_i72o72_d2048_xpm_cdc_sync_rst
# -- Compiling module afifo_i72o72_d2048_xpm_cdc_sync_rst__2
# -- Compiling module glbl
# 
# Top level modules:
# 	afifo_i72o72_d2048
# 	glbl
# End time: 10:56:55 on Apr 22,2025, Elapsed time: 0:00:00
# Errors: 0, Warnings: 0
# Model Technology ModelSim SE-64 vlog 2020.4 Compiler 2020.10 Oct 13 2020
# Start time: 10:56:55 on Apr 22,2025
# vlog -reportprogress 300 -work work ../rtl/00_xilinx_ip/01_sfifo/sfifo_i32o32_d1024/sfifo_i32o32_d1024_sim_netlist.V 
# -- Compiling module sfifo_i32o32_d1024
# -- Compiling module glbl
# 
# Top level modules:
# 	sfifo_i32o32_d1024
# 	glbl
# End time: 10:56:56 on Apr 22,2025, Elapsed time: 0:00:01
# Errors: 0, Warnings: 0
# Model Technology ModelSim SE-64 vlog 2020.4 Compiler 2020.10 Oct 13 2020
# Start time: 10:56:56 on Apr 22,2025
# vlog -reportprogress 300 -work work ../rtl/00_xilinx_ip/01_sfifo/sfifo_i64o64_d512/sfifo_i64o64_d512_sim_netlist.V 
# -- Compiling module sfifo_i64o64_d512
# -- Compiling module glbl
# 
# Top level modules:
# 	sfifo_i64o64_d512
# 	glbl
# End time: 10:56:56 on Apr 22,2025, Elapsed time: 0:00:00
# Errors: 0, Warnings: 0
# Model Technology ModelSim SE-64 vlog 2020.4 Compiler 2020.10 Oct 13 2020
# Start time: 10:56:56 on Apr 22,2025
# vlog -reportprogress 300 -work work ../rtl/00_xilinx_ip/01_sfifo/sfifo_i72o72_d512/sfifo_i72o72_d512_sim_netlist.V 
# -- Compiling module sfifo_i72o72_d512
# -- Compiling module glbl
# 
# Top level modules:
# 	sfifo_i72o72_d512
# 	glbl
# End time: 10:56:56 on Apr 22,2025, Elapsed time: 0:00:00
# Errors: 0, Warnings: 0
# Model Technology ModelSim SE-64 vlog 2020.4 Compiler 2020.10 Oct 13 2020
# Start time: 10:56:56 on Apr 22,2025
# vlog -reportprogress 300 -work work ../rtl/00_xilinx_ip/03_ram/sram_i64o64_d256/sram_i64o64_d256_sim_netlist.V 
# -- Compiling module sram_i64o64_d256
# -- Compiling module glbl
# 
# Top level modules:
# 	sram_i64o64_d256
# 	glbl
# End time: 10:56:57 on Apr 22,2025, Elapsed time: 0:00:01
# Errors: 0, Warnings: 0
# Model Technology ModelSim SE-64 vlog 2020.4 Compiler 2020.10 Oct 13 2020
# Start time: 10:56:57 on Apr 22,2025
# vlog -reportprogress 300 -work work ../rtl/01_user_ip/arbita_ch6.v ../rtl/01_user_ip/pulse_gen.v 
# -- Compiling module ARBITA_CH6
# -- Compiling module PULSE_GEN
# 
# Top level modules:
# 	ARBITA_CH6
# 	PULSE_GEN
# End time: 10:56:57 on Apr 22,2025, Elapsed time: 0:00:00
# Errors: 0, Warnings: 0
# Model Technology ModelSim SE-64 vlog 2020.4 Compiler 2020.10 Oct 13 2020
# Start time: 10:56:57 on Apr 22,2025
# vlog -reportprogress 300 -work work ../rtl/03_srio/ini_dma_rd.v ../rtl/03_srio/ini_dma_wr.v ../rtl/03_srio/ini_reg_tx.v ../rtl/03_srio/ini_rx_dec.v ../rtl/03_srio/srio_rx.v ../rtl/03_srio/srio_top.v ../rtl/03_srio/srio_tx.v ../rtl/03_srio/tag_dma_tx.v ../rtl/03_srio/tag_reg_tx.v ../rtl/03_srio/tag_rx_dec.v 
# -- Compiling module INI_DMA_RD
# -- Compiling module INI_DMA_WR
# -- Compiling module INI_REG_TX
# -- Compiling module INI_RX_DEC
# -- Compiling module SRIO_RX
# -- Compiling module SRIO_TOP
# -- Compiling module SRIO_TX
# -- Compiling module TAG_DMA_TX
# -- Compiling module TAG_REG_TX
# -- Compiling module TAG_RX_DEC
# 
# Top level modules:
# 	SRIO_TOP
# End time: 10:56:57 on Apr 22,2025, Elapsed time: 0:00:00
# Errors: 0, Warnings: 0
# Model Technology ModelSim SE-64 vlog 2020.4 Compiler 2020.10 Oct 13 2020
# Start time: 10:56:57 on Apr 22,2025
# vlog -reportprogress 300 -work work ../rtl/04_bist/bist_reg.v ../rtl/04_bist/ram_bist.v 
# -- Compiling module BIST_REG
# -- Compiling module RAM_BIST
# 
# Top level modules:
# 	BIST_REG
# 	RAM_BIST
# End time: 10:56:57 on Apr 22,2025, Elapsed time: 0:00:00
# Errors: 0, Warnings: 0
# ** Warning: (vlib-34) Library already exists at "work".
# Errors: 0, Warnings: 1
# Model Technology ModelSim SE-64 vmap 2020.4 Lib Mapping Utility 2020.10 Oct 13 2020
# vmap work 
# Reading C:/modeltech64_2020.4/win64/../modelsim.ini
# "work" maps to directory ./work. (Default mapping)
# Model Technology ModelSim SE-64 vlog 2020.4 Compiler 2020.10 Oct 13 2020
# Start time: 10:56:57 on Apr 22,2025
# vlog -reportprogress 300 -work work sim_model/define/define.v 
# End time: 10:56:57 on Apr 22,2025, Elapsed time: 0:00:00
# Errors: 0, Warnings: 0
# Model Technology ModelSim SE-64 vlog 2020.4 Compiler 2020.10 Oct 13 2020
# Start time: 10:56:58 on Apr 22,2025
# vlog -reportprogress 300 "+define+tb_00=1" -work work "+incdir+{sim_model/define}" sim_model/sim_model.v 
# -- Compiling module SIM_MODEL
# 
# Top level modules:
# 	SIM_MODEL
# End time: 10:56:58 on Apr 22,2025, Elapsed time: 0:00:00
# Errors: 0, Warnings: 0
# Model Technology ModelSim SE-64 vlog 2020.4 Compiler 2020.10 Oct 13 2020
# Start time: 10:56:58 on Apr 22,2025
# vlog -reportprogress 300 "+define+tb_00=1" -work work "+incdir+{sim_model/define}" sim_model/tb_top.v 
# -- Compiling module tb_top
# 
# Top level modules:
# 	tb_top
# End time: 10:56:58 on Apr 22,2025, Elapsed time: 0:00:00
# Errors: 0, Warnings: 0
do do/tb_00.do
# Model Technology ModelSim SE-64 vlog 2020.4 Compiler 2020.10 Oct 13 2020
# Start time: 10:56:59 on Apr 22,2025
# vlog -reportprogress 300 "+define+tb_00=1" -work work sim_model\define\define.v 
# End time: 10:56:59 on Apr 22,2025, Elapsed time: 0:00:00
# Errors: 0, Warnings: 0
# Model Technology ModelSim SE-64 vlog 2020.4 Compiler 2020.10 Oct 13 2020
# Start time: 10:56:59 on Apr 22,2025
# vlog -reportprogress 300 "+define+tb_00=1" -work work "+incdir+{sim_modeldefine}" sim_model\tb_top.v 
# -- Compiling module tb_top
# 
# Top level modules:
# 	tb_top
# End time: 10:56:59 on Apr 22,2025, Elapsed time: 0:00:00
# Errors: 0, Warnings: 0
# vsim -t 1ps -c -l ./log/vsim_tb_00_report.log work.tb_top -L UNISIMS_VER -L SECUREIP -L SIMPRIMS_VER -L work -voptargs="+acc" work.glbl -wav ./wave/tb_00.wlf 
# Start time: 10:43:42 on Apr 22,2025
# ** Note: (vsim-3812) Design is being optimized...
# ** Error (suppressible): ../rtl/03_srio/srio_top.v(431): (vopt-2912) Port 'USR_CLK' not found in module 'SRIO_RX' (3rd connection).
# ** Error (suppressible): ../rtl/03_srio/srio_top.v(431): (vopt-2912) Port 'USR_RST' not found in module 'SRIO_RX' (4th connection).
# ** Error (suppressible): ../rtl/03_srio/srio_top.v(431): (vopt-2912) Port 'SRIO_RX_RDY' not found in module 'SRIO_RX' (11th connection).
# ** Error (suppressible): ../rtl/03_srio/srio_top.v(386): (vopt-2912) Port 'USR_CLK' not found in module 'SRIO_RX' (3rd connection).
# ** Error (suppressible): ../rtl/03_srio/srio_top.v(386): (vopt-2912) Port 'USR_RST' not found in module 'SRIO_RX' (4th connection).
# ** Error (suppressible): ../rtl/03_srio/srio_top.v(386): (vopt-2912) Port 'SRIO_RX_RDY' not found in module 'SRIO_RX' (11th connection).
# ** Error (suppressible): ../rtl/03_srio/ini_dma_wr.v(133): (vopt-2912) Port 'wr_rst_busy' not found in module 'sfifo_i64o64_d512' (3rd connection).
# ** Error (suppressible): ../rtl/03_srio/ini_dma_wr.v(133): (vopt-2912) Port 'rd_rst_busy' not found in module 'sfifo_i64o64_d512' (4th connection).
# ** Error (suppressible): ../rtl/03_srio/ini_dma_wr.v(183): (vopt-2912) Port 'almost_full' not found in module 'sfifo_i64o64_d512' (9th connection).
# ** Error (suppressible): ../rtl/03_srio/ini_dma_wr.v(183): (vopt-2912) Port 'almost_empty' not found in module 'sfifo_i64o64_d512' (10th connection).
# ** Error (suppressible): ../rtl/03_srio/ini_dma_wr.v(183): (vopt-2912) Port 'wr_rst_busy' not found in module 'sfifo_i64o64_d512' (12th connection).
# ** Error (suppressible): ../rtl/03_srio/ini_dma_wr.v(183): (vopt-2912) Port 'rd_rst_busy' not found in module 'sfifo_i64o64_d512' (13th connection).
# Optimization failed
# ** Note: (vsim-12126) Error and warning message counts have been restored: Errors=46, Warnings=0.
# Error loading design
# Error: Error loading design
#        Pausing macro execution
# MACRO ./do/tb_00.do PAUSED at line 6
do do/compile_all.do
# ** Warning: (vlib-34) Library already exists at "work".
# Errors: 0, Warnings: 1
# Model Technology ModelSim SE-64 vmap 2020.4 Lib Mapping Utility 2020.10 Oct 13 2020
# vmap work 
# Reading C:/modeltech64_2020.4/win64/../modelsim.ini
# "work" maps to directory ./work. (Default mapping)
# Model Technology ModelSim SE-64 vlog 2020.4 Compiler 2020.10 Oct 13 2020
# Start time: 11:06:55 on Apr 22,2025
# vlog -reportprogress 300 -work work sim_model/lib/glbl.v 
# -- Compiling module glbl
# 
# Top level modules:
# 	glbl
# End time: 11:06:55 on Apr 22,2025, Elapsed time: 0:00:00
# Errors: 0, Warnings: 0
# ** Warning: (vlib-34) Library already exists at "work".
# Errors: 0, Warnings: 1
# Model Technology ModelSim SE-64 vmap 2020.4 Lib Mapping Utility 2020.10 Oct 13 2020
# vmap work 
# Reading C:/modeltech64_2020.4/win64/../modelsim.ini
# "work" maps to directory ./work. (Default mapping)
# Model Technology ModelSim SE-64 vlog 2020.4 Compiler 2020.10 Oct 13 2020
# Start time: 11:06:56 on Apr 22,2025
# vlog -reportprogress 300 -work work ../rtl/00_xilinx_ip/00_afifo/afifo_i72o72_d2048/afifo_i72o72_d2048_sim_netlist.V 
# -- Compiling module afifo_i72o72_d2048
# -- Compiling module afifo_i72o72_d2048_xpm_cdc_gray
# -- Compiling module afifo_i72o72_d2048_xpm_cdc_gray__2
# -- Compiling module afifo_i72o72_d2048_xpm_cdc_single
# -- Compiling module afifo_i72o72_d2048_xpm_cdc_single__2
# -- Compiling module afifo_i72o72_d2048_xpm_cdc_sync_rst
# -- Compiling module afifo_i72o72_d2048_xpm_cdc_sync_rst__2
# -- Compiling module glbl
# 
# Top level modules:
# 	afifo_i72o72_d2048
# 	glbl
# End time: 11:06:56 on Apr 22,2025, Elapsed time: 0:00:00
# Errors: 0, Warnings: 0
# Model Technology ModelSim SE-64 vlog 2020.4 Compiler 2020.10 Oct 13 2020
# Start time: 11:06:56 on Apr 22,2025
# vlog -reportprogress 300 -work work ../rtl/00_xilinx_ip/01_sfifo/sfifo_i32o32_d1024/sfifo_i32o32_d1024_sim_netlist.V 
# -- Compiling module sfifo_i32o32_d1024
# -- Compiling module glbl
# 
# Top level modules:
# 	sfifo_i32o32_d1024
# 	glbl
# End time: 11:06:56 on Apr 22,2025, Elapsed time: 0:00:00
# Errors: 0, Warnings: 0
# Model Technology ModelSim SE-64 vlog 2020.4 Compiler 2020.10 Oct 13 2020
# Start time: 11:06:56 on Apr 22,2025
# vlog -reportprogress 300 -work work ../rtl/00_xilinx_ip/01_sfifo/sfifo_i64o64_d512/sfifo_i64o64_d512_sim_netlist.V 
# -- Compiling module sfifo_i64o64_d512
# -- Compiling module glbl
# 
# Top level modules:
# 	sfifo_i64o64_d512
# 	glbl
# End time: 11:06:56 on Apr 22,2025, Elapsed time: 0:00:00
# Errors: 0, Warnings: 0
# Model Technology ModelSim SE-64 vlog 2020.4 Compiler 2020.10 Oct 13 2020
# Start time: 11:06:57 on Apr 22,2025
# vlog -reportprogress 300 -work work ../rtl/00_xilinx_ip/01_sfifo/sfifo_i72o72_d512/sfifo_i72o72_d512_sim_netlist.V 
# -- Compiling module sfifo_i72o72_d512
# -- Compiling module glbl
# 
# Top level modules:
# 	sfifo_i72o72_d512
# 	glbl
# End time: 11:06:57 on Apr 22,2025, Elapsed time: 0:00:00
# Errors: 0, Warnings: 0
# Model Technology ModelSim SE-64 vlog 2020.4 Compiler 2020.10 Oct 13 2020
# Start time: 11:06:57 on Apr 22,2025
# vlog -reportprogress 300 -work work ../rtl/00_xilinx_ip/03_ram/sram_i64o64_d256/sram_i64o64_d256_sim_netlist.V 
# -- Compiling module sram_i64o64_d256
# -- Compiling module glbl
# 
# Top level modules:
# 	sram_i64o64_d256
# 	glbl
# End time: 11:06:57 on Apr 22,2025, Elapsed time: 0:00:00
# Errors: 0, Warnings: 0
# Model Technology ModelSim SE-64 vlog 2020.4 Compiler 2020.10 Oct 13 2020
# Start time: 11:06:57 on Apr 22,2025
# vlog -reportprogress 300 -work work ../rtl/01_user_ip/arbita_ch6.v ../rtl/01_user_ip/pulse_gen.v 
# -- Compiling module ARBITA_CH6
# -- Compiling module PULSE_GEN
# 
# Top level modules:
# 	ARBITA_CH6
# 	PULSE_GEN
# End time: 11:06:57 on Apr 22,2025, Elapsed time: 0:00:00
# Errors: 0, Warnings: 0
# Model Technology ModelSim SE-64 vlog 2020.4 Compiler 2020.10 Oct 13 2020
# Start time: 11:06:57 on Apr 22,2025
# vlog -reportprogress 300 -work work ../rtl/03_srio/ini_dma_rd.v ../rtl/03_srio/ini_dma_wr.v ../rtl/03_srio/ini_reg_tx.v ../rtl/03_srio/ini_rx_dec.v ../rtl/03_srio/srio_rx.v ../rtl/03_srio/srio_top.v ../rtl/03_srio/srio_tx.v ../rtl/03_srio/tag_dma_tx.v ../rtl/03_srio/tag_reg_tx.v ../rtl/03_srio/tag_rx_dec.v 
# -- Compiling module INI_DMA_RD
# -- Compiling module INI_DMA_WR
# -- Compiling module INI_REG_TX
# -- Compiling module INI_RX_DEC
# -- Compiling module SRIO_RX
# -- Compiling module SRIO_TOP
# -- Compiling module SRIO_TX
# -- Compiling module TAG_DMA_TX
# -- Compiling module TAG_REG_TX
# -- Compiling module TAG_RX_DEC
# 
# Top level modules:
# 	SRIO_TOP
# End time: 11:06:57 on Apr 22,2025, Elapsed time: 0:00:00
# Errors: 0, Warnings: 0
# Model Technology ModelSim SE-64 vlog 2020.4 Compiler 2020.10 Oct 13 2020
# Start time: 11:06:58 on Apr 22,2025
# vlog -reportprogress 300 -work work ../rtl/04_bist/bist_reg.v ../rtl/04_bist/ram_bist.v 
# -- Compiling module BIST_REG
# -- Compiling module RAM_BIST
# 
# Top level modules:
# 	BIST_REG
# 	RAM_BIST
# End time: 11:06:58 on Apr 22,2025, Elapsed time: 0:00:00
# Errors: 0, Warnings: 0
# ** Warning: (vlib-34) Library already exists at "work".
# Errors: 0, Warnings: 1
# Model Technology ModelSim SE-64 vmap 2020.4 Lib Mapping Utility 2020.10 Oct 13 2020
# vmap work 
# Reading C:/modeltech64_2020.4/win64/../modelsim.ini
# "work" maps to directory ./work. (Default mapping)
# Model Technology ModelSim SE-64 vlog 2020.4 Compiler 2020.10 Oct 13 2020
# Start time: 11:06:58 on Apr 22,2025
# vlog -reportprogress 300 -work work sim_model/define/define.v 
# End time: 11:06:58 on Apr 22,2025, Elapsed time: 0:00:00
# Errors: 0, Warnings: 0
# Model Technology ModelSim SE-64 vlog 2020.4 Compiler 2020.10 Oct 13 2020
# Start time: 11:06:58 on Apr 22,2025
# vlog -reportprogress 300 "+define+tb_00=1" -work work "+incdir+{sim_model/define}" sim_model/sim_model.v 
# -- Compiling module SIM_MODEL
# 
# Top level modules:
# 	SIM_MODEL
# End time: 11:06:58 on Apr 22,2025, Elapsed time: 0:00:00
# Errors: 0, Warnings: 0
# Model Technology ModelSim SE-64 vlog 2020.4 Compiler 2020.10 Oct 13 2020
# Start time: 11:06:58 on Apr 22,2025
# vlog -reportprogress 300 "+define+tb_00=1" -work work "+incdir+{sim_model/define}" sim_model/tb_top.v 
# -- Compiling module tb_top
# 
# Top level modules:
# 	tb_top
# End time: 11:06:58 on Apr 22,2025, Elapsed time: 0:00:00
# Errors: 0, Warnings: 0
do do/tb_00.do
# Model Technology ModelSim SE-64 vlog 2020.4 Compiler 2020.10 Oct 13 2020
# Start time: 11:07:00 on Apr 22,2025
# vlog -reportprogress 300 "+define+tb_00=1" -work work sim_model\define\define.v 
# End time: 11:07:00 on Apr 22,2025, Elapsed time: 0:00:00
# Errors: 0, Warnings: 0
# Model Technology ModelSim SE-64 vlog 2020.4 Compiler 2020.10 Oct 13 2020
# Start time: 11:07:00 on Apr 22,2025
# vlog -reportprogress 300 "+define+tb_00=1" -work work "+incdir+{sim_modeldefine}" sim_model\tb_top.v 
# -- Compiling module tb_top
# 
# Top level modules:
# 	tb_top
# End time: 11:07:00 on Apr 22,2025, Elapsed time: 0:00:00
# Errors: 0, Warnings: 0
# vsim -t 1ps -c -l ./log/vsim_tb_00_report.log work.tb_top -L UNISIMS_VER -L SECUREIP -L SIMPRIMS_VER -L work -voptargs="+acc" work.glbl -wav ./wave/tb_00.wlf 
# Start time: 10:43:42 on Apr 22,2025
# ** Note: (vsim-3812) Design is being optimized...
# ** Note: (vopt-143) Recognized 1 FSM in module "ARBITA_CH6(fast)".
# ** Note: (vopt-143) Recognized 1 FSM in module "TAG_DMA_TX(fast)".
# ** Note: (vopt-143) Recognized 1 FSM in module "INI_DMA_WR(fast)".
# ** Note: (vopt-143) Recognized 1 FSM in module "INI_REG_TX(fast)".
# ** Note: (vopt-143) Recognized 1 FSM in module "TAG_REG_TX(fast)".
# ** Note: (vopt-143) Recognized 1 FSM in module "INI_DMA_RD(fast)".
# Loading work.tb_top(fast)
# Loading work.SIM_MODEL(fast)
# Loading work.SRIO_TOP(fast)
# Loading work.INI_REG_TX(fast)
# Loading work.sfifo_i72o72_d512(fast)
# Loading UNISIMS_VER.GND(fast)
# Loading UNISIMS_VER.LUT1(fast)
# Loading UNISIMS_VER.LUT2(fast)
# Loading UNISIMS_VER.LUT3(fast)
# Loading UNISIMS_VER.FDRE(fast)
# Loading UNISIMS_VER.CARRY4(fast)
# Loading UNISIMS_VER.LUT5(fast)
# Loading UNISIMS_VER.LUT5(fast__1)
# Loading UNISIMS_VER.FDSE(fast)
# Loading UNISIMS_VER.LUT4(fast)
# Loading UNISIMS_VER.LUT4(fast__1)
# Loading UNISIMS_VER.LUT3(fast__1)
# Loading UNISIMS_VER.LUT3(fast__2)
# Loading UNISIMS_VER.LUT4(fast__2)
# Loading UNISIMS_VER.LUT6(fast)
# Loading UNISIMS_VER.LUT2(fast__1)
# Loading UNISIMS_VER.LUT3(fast__3)
# Loading UNISIMS_VER.LUT4(fast__3)
# Loading UNISIMS_VER.LUT5(fast__2)
# Loading UNISIMS_VER.LUT6(fast__1)
# Loading UNISIMS_VER.LUT6(fast__2)
# Loading UNISIMS_VER.LUT4(fast__4)
# Loading UNISIMS_VER.LUT2(fast__2)
# Loading UNISIMS_VER.LUT5(fast__3)
# Loading UNISIMS_VER.LUT4(fast__5)
# Loading UNISIMS_VER.LUT1(fast__1)
# Loading UNISIMS_VER.RAMB36E1(fast)
# Loading UNISIMS_VER.RB36_INTERNAL_VLOG(fast)
# Loading work.INI_DMA_WR(fast)
# Loading work.sfifo_i64o64_d512(fast)
# Loading work.INI_DMA_RD(fast)
# Loading work.ARBITA_CH6(fast)
# Loading work.SRIO_TX(fast)
# Loading work.afifo_i72o72_d2048(fast)
# Loading work.afifo_i72o72_d2048_xpm_cdc_gray(fast)
# Loading UNISIMS_VER.LUT6(fast__3)
# Loading UNISIMS_VER.LUT5(fast__4)
# Loading UNISIMS_VER.LUT4(fast__6)
# Loading UNISIMS_VER.LUT3(fast__4)
# Loading work.afifo_i72o72_d2048_xpm_cdc_gray__2(fast)
# Loading UNISIMS_VER.LUT6(fast__4)
# Loading UNISIMS_VER.LUT4(fast__7)
# Loading UNISIMS_VER.LUT6(fast__5)
# Loading UNISIMS_VER.LUT5(fast__5)
# Loading UNISIMS_VER.LUT6(fast__6)
# Loading UNISIMS_VER.FDSE(fast__1)
# Loading UNISIMS_VER.RAMB36E1(fast__1)
# Loading UNISIMS_VER.RB36_INTERNAL_VLOG(fast__1)
# Loading UNISIMS_VER.SRL16E(fast)
# Loading UNISIMS_VER.LUT2(fast__3)
# Loading UNISIMS_VER.FDRE(fast__1)
# Loading UNISIMS_VER.LUT3(fast__5)
# Loading UNISIMS_VER.LUT4(fast__8)
# Loading UNISIMS_VER.LUT6(fast__7)
# Loading work.afifo_i72o72_d2048_xpm_cdc_single(fast)
# Loading work.afifo_i72o72_d2048_xpm_cdc_single__2(fast)
# Loading work.afifo_i72o72_d2048_xpm_cdc_sync_rst(fast)
# Loading work.afifo_i72o72_d2048_xpm_cdc_sync_rst__2(fast)
# Loading work.SRIO_RX(fast)
# Loading work.INI_RX_DEC(fast)
# Loading work.TAG_RX_DEC(fast)
# Loading work.TAG_REG_TX(fast)
# Loading work.TAG_DMA_TX(fast)
# Loading work.BIST_REG(fast)
# Loading work.RAM_BIST(fast)
# Loading work.sram_i64o64_d256(fast)
# Loading UNISIMS_VER.RAMB36E1(fast__2)
# Loading UNISIMS_VER.RB36_INTERNAL_VLOG(fast__2)
# Loading work.glbl(fast)
# ** Warning: (vsim-3015) [PCDPC] - Port size (4) does not match connection size (32) for port 'AXIS_TX_IUSER'. The port definition is at: ../rtl/03_srio/srio_top.v(36).
#    Time: 0 ps  Iteration: 0  Instance: /tb_top/U_SRIO_TOP File: sim_model/tb_top.v Line: 763
# ** Warning: (vsim-3015) [PCDPC] - Port size (22) does not match connection size (32) for port 'AXIS_RX_TUSER'. The port definition is at: ../rtl/03_srio/srio_top.v(44).
#    Time: 0 ps  Iteration: 0  Instance: /tb_top/U_SRIO_TOP File: sim_model/tb_top.v Line: 763
# ** Warning: (vsim-3015) [PCDPC] - Port size (32) does not match connection size (25) for port 'INI_WR_ADDR'. The port definition is at: ../rtl/03_srio/srio_top.v(55).
#    Time: 0 ps  Iteration: 0  Instance: /tb_top/U_SRIO_TOP File: sim_model/tb_top.v Line: 763
# ** Warning: (vsim-3015) [PCDPC] - Port size (8) does not match connection size (16) for port 'INI_WR_SIZE'. The port definition is at: ../rtl/03_srio/srio_top.v(56).
#    Time: 0 ps  Iteration: 0  Instance: /tb_top/U_SRIO_TOP File: sim_model/tb_top.v Line: 763
# ** Warning: (vsim-3015) [PCDPC] - Port size (32) does not match connection size (25) for port 'INI_RD_SIZE'. The port definition is at: ../rtl/03_srio/srio_top.v(64).
#    Time: 0 ps  Iteration: 0  Instance: /tb_top/U_SRIO_TOP File: sim_model/tb_top.v Line: 763
# ** Warning: (vsim-3015) [PCDPC] - Port size (8) does not match connection size (12) for port 'INI_RD_ADDR'. The port definition is at: ../rtl/03_srio/srio_top.v(65).
#    Time: 0 ps  Iteration: 0  Instance: /tb_top/U_SRIO_TOP File: sim_model/tb_top.v Line: 763
# ** Warning: (vsim-3015) [PCDPC] - Port size (16) does not match connection size (10) for port 'INI_REG_OP_ADDR'. The port definition is at: ../rtl/03_srio/srio_top.v(77).
#    Time: 0 ps  Iteration: 0  Instance: /tb_top/U_SRIO_TOP File: sim_model/tb_top.v Line: 763
# ** Warning: (vsim-3015) [PCDPC] - Port size (32) does not match connection size (16) for port 'TAG_WR_ADDR'. The port definition is at: ../rtl/03_srio/srio_top.v(81).
#    Time: 0 ps  Iteration: 0  Instance: /tb_top/U_SRIO_TOP File: sim_model/tb_top.v Line: 763
# ** Warning: (vsim-3015) [PCDPC] - Port size (32) does not match connection size (8) for port 'TAG_RD_SIZE'. The port definition is at: ../rtl/03_srio/srio_top.v(90).
#    Time: 0 ps  Iteration: 0  Instance: /tb_top/U_SRIO_TOP File: sim_model/tb_top.v Line: 763
# ** Warning: (vsim-3015) [PCDPC] - Port size (8) does not match connection size (16) for port 'TAG_RD_ADDR'. The port definition is at: ../rtl/03_srio/srio_top.v(91).
#    Time: 0 ps  Iteration: 0  Instance: /tb_top/U_SRIO_TOP File: sim_model/tb_top.v Line: 763
# ** Warning: (vsim-3015) [PCDPC] - Port size (16) does not match connection size (32) for port 'TAG_REG_OP_ADDR'. The port definition is at: ../rtl/03_srio/srio_top.v(103).
#    Time: 0 ps  Iteration: 0  Instance: /tb_top/U_SRIO_TOP File: sim_model/tb_top.v Line: 763
# ** Warning: (vsim-3015) [PCDPC] - Port size (32) does not match connection size (16) for port 'REG_OP_ADDR'. The port definition is at: ../rtl/03_srio/ini_reg_tx.v(27).
#    Time: 0 ps  Iteration: 0  Instance: /tb_top/U_SRIO_TOP/U_INI_REG_TX File: ../rtl/03_srio/srio_top.v Line: 248
# ** Warning: (vsim-3015) [PCDPC] - Port size (64) does not match connection size (1) for port 'REG_TX_DATA'. The port definition is at: ../rtl/03_srio/ini_reg_tx.v(32).
#    Time: 0 ps  Iteration: 0  Instance: /tb_top/U_SRIO_TOP/U_INI_REG_TX File: ../rtl/03_srio/srio_top.v Line: 248
# ** Warning: (vsim-3015) [PCDPC] - Port size (64) does not match connection size (1) for port 'DMA_WR_TX_DATA'. The port definition is at: ../rtl/03_srio/ini_dma_wr.v(34).
#    Time: 0 ps  Iteration: 0  Instance: /tb_top/U_SRIO_TOP/U_INI_DMA_WR File: ../rtl/03_srio/srio_top.v Line: 267
# ** Warning: (vsim-3015) [PCDPC] - Port size (1) does not match connection size (8) for port 'DMA_RD_ADDR'. The port definition is at: ../rtl/03_srio/ini_dma_rd.v(23).
#    Time: 0 ps  Iteration: 0  Instance: /tb_top/U_SRIO_TOP/U_INI_DMA_RD File: ../rtl/03_srio/srio_top.v Line: 289
# ** Warning: (vsim-3015) [PCDPC] - Port size (8) does not match connection size (32) for port 'DMA_RD_SIZE'. The port definition is at: ../rtl/03_srio/ini_dma_rd.v(24).
#    Time: 0 ps  Iteration: 0  Instance: /tb_top/U_SRIO_TOP/U_INI_DMA_RD File: ../rtl/03_srio/srio_top.v Line: 289
# ** Warning: (vsim-3015) [PCDPC] - Port size (64) does not match connection size (1) for port 'DMA_RD_TX_DATA'. The port definition is at: ../rtl/03_srio/ini_dma_rd.v(29).
#    Time: 0 ps  Iteration: 0  Instance: /tb_top/U_SRIO_TOP/U_INI_DMA_RD File: ../rtl/03_srio/srio_top.v Line: 289
# ** Warning: (vsim-3015) [PCDPC] - Port size (64) does not match connection size (1) for port 'ARBIT_DATA'. The port definition is at: ../rtl/01_user_ip/arbita_ch6.v(26).
#    Time: 0 ps  Iteration: 0  Instance: /tb_top/U_SRIO_TOP/U_ARBITA_TX0 File: ../rtl/03_srio/srio_top.v Line: 305
# ** Warning: (vsim-3015) [PCDPC] - Port size (64) does not match connection size (1) for port 'CH0_DATA'. The port definition is at: ../rtl/01_user_ip/arbita_ch6.v(35).
#    Time: 0 ps  Iteration: 0  Instance: /tb_top/U_SRIO_TOP/U_ARBITA_TX0 File: ../rtl/03_srio/srio_top.v Line: 305
# ** Warning: (vsim-3015) [PCDPC] - Port size (64) does not match connection size (1) for port 'CH1_DATA'. The port definition is at: ../rtl/01_user_ip/arbita_ch6.v(42).
#    Time: 0 ps  Iteration: 0  Instance: /tb_top/U_SRIO_TOP/U_ARBITA_TX0 File: ../rtl/03_srio/srio_top.v Line: 305
# ** Warning: (vsim-3015) [PCDPC] - Port size (64) does not match connection size (1) for port 'CH2_DATA'. The port definition is at: ../rtl/01_user_ip/arbita_ch6.v(49).
#    Time: 0 ps  Iteration: 0  Instance: /tb_top/U_SRIO_TOP/U_ARBITA_TX0 File: ../rtl/03_srio/srio_top.v Line: 305
# ** Warning: (vsim-3015) [PCDPC] - Port size (32) does not match connection size (4) for port 'AXI_TX_USER'. The port definition is at: ../rtl/03_srio/srio_tx.v(28).
#    Time: 0 ps  Iteration: 0  Instance: /tb_top/U_SRIO_TOP/U_INI_TX File: ../rtl/03_srio/srio_top.v Line: 360
# ** Warning: (vsim-3015) [PCDPC] - Port size (64) does not match connection size (1) for port 'SRIO_TX_DATA'. The port definition is at: ../rtl/03_srio/srio_tx.v(36).
#    Time: 0 ps  Iteration: 0  Instance: /tb_top/U_SRIO_TOP/U_INI_TX File: ../rtl/03_srio/srio_top.v Line: 360
# ** Warning: (vsim-3015) [PCDPC] - Port size (11) does not match connection size (12) for port 'wr_data_count'. The port definition is at: ../rtl/00_xilinx_ip/00_afifo/afifo_i72o72_d2048/afifo_i72o72_d2048_sim_netlist.V(30).
#    Time: 0 ps  Iteration: 0  Instance: /tb_top/U_SRIO_TOP/U_INI_TX/U_SRIO_DBUF File: ../rtl/03_srio/srio_tx.v Line: 108
# ** Warning: (vsim-3015) [PCDPC] - Port size (64) does not match connection size (32) for port 'AXI_RX_USER'. The port definition is at: ../rtl/03_srio/srio_rx.v(30).
#    Time: 0 ps  Iteration: 0  Instance: /tb_top/U_SRIO_TOP/U_INI_RX File: ../rtl/03_srio/srio_top.v Line: 386
# ** Warning: (vsim-3015) [PCDPC] - Port size (64) does not match connection size (1) for port 'SRIO_RX_DATA'. The port definition is at: ../rtl/03_srio/srio_rx.v(37).
#    Time: 0 ps  Iteration: 0  Instance: /tb_top/U_SRIO_TOP/U_INI_RX File: ../rtl/03_srio/srio_top.v Line: 386
# ** Warning: (vsim-3015) [PCDPC] - Port size (64) does not match connection size (1) for port 'INI_DATA'. The port definition is at: ../rtl/03_srio/ini_rx_dec.v(24).
#    Time: 0 ps  Iteration: 0  Instance: /tb_top/U_SRIO_TOP/U_INI_RX_DEC File: ../rtl/03_srio/srio_top.v Line: 406
# ** Warning: (vsim-3015) [PCDPC] - Port size (32) does not match connection size (1) for port 'REG_RD_DATA'. The port definition is at: ../rtl/03_srio/ini_rx_dec.v(27).
#    Time: 0 ps  Iteration: 0  Instance: /tb_top/U_SRIO_TOP/U_INI_RX_DEC File: ../rtl/03_srio/srio_top.v Line: 406
# ** Warning: (vsim-3015) [PCDPC] - Port size (64) does not match connection size (22) for port 'AXI_RX_USER'. The port definition is at: ../rtl/03_srio/srio_rx.v(30).
#    Time: 0 ps  Iteration: 0  Instance: /tb_top/U_SRIO_TOP/U_TAG_RX File: ../rtl/03_srio/srio_top.v Line: 431
# ** Warning: (vsim-3015) [PCDPC] - Port size (64) does not match connection size (1) for port 'SRIO_RX_DATA'. The port definition is at: ../rtl/03_srio/srio_rx.v(37).
#    Time: 0 ps  Iteration: 0  Instance: /tb_top/U_SRIO_TOP/U_TAG_RX File: ../rtl/03_srio/srio_top.v Line: 431
# ** Warning: (vsim-3015) [PCDPC] - Port size (64) does not match connection size (1) for port 'TAG_DATA'. The port definition is at: ../rtl/03_srio/tag_rx_dec.v(24).
#    Time: 0 ps  Iteration: 0  Instance: /tb_top/U_SRIO_TOP/U_TAG_RX_DEC File: ../rtl/03_srio/srio_top.v Line: 451
# ** Warning: (vsim-3015) [PCDPC] - Port size (32) does not match connection size (16) for port 'REG_OP_ADDR'. The port definition is at: ../rtl/03_srio/tag_rx_dec.v(31).
#    Time: 0 ps  Iteration: 0  Instance: /tb_top/U_SRIO_TOP/U_TAG_RX_DEC File: ../rtl/03_srio/srio_top.v Line: 451
# ** Warning: (vsim-3015) [PCDPC] - Port size (9) does not match connection size (8) for port 'DMA_WR_SIZE'. The port definition is at: ../rtl/03_srio/tag_rx_dec.v(36).
#    Time: 0 ps  Iteration: 0  Instance: /tb_top/U_SRIO_TOP/U_TAG_RX_DEC File: ../rtl/03_srio/srio_top.v Line: 451
# ** Warning: (vsim-3015) [PCDPC] - Port size (9) does not match connection size (32) for port 'DMA_RD_SIZE'. The port definition is at: ../rtl/03_srio/tag_rx_dec.v(43).
#    Time: 0 ps  Iteration: 0  Instance: /tb_top/U_SRIO_TOP/U_TAG_RX_DEC File: ../rtl/03_srio/srio_top.v Line: 451
# ** Warning: (vsim-3015) [PCDPC] - Port size (32) does not match connection size (8) for port 'DMA_RD_ADDR'. The port definition is at: ../rtl/03_srio/tag_rx_dec.v(44).
#    Time: 0 ps  Iteration: 0  Instance: /tb_top/U_SRIO_TOP/U_TAG_RX_DEC File: ../rtl/03_srio/srio_top.v Line: 451
# ** Warning: (vsim-3015) [PCDPC] - Port size (32) does not match connection size (16) for port 'REG_OP_ADDR'. The port definition is at: ../rtl/03_srio/tag_reg_tx.v(22).
#    Time: 0 ps  Iteration: 0  Instance: /tb_top/U_SRIO_TOP/U_TAG_REG_TX File: ../rtl/03_srio/srio_top.v Line: 488
# ** Warning: (vsim-3015) [PCDPC] - Port size (64) does not match connection size (1) for port 'REG_TX_DATA'. The port definition is at: ../rtl/03_srio/tag_reg_tx.v(29).
#    Time: 0 ps  Iteration: 0  Instance: /tb_top/U_SRIO_TOP/U_TAG_REG_TX File: ../rtl/03_srio/srio_top.v Line: 488
# ** Warning: (vsim-3015) [PCDPC] - Port size (64) does not match connection size (72) for port 'din'. The port definition is at: ../rtl/00_xilinx_ip/01_sfifo/sfifo_i64o64_d512/sfifo_i64o64_d512_sim_netlist.V(20).
#    Time: 0 ps  Iteration: 0  Instance: /tb_top/U_SRIO_TOP/U_TAG_REG_TX/U_CBUF File: ../rtl/03_srio/tag_reg_tx.v Line: 110
# ** Warning: (vsim-3015) [PCDPC] - Port size (64) does not match connection size (72) for port 'dout'. The port definition is at: ../rtl/00_xilinx_ip/01_sfifo/sfifo_i64o64_d512/sfifo_i64o64_d512_sim_netlist.V(23).
#    Time: 0 ps  Iteration: 0  Instance: /tb_top/U_SRIO_TOP/U_TAG_REG_TX/U_CBUF File: ../rtl/03_srio/tag_reg_tx.v Line: 110
# ** Warning: (vsim-3015) [PCDPC] - Port size (9) does not match connection size (32) for port 'DMA_RD_SIZE'. The port definition is at: ../rtl/03_srio/tag_dma_tx.v(24).
#    Time: 0 ps  Iteration: 0  Instance: /tb_top/U_SRIO_TOP/U_TAG_DMA_TX File: ../rtl/03_srio/srio_top.v Line: 504
# ** Warning: (vsim-3015) [PCDPC] - Port size (32) does not match connection size (8) for port 'DMA_RD_ADDR'. The port definition is at: ../rtl/03_srio/tag_dma_tx.v(25).
#    Time: 0 ps  Iteration: 0  Instance: /tb_top/U_SRIO_TOP/U_TAG_DMA_TX File: ../rtl/03_srio/srio_top.v Line: 504
# ** Warning: (vsim-3015) [PCDPC] - Port size (64) does not match connection size (1) for port 'DMA_TX_DATA'. The port definition is at: ../rtl/03_srio/tag_dma_tx.v(34).
#    Time: 0 ps  Iteration: 0  Instance: /tb_top/U_SRIO_TOP/U_TAG_DMA_TX File: ../rtl/03_srio/srio_top.v Line: 504
# ** Warning: (vsim-3015) [PCDPC] - Port size (64) does not match connection size (1) for port 'ARBIT_DATA'. The port definition is at: ../rtl/01_user_ip/arbita_ch6.v(26).
#    Time: 0 ps  Iteration: 0  Instance: /tb_top/U_SRIO_TOP/U_ARBITA_TX1 File: ../rtl/03_srio/srio_top.v Line: 526
# ** Warning: (vsim-3015) [PCDPC] - Port size (64) does not match connection size (1) for port 'CH0_DATA'. The port definition is at: ../rtl/01_user_ip/arbita_ch6.v(35).
#    Time: 0 ps  Iteration: 0  Instance: /tb_top/U_SRIO_TOP/U_ARBITA_TX1 File: ../rtl/03_srio/srio_top.v Line: 526
# ** Warning: (vsim-3015) [PCDPC] - Port size (64) does not match connection size (1) for port 'CH1_DATA'. The port definition is at: ../rtl/01_user_ip/arbita_ch6.v(42).
#    Time: 0 ps  Iteration: 0  Instance: /tb_top/U_SRIO_TOP/U_ARBITA_TX1 File: ../rtl/03_srio/srio_top.v Line: 526
# ** Warning: (vsim-3015) [PCDPC] - Port size (64) does not match connection size (1) for port 'SRIO_TX_DATA'. The port definition is at: ../rtl/03_srio/srio_tx.v(36).
#    Time: 0 ps  Iteration: 0  Instance: /tb_top/U_SRIO_TOP/U_TAG_TX File: ../rtl/03_srio/srio_top.v Line: 581
# ** Warning: (vsim-3015) [PCDPC] - Port size (11) does not match connection size (12) for port 'wr_data_count'. The port definition is at: ../rtl/00_xilinx_ip/00_afifo/afifo_i72o72_d2048/afifo_i72o72_d2048_sim_netlist.V(30).
#    Time: 0 ps  Iteration: 0  Instance: /tb_top/U_SRIO_TOP/U_TAG_TX/U_SRIO_DBUF File: ../rtl/03_srio/srio_tx.v Line: 108
# ** Warning: (vsim-3015) [PCDPC] - Port size (6) does not match connection size (8) for port 'addra'. The port definition is at: ../rtl/00_xilinx_ip/03_ram/sram_i64o64_d256/sram_i64o64_d256_sim_netlist.V(20).
#    Time: 0 ps  Iteration: 0  Instance: /tb_top/U_RAM_BIST/U_BIST_BRAM File: ../rtl/04_bist/ram_bist.v Line: 113
# ** Warning: (vsim-3015) [PCDPC] - Port size (6) does not match connection size (8) for port 'addrb'. The port definition is at: ../rtl/00_xilinx_ip/03_ram/sram_i64o64_d256/sram_i64o64_d256_sim_netlist.V(23).
#    Time: 0 ps  Iteration: 0  Instance: /tb_top/U_RAM_BIST/U_BIST_BRAM File: ../rtl/04_bist/ram_bist.v Line: 113
#  
# ******<<<<<<<<<<<<<<<<<<<<<<Simulation tb_00 start>>>>>>>>>>>>>>>>>>>>>>> ******
#  
# ---- Initial simulation
# ---- clock ---- 1111 ---- enable
# ---- Wait for  64 cycles
# ---- Wait for  64 cycles end
# ---- Wait for  16 cycles
# ---- Wait for  16 cycles end
# ---- reseting by cycle
# ---- reset0   64 cycle end
# ---- Wait for  16 cycles
# ---- Wait for  16 cycles end
# ---- reseting by ns
# ---- reset1  255 ns end
# ---- Write register   PORT :0x0    ADD :0x200    DATA :0x89abcd0e
# ---- Wait for  16 cycles
# ---- Wait for  16 cycles end
# ---- Wait for 255 cycles
# ---- Wait for 255 cycles end
# ---- tb_00 test completed !
#  
# ******<<<<<<<<<<<<<<<<<<<<Simulation tb_00 Successful End>>>>>>>>>>>>>>>>>>> ******
#  
do do/compile_all.do
# ** Warning: (vlib-34) Library already exists at "work".
# Errors: 0, Warnings: 1
# Model Technology ModelSim SE-64 vmap 2020.4 Lib Mapping Utility 2020.10 Oct 13 2020
# vmap work 
# Reading C:/modeltech64_2020.4/win64/../modelsim.ini
# "work" maps to directory ./work. (Default mapping)
# Model Technology ModelSim SE-64 vlog 2020.4 Compiler 2020.10 Oct 13 2020
# Start time: 11:15:18 on Apr 22,2025
# vlog -reportprogress 300 -work work sim_model/lib/glbl.v 
# -- Compiling module glbl
# 
# Top level modules:
# 	glbl
# End time: 11:15:18 on Apr 22,2025, Elapsed time: 0:00:00
# Errors: 0, Warnings: 0
# ** Warning: (vlib-34) Library already exists at "work".
# Errors: 0, Warnings: 1
# Model Technology ModelSim SE-64 vmap 2020.4 Lib Mapping Utility 2020.10 Oct 13 2020
# vmap work 
# Reading C:/modeltech64_2020.4/win64/../modelsim.ini
# "work" maps to directory ./work. (Default mapping)
# Model Technology ModelSim SE-64 vlog 2020.4 Compiler 2020.10 Oct 13 2020
# Start time: 11:15:19 on Apr 22,2025
# vlog -reportprogress 300 -work work ../rtl/00_xilinx_ip/00_afifo/afifo_i72o72_d2048/afifo_i72o72_d2048_sim_netlist.V 
# -- Compiling module afifo_i72o72_d2048
# -- Compiling module afifo_i72o72_d2048_xpm_cdc_gray
# -- Compiling module afifo_i72o72_d2048_xpm_cdc_gray__2
# -- Compiling module afifo_i72o72_d2048_xpm_cdc_single
# -- Compiling module afifo_i72o72_d2048_xpm_cdc_single__2
# -- Compiling module afifo_i72o72_d2048_xpm_cdc_sync_rst
# -- Compiling module afifo_i72o72_d2048_xpm_cdc_sync_rst__2
# -- Compiling module glbl
# 
# Top level modules:
# 	afifo_i72o72_d2048
# 	glbl
# End time: 11:15:19 on Apr 22,2025, Elapsed time: 0:00:00
# Errors: 0, Warnings: 0
# Model Technology ModelSim SE-64 vlog 2020.4 Compiler 2020.10 Oct 13 2020
# Start time: 11:15:19 on Apr 22,2025
# vlog -reportprogress 300 -work work ../rtl/00_xilinx_ip/01_sfifo/sfifo_i32o32_d1024/sfifo_i32o32_d1024_sim_netlist.V 
# -- Compiling module sfifo_i32o32_d1024
# -- Compiling module glbl
# 
# Top level modules:
# 	sfifo_i32o32_d1024
# 	glbl
# End time: 11:15:19 on Apr 22,2025, Elapsed time: 0:00:00
# Errors: 0, Warnings: 0
# Model Technology ModelSim SE-64 vlog 2020.4 Compiler 2020.10 Oct 13 2020
# Start time: 11:15:19 on Apr 22,2025
# vlog -reportprogress 300 -work work ../rtl/00_xilinx_ip/01_sfifo/sfifo_i64o64_d512/sfifo_i64o64_d512_sim_netlist.V 
# -- Compiling module sfifo_i64o64_d512
# -- Compiling module glbl
# 
# Top level modules:
# 	sfifo_i64o64_d512
# 	glbl
# End time: 11:15:20 on Apr 22,2025, Elapsed time: 0:00:01
# Errors: 0, Warnings: 0
# Model Technology ModelSim SE-64 vlog 2020.4 Compiler 2020.10 Oct 13 2020
# Start time: 11:15:20 on Apr 22,2025
# vlog -reportprogress 300 -work work ../rtl/00_xilinx_ip/01_sfifo/sfifo_i72o72_d512/sfifo_i72o72_d512_sim_netlist.V 
# -- Compiling module sfifo_i72o72_d512
# -- Compiling module glbl
# 
# Top level modules:
# 	sfifo_i72o72_d512
# 	glbl
# End time: 11:15:20 on Apr 22,2025, Elapsed time: 0:00:00
# Errors: 0, Warnings: 0
# Model Technology ModelSim SE-64 vlog 2020.4 Compiler 2020.10 Oct 13 2020
# Start time: 11:15:20 on Apr 22,2025
# vlog -reportprogress 300 -work work ../rtl/00_xilinx_ip/03_ram/sram_i64o64_d256/sram_i64o64_d256_sim_netlist.V 
# -- Compiling module sram_i64o64_d256
# -- Compiling module glbl
# 
# Top level modules:
# 	sram_i64o64_d256
# 	glbl
# End time: 11:15:20 on Apr 22,2025, Elapsed time: 0:00:00
# Errors: 0, Warnings: 0
# Model Technology ModelSim SE-64 vlog 2020.4 Compiler 2020.10 Oct 13 2020
# Start time: 11:15:20 on Apr 22,2025
# vlog -reportprogress 300 -work work ../rtl/01_user_ip/arbita_ch6.v ../rtl/01_user_ip/pulse_gen.v 
# -- Compiling module ARBITA_CH6
# -- Compiling module PULSE_GEN
# 
# Top level modules:
# 	ARBITA_CH6
# 	PULSE_GEN
# End time: 11:15:20 on Apr 22,2025, Elapsed time: 0:00:00
# Errors: 0, Warnings: 0
# Model Technology ModelSim SE-64 vlog 2020.4 Compiler 2020.10 Oct 13 2020
# Start time: 11:15:20 on Apr 22,2025
# vlog -reportprogress 300 -work work ../rtl/03_srio/ini_dma_rd.v ../rtl/03_srio/ini_dma_wr.v ../rtl/03_srio/ini_reg_tx.v ../rtl/03_srio/ini_rx_dec.v ../rtl/03_srio/srio_rx.v ../rtl/03_srio/srio_top.v ../rtl/03_srio/srio_tx.v ../rtl/03_srio/tag_dma_tx.v ../rtl/03_srio/tag_reg_tx.v ../rtl/03_srio/tag_rx_dec.v 
# -- Compiling module INI_DMA_RD
# -- Compiling module INI_DMA_WR
# -- Compiling module INI_REG_TX
# -- Compiling module INI_RX_DEC
# -- Compiling module SRIO_RX
# -- Compiling module SRIO_TOP
# -- Compiling module SRIO_TX
# -- Compiling module TAG_DMA_TX
# -- Compiling module TAG_REG_TX
# -- Compiling module TAG_RX_DEC
# 
# Top level modules:
# 	SRIO_TOP
# End time: 11:15:21 on Apr 22,2025, Elapsed time: 0:00:01
# Errors: 0, Warnings: 0
# Model Technology ModelSim SE-64 vlog 2020.4 Compiler 2020.10 Oct 13 2020
# Start time: 11:15:21 on Apr 22,2025
# vlog -reportprogress 300 -work work ../rtl/04_bist/bist_reg.v ../rtl/04_bist/ram_bist.v 
# -- Compiling module BIST_REG
# -- Compiling module RAM_BIST
# 
# Top level modules:
# 	BIST_REG
# 	RAM_BIST
# End time: 11:15:21 on Apr 22,2025, Elapsed time: 0:00:00
# Errors: 0, Warnings: 0
# ** Warning: (vlib-34) Library already exists at "work".
# Errors: 0, Warnings: 1
# Model Technology ModelSim SE-64 vmap 2020.4 Lib Mapping Utility 2020.10 Oct 13 2020
# vmap work 
# Reading C:/modeltech64_2020.4/win64/../modelsim.ini
# "work" maps to directory ./work. (Default mapping)
# Model Technology ModelSim SE-64 vlog 2020.4 Compiler 2020.10 Oct 13 2020
# Start time: 11:15:21 on Apr 22,2025
# vlog -reportprogress 300 -work work sim_model/define/define.v 
# End time: 11:15:21 on Apr 22,2025, Elapsed time: 0:00:00
# Errors: 0, Warnings: 0
# Model Technology ModelSim SE-64 vlog 2020.4 Compiler 2020.10 Oct 13 2020
# Start time: 11:15:21 on Apr 22,2025
# vlog -reportprogress 300 "+define+tb_00=1" -work work "+incdir+{sim_model/define}" sim_model/sim_model.v 
# -- Compiling module SIM_MODEL
# 
# Top level modules:
# 	SIM_MODEL
# End time: 11:15:21 on Apr 22,2025, Elapsed time: 0:00:00
# Errors: 0, Warnings: 0
# Model Technology ModelSim SE-64 vlog 2020.4 Compiler 2020.10 Oct 13 2020
# Start time: 11:15:21 on Apr 22,2025
# vlog -reportprogress 300 "+define+tb_00=1" -work work "+incdir+{sim_model/define}" sim_model/tb_top.v 
# -- Compiling module tb_top
# 
# Top level modules:
# 	tb_top
# End time: 11:15:21 on Apr 22,2025, Elapsed time: 0:00:00
# Errors: 0, Warnings: 0
do do/tb_00.do
# Model Technology ModelSim SE-64 vlog 2020.4 Compiler 2020.10 Oct 13 2020
# Start time: 11:15:24 on Apr 22,2025
# vlog -reportprogress 300 "+define+tb_00=1" -work work sim_model\define\define.v 
# End time: 11:15:24 on Apr 22,2025, Elapsed time: 0:00:00
# Errors: 0, Warnings: 0
# Model Technology ModelSim SE-64 vlog 2020.4 Compiler 2020.10 Oct 13 2020
# Start time: 11:15:24 on Apr 22,2025
# vlog -reportprogress 300 "+define+tb_00=1" -work work "+incdir+{sim_modeldefine}" sim_model\tb_top.v 
# -- Compiling module tb_top
# 
# Top level modules:
# 	tb_top
# End time: 11:15:24 on Apr 22,2025, Elapsed time: 0:00:00
# Errors: 0, Warnings: 0
# End time: 11:15:27 on Apr 22,2025, Elapsed time: 0:31:45
# Errors: 46, Warnings: 49
# vsim -t 1ps -c -l ./log/vsim_tb_00_report.log work.tb_top -L UNISIMS_VER -L SECUREIP -L SIMPRIMS_VER -L work -voptargs="+acc" work.glbl -wav ./wave/tb_00.wlf 
# Start time: 11:15:27 on Apr 22,2025
# ** Note: (vsim-3813) Design is being optimized due to module recompilation...
# Loading work.tb_top(fast)
# Loading work.SIM_MODEL(fast)
# Loading work.SRIO_TOP(fast)
# Loading work.INI_REG_TX(fast)
# Loading work.sfifo_i72o72_d512(fast)
# Loading UNISIMS_VER.GND(fast)
# Loading UNISIMS_VER.LUT1(fast)
# Loading UNISIMS_VER.LUT2(fast)
# Loading UNISIMS_VER.LUT3(fast)
# Loading UNISIMS_VER.FDRE(fast)
# Loading UNISIMS_VER.CARRY4(fast)
# Loading UNISIMS_VER.LUT5(fast)
# Loading UNISIMS_VER.LUT5(fast__1)
# Loading UNISIMS_VER.FDSE(fast)
# Loading UNISIMS_VER.LUT4(fast)
# Loading UNISIMS_VER.LUT4(fast__1)
# Loading UNISIMS_VER.LUT3(fast__1)
# Loading UNISIMS_VER.LUT3(fast__2)
# Loading UNISIMS_VER.LUT4(fast__2)
# Loading UNISIMS_VER.LUT6(fast)
# Loading UNISIMS_VER.LUT2(fast__1)
# Loading UNISIMS_VER.LUT3(fast__3)
# Loading UNISIMS_VER.LUT4(fast__3)
# Loading UNISIMS_VER.LUT5(fast__2)
# Loading UNISIMS_VER.LUT6(fast__1)
# Loading UNISIMS_VER.LUT6(fast__2)
# Loading UNISIMS_VER.LUT4(fast__4)
# Loading UNISIMS_VER.LUT2(fast__2)
# Loading UNISIMS_VER.LUT5(fast__3)
# Loading UNISIMS_VER.LUT4(fast__5)
# Loading UNISIMS_VER.LUT1(fast__1)
# Loading UNISIMS_VER.RAMB36E1(fast)
# Loading UNISIMS_VER.RB36_INTERNAL_VLOG(fast)
# Loading work.INI_DMA_WR(fast)
# Loading work.sfifo_i64o64_d512(fast)
# Loading work.INI_DMA_RD(fast)
# Loading work.ARBITA_CH6(fast)
# Loading work.SRIO_TX(fast)
# Loading work.afifo_i72o72_d2048(fast)
# Loading work.afifo_i72o72_d2048_xpm_cdc_gray(fast)
# Loading UNISIMS_VER.LUT6(fast__3)
# Loading UNISIMS_VER.LUT5(fast__4)
# Loading UNISIMS_VER.LUT4(fast__6)
# Loading UNISIMS_VER.LUT3(fast__4)
# Loading work.afifo_i72o72_d2048_xpm_cdc_gray__2(fast)
# Loading UNISIMS_VER.LUT6(fast__4)
# Loading UNISIMS_VER.LUT4(fast__7)
# Loading UNISIMS_VER.LUT6(fast__5)
# Loading UNISIMS_VER.LUT5(fast__5)
# Loading UNISIMS_VER.LUT6(fast__6)
# Loading UNISIMS_VER.FDSE(fast__1)
# Loading UNISIMS_VER.RAMB36E1(fast__1)
# Loading UNISIMS_VER.RB36_INTERNAL_VLOG(fast__1)
# Loading UNISIMS_VER.SRL16E(fast)
# Loading UNISIMS_VER.LUT2(fast__3)
# Loading UNISIMS_VER.FDRE(fast__1)
# Loading UNISIMS_VER.LUT3(fast__5)
# Loading UNISIMS_VER.LUT4(fast__8)
# Loading UNISIMS_VER.LUT6(fast__7)
# Loading work.afifo_i72o72_d2048_xpm_cdc_single(fast)
# Loading work.afifo_i72o72_d2048_xpm_cdc_single__2(fast)
# Loading work.afifo_i72o72_d2048_xpm_cdc_sync_rst(fast)
# Loading work.afifo_i72o72_d2048_xpm_cdc_sync_rst__2(fast)
# Loading work.SRIO_RX(fast)
# Loading work.INI_RX_DEC(fast)
# Loading work.TAG_RX_DEC(fast)
# Loading work.TAG_REG_TX(fast)
# Loading work.TAG_DMA_TX(fast)
# Loading work.BIST_REG(fast)
# Loading work.RAM_BIST(fast)
# Loading work.sram_i64o64_d256(fast)
# Loading UNISIMS_VER.RAMB36E1(fast__2)
# Loading UNISIMS_VER.RB36_INTERNAL_VLOG(fast__2)
# Loading work.glbl(fast)
# ** Warning: (vsim-3015) [PCDPC] - Port size (22) does not match connection size (32) for port 'AXIS_RX_TUSER'. The port definition is at: ../rtl/03_srio/srio_top.v(44).
#    Time: 0 ps  Iteration: 0  Instance: /tb_top/U_SRIO_TOP File: sim_model/tb_top.v Line: 763
# ** Warning: (vsim-3015) [PCDPC] - Port size (32) does not match connection size (25) for port 'INI_WR_ADDR'. The port definition is at: ../rtl/03_srio/srio_top.v(55).
#    Time: 0 ps  Iteration: 0  Instance: /tb_top/U_SRIO_TOP File: sim_model/tb_top.v Line: 763
# ** Warning: (vsim-3015) [PCDPC] - Port size (8) does not match connection size (16) for port 'INI_WR_SIZE'. The port definition is at: ../rtl/03_srio/srio_top.v(56).
#    Time: 0 ps  Iteration: 0  Instance: /tb_top/U_SRIO_TOP File: sim_model/tb_top.v Line: 763
# ** Warning: (vsim-3015) [PCDPC] - Port size (32) does not match connection size (25) for port 'INI_RD_SIZE'. The port definition is at: ../rtl/03_srio/srio_top.v(64).
#    Time: 0 ps  Iteration: 0  Instance: /tb_top/U_SRIO_TOP File: sim_model/tb_top.v Line: 763
# ** Warning: (vsim-3015) [PCDPC] - Port size (8) does not match connection size (12) for port 'INI_RD_ADDR'. The port definition is at: ../rtl/03_srio/srio_top.v(65).
#    Time: 0 ps  Iteration: 0  Instance: /tb_top/U_SRIO_TOP File: sim_model/tb_top.v Line: 763
# ** Warning: (vsim-3015) [PCDPC] - Port size (16) does not match connection size (32) for port 'INI_REG_OP_ADDR'. The port definition is at: ../rtl/03_srio/srio_top.v(77).
#    Time: 0 ps  Iteration: 0  Instance: /tb_top/U_SRIO_TOP File: sim_model/tb_top.v Line: 763
# ** Warning: (vsim-3015) [PCDPC] - Port size (32) does not match connection size (16) for port 'TAG_WR_ADDR'. The port definition is at: ../rtl/03_srio/srio_top.v(81).
#    Time: 0 ps  Iteration: 0  Instance: /tb_top/U_SRIO_TOP File: sim_model/tb_top.v Line: 763
# ** Warning: (vsim-3015) [PCDPC] - Port size (32) does not match connection size (8) for port 'TAG_RD_SIZE'. The port definition is at: ../rtl/03_srio/srio_top.v(90).
#    Time: 0 ps  Iteration: 0  Instance: /tb_top/U_SRIO_TOP File: sim_model/tb_top.v Line: 763
# ** Warning: (vsim-3015) [PCDPC] - Port size (8) does not match connection size (16) for port 'TAG_RD_ADDR'. The port definition is at: ../rtl/03_srio/srio_top.v(91).
#    Time: 0 ps  Iteration: 0  Instance: /tb_top/U_SRIO_TOP File: sim_model/tb_top.v Line: 763
# ** Warning: (vsim-3015) [PCDPC] - Port size (16) does not match connection size (32) for port 'TAG_REG_OP_ADDR'. The port definition is at: ../rtl/03_srio/srio_top.v(103).
#    Time: 0 ps  Iteration: 0  Instance: /tb_top/U_SRIO_TOP File: sim_model/tb_top.v Line: 763
# ** Warning: (vsim-3015) [PCDPC] - Port size (32) does not match connection size (16) for port 'REG_OP_ADDR'. The port definition is at: ../rtl/03_srio/ini_reg_tx.v(27).
#    Time: 0 ps  Iteration: 0  Instance: /tb_top/U_SRIO_TOP/U_INI_REG_TX File: ../rtl/03_srio/srio_top.v Line: 248
# ** Warning: (vsim-3015) [PCDPC] - Port size (64) does not match connection size (1) for port 'REG_TX_DATA'. The port definition is at: ../rtl/03_srio/ini_reg_tx.v(32).
#    Time: 0 ps  Iteration: 0  Instance: /tb_top/U_SRIO_TOP/U_INI_REG_TX File: ../rtl/03_srio/srio_top.v Line: 248
# ** Warning: (vsim-3015) [PCDPC] - Port size (64) does not match connection size (1) for port 'DMA_WR_TX_DATA'. The port definition is at: ../rtl/03_srio/ini_dma_wr.v(34).
#    Time: 0 ps  Iteration: 0  Instance: /tb_top/U_SRIO_TOP/U_INI_DMA_WR File: ../rtl/03_srio/srio_top.v Line: 267
# ** Warning: (vsim-3015) [PCDPC] - Port size (1) does not match connection size (8) for port 'DMA_RD_ADDR'. The port definition is at: ../rtl/03_srio/ini_dma_rd.v(23).
#    Time: 0 ps  Iteration: 0  Instance: /tb_top/U_SRIO_TOP/U_INI_DMA_RD File: ../rtl/03_srio/srio_top.v Line: 289
# ** Warning: (vsim-3015) [PCDPC] - Port size (8) does not match connection size (32) for port 'DMA_RD_SIZE'. The port definition is at: ../rtl/03_srio/ini_dma_rd.v(24).
#    Time: 0 ps  Iteration: 0  Instance: /tb_top/U_SRIO_TOP/U_INI_DMA_RD File: ../rtl/03_srio/srio_top.v Line: 289
# ** Warning: (vsim-3015) [PCDPC] - Port size (64) does not match connection size (1) for port 'DMA_RD_TX_DATA'. The port definition is at: ../rtl/03_srio/ini_dma_rd.v(29).
#    Time: 0 ps  Iteration: 0  Instance: /tb_top/U_SRIO_TOP/U_INI_DMA_RD File: ../rtl/03_srio/srio_top.v Line: 289
# ** Warning: (vsim-3015) [PCDPC] - Port size (64) does not match connection size (1) for port 'ARBIT_DATA'. The port definition is at: ../rtl/01_user_ip/arbita_ch6.v(26).
#    Time: 0 ps  Iteration: 0  Instance: /tb_top/U_SRIO_TOP/U_ARBITA_TX0 File: ../rtl/03_srio/srio_top.v Line: 305
# ** Warning: (vsim-3015) [PCDPC] - Port size (64) does not match connection size (1) for port 'CH0_DATA'. The port definition is at: ../rtl/01_user_ip/arbita_ch6.v(35).
#    Time: 0 ps  Iteration: 0  Instance: /tb_top/U_SRIO_TOP/U_ARBITA_TX0 File: ../rtl/03_srio/srio_top.v Line: 305
# ** Warning: (vsim-3015) [PCDPC] - Port size (64) does not match connection size (1) for port 'CH1_DATA'. The port definition is at: ../rtl/01_user_ip/arbita_ch6.v(42).
#    Time: 0 ps  Iteration: 0  Instance: /tb_top/U_SRIO_TOP/U_ARBITA_TX0 File: ../rtl/03_srio/srio_top.v Line: 305
# ** Warning: (vsim-3015) [PCDPC] - Port size (64) does not match connection size (1) for port 'CH2_DATA'. The port definition is at: ../rtl/01_user_ip/arbita_ch6.v(49).
#    Time: 0 ps  Iteration: 0  Instance: /tb_top/U_SRIO_TOP/U_ARBITA_TX0 File: ../rtl/03_srio/srio_top.v Line: 305
# ** Warning: (vsim-3015) [PCDPC] - Port size (64) does not match connection size (1) for port 'SRIO_TX_DATA'. The port definition is at: ../rtl/03_srio/srio_tx.v(36).
#    Time: 0 ps  Iteration: 0  Instance: /tb_top/U_SRIO_TOP/U_INI_TX File: ../rtl/03_srio/srio_top.v Line: 360
# ** Warning: (vsim-3015) [PCDPC] - Port size (11) does not match connection size (12) for port 'wr_data_count'. The port definition is at: ../rtl/00_xilinx_ip/00_afifo/afifo_i72o72_d2048/afifo_i72o72_d2048_sim_netlist.V(30).
#    Time: 0 ps  Iteration: 0  Instance: /tb_top/U_SRIO_TOP/U_INI_TX/U_SRIO_DBUF File: ../rtl/03_srio/srio_tx.v Line: 108
# ** Warning: (vsim-3015) [PCDPC] - Port size (64) does not match connection size (32) for port 'AXI_RX_USER'. The port definition is at: ../rtl/03_srio/srio_rx.v(30).
#    Time: 0 ps  Iteration: 0  Instance: /tb_top/U_SRIO_TOP/U_INI_RX File: ../rtl/03_srio/srio_top.v Line: 386
# ** Warning: (vsim-3015) [PCDPC] - Port size (64) does not match connection size (1) for port 'SRIO_RX_DATA'. The port definition is at: ../rtl/03_srio/srio_rx.v(37).
#    Time: 0 ps  Iteration: 0  Instance: /tb_top/U_SRIO_TOP/U_INI_RX File: ../rtl/03_srio/srio_top.v Line: 386
# ** Warning: (vsim-3015) [PCDPC] - Port size (64) does not match connection size (1) for port 'INI_DATA'. The port definition is at: ../rtl/03_srio/ini_rx_dec.v(24).
#    Time: 0 ps  Iteration: 0  Instance: /tb_top/U_SRIO_TOP/U_INI_RX_DEC File: ../rtl/03_srio/srio_top.v Line: 406
# ** Warning: (vsim-3015) [PCDPC] - Port size (32) does not match connection size (1) for port 'REG_RD_DATA'. The port definition is at: ../rtl/03_srio/ini_rx_dec.v(27).
#    Time: 0 ps  Iteration: 0  Instance: /tb_top/U_SRIO_TOP/U_INI_RX_DEC File: ../rtl/03_srio/srio_top.v Line: 406
# ** Warning: (vsim-3015) [PCDPC] - Port size (64) does not match connection size (22) for port 'AXI_RX_USER'. The port definition is at: ../rtl/03_srio/srio_rx.v(30).
#    Time: 0 ps  Iteration: 0  Instance: /tb_top/U_SRIO_TOP/U_TAG_RX File: ../rtl/03_srio/srio_top.v Line: 431
# ** Warning: (vsim-3015) [PCDPC] - Port size (64) does not match connection size (1) for port 'SRIO_RX_DATA'. The port definition is at: ../rtl/03_srio/srio_rx.v(37).
#    Time: 0 ps  Iteration: 0  Instance: /tb_top/U_SRIO_TOP/U_TAG_RX File: ../rtl/03_srio/srio_top.v Line: 431
# ** Warning: (vsim-3015) [PCDPC] - Port size (64) does not match connection size (1) for port 'TAG_DATA'. The port definition is at: ../rtl/03_srio/tag_rx_dec.v(24).
#    Time: 0 ps  Iteration: 0  Instance: /tb_top/U_SRIO_TOP/U_TAG_RX_DEC File: ../rtl/03_srio/srio_top.v Line: 451
# ** Warning: (vsim-3015) [PCDPC] - Port size (32) does not match connection size (16) for port 'REG_OP_ADDR'. The port definition is at: ../rtl/03_srio/tag_rx_dec.v(31).
#    Time: 0 ps  Iteration: 0  Instance: /tb_top/U_SRIO_TOP/U_TAG_RX_DEC File: ../rtl/03_srio/srio_top.v Line: 451
# ** Warning: (vsim-3015) [PCDPC] - Port size (9) does not match connection size (8) for port 'DMA_WR_SIZE'. The port definition is at: ../rtl/03_srio/tag_rx_dec.v(36).
#    Time: 0 ps  Iteration: 0  Instance: /tb_top/U_SRIO_TOP/U_TAG_RX_DEC File: ../rtl/03_srio/srio_top.v Line: 451
# ** Warning: (vsim-3015) [PCDPC] - Port size (9) does not match connection size (32) for port 'DMA_RD_SIZE'. The port definition is at: ../rtl/03_srio/tag_rx_dec.v(43).
#    Time: 0 ps  Iteration: 0  Instance: /tb_top/U_SRIO_TOP/U_TAG_RX_DEC File: ../rtl/03_srio/srio_top.v Line: 451
# ** Warning: (vsim-3015) [PCDPC] - Port size (32) does not match connection size (8) for port 'DMA_RD_ADDR'. The port definition is at: ../rtl/03_srio/tag_rx_dec.v(44).
#    Time: 0 ps  Iteration: 0  Instance: /tb_top/U_SRIO_TOP/U_TAG_RX_DEC File: ../rtl/03_srio/srio_top.v Line: 451
# ** Warning: (vsim-3015) [PCDPC] - Port size (32) does not match connection size (16) for port 'REG_OP_ADDR'. The port definition is at: ../rtl/03_srio/tag_reg_tx.v(22).
#    Time: 0 ps  Iteration: 0  Instance: /tb_top/U_SRIO_TOP/U_TAG_REG_TX File: ../rtl/03_srio/srio_top.v Line: 488
# ** Warning: (vsim-3015) [PCDPC] - Port size (64) does not match connection size (1) for port 'REG_TX_DATA'. The port definition is at: ../rtl/03_srio/tag_reg_tx.v(29).
#    Time: 0 ps  Iteration: 0  Instance: /tb_top/U_SRIO_TOP/U_TAG_REG_TX File: ../rtl/03_srio/srio_top.v Line: 488
# ** Warning: (vsim-3015) [PCDPC] - Port size (64) does not match connection size (72) for port 'din'. The port definition is at: ../rtl/00_xilinx_ip/01_sfifo/sfifo_i64o64_d512/sfifo_i64o64_d512_sim_netlist.V(20).
#    Time: 0 ps  Iteration: 0  Instance: /tb_top/U_SRIO_TOP/U_TAG_REG_TX/U_CBUF File: ../rtl/03_srio/tag_reg_tx.v Line: 110
# ** Warning: (vsim-3015) [PCDPC] - Port size (64) does not match connection size (72) for port 'dout'. The port definition is at: ../rtl/00_xilinx_ip/01_sfifo/sfifo_i64o64_d512/sfifo_i64o64_d512_sim_netlist.V(23).
#    Time: 0 ps  Iteration: 0  Instance: /tb_top/U_SRIO_TOP/U_TAG_REG_TX/U_CBUF File: ../rtl/03_srio/tag_reg_tx.v Line: 110
# ** Warning: (vsim-3015) [PCDPC] - Port size (9) does not match connection size (32) for port 'DMA_RD_SIZE'. The port definition is at: ../rtl/03_srio/tag_dma_tx.v(24).
#    Time: 0 ps  Iteration: 0  Instance: /tb_top/U_SRIO_TOP/U_TAG_DMA_TX File: ../rtl/03_srio/srio_top.v Line: 504
# ** Warning: (vsim-3015) [PCDPC] - Port size (32) does not match connection size (8) for port 'DMA_RD_ADDR'. The port definition is at: ../rtl/03_srio/tag_dma_tx.v(25).
#    Time: 0 ps  Iteration: 0  Instance: /tb_top/U_SRIO_TOP/U_TAG_DMA_TX File: ../rtl/03_srio/srio_top.v Line: 504
# ** Warning: (vsim-3015) [PCDPC] - Port size (64) does not match connection size (1) for port 'DMA_TX_DATA'. The port definition is at: ../rtl/03_srio/tag_dma_tx.v(34).
#    Time: 0 ps  Iteration: 0  Instance: /tb_top/U_SRIO_TOP/U_TAG_DMA_TX File: ../rtl/03_srio/srio_top.v Line: 504
# ** Warning: (vsim-3015) [PCDPC] - Port size (64) does not match connection size (1) for port 'ARBIT_DATA'. The port definition is at: ../rtl/01_user_ip/arbita_ch6.v(26).
#    Time: 0 ps  Iteration: 0  Instance: /tb_top/U_SRIO_TOP/U_ARBITA_TX1 File: ../rtl/03_srio/srio_top.v Line: 526
# ** Warning: (vsim-3015) [PCDPC] - Port size (64) does not match connection size (1) for port 'CH0_DATA'. The port definition is at: ../rtl/01_user_ip/arbita_ch6.v(35).
#    Time: 0 ps  Iteration: 0  Instance: /tb_top/U_SRIO_TOP/U_ARBITA_TX1 File: ../rtl/03_srio/srio_top.v Line: 526
# ** Warning: (vsim-3015) [PCDPC] - Port size (64) does not match connection size (1) for port 'CH1_DATA'. The port definition is at: ../rtl/01_user_ip/arbita_ch6.v(42).
#    Time: 0 ps  Iteration: 0  Instance: /tb_top/U_SRIO_TOP/U_ARBITA_TX1 File: ../rtl/03_srio/srio_top.v Line: 526
# ** Warning: (vsim-3015) [PCDPC] - Port size (64) does not match connection size (1) for port 'SRIO_TX_DATA'. The port definition is at: ../rtl/03_srio/srio_tx.v(36).
#    Time: 0 ps  Iteration: 0  Instance: /tb_top/U_SRIO_TOP/U_TAG_TX File: ../rtl/03_srio/srio_top.v Line: 581
# ** Warning: (vsim-3015) [PCDPC] - Port size (11) does not match connection size (12) for port 'wr_data_count'. The port definition is at: ../rtl/00_xilinx_ip/00_afifo/afifo_i72o72_d2048/afifo_i72o72_d2048_sim_netlist.V(30).
#    Time: 0 ps  Iteration: 0  Instance: /tb_top/U_SRIO_TOP/U_TAG_TX/U_SRIO_DBUF File: ../rtl/03_srio/srio_tx.v Line: 108
# ** Warning: (vsim-3015) [PCDPC] - Port size (6) does not match connection size (8) for port 'addra'. The port definition is at: ../rtl/00_xilinx_ip/03_ram/sram_i64o64_d256/sram_i64o64_d256_sim_netlist.V(20).
#    Time: 0 ps  Iteration: 0  Instance: /tb_top/U_RAM_BIST/U_BIST_BRAM File: ../rtl/04_bist/ram_bist.v Line: 113
# ** Warning: (vsim-3015) [PCDPC] - Port size (6) does not match connection size (8) for port 'addrb'. The port definition is at: ../rtl/00_xilinx_ip/03_ram/sram_i64o64_d256/sram_i64o64_d256_sim_netlist.V(23).
#    Time: 0 ps  Iteration: 0  Instance: /tb_top/U_RAM_BIST/U_BIST_BRAM File: ../rtl/04_bist/ram_bist.v Line: 113
#  
# ******<<<<<<<<<<<<<<<<<<<<<<Simulation tb_00 start>>>>>>>>>>>>>>>>>>>>>>> ******
#  
# ---- Initial simulation
# ---- clock ---- 1111 ---- enable
# ---- Wait for  64 cycles
# ---- Wait for  64 cycles end
# ---- Wait for  16 cycles
# ---- Wait for  16 cycles end
# ---- reseting by cycle
# ---- reset0   64 cycle end
# ---- Wait for  16 cycles
# ---- Wait for  16 cycles end
# ---- reseting by ns
# ---- reset1  255 ns end
# ---- Write register   PORT :0x0    ADD :0x200    DATA :0x89abcd0e
# ---- Wait for  16 cycles
# ---- Wait for  16 cycles end
# ---- Wait for 255 cycles
# ---- Wait for 255 cycles end
# ---- tb_00 test completed !
#  
# ******<<<<<<<<<<<<<<<<<<<<Simulation tb_00 Successful End>>>>>>>>>>>>>>>>>>> ******
#  
do do/compile_all.do
# ** Warning: (vlib-34) Library already exists at "work".
# Errors: 0, Warnings: 1
# Model Technology ModelSim SE-64 vmap 2020.4 Lib Mapping Utility 2020.10 Oct 13 2020
# vmap work 
# Reading C:/modeltech64_2020.4/win64/../modelsim.ini
# "work" maps to directory ./work. (Default mapping)
# Model Technology ModelSim SE-64 vlog 2020.4 Compiler 2020.10 Oct 13 2020
# Start time: 11:16:33 on Apr 22,2025
# vlog -reportprogress 300 -work work sim_model/lib/glbl.v 
# -- Compiling module glbl
# 
# Top level modules:
# 	glbl
# End time: 11:16:33 on Apr 22,2025, Elapsed time: 0:00:00
# Errors: 0, Warnings: 0
# ** Warning: (vlib-34) Library already exists at "work".
# Errors: 0, Warnings: 1
# Model Technology ModelSim SE-64 vmap 2020.4 Lib Mapping Utility 2020.10 Oct 13 2020
# vmap work 
# Reading C:/modeltech64_2020.4/win64/../modelsim.ini
# "work" maps to directory ./work. (Default mapping)
# Model Technology ModelSim SE-64 vlog 2020.4 Compiler 2020.10 Oct 13 2020
# Start time: 11:16:33 on Apr 22,2025
# vlog -reportprogress 300 -work work ../rtl/00_xilinx_ip/00_afifo/afifo_i72o72_d2048/afifo_i72o72_d2048_sim_netlist.V 
# -- Compiling module afifo_i72o72_d2048
# -- Compiling module afifo_i72o72_d2048_xpm_cdc_gray
# -- Compiling module afifo_i72o72_d2048_xpm_cdc_gray__2
# -- Compiling module afifo_i72o72_d2048_xpm_cdc_single
# -- Compiling module afifo_i72o72_d2048_xpm_cdc_single__2
# -- Compiling module afifo_i72o72_d2048_xpm_cdc_sync_rst
# -- Compiling module afifo_i72o72_d2048_xpm_cdc_sync_rst__2
# -- Compiling module glbl
# 
# Top level modules:
# 	afifo_i72o72_d2048
# 	glbl
# End time: 11:16:33 on Apr 22,2025, Elapsed time: 0:00:00
# Errors: 0, Warnings: 0
# Model Technology ModelSim SE-64 vlog 2020.4 Compiler 2020.10 Oct 13 2020
# Start time: 11:16:33 on Apr 22,2025
# vlog -reportprogress 300 -work work ../rtl/00_xilinx_ip/01_sfifo/sfifo_i32o32_d1024/sfifo_i32o32_d1024_sim_netlist.V 
# -- Compiling module sfifo_i32o32_d1024
# -- Compiling module glbl
# 
# Top level modules:
# 	sfifo_i32o32_d1024
# 	glbl
# End time: 11:16:34 on Apr 22,2025, Elapsed time: 0:00:01
# Errors: 0, Warnings: 0
# Model Technology ModelSim SE-64 vlog 2020.4 Compiler 2020.10 Oct 13 2020
# Start time: 11:16:34 on Apr 22,2025
# vlog -reportprogress 300 -work work ../rtl/00_xilinx_ip/01_sfifo/sfifo_i64o64_d512/sfifo_i64o64_d512_sim_netlist.V 
# -- Compiling module sfifo_i64o64_d512
# -- Compiling module glbl
# 
# Top level modules:
# 	sfifo_i64o64_d512
# 	glbl
# End time: 11:16:34 on Apr 22,2025, Elapsed time: 0:00:00
# Errors: 0, Warnings: 0
# Model Technology ModelSim SE-64 vlog 2020.4 Compiler 2020.10 Oct 13 2020
# Start time: 11:16:34 on Apr 22,2025
# vlog -reportprogress 300 -work work ../rtl/00_xilinx_ip/01_sfifo/sfifo_i72o72_d512/sfifo_i72o72_d512_sim_netlist.V 
# -- Compiling module sfifo_i72o72_d512
# -- Compiling module glbl
# 
# Top level modules:
# 	sfifo_i72o72_d512
# 	glbl
# End time: 11:16:34 on Apr 22,2025, Elapsed time: 0:00:00
# Errors: 0, Warnings: 0
# Model Technology ModelSim SE-64 vlog 2020.4 Compiler 2020.10 Oct 13 2020
# Start time: 11:16:34 on Apr 22,2025
# vlog -reportprogress 300 -work work ../rtl/00_xilinx_ip/03_ram/sram_i64o64_d256/sram_i64o64_d256_sim_netlist.V 
# -- Compiling module sram_i64o64_d256
# -- Compiling module glbl
# 
# Top level modules:
# 	sram_i64o64_d256
# 	glbl
# End time: 11:16:34 on Apr 22,2025, Elapsed time: 0:00:00
# Errors: 0, Warnings: 0
# Model Technology ModelSim SE-64 vlog 2020.4 Compiler 2020.10 Oct 13 2020
# Start time: 11:16:35 on Apr 22,2025
# vlog -reportprogress 300 -work work ../rtl/01_user_ip/arbita_ch6.v ../rtl/01_user_ip/pulse_gen.v 
# -- Compiling module ARBITA_CH6
# -- Compiling module PULSE_GEN
# 
# Top level modules:
# 	ARBITA_CH6
# 	PULSE_GEN
# End time: 11:16:35 on Apr 22,2025, Elapsed time: 0:00:00
# Errors: 0, Warnings: 0
# Model Technology ModelSim SE-64 vlog 2020.4 Compiler 2020.10 Oct 13 2020
# Start time: 11:16:35 on Apr 22,2025
# vlog -reportprogress 300 -work work ../rtl/03_srio/ini_dma_rd.v ../rtl/03_srio/ini_dma_wr.v ../rtl/03_srio/ini_reg_tx.v ../rtl/03_srio/ini_rx_dec.v ../rtl/03_srio/srio_rx.v ../rtl/03_srio/srio_top.v ../rtl/03_srio/srio_tx.v ../rtl/03_srio/tag_dma_tx.v ../rtl/03_srio/tag_reg_tx.v ../rtl/03_srio/tag_rx_dec.v 
# -- Compiling module INI_DMA_RD
# -- Compiling module INI_DMA_WR
# -- Compiling module INI_REG_TX
# -- Compiling module INI_RX_DEC
# -- Compiling module SRIO_RX
# -- Compiling module SRIO_TOP
# -- Compiling module SRIO_TX
# -- Compiling module TAG_DMA_TX
# -- Compiling module TAG_REG_TX
# -- Compiling module TAG_RX_DEC
# 
# Top level modules:
# 	SRIO_TOP
# End time: 11:16:35 on Apr 22,2025, Elapsed time: 0:00:00
# Errors: 0, Warnings: 0
# Model Technology ModelSim SE-64 vlog 2020.4 Compiler 2020.10 Oct 13 2020
# Start time: 11:16:35 on Apr 22,2025
# vlog -reportprogress 300 -work work ../rtl/04_bist/bist_reg.v ../rtl/04_bist/ram_bist.v 
# -- Compiling module BIST_REG
# -- Compiling module RAM_BIST
# 
# Top level modules:
# 	BIST_REG
# 	RAM_BIST
# End time: 11:16:35 on Apr 22,2025, Elapsed time: 0:00:00
# Errors: 0, Warnings: 0
# ** Warning: (vlib-34) Library already exists at "work".
# Errors: 0, Warnings: 1
# Model Technology ModelSim SE-64 vmap 2020.4 Lib Mapping Utility 2020.10 Oct 13 2020
# vmap work 
# Reading C:/modeltech64_2020.4/win64/../modelsim.ini
# "work" maps to directory ./work. (Default mapping)
# Model Technology ModelSim SE-64 vlog 2020.4 Compiler 2020.10 Oct 13 2020
# Start time: 11:16:35 on Apr 22,2025
# vlog -reportprogress 300 -work work sim_model/define/define.v 
# End time: 11:16:35 on Apr 22,2025, Elapsed time: 0:00:00
# Errors: 0, Warnings: 0
# Model Technology ModelSim SE-64 vlog 2020.4 Compiler 2020.10 Oct 13 2020
# Start time: 11:16:35 on Apr 22,2025
# vlog -reportprogress 300 "+define+tb_00=1" -work work "+incdir+{sim_model/define}" sim_model/sim_model.v 
# -- Compiling module SIM_MODEL
# 
# Top level modules:
# 	SIM_MODEL
# End time: 11:16:36 on Apr 22,2025, Elapsed time: 0:00:01
# Errors: 0, Warnings: 0
# Model Technology ModelSim SE-64 vlog 2020.4 Compiler 2020.10 Oct 13 2020
# Start time: 11:16:36 on Apr 22,2025
# vlog -reportprogress 300 "+define+tb_00=1" -work work "+incdir+{sim_model/define}" sim_model/tb_top.v 
# -- Compiling module tb_top
# 
# Top level modules:
# 	tb_top
# End time: 11:16:36 on Apr 22,2025, Elapsed time: 0:00:00
# Errors: 0, Warnings: 0
do do/tb_00.do
# Model Technology ModelSim SE-64 vlog 2020.4 Compiler 2020.10 Oct 13 2020
# Start time: 11:16:38 on Apr 22,2025
# vlog -reportprogress 300 "+define+tb_00=1" -work work sim_model\define\define.v 
# End time: 11:16:38 on Apr 22,2025, Elapsed time: 0:00:00
# Errors: 0, Warnings: 0
# Model Technology ModelSim SE-64 vlog 2020.4 Compiler 2020.10 Oct 13 2020
# Start time: 11:16:38 on Apr 22,2025
# vlog -reportprogress 300 "+define+tb_00=1" -work work "+incdir+{sim_modeldefine}" sim_model\tb_top.v 
# -- Compiling module tb_top
# 
# Top level modules:
# 	tb_top
# End time: 11:16:38 on Apr 22,2025, Elapsed time: 0:00:00
# Errors: 0, Warnings: 0
# End time: 11:16:41 on Apr 22,2025, Elapsed time: 0:01:14
# Errors: 0, Warnings: 47
# vsim -t 1ps -c -l ./log/vsim_tb_00_report.log work.tb_top -L UNISIMS_VER -L SECUREIP -L SIMPRIMS_VER -L work -voptargs="+acc" work.glbl -wav ./wave/tb_00.wlf 
# Start time: 11:16:41 on Apr 22,2025
# ** Note: (vsim-3813) Design is being optimized due to module recompilation...
# Loading work.tb_top(fast)
# Loading work.SIM_MODEL(fast)
# Loading work.SRIO_TOP(fast)
# Loading work.INI_REG_TX(fast)
# Loading work.sfifo_i72o72_d512(fast)
# Loading UNISIMS_VER.GND(fast)
# Loading UNISIMS_VER.LUT1(fast)
# Loading UNISIMS_VER.LUT2(fast)
# Loading UNISIMS_VER.LUT3(fast)
# Loading UNISIMS_VER.FDRE(fast)
# Loading UNISIMS_VER.CARRY4(fast)
# Loading UNISIMS_VER.LUT5(fast)
# Loading UNISIMS_VER.LUT5(fast__1)
# Loading UNISIMS_VER.FDSE(fast)
# Loading UNISIMS_VER.LUT4(fast)
# Loading UNISIMS_VER.LUT4(fast__1)
# Loading UNISIMS_VER.LUT3(fast__1)
# Loading UNISIMS_VER.LUT3(fast__2)
# Loading UNISIMS_VER.LUT4(fast__2)
# Loading UNISIMS_VER.LUT6(fast)
# Loading UNISIMS_VER.LUT2(fast__1)
# Loading UNISIMS_VER.LUT3(fast__3)
# Loading UNISIMS_VER.LUT4(fast__3)
# Loading UNISIMS_VER.LUT5(fast__2)
# Loading UNISIMS_VER.LUT6(fast__1)
# Loading UNISIMS_VER.LUT6(fast__2)
# Loading UNISIMS_VER.LUT4(fast__4)
# Loading UNISIMS_VER.LUT2(fast__2)
# Loading UNISIMS_VER.LUT5(fast__3)
# Loading UNISIMS_VER.LUT4(fast__5)
# Loading UNISIMS_VER.LUT1(fast__1)
# Loading UNISIMS_VER.RAMB36E1(fast)
# Loading UNISIMS_VER.RB36_INTERNAL_VLOG(fast)
# Loading work.INI_DMA_WR(fast)
# Loading work.sfifo_i64o64_d512(fast)
# Loading work.INI_DMA_RD(fast)
# Loading work.ARBITA_CH6(fast)
# Loading work.SRIO_TX(fast)
# Loading work.afifo_i72o72_d2048(fast)
# Loading work.afifo_i72o72_d2048_xpm_cdc_gray(fast)
# Loading UNISIMS_VER.LUT6(fast__3)
# Loading UNISIMS_VER.LUT5(fast__4)
# Loading UNISIMS_VER.LUT4(fast__6)
# Loading UNISIMS_VER.LUT3(fast__4)
# Loading work.afifo_i72o72_d2048_xpm_cdc_gray__2(fast)
# Loading UNISIMS_VER.LUT6(fast__4)
# Loading UNISIMS_VER.LUT4(fast__7)
# Loading UNISIMS_VER.LUT6(fast__5)
# Loading UNISIMS_VER.LUT5(fast__5)
# Loading UNISIMS_VER.LUT6(fast__6)
# Loading UNISIMS_VER.FDSE(fast__1)
# Loading UNISIMS_VER.RAMB36E1(fast__1)
# Loading UNISIMS_VER.RB36_INTERNAL_VLOG(fast__1)
# Loading UNISIMS_VER.SRL16E(fast)
# Loading UNISIMS_VER.LUT2(fast__3)
# Loading UNISIMS_VER.FDRE(fast__1)
# Loading UNISIMS_VER.LUT3(fast__5)
# Loading UNISIMS_VER.LUT4(fast__8)
# Loading UNISIMS_VER.LUT6(fast__7)
# Loading work.afifo_i72o72_d2048_xpm_cdc_single(fast)
# Loading work.afifo_i72o72_d2048_xpm_cdc_single__2(fast)
# Loading work.afifo_i72o72_d2048_xpm_cdc_sync_rst(fast)
# Loading work.afifo_i72o72_d2048_xpm_cdc_sync_rst__2(fast)
# Loading work.SRIO_RX(fast)
# Loading work.INI_RX_DEC(fast)
# Loading work.TAG_RX_DEC(fast)
# Loading work.TAG_REG_TX(fast)
# Loading work.TAG_DMA_TX(fast)
# Loading work.BIST_REG(fast)
# Loading work.RAM_BIST(fast)
# Loading work.sram_i64o64_d256(fast)
# Loading UNISIMS_VER.RAMB36E1(fast__2)
# Loading UNISIMS_VER.RB36_INTERNAL_VLOG(fast__2)
# Loading work.glbl(fast)
# ** Warning: (vsim-3015) [PCDPC] - Port size (22) does not match connection size (32) for port 'AXIS_RX_TUSER'. The port definition is at: ../rtl/03_srio/srio_top.v(44).
#    Time: 0 ps  Iteration: 0  Instance: /tb_top/U_SRIO_TOP File: sim_model/tb_top.v Line: 763
# ** Warning: (vsim-3015) [PCDPC] - Port size (32) does not match connection size (25) for port 'INI_WR_ADDR'. The port definition is at: ../rtl/03_srio/srio_top.v(55).
#    Time: 0 ps  Iteration: 0  Instance: /tb_top/U_SRIO_TOP File: sim_model/tb_top.v Line: 763
# ** Warning: (vsim-3015) [PCDPC] - Port size (8) does not match connection size (16) for port 'INI_WR_SIZE'. The port definition is at: ../rtl/03_srio/srio_top.v(56).
#    Time: 0 ps  Iteration: 0  Instance: /tb_top/U_SRIO_TOP File: sim_model/tb_top.v Line: 763
# ** Warning: (vsim-3015) [PCDPC] - Port size (8) does not match connection size (25) for port 'INI_RD_SIZE'. The port definition is at: ../rtl/03_srio/srio_top.v(64).
#    Time: 0 ps  Iteration: 0  Instance: /tb_top/U_SRIO_TOP File: sim_model/tb_top.v Line: 763
# ** Warning: (vsim-3015) [PCDPC] - Port size (32) does not match connection size (12) for port 'INI_RD_ADDR'. The port definition is at: ../rtl/03_srio/srio_top.v(65).
#    Time: 0 ps  Iteration: 0  Instance: /tb_top/U_SRIO_TOP File: sim_model/tb_top.v Line: 763
# ** Warning: (vsim-3015) [PCDPC] - Port size (32) does not match connection size (16) for port 'TAG_WR_ADDR'. The port definition is at: ../rtl/03_srio/srio_top.v(81).
#    Time: 0 ps  Iteration: 0  Instance: /tb_top/U_SRIO_TOP File: sim_model/tb_top.v Line: 763
# ** Warning: (vsim-3015) [PCDPC] - Port size (32) does not match connection size (8) for port 'TAG_RD_SIZE'. The port definition is at: ../rtl/03_srio/srio_top.v(90).
#    Time: 0 ps  Iteration: 0  Instance: /tb_top/U_SRIO_TOP File: sim_model/tb_top.v Line: 763
# ** Warning: (vsim-3015) [PCDPC] - Port size (8) does not match connection size (16) for port 'TAG_RD_ADDR'. The port definition is at: ../rtl/03_srio/srio_top.v(91).
#    Time: 0 ps  Iteration: 0  Instance: /tb_top/U_SRIO_TOP File: sim_model/tb_top.v Line: 763
# ** Warning: (vsim-3015) [PCDPC] - Port size (16) does not match connection size (32) for port 'TAG_REG_OP_ADDR'. The port definition is at: ../rtl/03_srio/srio_top.v(103).
#    Time: 0 ps  Iteration: 0  Instance: /tb_top/U_SRIO_TOP File: sim_model/tb_top.v Line: 763
# ** Warning: (vsim-3015) [PCDPC] - Port size (64) does not match connection size (1) for port 'REG_TX_DATA'. The port definition is at: ../rtl/03_srio/ini_reg_tx.v(32).
#    Time: 0 ps  Iteration: 0  Instance: /tb_top/U_SRIO_TOP/U_INI_REG_TX File: ../rtl/03_srio/srio_top.v Line: 248
# ** Warning: (vsim-3015) [PCDPC] - Port size (64) does not match connection size (1) for port 'DMA_WR_TX_DATA'. The port definition is at: ../rtl/03_srio/ini_dma_wr.v(34).
#    Time: 0 ps  Iteration: 0  Instance: /tb_top/U_SRIO_TOP/U_INI_DMA_WR File: ../rtl/03_srio/srio_top.v Line: 267
# ** Warning: (vsim-3015) [PCDPC] - Port size (1) does not match connection size (32) for port 'DMA_RD_ADDR'. The port definition is at: ../rtl/03_srio/ini_dma_rd.v(23).
#    Time: 0 ps  Iteration: 0  Instance: /tb_top/U_SRIO_TOP/U_INI_DMA_RD File: ../rtl/03_srio/srio_top.v Line: 289
# ** Warning: (vsim-3015) [PCDPC] - Port size (64) does not match connection size (1) for port 'DMA_RD_TX_DATA'. The port definition is at: ../rtl/03_srio/ini_dma_rd.v(29).
#    Time: 0 ps  Iteration: 0  Instance: /tb_top/U_SRIO_TOP/U_INI_DMA_RD File: ../rtl/03_srio/srio_top.v Line: 289
# ** Warning: (vsim-3015) [PCDPC] - Port size (64) does not match connection size (1) for port 'ARBIT_DATA'. The port definition is at: ../rtl/01_user_ip/arbita_ch6.v(26).
#    Time: 0 ps  Iteration: 0  Instance: /tb_top/U_SRIO_TOP/U_ARBITA_TX0 File: ../rtl/03_srio/srio_top.v Line: 305
# ** Warning: (vsim-3015) [PCDPC] - Port size (64) does not match connection size (1) for port 'CH0_DATA'. The port definition is at: ../rtl/01_user_ip/arbita_ch6.v(35).
#    Time: 0 ps  Iteration: 0  Instance: /tb_top/U_SRIO_TOP/U_ARBITA_TX0 File: ../rtl/03_srio/srio_top.v Line: 305
# ** Warning: (vsim-3015) [PCDPC] - Port size (64) does not match connection size (1) for port 'CH1_DATA'. The port definition is at: ../rtl/01_user_ip/arbita_ch6.v(42).
#    Time: 0 ps  Iteration: 0  Instance: /tb_top/U_SRIO_TOP/U_ARBITA_TX0 File: ../rtl/03_srio/srio_top.v Line: 305
# ** Warning: (vsim-3015) [PCDPC] - Port size (64) does not match connection size (1) for port 'CH2_DATA'. The port definition is at: ../rtl/01_user_ip/arbita_ch6.v(49).
#    Time: 0 ps  Iteration: 0  Instance: /tb_top/U_SRIO_TOP/U_ARBITA_TX0 File: ../rtl/03_srio/srio_top.v Line: 305
# ** Warning: (vsim-3015) [PCDPC] - Port size (64) does not match connection size (1) for port 'SRIO_TX_DATA'. The port definition is at: ../rtl/03_srio/srio_tx.v(36).
#    Time: 0 ps  Iteration: 0  Instance: /tb_top/U_SRIO_TOP/U_INI_TX File: ../rtl/03_srio/srio_top.v Line: 360
# ** Warning: (vsim-3015) [PCDPC] - Port size (11) does not match connection size (12) for port 'wr_data_count'. The port definition is at: ../rtl/00_xilinx_ip/00_afifo/afifo_i72o72_d2048/afifo_i72o72_d2048_sim_netlist.V(30).
#    Time: 0 ps  Iteration: 0  Instance: /tb_top/U_SRIO_TOP/U_INI_TX/U_SRIO_DBUF File: ../rtl/03_srio/srio_tx.v Line: 108
# ** Warning: (vsim-3015) [PCDPC] - Port size (64) does not match connection size (32) for port 'AXI_RX_USER'. The port definition is at: ../rtl/03_srio/srio_rx.v(30).
#    Time: 0 ps  Iteration: 0  Instance: /tb_top/U_SRIO_TOP/U_INI_RX File: ../rtl/03_srio/srio_top.v Line: 386
# ** Warning: (vsim-3015) [PCDPC] - Port size (64) does not match connection size (1) for port 'SRIO_RX_DATA'. The port definition is at: ../rtl/03_srio/srio_rx.v(37).
#    Time: 0 ps  Iteration: 0  Instance: /tb_top/U_SRIO_TOP/U_INI_RX File: ../rtl/03_srio/srio_top.v Line: 386
# ** Warning: (vsim-3015) [PCDPC] - Port size (64) does not match connection size (1) for port 'INI_DATA'. The port definition is at: ../rtl/03_srio/ini_rx_dec.v(24).
#    Time: 0 ps  Iteration: 0  Instance: /tb_top/U_SRIO_TOP/U_INI_RX_DEC File: ../rtl/03_srio/srio_top.v Line: 406
# ** Warning: (vsim-3015) [PCDPC] - Port size (32) does not match connection size (1) for port 'REG_RD_DATA'. The port definition is at: ../rtl/03_srio/ini_rx_dec.v(27).
#    Time: 0 ps  Iteration: 0  Instance: /tb_top/U_SRIO_TOP/U_INI_RX_DEC File: ../rtl/03_srio/srio_top.v Line: 406
# ** Warning: (vsim-3015) [PCDPC] - Port size (64) does not match connection size (22) for port 'AXI_RX_USER'. The port definition is at: ../rtl/03_srio/srio_rx.v(30).
#    Time: 0 ps  Iteration: 0  Instance: /tb_top/U_SRIO_TOP/U_TAG_RX File: ../rtl/03_srio/srio_top.v Line: 431
# ** Warning: (vsim-3015) [PCDPC] - Port size (64) does not match connection size (1) for port 'SRIO_RX_DATA'. The port definition is at: ../rtl/03_srio/srio_rx.v(37).
#    Time: 0 ps  Iteration: 0  Instance: /tb_top/U_SRIO_TOP/U_TAG_RX File: ../rtl/03_srio/srio_top.v Line: 431
# ** Warning: (vsim-3015) [PCDPC] - Port size (64) does not match connection size (1) for port 'TAG_DATA'. The port definition is at: ../rtl/03_srio/tag_rx_dec.v(24).
#    Time: 0 ps  Iteration: 0  Instance: /tb_top/U_SRIO_TOP/U_TAG_RX_DEC File: ../rtl/03_srio/srio_top.v Line: 451
# ** Warning: (vsim-3015) [PCDPC] - Port size (32) does not match connection size (16) for port 'REG_OP_ADDR'. The port definition is at: ../rtl/03_srio/tag_rx_dec.v(31).
#    Time: 0 ps  Iteration: 0  Instance: /tb_top/U_SRIO_TOP/U_TAG_RX_DEC File: ../rtl/03_srio/srio_top.v Line: 451
# ** Warning: (vsim-3015) [PCDPC] - Port size (9) does not match connection size (8) for port 'DMA_WR_SIZE'. The port definition is at: ../rtl/03_srio/tag_rx_dec.v(36).
#    Time: 0 ps  Iteration: 0  Instance: /tb_top/U_SRIO_TOP/U_TAG_RX_DEC File: ../rtl/03_srio/srio_top.v Line: 451
# ** Warning: (vsim-3015) [PCDPC] - Port size (9) does not match connection size (32) for port 'DMA_RD_SIZE'. The port definition is at: ../rtl/03_srio/tag_rx_dec.v(43).
#    Time: 0 ps  Iteration: 0  Instance: /tb_top/U_SRIO_TOP/U_TAG_RX_DEC File: ../rtl/03_srio/srio_top.v Line: 451
# ** Warning: (vsim-3015) [PCDPC] - Port size (32) does not match connection size (8) for port 'DMA_RD_ADDR'. The port definition is at: ../rtl/03_srio/tag_rx_dec.v(44).
#    Time: 0 ps  Iteration: 0  Instance: /tb_top/U_SRIO_TOP/U_TAG_RX_DEC File: ../rtl/03_srio/srio_top.v Line: 451
# ** Warning: (vsim-3015) [PCDPC] - Port size (32) does not match connection size (16) for port 'REG_OP_ADDR'. The port definition is at: ../rtl/03_srio/tag_reg_tx.v(22).
#    Time: 0 ps  Iteration: 0  Instance: /tb_top/U_SRIO_TOP/U_TAG_REG_TX File: ../rtl/03_srio/srio_top.v Line: 488
# ** Warning: (vsim-3015) [PCDPC] - Port size (64) does not match connection size (1) for port 'REG_TX_DATA'. The port definition is at: ../rtl/03_srio/tag_reg_tx.v(29).
#    Time: 0 ps  Iteration: 0  Instance: /tb_top/U_SRIO_TOP/U_TAG_REG_TX File: ../rtl/03_srio/srio_top.v Line: 488
# ** Warning: (vsim-3015) [PCDPC] - Port size (64) does not match connection size (72) for port 'din'. The port definition is at: ../rtl/00_xilinx_ip/01_sfifo/sfifo_i64o64_d512/sfifo_i64o64_d512_sim_netlist.V(20).
#    Time: 0 ps  Iteration: 0  Instance: /tb_top/U_SRIO_TOP/U_TAG_REG_TX/U_CBUF File: ../rtl/03_srio/tag_reg_tx.v Line: 110
# ** Warning: (vsim-3015) [PCDPC] - Port size (64) does not match connection size (72) for port 'dout'. The port definition is at: ../rtl/00_xilinx_ip/01_sfifo/sfifo_i64o64_d512/sfifo_i64o64_d512_sim_netlist.V(23).
#    Time: 0 ps  Iteration: 0  Instance: /tb_top/U_SRIO_TOP/U_TAG_REG_TX/U_CBUF File: ../rtl/03_srio/tag_reg_tx.v Line: 110
# ** Warning: (vsim-3015) [PCDPC] - Port size (9) does not match connection size (32) for port 'DMA_RD_SIZE'. The port definition is at: ../rtl/03_srio/tag_dma_tx.v(24).
#    Time: 0 ps  Iteration: 0  Instance: /tb_top/U_SRIO_TOP/U_TAG_DMA_TX File: ../rtl/03_srio/srio_top.v Line: 504
# ** Warning: (vsim-3015) [PCDPC] - Port size (32) does not match connection size (8) for port 'DMA_RD_ADDR'. The port definition is at: ../rtl/03_srio/tag_dma_tx.v(25).
#    Time: 0 ps  Iteration: 0  Instance: /tb_top/U_SRIO_TOP/U_TAG_DMA_TX File: ../rtl/03_srio/srio_top.v Line: 504
# ** Warning: (vsim-3015) [PCDPC] - Port size (64) does not match connection size (1) for port 'DMA_TX_DATA'. The port definition is at: ../rtl/03_srio/tag_dma_tx.v(34).
#    Time: 0 ps  Iteration: 0  Instance: /tb_top/U_SRIO_TOP/U_TAG_DMA_TX File: ../rtl/03_srio/srio_top.v Line: 504
# ** Warning: (vsim-3015) [PCDPC] - Port size (64) does not match connection size (1) for port 'ARBIT_DATA'. The port definition is at: ../rtl/01_user_ip/arbita_ch6.v(26).
#    Time: 0 ps  Iteration: 0  Instance: /tb_top/U_SRIO_TOP/U_ARBITA_TX1 File: ../rtl/03_srio/srio_top.v Line: 526
# ** Warning: (vsim-3015) [PCDPC] - Port size (64) does not match connection size (1) for port 'CH0_DATA'. The port definition is at: ../rtl/01_user_ip/arbita_ch6.v(35).
#    Time: 0 ps  Iteration: 0  Instance: /tb_top/U_SRIO_TOP/U_ARBITA_TX1 File: ../rtl/03_srio/srio_top.v Line: 526
# ** Warning: (vsim-3015) [PCDPC] - Port size (64) does not match connection size (1) for port 'CH1_DATA'. The port definition is at: ../rtl/01_user_ip/arbita_ch6.v(42).
#    Time: 0 ps  Iteration: 0  Instance: /tb_top/U_SRIO_TOP/U_ARBITA_TX1 File: ../rtl/03_srio/srio_top.v Line: 526
# ** Warning: (vsim-3015) [PCDPC] - Port size (64) does not match connection size (1) for port 'SRIO_TX_DATA'. The port definition is at: ../rtl/03_srio/srio_tx.v(36).
#    Time: 0 ps  Iteration: 0  Instance: /tb_top/U_SRIO_TOP/U_TAG_TX File: ../rtl/03_srio/srio_top.v Line: 581
# ** Warning: (vsim-3015) [PCDPC] - Port size (11) does not match connection size (12) for port 'wr_data_count'. The port definition is at: ../rtl/00_xilinx_ip/00_afifo/afifo_i72o72_d2048/afifo_i72o72_d2048_sim_netlist.V(30).
#    Time: 0 ps  Iteration: 0  Instance: /tb_top/U_SRIO_TOP/U_TAG_TX/U_SRIO_DBUF File: ../rtl/03_srio/srio_tx.v Line: 108
# ** Warning: (vsim-3015) [PCDPC] - Port size (6) does not match connection size (8) for port 'addra'. The port definition is at: ../rtl/00_xilinx_ip/03_ram/sram_i64o64_d256/sram_i64o64_d256_sim_netlist.V(20).
#    Time: 0 ps  Iteration: 0  Instance: /tb_top/U_RAM_BIST/U_BIST_BRAM File: ../rtl/04_bist/ram_bist.v Line: 113
# ** Warning: (vsim-3015) [PCDPC] - Port size (6) does not match connection size (8) for port 'addrb'. The port definition is at: ../rtl/00_xilinx_ip/03_ram/sram_i64o64_d256/sram_i64o64_d256_sim_netlist.V(23).
#    Time: 0 ps  Iteration: 0  Instance: /tb_top/U_RAM_BIST/U_BIST_BRAM File: ../rtl/04_bist/ram_bist.v Line: 113
#  
# ******<<<<<<<<<<<<<<<<<<<<<<Simulation tb_00 start>>>>>>>>>>>>>>>>>>>>>>> ******
#  
# ---- Initial simulation
# ---- clock ---- 1111 ---- enable
# ---- Wait for  64 cycles
# ---- Wait for  64 cycles end
# ---- Wait for  16 cycles
# ---- Wait for  16 cycles end
# ---- reseting by cycle
# ---- reset0   64 cycle end
# ---- Wait for  16 cycles
# ---- Wait for  16 cycles end
# ---- reseting by ns
# ---- reset1  255 ns end
# ---- Write register   PORT :0x0    ADD :0x200    DATA :0x89abcd0e
# ---- Wait for  16 cycles
# ---- Wait for  16 cycles end
# ---- Wait for 255 cycles
# ---- Wait for 255 cycles end
# ---- tb_00 test completed !
#  
# ******<<<<<<<<<<<<<<<<<<<<Simulation tb_00 Successful End>>>>>>>>>>>>>>>>>>> ******
#  
do do/compile_all.do
# ** Warning: (vlib-34) Library already exists at "work".
# Errors: 0, Warnings: 1
# Model Technology ModelSim SE-64 vmap 2020.4 Lib Mapping Utility 2020.10 Oct 13 2020
# vmap work 
# Reading C:/modeltech64_2020.4/win64/../modelsim.ini
# "work" maps to directory ./work. (Default mapping)
# Model Technology ModelSim SE-64 vlog 2020.4 Compiler 2020.10 Oct 13 2020
# Start time: 11:30:43 on Apr 22,2025
# vlog -reportprogress 300 -work work sim_model/lib/glbl.v 
# -- Compiling module glbl
# 
# Top level modules:
# 	glbl
# End time: 11:30:43 on Apr 22,2025, Elapsed time: 0:00:00
# Errors: 0, Warnings: 0
# ** Warning: (vlib-34) Library already exists at "work".
# Errors: 0, Warnings: 1
# Model Technology ModelSim SE-64 vmap 2020.4 Lib Mapping Utility 2020.10 Oct 13 2020
# vmap work 
# Reading C:/modeltech64_2020.4/win64/../modelsim.ini
# "work" maps to directory ./work. (Default mapping)
# Model Technology ModelSim SE-64 vlog 2020.4 Compiler 2020.10 Oct 13 2020
# Start time: 11:30:43 on Apr 22,2025
# vlog -reportprogress 300 -work work ../rtl/00_xilinx_ip/00_afifo/afifo_i72o72_d2048/afifo_i72o72_d2048_sim_netlist.V 
# -- Compiling module afifo_i72o72_d2048
# -- Compiling module afifo_i72o72_d2048_xpm_cdc_gray
# -- Compiling module afifo_i72o72_d2048_xpm_cdc_gray__2
# -- Compiling module afifo_i72o72_d2048_xpm_cdc_single
# -- Compiling module afifo_i72o72_d2048_xpm_cdc_single__2
# -- Compiling module afifo_i72o72_d2048_xpm_cdc_sync_rst
# -- Compiling module afifo_i72o72_d2048_xpm_cdc_sync_rst__2
# -- Compiling module glbl
# 
# Top level modules:
# 	afifo_i72o72_d2048
# 	glbl
# End time: 11:30:44 on Apr 22,2025, Elapsed time: 0:00:01
# Errors: 0, Warnings: 0
# Model Technology ModelSim SE-64 vlog 2020.4 Compiler 2020.10 Oct 13 2020
# Start time: 11:30:44 on Apr 22,2025
# vlog -reportprogress 300 -work work ../rtl/00_xilinx_ip/01_sfifo/sfifo_i32o32_d1024/sfifo_i32o32_d1024_sim_netlist.V 
# -- Compiling module sfifo_i32o32_d1024
# -- Compiling module glbl
# 
# Top level modules:
# 	sfifo_i32o32_d1024
# 	glbl
# End time: 11:30:44 on Apr 22,2025, Elapsed time: 0:00:00
# Errors: 0, Warnings: 0
# Model Technology ModelSim SE-64 vlog 2020.4 Compiler 2020.10 Oct 13 2020
# Start time: 11:30:44 on Apr 22,2025
# vlog -reportprogress 300 -work work ../rtl/00_xilinx_ip/01_sfifo/sfifo_i64o64_d512/sfifo_i64o64_d512_sim_netlist.V 
# -- Compiling module sfifo_i64o64_d512
# -- Compiling module glbl
# 
# Top level modules:
# 	sfifo_i64o64_d512
# 	glbl
# End time: 11:30:44 on Apr 22,2025, Elapsed time: 0:00:00
# Errors: 0, Warnings: 0
# Model Technology ModelSim SE-64 vlog 2020.4 Compiler 2020.10 Oct 13 2020
# Start time: 11:30:45 on Apr 22,2025
# vlog -reportprogress 300 -work work ../rtl/00_xilinx_ip/01_sfifo/sfifo_i72o72_d512/sfifo_i72o72_d512_sim_netlist.V 
# -- Compiling module sfifo_i72o72_d512
# -- Compiling module glbl
# 
# Top level modules:
# 	sfifo_i72o72_d512
# 	glbl
# End time: 11:30:45 on Apr 22,2025, Elapsed time: 0:00:00
# Errors: 0, Warnings: 0
# Model Technology ModelSim SE-64 vlog 2020.4 Compiler 2020.10 Oct 13 2020
# Start time: 11:30:45 on Apr 22,2025
# vlog -reportprogress 300 -work work ../rtl/00_xilinx_ip/03_ram/sram_i64o64_d256/sram_i64o64_d256_sim_netlist.V 
# -- Compiling module sram_i64o64_d256
# -- Compiling module glbl
# 
# Top level modules:
# 	sram_i64o64_d256
# 	glbl
# End time: 11:30:45 on Apr 22,2025, Elapsed time: 0:00:00
# Errors: 0, Warnings: 0
# Model Technology ModelSim SE-64 vlog 2020.4 Compiler 2020.10 Oct 13 2020
# Start time: 11:30:45 on Apr 22,2025
# vlog -reportprogress 300 -work work ../rtl/01_user_ip/arbita_ch6.v ../rtl/01_user_ip/pulse_gen.v 
# -- Compiling module ARBITA_CH6
# -- Compiling module PULSE_GEN
# 
# Top level modules:
# 	ARBITA_CH6
# 	PULSE_GEN
# End time: 11:30:45 on Apr 22,2025, Elapsed time: 0:00:00
# Errors: 0, Warnings: 0
# Model Technology ModelSim SE-64 vlog 2020.4 Compiler 2020.10 Oct 13 2020
# Start time: 11:30:45 on Apr 22,2025
# vlog -reportprogress 300 -work work ../rtl/03_srio/ini_dma_rd.v ../rtl/03_srio/ini_dma_wr.v ../rtl/03_srio/ini_reg_tx.v ../rtl/03_srio/ini_rx_dec.v ../rtl/03_srio/srio_rx.v ../rtl/03_srio/srio_top.v ../rtl/03_srio/srio_tx.v ../rtl/03_srio/tag_dma_tx.v ../rtl/03_srio/tag_reg_tx.v ../rtl/03_srio/tag_rx_dec.v 
# -- Compiling module INI_DMA_RD
# -- Compiling module INI_DMA_WR
# -- Compiling module INI_REG_TX
# -- Compiling module INI_RX_DEC
# -- Compiling module SRIO_RX
# -- Compiling module SRIO_TOP
# -- Compiling module SRIO_TX
# -- Compiling module TAG_DMA_TX
# -- Compiling module TAG_REG_TX
# -- Compiling module TAG_RX_DEC
# 
# Top level modules:
# 	SRIO_TOP
# End time: 11:30:45 on Apr 22,2025, Elapsed time: 0:00:00
# Errors: 0, Warnings: 0
# Model Technology ModelSim SE-64 vlog 2020.4 Compiler 2020.10 Oct 13 2020
# Start time: 11:30:45 on Apr 22,2025
# vlog -reportprogress 300 -work work ../rtl/04_bist/bist_reg.v ../rtl/04_bist/ram_bist.v 
# -- Compiling module BIST_REG
# -- Compiling module RAM_BIST
# 
# Top level modules:
# 	BIST_REG
# 	RAM_BIST
# End time: 11:30:46 on Apr 22,2025, Elapsed time: 0:00:01
# Errors: 0, Warnings: 0
# ** Warning: (vlib-34) Library already exists at "work".
# Errors: 0, Warnings: 1
# Model Technology ModelSim SE-64 vmap 2020.4 Lib Mapping Utility 2020.10 Oct 13 2020
# vmap work 
# Reading C:/modeltech64_2020.4/win64/../modelsim.ini
# "work" maps to directory ./work. (Default mapping)
# Model Technology ModelSim SE-64 vlog 2020.4 Compiler 2020.10 Oct 13 2020
# Start time: 11:30:46 on Apr 22,2025
# vlog -reportprogress 300 -work work sim_model/define/define.v 
# End time: 11:30:46 on Apr 22,2025, Elapsed time: 0:00:00
# Errors: 0, Warnings: 0
# Model Technology ModelSim SE-64 vlog 2020.4 Compiler 2020.10 Oct 13 2020
# Start time: 11:30:46 on Apr 22,2025
# vlog -reportprogress 300 "+define+tb_00=1" -work work "+incdir+{sim_model/define}" sim_model/sim_model.v 
# -- Compiling module SIM_MODEL
# 
# Top level modules:
# 	SIM_MODEL
# End time: 11:30:46 on Apr 22,2025, Elapsed time: 0:00:00
# Errors: 0, Warnings: 0
# Model Technology ModelSim SE-64 vlog 2020.4 Compiler 2020.10 Oct 13 2020
# Start time: 11:30:46 on Apr 22,2025
# vlog -reportprogress 300 "+define+tb_00=1" -work work "+incdir+{sim_model/define}" sim_model/tb_top.v 
# -- Compiling module tb_top
# 
# Top level modules:
# 	tb_top
# End time: 11:30:46 on Apr 22,2025, Elapsed time: 0:00:00
# Errors: 0, Warnings: 0
do do/tb_00.do
# Model Technology ModelSim SE-64 vlog 2020.4 Compiler 2020.10 Oct 13 2020
# Start time: 11:30:48 on Apr 22,2025
# vlog -reportprogress 300 "+define+tb_00=1" -work work sim_model\define\define.v 
# End time: 11:30:48 on Apr 22,2025, Elapsed time: 0:00:00
# Errors: 0, Warnings: 0
# Model Technology ModelSim SE-64 vlog 2020.4 Compiler 2020.10 Oct 13 2020
# Start time: 11:30:48 on Apr 22,2025
# vlog -reportprogress 300 "+define+tb_00=1" -work work "+incdir+{sim_modeldefine}" sim_model\tb_top.v 
# -- Compiling module tb_top
# 
# Top level modules:
# 	tb_top
# End time: 11:30:48 on Apr 22,2025, Elapsed time: 0:00:00
# Errors: 0, Warnings: 0
# End time: 11:30:52 on Apr 22,2025, Elapsed time: 0:14:11
# Errors: 0, Warnings: 44
# vsim -t 1ps -c -l ./log/vsim_tb_00_report.log work.tb_top -L UNISIMS_VER -L SECUREIP -L SIMPRIMS_VER -L work -voptargs="+acc" work.glbl -wav ./wave/tb_00.wlf 
# Start time: 11:30:52 on Apr 22,2025
# ** Note: (vsim-3813) Design is being optimized due to module recompilation...
# ** Note: (vopt-143) Recognized 1 FSM in module "INI_REG_TX(fast)".
# Loading work.tb_top(fast)
# Loading work.SIM_MODEL(fast)
# Loading work.SRIO_TOP(fast)
# Loading work.INI_REG_TX(fast)
# Loading work.sfifo_i72o72_d512(fast)
# Loading UNISIMS_VER.GND(fast)
# Loading UNISIMS_VER.LUT1(fast)
# Loading UNISIMS_VER.LUT2(fast)
# Loading UNISIMS_VER.LUT3(fast)
# Loading UNISIMS_VER.FDRE(fast)
# Loading UNISIMS_VER.CARRY4(fast)
# Loading UNISIMS_VER.LUT5(fast)
# Loading UNISIMS_VER.LUT5(fast__1)
# Loading UNISIMS_VER.FDSE(fast)
# Loading UNISIMS_VER.LUT4(fast)
# Loading UNISIMS_VER.LUT4(fast__1)
# Loading UNISIMS_VER.LUT3(fast__1)
# Loading UNISIMS_VER.LUT3(fast__2)
# Loading UNISIMS_VER.LUT4(fast__2)
# Loading UNISIMS_VER.LUT6(fast)
# Loading UNISIMS_VER.LUT2(fast__1)
# Loading UNISIMS_VER.LUT3(fast__3)
# Loading UNISIMS_VER.LUT4(fast__3)
# Loading UNISIMS_VER.LUT5(fast__2)
# Loading UNISIMS_VER.LUT6(fast__1)
# Loading UNISIMS_VER.LUT6(fast__2)
# Loading UNISIMS_VER.LUT4(fast__4)
# Loading UNISIMS_VER.LUT2(fast__2)
# Loading UNISIMS_VER.LUT5(fast__3)
# Loading UNISIMS_VER.LUT4(fast__5)
# Loading UNISIMS_VER.LUT1(fast__1)
# Loading UNISIMS_VER.RAMB36E1(fast)
# Loading UNISIMS_VER.RB36_INTERNAL_VLOG(fast)
# Loading work.INI_DMA_WR(fast)
# Loading work.sfifo_i64o64_d512(fast)
# Loading work.INI_DMA_RD(fast)
# Loading work.ARBITA_CH6(fast)
# Loading work.SRIO_TX(fast)
# Loading work.afifo_i72o72_d2048(fast)
# Loading work.afifo_i72o72_d2048_xpm_cdc_gray(fast)
# Loading UNISIMS_VER.LUT6(fast__3)
# Loading UNISIMS_VER.LUT5(fast__4)
# Loading UNISIMS_VER.LUT4(fast__6)
# Loading UNISIMS_VER.LUT3(fast__4)
# Loading work.afifo_i72o72_d2048_xpm_cdc_gray__2(fast)
# Loading UNISIMS_VER.LUT6(fast__4)
# Loading UNISIMS_VER.LUT4(fast__7)
# Loading UNISIMS_VER.LUT6(fast__5)
# Loading UNISIMS_VER.LUT5(fast__5)
# Loading UNISIMS_VER.LUT6(fast__6)
# Loading UNISIMS_VER.FDSE(fast__1)
# Loading UNISIMS_VER.RAMB36E1(fast__1)
# Loading UNISIMS_VER.RB36_INTERNAL_VLOG(fast__1)
# Loading UNISIMS_VER.SRL16E(fast)
# Loading UNISIMS_VER.LUT2(fast__3)
# Loading UNISIMS_VER.FDRE(fast__1)
# Loading UNISIMS_VER.LUT3(fast__5)
# Loading UNISIMS_VER.LUT4(fast__8)
# Loading UNISIMS_VER.LUT6(fast__7)
# Loading work.afifo_i72o72_d2048_xpm_cdc_single(fast)
# Loading work.afifo_i72o72_d2048_xpm_cdc_single__2(fast)
# Loading work.afifo_i72o72_d2048_xpm_cdc_sync_rst(fast)
# Loading work.afifo_i72o72_d2048_xpm_cdc_sync_rst__2(fast)
# Loading work.SRIO_RX(fast)
# Loading work.INI_RX_DEC(fast)
# Loading work.TAG_RX_DEC(fast)
# Loading work.TAG_REG_TX(fast)
# Loading work.TAG_DMA_TX(fast)
# Loading work.BIST_REG(fast)
# Loading work.RAM_BIST(fast)
# Loading work.sram_i64o64_d256(fast)
# Loading UNISIMS_VER.RAMB36E1(fast__2)
# Loading UNISIMS_VER.RB36_INTERNAL_VLOG(fast__2)
# Loading work.glbl(fast)
# ** Warning: (vsim-3015) [PCDPC] - Port size (22) does not match connection size (32) for port 'AXIS_RX_TUSER'. The port definition is at: ../rtl/03_srio/srio_top.v(44).
#    Time: 0 ps  Iteration: 0  Instance: /tb_top/U_SRIO_TOP File: sim_model/tb_top.v Line: 763
# ** Warning: (vsim-3015) [PCDPC] - Port size (32) does not match connection size (25) for port 'INI_WR_ADDR'. The port definition is at: ../rtl/03_srio/srio_top.v(55).
#    Time: 0 ps  Iteration: 0  Instance: /tb_top/U_SRIO_TOP File: sim_model/tb_top.v Line: 763
# ** Warning: (vsim-3015) [PCDPC] - Port size (8) does not match connection size (16) for port 'INI_WR_SIZE'. The port definition is at: ../rtl/03_srio/srio_top.v(56).
#    Time: 0 ps  Iteration: 0  Instance: /tb_top/U_SRIO_TOP File: sim_model/tb_top.v Line: 763
# ** Warning: (vsim-3015) [PCDPC] - Port size (8) does not match connection size (25) for port 'INI_RD_SIZE'. The port definition is at: ../rtl/03_srio/srio_top.v(64).
#    Time: 0 ps  Iteration: 0  Instance: /tb_top/U_SRIO_TOP File: sim_model/tb_top.v Line: 763
# ** Warning: (vsim-3015) [PCDPC] - Port size (32) does not match connection size (12) for port 'INI_RD_ADDR'. The port definition is at: ../rtl/03_srio/srio_top.v(65).
#    Time: 0 ps  Iteration: 0  Instance: /tb_top/U_SRIO_TOP File: sim_model/tb_top.v Line: 763
# ** Warning: (vsim-3015) [PCDPC] - Port size (32) does not match connection size (16) for port 'TAG_WR_ADDR'. The port definition is at: ../rtl/03_srio/srio_top.v(81).
#    Time: 0 ps  Iteration: 0  Instance: /tb_top/U_SRIO_TOP File: sim_model/tb_top.v Line: 763
# ** Warning: (vsim-3015) [PCDPC] - Port size (32) does not match connection size (8) for port 'TAG_RD_SIZE'. The port definition is at: ../rtl/03_srio/srio_top.v(90).
#    Time: 0 ps  Iteration: 0  Instance: /tb_top/U_SRIO_TOP File: sim_model/tb_top.v Line: 763
# ** Warning: (vsim-3015) [PCDPC] - Port size (8) does not match connection size (16) for port 'TAG_RD_ADDR'. The port definition is at: ../rtl/03_srio/srio_top.v(91).
#    Time: 0 ps  Iteration: 0  Instance: /tb_top/U_SRIO_TOP File: sim_model/tb_top.v Line: 763
# ** Warning: (vsim-3015) [PCDPC] - Port size (16) does not match connection size (32) for port 'TAG_REG_OP_ADDR'. The port definition is at: ../rtl/03_srio/srio_top.v(103).
#    Time: 0 ps  Iteration: 0  Instance: /tb_top/U_SRIO_TOP File: sim_model/tb_top.v Line: 763
# ** Warning: (vsim-3015) [PCDPC] - Port size (64) does not match connection size (1) for port 'REG_TX_DATA'. The port definition is at: ../rtl/03_srio/ini_reg_tx.v(32).
#    Time: 0 ps  Iteration: 0  Instance: /tb_top/U_SRIO_TOP/U_INI_REG_TX File: ../rtl/03_srio/srio_top.v Line: 248
# ** Warning: (vsim-3015) [PCDPC] - Port size (64) does not match connection size (1) for port 'DMA_WR_TX_DATA'. The port definition is at: ../rtl/03_srio/ini_dma_wr.v(34).
#    Time: 0 ps  Iteration: 0  Instance: /tb_top/U_SRIO_TOP/U_INI_DMA_WR File: ../rtl/03_srio/srio_top.v Line: 267
# ** Warning: (vsim-3015) [PCDPC] - Port size (1) does not match connection size (32) for port 'DMA_RD_ADDR'. The port definition is at: ../rtl/03_srio/ini_dma_rd.v(23).
#    Time: 0 ps  Iteration: 0  Instance: /tb_top/U_SRIO_TOP/U_INI_DMA_RD File: ../rtl/03_srio/srio_top.v Line: 289
# ** Warning: (vsim-3015) [PCDPC] - Port size (64) does not match connection size (1) for port 'DMA_RD_TX_DATA'. The port definition is at: ../rtl/03_srio/ini_dma_rd.v(29).
#    Time: 0 ps  Iteration: 0  Instance: /tb_top/U_SRIO_TOP/U_INI_DMA_RD File: ../rtl/03_srio/srio_top.v Line: 289
# ** Warning: (vsim-3015) [PCDPC] - Port size (64) does not match connection size (1) for port 'ARBIT_DATA'. The port definition is at: ../rtl/01_user_ip/arbita_ch6.v(26).
#    Time: 0 ps  Iteration: 0  Instance: /tb_top/U_SRIO_TOP/U_ARBITA_TX0 File: ../rtl/03_srio/srio_top.v Line: 305
# ** Warning: (vsim-3015) [PCDPC] - Port size (64) does not match connection size (1) for port 'CH0_DATA'. The port definition is at: ../rtl/01_user_ip/arbita_ch6.v(35).
#    Time: 0 ps  Iteration: 0  Instance: /tb_top/U_SRIO_TOP/U_ARBITA_TX0 File: ../rtl/03_srio/srio_top.v Line: 305
# ** Warning: (vsim-3015) [PCDPC] - Port size (64) does not match connection size (1) for port 'CH1_DATA'. The port definition is at: ../rtl/01_user_ip/arbita_ch6.v(42).
#    Time: 0 ps  Iteration: 0  Instance: /tb_top/U_SRIO_TOP/U_ARBITA_TX0 File: ../rtl/03_srio/srio_top.v Line: 305
# ** Warning: (vsim-3015) [PCDPC] - Port size (64) does not match connection size (1) for port 'CH2_DATA'. The port definition is at: ../rtl/01_user_ip/arbita_ch6.v(49).
#    Time: 0 ps  Iteration: 0  Instance: /tb_top/U_SRIO_TOP/U_ARBITA_TX0 File: ../rtl/03_srio/srio_top.v Line: 305
# ** Warning: (vsim-3015) [PCDPC] - Port size (64) does not match connection size (1) for port 'SRIO_TX_DATA'. The port definition is at: ../rtl/03_srio/srio_tx.v(36).
#    Time: 0 ps  Iteration: 0  Instance: /tb_top/U_SRIO_TOP/U_INI_TX File: ../rtl/03_srio/srio_top.v Line: 360
# ** Warning: (vsim-3015) [PCDPC] - Port size (11) does not match connection size (12) for port 'wr_data_count'. The port definition is at: ../rtl/00_xilinx_ip/00_afifo/afifo_i72o72_d2048/afifo_i72o72_d2048_sim_netlist.V(30).
#    Time: 0 ps  Iteration: 0  Instance: /tb_top/U_SRIO_TOP/U_INI_TX/U_SRIO_DBUF File: ../rtl/03_srio/srio_tx.v Line: 108
# ** Warning: (vsim-3015) [PCDPC] - Port size (64) does not match connection size (32) for port 'AXI_RX_USER'. The port definition is at: ../rtl/03_srio/srio_rx.v(30).
#    Time: 0 ps  Iteration: 0  Instance: /tb_top/U_SRIO_TOP/U_INI_RX File: ../rtl/03_srio/srio_top.v Line: 386
# ** Warning: (vsim-3015) [PCDPC] - Port size (64) does not match connection size (1) for port 'SRIO_RX_DATA'. The port definition is at: ../rtl/03_srio/srio_rx.v(37).
#    Time: 0 ps  Iteration: 0  Instance: /tb_top/U_SRIO_TOP/U_INI_RX File: ../rtl/03_srio/srio_top.v Line: 386
# ** Warning: (vsim-3015) [PCDPC] - Port size (64) does not match connection size (1) for port 'INI_DATA'. The port definition is at: ../rtl/03_srio/ini_rx_dec.v(24).
#    Time: 0 ps  Iteration: 0  Instance: /tb_top/U_SRIO_TOP/U_INI_RX_DEC File: ../rtl/03_srio/srio_top.v Line: 406
# ** Warning: (vsim-3015) [PCDPC] - Port size (32) does not match connection size (1) for port 'REG_RD_DATA'. The port definition is at: ../rtl/03_srio/ini_rx_dec.v(27).
#    Time: 0 ps  Iteration: 0  Instance: /tb_top/U_SRIO_TOP/U_INI_RX_DEC File: ../rtl/03_srio/srio_top.v Line: 406
# ** Warning: (vsim-3015) [PCDPC] - Port size (64) does not match connection size (22) for port 'AXI_RX_USER'. The port definition is at: ../rtl/03_srio/srio_rx.v(30).
#    Time: 0 ps  Iteration: 0  Instance: /tb_top/U_SRIO_TOP/U_TAG_RX File: ../rtl/03_srio/srio_top.v Line: 431
# ** Warning: (vsim-3015) [PCDPC] - Port size (64) does not match connection size (1) for port 'SRIO_RX_DATA'. The port definition is at: ../rtl/03_srio/srio_rx.v(37).
#    Time: 0 ps  Iteration: 0  Instance: /tb_top/U_SRIO_TOP/U_TAG_RX File: ../rtl/03_srio/srio_top.v Line: 431
# ** Warning: (vsim-3015) [PCDPC] - Port size (64) does not match connection size (1) for port 'TAG_DATA'. The port definition is at: ../rtl/03_srio/tag_rx_dec.v(24).
#    Time: 0 ps  Iteration: 0  Instance: /tb_top/U_SRIO_TOP/U_TAG_RX_DEC File: ../rtl/03_srio/srio_top.v Line: 451
# ** Warning: (vsim-3015) [PCDPC] - Port size (32) does not match connection size (16) for port 'REG_OP_ADDR'. The port definition is at: ../rtl/03_srio/tag_rx_dec.v(31).
#    Time: 0 ps  Iteration: 0  Instance: /tb_top/U_SRIO_TOP/U_TAG_RX_DEC File: ../rtl/03_srio/srio_top.v Line: 451
# ** Warning: (vsim-3015) [PCDPC] - Port size (9) does not match connection size (8) for port 'DMA_WR_SIZE'. The port definition is at: ../rtl/03_srio/tag_rx_dec.v(36).
#    Time: 0 ps  Iteration: 0  Instance: /tb_top/U_SRIO_TOP/U_TAG_RX_DEC File: ../rtl/03_srio/srio_top.v Line: 451
# ** Warning: (vsim-3015) [PCDPC] - Port size (9) does not match connection size (32) for port 'DMA_RD_SIZE'. The port definition is at: ../rtl/03_srio/tag_rx_dec.v(43).
#    Time: 0 ps  Iteration: 0  Instance: /tb_top/U_SRIO_TOP/U_TAG_RX_DEC File: ../rtl/03_srio/srio_top.v Line: 451
# ** Warning: (vsim-3015) [PCDPC] - Port size (32) does not match connection size (8) for port 'DMA_RD_ADDR'. The port definition is at: ../rtl/03_srio/tag_rx_dec.v(44).
#    Time: 0 ps  Iteration: 0  Instance: /tb_top/U_SRIO_TOP/U_TAG_RX_DEC File: ../rtl/03_srio/srio_top.v Line: 451
# ** Warning: (vsim-3015) [PCDPC] - Port size (32) does not match connection size (16) for port 'REG_OP_ADDR'. The port definition is at: ../rtl/03_srio/tag_reg_tx.v(22).
#    Time: 0 ps  Iteration: 0  Instance: /tb_top/U_SRIO_TOP/U_TAG_REG_TX File: ../rtl/03_srio/srio_top.v Line: 488
# ** Warning: (vsim-3015) [PCDPC] - Port size (64) does not match connection size (1) for port 'REG_TX_DATA'. The port definition is at: ../rtl/03_srio/tag_reg_tx.v(29).
#    Time: 0 ps  Iteration: 0  Instance: /tb_top/U_SRIO_TOP/U_TAG_REG_TX File: ../rtl/03_srio/srio_top.v Line: 488
# ** Warning: (vsim-3015) [PCDPC] - Port size (64) does not match connection size (72) for port 'din'. The port definition is at: ../rtl/00_xilinx_ip/01_sfifo/sfifo_i64o64_d512/sfifo_i64o64_d512_sim_netlist.V(20).
#    Time: 0 ps  Iteration: 0  Instance: /tb_top/U_SRIO_TOP/U_TAG_REG_TX/U_CBUF File: ../rtl/03_srio/tag_reg_tx.v Line: 110
# ** Warning: (vsim-3015) [PCDPC] - Port size (64) does not match connection size (72) for port 'dout'. The port definition is at: ../rtl/00_xilinx_ip/01_sfifo/sfifo_i64o64_d512/sfifo_i64o64_d512_sim_netlist.V(23).
#    Time: 0 ps  Iteration: 0  Instance: /tb_top/U_SRIO_TOP/U_TAG_REG_TX/U_CBUF File: ../rtl/03_srio/tag_reg_tx.v Line: 110
# ** Warning: (vsim-3015) [PCDPC] - Port size (9) does not match connection size (32) for port 'DMA_RD_SIZE'. The port definition is at: ../rtl/03_srio/tag_dma_tx.v(24).
#    Time: 0 ps  Iteration: 0  Instance: /tb_top/U_SRIO_TOP/U_TAG_DMA_TX File: ../rtl/03_srio/srio_top.v Line: 504
# ** Warning: (vsim-3015) [PCDPC] - Port size (32) does not match connection size (8) for port 'DMA_RD_ADDR'. The port definition is at: ../rtl/03_srio/tag_dma_tx.v(25).
#    Time: 0 ps  Iteration: 0  Instance: /tb_top/U_SRIO_TOP/U_TAG_DMA_TX File: ../rtl/03_srio/srio_top.v Line: 504
# ** Warning: (vsim-3015) [PCDPC] - Port size (64) does not match connection size (1) for port 'DMA_TX_DATA'. The port definition is at: ../rtl/03_srio/tag_dma_tx.v(34).
#    Time: 0 ps  Iteration: 0  Instance: /tb_top/U_SRIO_TOP/U_TAG_DMA_TX File: ../rtl/03_srio/srio_top.v Line: 504
# ** Warning: (vsim-3015) [PCDPC] - Port size (64) does not match connection size (1) for port 'ARBIT_DATA'. The port definition is at: ../rtl/01_user_ip/arbita_ch6.v(26).
#    Time: 0 ps  Iteration: 0  Instance: /tb_top/U_SRIO_TOP/U_ARBITA_TX1 File: ../rtl/03_srio/srio_top.v Line: 526
# ** Warning: (vsim-3015) [PCDPC] - Port size (64) does not match connection size (1) for port 'CH0_DATA'. The port definition is at: ../rtl/01_user_ip/arbita_ch6.v(35).
#    Time: 0 ps  Iteration: 0  Instance: /tb_top/U_SRIO_TOP/U_ARBITA_TX1 File: ../rtl/03_srio/srio_top.v Line: 526
# ** Warning: (vsim-3015) [PCDPC] - Port size (64) does not match connection size (1) for port 'CH1_DATA'. The port definition is at: ../rtl/01_user_ip/arbita_ch6.v(42).
#    Time: 0 ps  Iteration: 0  Instance: /tb_top/U_SRIO_TOP/U_ARBITA_TX1 File: ../rtl/03_srio/srio_top.v Line: 526
# ** Warning: (vsim-3015) [PCDPC] - Port size (64) does not match connection size (1) for port 'SRIO_TX_DATA'. The port definition is at: ../rtl/03_srio/srio_tx.v(36).
#    Time: 0 ps  Iteration: 0  Instance: /tb_top/U_SRIO_TOP/U_TAG_TX File: ../rtl/03_srio/srio_top.v Line: 581
# ** Warning: (vsim-3015) [PCDPC] - Port size (11) does not match connection size (12) for port 'wr_data_count'. The port definition is at: ../rtl/00_xilinx_ip/00_afifo/afifo_i72o72_d2048/afifo_i72o72_d2048_sim_netlist.V(30).
#    Time: 0 ps  Iteration: 0  Instance: /tb_top/U_SRIO_TOP/U_TAG_TX/U_SRIO_DBUF File: ../rtl/03_srio/srio_tx.v Line: 108
# ** Warning: (vsim-3015) [PCDPC] - Port size (6) does not match connection size (8) for port 'addra'. The port definition is at: ../rtl/00_xilinx_ip/03_ram/sram_i64o64_d256/sram_i64o64_d256_sim_netlist.V(20).
#    Time: 0 ps  Iteration: 0  Instance: /tb_top/U_RAM_BIST/U_BIST_BRAM File: ../rtl/04_bist/ram_bist.v Line: 113
# ** Warning: (vsim-3015) [PCDPC] - Port size (6) does not match connection size (8) for port 'addrb'. The port definition is at: ../rtl/00_xilinx_ip/03_ram/sram_i64o64_d256/sram_i64o64_d256_sim_netlist.V(23).
#    Time: 0 ps  Iteration: 0  Instance: /tb_top/U_RAM_BIST/U_BIST_BRAM File: ../rtl/04_bist/ram_bist.v Line: 113
#  
# ******<<<<<<<<<<<<<<<<<<<<<<Simulation tb_00 start>>>>>>>>>>>>>>>>>>>>>>> ******
#  
# ---- Initial simulation
# ---- clock ---- 1111 ---- enable
# ---- Wait for  64 cycles
# ---- Wait for  64 cycles end
# ---- Wait for  16 cycles
# ---- Wait for  16 cycles end
# ---- reseting by cycle
# ---- reset0   64 cycle end
# ---- Wait for  16 cycles
# ---- Wait for  16 cycles end
# ---- reseting by ns
# ---- reset1  255 ns end
# ---- Write register   PORT :0x0    ADD :0x200    DATA :0x89abcd0e
# ---- Wait for  16 cycles
# ---- Wait for  16 cycles end
# ---- Wait for 255 cycles
# ---- Wait for 255 cycles end
# ---- tb_00 test completed !
#  
# ******<<<<<<<<<<<<<<<<<<<<Simulation tb_00 Successful End>>>>>>>>>>>>>>>>>>> ******
#  
do do/compile_all.do
# ** Warning: (vlib-34) Library already exists at "work".
# Errors: 0, Warnings: 1
# Model Technology ModelSim SE-64 vmap 2020.4 Lib Mapping Utility 2020.10 Oct 13 2020
# vmap work 
# Reading C:/modeltech64_2020.4/win64/../modelsim.ini
# "work" maps to directory ./work. (Default mapping)
# Model Technology ModelSim SE-64 vlog 2020.4 Compiler 2020.10 Oct 13 2020
# Start time: 13:49:01 on Apr 22,2025
# vlog -reportprogress 300 -work work sim_model/lib/glbl.v 
# -- Compiling module glbl
# 
# Top level modules:
# 	glbl
# End time: 13:49:02 on Apr 22,2025, Elapsed time: 0:00:01
# Errors: 0, Warnings: 0
# ** Warning: (vlib-34) Library already exists at "work".
# Errors: 0, Warnings: 1
# Model Technology ModelSim SE-64 vmap 2020.4 Lib Mapping Utility 2020.10 Oct 13 2020
# vmap work 
# Reading C:/modeltech64_2020.4/win64/../modelsim.ini
# "work" maps to directory ./work. (Default mapping)
# Model Technology ModelSim SE-64 vlog 2020.4 Compiler 2020.10 Oct 13 2020
# Start time: 13:49:02 on Apr 22,2025
# vlog -reportprogress 300 -work work ../rtl/00_xilinx_ip/00_afifo/afifo_i72o72_d2048/afifo_i72o72_d2048_sim_netlist.V 
# -- Compiling module afifo_i72o72_d2048
# -- Compiling module afifo_i72o72_d2048_xpm_cdc_gray
# -- Compiling module afifo_i72o72_d2048_xpm_cdc_gray__2
# -- Compiling module afifo_i72o72_d2048_xpm_cdc_single
# -- Compiling module afifo_i72o72_d2048_xpm_cdc_single__2
# -- Compiling module afifo_i72o72_d2048_xpm_cdc_sync_rst
# -- Compiling module afifo_i72o72_d2048_xpm_cdc_sync_rst__2
# -- Compiling module glbl
# 
# Top level modules:
# 	afifo_i72o72_d2048
# 	glbl
# End time: 13:49:02 on Apr 22,2025, Elapsed time: 0:00:00
# Errors: 0, Warnings: 0
# Model Technology ModelSim SE-64 vlog 2020.4 Compiler 2020.10 Oct 13 2020
# Start time: 13:49:02 on Apr 22,2025
# vlog -reportprogress 300 -work work ../rtl/00_xilinx_ip/01_sfifo/sfifo_i32o32_d1024/sfifo_i32o32_d1024_sim_netlist.V 
# -- Compiling module sfifo_i32o32_d1024
# -- Compiling module glbl
# 
# Top level modules:
# 	sfifo_i32o32_d1024
# 	glbl
# End time: 13:49:02 on Apr 22,2025, Elapsed time: 0:00:00
# Errors: 0, Warnings: 0
# Model Technology ModelSim SE-64 vlog 2020.4 Compiler 2020.10 Oct 13 2020
# Start time: 13:49:03 on Apr 22,2025
# vlog -reportprogress 300 -work work ../rtl/00_xilinx_ip/01_sfifo/sfifo_i64o64_d512/sfifo_i64o64_d512_sim_netlist.V 
# -- Compiling module sfifo_i64o64_d512
# -- Compiling module glbl
# 
# Top level modules:
# 	sfifo_i64o64_d512
# 	glbl
# End time: 13:49:03 on Apr 22,2025, Elapsed time: 0:00:00
# Errors: 0, Warnings: 0
# Model Technology ModelSim SE-64 vlog 2020.4 Compiler 2020.10 Oct 13 2020
# Start time: 13:49:03 on Apr 22,2025
# vlog -reportprogress 300 -work work ../rtl/00_xilinx_ip/01_sfifo/sfifo_i72o72_d512/sfifo_i72o72_d512_sim_netlist.V 
# -- Compiling module sfifo_i72o72_d512
# -- Compiling module glbl
# 
# Top level modules:
# 	sfifo_i72o72_d512
# 	glbl
# End time: 13:49:03 on Apr 22,2025, Elapsed time: 0:00:00
# Errors: 0, Warnings: 0
# Model Technology ModelSim SE-64 vlog 2020.4 Compiler 2020.10 Oct 13 2020
# Start time: 13:49:03 on Apr 22,2025
# vlog -reportprogress 300 -work work ../rtl/00_xilinx_ip/03_ram/sram_i64o64_d256/sram_i64o64_d256_sim_netlist.V 
# -- Compiling module sram_i64o64_d256
# -- Compiling module glbl
# 
# Top level modules:
# 	sram_i64o64_d256
# 	glbl
# End time: 13:49:03 on Apr 22,2025, Elapsed time: 0:00:00
# Errors: 0, Warnings: 0
# Model Technology ModelSim SE-64 vlog 2020.4 Compiler 2020.10 Oct 13 2020
# Start time: 13:49:03 on Apr 22,2025
# vlog -reportprogress 300 -work work ../rtl/01_user_ip/arbita_ch6.v ../rtl/01_user_ip/pulse_gen.v 
# -- Compiling module ARBITA_CH6
# -- Compiling module PULSE_GEN
# 
# Top level modules:
# 	ARBITA_CH6
# 	PULSE_GEN
# End time: 13:49:04 on Apr 22,2025, Elapsed time: 0:00:01
# Errors: 0, Warnings: 0
# Model Technology ModelSim SE-64 vlog 2020.4 Compiler 2020.10 Oct 13 2020
# Start time: 13:49:04 on Apr 22,2025
# vlog -reportprogress 300 -work work ../rtl/03_srio/ini_dma_rd.v ../rtl/03_srio/ini_dma_wr.v ../rtl/03_srio/ini_reg_tx.v ../rtl/03_srio/ini_rx_dec.v ../rtl/03_srio/srio_rx.v ../rtl/03_srio/srio_top.v ../rtl/03_srio/srio_tx.v ../rtl/03_srio/tag_dma_tx.v ../rtl/03_srio/tag_reg_tx.v ../rtl/03_srio/tag_rx_dec.v 
# -- Compiling module INI_DMA_RD
# -- Compiling module INI_DMA_WR
# -- Compiling module INI_REG_TX
# -- Compiling module INI_RX_DEC
# -- Compiling module SRIO_RX
# -- Compiling module SRIO_TOP
# ** Error (suppressible): ../rtl/03_srio/srio_top.v(136): (vlog-2388) 's_INI_WR_TX_RDY' already declared in this scope (SRIO_TOP) at ../rtl/03_srio/srio_top.v(121).
# ** Error (suppressible): ../rtl/03_srio/srio_top.v(170): (vlog-2388) 's_TAG_DMA_TX_RDY' already declared in this scope (SRIO_TOP) at ../rtl/03_srio/srio_top.v(162).
# -- Compiling module SRIO_TX
# -- Compiling module TAG_DMA_TX
# -- Compiling module TAG_REG_TX
# -- Compiling module TAG_RX_DEC
# End time: 13:49:04 on Apr 22,2025, Elapsed time: 0:00:00
# Errors: 2, Warnings: 0
# ** Error: C:/modeltech64_2020.4/win64/vlog failed.
# Error in macro ./do/compile_rtl.do line 20
# C:/modeltech64_2020.4/win64/vlog failed.
#     while executing
# "vlog    -reportprogress 300 -work work      ../rtl/03_srio/*.V"
do do/compile_all.do
# ** Warning: (vlib-34) Library already exists at "work".
# Errors: 0, Warnings: 1
# Model Technology ModelSim SE-64 vmap 2020.4 Lib Mapping Utility 2020.10 Oct 13 2020
# vmap work 
# Reading C:/modeltech64_2020.4/win64/../modelsim.ini
# "work" maps to directory ./work. (Default mapping)
# Model Technology ModelSim SE-64 vlog 2020.4 Compiler 2020.10 Oct 13 2020
# Start time: 13:49:26 on Apr 22,2025
# vlog -reportprogress 300 -work work sim_model/lib/glbl.v 
# -- Compiling module glbl
# 
# Top level modules:
# 	glbl
# End time: 13:49:26 on Apr 22,2025, Elapsed time: 0:00:00
# Errors: 0, Warnings: 0
# ** Warning: (vlib-34) Library already exists at "work".
# Errors: 0, Warnings: 1
# Model Technology ModelSim SE-64 vmap 2020.4 Lib Mapping Utility 2020.10 Oct 13 2020
# vmap work 
# Reading C:/modeltech64_2020.4/win64/../modelsim.ini
# "work" maps to directory ./work. (Default mapping)
# Model Technology ModelSim SE-64 vlog 2020.4 Compiler 2020.10 Oct 13 2020
# Start time: 13:49:27 on Apr 22,2025
# vlog -reportprogress 300 -work work ../rtl/00_xilinx_ip/00_afifo/afifo_i72o72_d2048/afifo_i72o72_d2048_sim_netlist.V 
# -- Compiling module afifo_i72o72_d2048
# -- Compiling module afifo_i72o72_d2048_xpm_cdc_gray
# -- Compiling module afifo_i72o72_d2048_xpm_cdc_gray__2
# -- Compiling module afifo_i72o72_d2048_xpm_cdc_single
# -- Compiling module afifo_i72o72_d2048_xpm_cdc_single__2
# -- Compiling module afifo_i72o72_d2048_xpm_cdc_sync_rst
# -- Compiling module afifo_i72o72_d2048_xpm_cdc_sync_rst__2
# -- Compiling module glbl
# 
# Top level modules:
# 	afifo_i72o72_d2048
# 	glbl
# End time: 13:49:27 on Apr 22,2025, Elapsed time: 0:00:00
# Errors: 0, Warnings: 0
# Model Technology ModelSim SE-64 vlog 2020.4 Compiler 2020.10 Oct 13 2020
# Start time: 13:49:27 on Apr 22,2025
# vlog -reportprogress 300 -work work ../rtl/00_xilinx_ip/01_sfifo/sfifo_i32o32_d1024/sfifo_i32o32_d1024_sim_netlist.V 
# -- Compiling module sfifo_i32o32_d1024
# -- Compiling module glbl
# 
# Top level modules:
# 	sfifo_i32o32_d1024
# 	glbl
# End time: 13:49:27 on Apr 22,2025, Elapsed time: 0:00:00
# Errors: 0, Warnings: 0
# Model Technology ModelSim SE-64 vlog 2020.4 Compiler 2020.10 Oct 13 2020
# Start time: 13:49:27 on Apr 22,2025
# vlog -reportprogress 300 -work work ../rtl/00_xilinx_ip/01_sfifo/sfifo_i64o64_d512/sfifo_i64o64_d512_sim_netlist.V 
# -- Compiling module sfifo_i64o64_d512
# -- Compiling module glbl
# 
# Top level modules:
# 	sfifo_i64o64_d512
# 	glbl
# End time: 13:49:28 on Apr 22,2025, Elapsed time: 0:00:01
# Errors: 0, Warnings: 0
# Model Technology ModelSim SE-64 vlog 2020.4 Compiler 2020.10 Oct 13 2020
# Start time: 13:49:28 on Apr 22,2025
# vlog -reportprogress 300 -work work ../rtl/00_xilinx_ip/01_sfifo/sfifo_i72o72_d512/sfifo_i72o72_d512_sim_netlist.V 
# -- Compiling module sfifo_i72o72_d512
# -- Compiling module glbl
# 
# Top level modules:
# 	sfifo_i72o72_d512
# 	glbl
# End time: 13:49:28 on Apr 22,2025, Elapsed time: 0:00:00
# Errors: 0, Warnings: 0
# Model Technology ModelSim SE-64 vlog 2020.4 Compiler 2020.10 Oct 13 2020
# Start time: 13:49:28 on Apr 22,2025
# vlog -reportprogress 300 -work work ../rtl/00_xilinx_ip/03_ram/sram_i64o64_d256/sram_i64o64_d256_sim_netlist.V 
# -- Compiling module sram_i64o64_d256
# -- Compiling module glbl
# 
# Top level modules:
# 	sram_i64o64_d256
# 	glbl
# End time: 13:49:28 on Apr 22,2025, Elapsed time: 0:00:00
# Errors: 0, Warnings: 0
# Model Technology ModelSim SE-64 vlog 2020.4 Compiler 2020.10 Oct 13 2020
# Start time: 13:49:28 on Apr 22,2025
# vlog -reportprogress 300 -work work ../rtl/01_user_ip/arbita_ch6.v ../rtl/01_user_ip/pulse_gen.v 
# -- Compiling module ARBITA_CH6
# -- Compiling module PULSE_GEN
# 
# Top level modules:
# 	ARBITA_CH6
# 	PULSE_GEN
# End time: 13:49:28 on Apr 22,2025, Elapsed time: 0:00:00
# Errors: 0, Warnings: 0
# Model Technology ModelSim SE-64 vlog 2020.4 Compiler 2020.10 Oct 13 2020
# Start time: 13:49:28 on Apr 22,2025
# vlog -reportprogress 300 -work work ../rtl/03_srio/ini_dma_rd.v ../rtl/03_srio/ini_dma_wr.v ../rtl/03_srio/ini_reg_tx.v ../rtl/03_srio/ini_rx_dec.v ../rtl/03_srio/srio_rx.v ../rtl/03_srio/srio_top.v ../rtl/03_srio/srio_tx.v ../rtl/03_srio/tag_dma_tx.v ../rtl/03_srio/tag_reg_tx.v ../rtl/03_srio/tag_rx_dec.v 
# -- Compiling module INI_DMA_RD
# -- Compiling module INI_DMA_WR
# -- Compiling module INI_REG_TX
# -- Compiling module INI_RX_DEC
# -- Compiling module SRIO_RX
# -- Compiling module SRIO_TOP
# -- Compiling module SRIO_TX
# -- Compiling module TAG_DMA_TX
# -- Compiling module TAG_REG_TX
# -- Compiling module TAG_RX_DEC
# 
# Top level modules:
# 	SRIO_TOP
# End time: 13:49:29 on Apr 22,2025, Elapsed time: 0:00:01
# Errors: 0, Warnings: 0
# Model Technology ModelSim SE-64 vlog 2020.4 Compiler 2020.10 Oct 13 2020
# Start time: 13:49:29 on Apr 22,2025
# vlog -reportprogress 300 -work work ../rtl/04_bist/bist_reg.v ../rtl/04_bist/ram_bist.v 
# -- Compiling module BIST_REG
# -- Compiling module RAM_BIST
# 
# Top level modules:
# 	BIST_REG
# 	RAM_BIST
# End time: 13:49:29 on Apr 22,2025, Elapsed time: 0:00:00
# Errors: 0, Warnings: 0
# ** Warning: (vlib-34) Library already exists at "work".
# Errors: 0, Warnings: 1
# Model Technology ModelSim SE-64 vmap 2020.4 Lib Mapping Utility 2020.10 Oct 13 2020
# vmap work 
# Reading C:/modeltech64_2020.4/win64/../modelsim.ini
# "work" maps to directory ./work. (Default mapping)
# Model Technology ModelSim SE-64 vlog 2020.4 Compiler 2020.10 Oct 13 2020
# Start time: 13:49:29 on Apr 22,2025
# vlog -reportprogress 300 -work work sim_model/define/define.v 
# End time: 13:49:29 on Apr 22,2025, Elapsed time: 0:00:00
# Errors: 0, Warnings: 0
# Model Technology ModelSim SE-64 vlog 2020.4 Compiler 2020.10 Oct 13 2020
# Start time: 13:49:29 on Apr 22,2025
# vlog -reportprogress 300 "+define+tb_00=1" -work work "+incdir+{sim_model/define}" sim_model/sim_model.v 
# -- Compiling module SIM_MODEL
# 
# Top level modules:
# 	SIM_MODEL
# End time: 13:49:29 on Apr 22,2025, Elapsed time: 0:00:00
# Errors: 0, Warnings: 0
# Model Technology ModelSim SE-64 vlog 2020.4 Compiler 2020.10 Oct 13 2020
# Start time: 13:49:29 on Apr 22,2025
# vlog -reportprogress 300 "+define+tb_00=1" -work work "+incdir+{sim_model/define}" sim_model/tb_top.v 
# -- Compiling module tb_top
# 
# Top level modules:
# 	tb_top
# End time: 13:49:29 on Apr 22,2025, Elapsed time: 0:00:00
# Errors: 0, Warnings: 0
do do/tb_00.do
# Model Technology ModelSim SE-64 vlog 2020.4 Compiler 2020.10 Oct 13 2020
# Start time: 13:49:32 on Apr 22,2025
# vlog -reportprogress 300 "+define+tb_00=1" -work work sim_model\define\define.v 
# End time: 13:49:32 on Apr 22,2025, Elapsed time: 0:00:00
# Errors: 0, Warnings: 0
# Model Technology ModelSim SE-64 vlog 2020.4 Compiler 2020.10 Oct 13 2020
# Start time: 13:49:32 on Apr 22,2025
# vlog -reportprogress 300 "+define+tb_00=1" -work work "+incdir+{sim_modeldefine}" sim_model\tb_top.v 
# -- Compiling module tb_top
# 
# Top level modules:
# 	tb_top
# End time: 13:49:32 on Apr 22,2025, Elapsed time: 0:00:00
# Errors: 0, Warnings: 0
# End time: 13:49:36 on Apr 22,2025, Elapsed time: 2:18:44
# Errors: 1, Warnings: 44
# vsim -t 1ps -c -l ./log/vsim_tb_00_report.log work.tb_top -L UNISIMS_VER -L SECUREIP -L SIMPRIMS_VER -L work -voptargs="+acc" work.glbl -wav ./wave/tb_00.wlf 
# Start time: 13:49:36 on Apr 22,2025
# ** Note: (vsim-3813) Design is being optimized due to module recompilation...
# Loading work.tb_top(fast)
# Loading work.SIM_MODEL(fast)
# Loading work.SRIO_TOP(fast)
# Loading work.INI_REG_TX(fast)
# Loading work.sfifo_i72o72_d512(fast)
# Loading UNISIMS_VER.GND(fast)
# Loading UNISIMS_VER.LUT1(fast)
# Loading UNISIMS_VER.LUT2(fast)
# Loading UNISIMS_VER.LUT3(fast)
# Loading UNISIMS_VER.FDRE(fast)
# Loading UNISIMS_VER.CARRY4(fast)
# Loading UNISIMS_VER.LUT5(fast)
# Loading UNISIMS_VER.LUT5(fast__1)
# Loading UNISIMS_VER.FDSE(fast)
# Loading UNISIMS_VER.LUT4(fast)
# Loading UNISIMS_VER.LUT4(fast__1)
# Loading UNISIMS_VER.LUT3(fast__1)
# Loading UNISIMS_VER.LUT3(fast__2)
# Loading UNISIMS_VER.LUT4(fast__2)
# Loading UNISIMS_VER.LUT6(fast)
# Loading UNISIMS_VER.LUT2(fast__1)
# Loading UNISIMS_VER.LUT3(fast__3)
# Loading UNISIMS_VER.LUT4(fast__3)
# Loading UNISIMS_VER.LUT5(fast__2)
# Loading UNISIMS_VER.LUT6(fast__1)
# Loading UNISIMS_VER.LUT6(fast__2)
# Loading UNISIMS_VER.LUT4(fast__4)
# Loading UNISIMS_VER.LUT2(fast__2)
# Loading UNISIMS_VER.LUT5(fast__3)
# Loading UNISIMS_VER.LUT4(fast__5)
# Loading UNISIMS_VER.LUT1(fast__1)
# Loading UNISIMS_VER.RAMB36E1(fast)
# Loading UNISIMS_VER.RB36_INTERNAL_VLOG(fast)
# Loading work.INI_DMA_WR(fast)
# Loading work.sfifo_i64o64_d512(fast)
# Loading work.INI_DMA_RD(fast)
# Loading work.ARBITA_CH6(fast)
# Loading work.SRIO_TX(fast)
# Loading work.afifo_i72o72_d2048(fast)
# Loading work.afifo_i72o72_d2048_xpm_cdc_gray(fast)
# Loading UNISIMS_VER.LUT6(fast__3)
# Loading UNISIMS_VER.LUT5(fast__4)
# Loading UNISIMS_VER.LUT4(fast__6)
# Loading UNISIMS_VER.LUT3(fast__4)
# Loading work.afifo_i72o72_d2048_xpm_cdc_gray__2(fast)
# Loading UNISIMS_VER.LUT6(fast__4)
# Loading UNISIMS_VER.LUT4(fast__7)
# Loading UNISIMS_VER.LUT6(fast__5)
# Loading UNISIMS_VER.LUT5(fast__5)
# Loading UNISIMS_VER.LUT6(fast__6)
# Loading UNISIMS_VER.FDSE(fast__1)
# Loading UNISIMS_VER.RAMB36E1(fast__1)
# Loading UNISIMS_VER.RB36_INTERNAL_VLOG(fast__1)
# Loading UNISIMS_VER.SRL16E(fast)
# Loading UNISIMS_VER.LUT2(fast__3)
# Loading UNISIMS_VER.FDRE(fast__1)
# Loading UNISIMS_VER.LUT3(fast__5)
# Loading UNISIMS_VER.LUT4(fast__8)
# Loading UNISIMS_VER.LUT6(fast__7)
# Loading work.afifo_i72o72_d2048_xpm_cdc_single(fast)
# Loading work.afifo_i72o72_d2048_xpm_cdc_single__2(fast)
# Loading work.afifo_i72o72_d2048_xpm_cdc_sync_rst(fast)
# Loading work.afifo_i72o72_d2048_xpm_cdc_sync_rst__2(fast)
# Loading work.SRIO_RX(fast)
# Loading work.INI_RX_DEC(fast)
# Loading work.TAG_RX_DEC(fast)
# Loading work.TAG_REG_TX(fast)
# Loading work.TAG_DMA_TX(fast)
# Loading work.BIST_REG(fast)
# Loading work.RAM_BIST(fast)
# Loading work.sram_i64o64_d256(fast)
# Loading UNISIMS_VER.RAMB36E1(fast__2)
# Loading UNISIMS_VER.RB36_INTERNAL_VLOG(fast__2)
# Loading work.glbl(fast)
# ** Warning: (vsim-3015) [PCDPC] - Port size (22) does not match connection size (32) for port 'AXIS_RX_TUSER'. The port definition is at: ../rtl/03_srio/srio_top.v(44).
#    Time: 0 ps  Iteration: 0  Instance: /tb_top/U_SRIO_TOP File: sim_model/tb_top.v Line: 763
# ** Warning: (vsim-3015) [PCDPC] - Port size (32) does not match connection size (25) for port 'INI_WR_ADDR'. The port definition is at: ../rtl/03_srio/srio_top.v(55).
#    Time: 0 ps  Iteration: 0  Instance: /tb_top/U_SRIO_TOP File: sim_model/tb_top.v Line: 763
# ** Warning: (vsim-3015) [PCDPC] - Port size (8) does not match connection size (16) for port 'INI_WR_SIZE'. The port definition is at: ../rtl/03_srio/srio_top.v(56).
#    Time: 0 ps  Iteration: 0  Instance: /tb_top/U_SRIO_TOP File: sim_model/tb_top.v Line: 763
# ** Warning: (vsim-3015) [PCDPC] - Port size (8) does not match connection size (25) for port 'INI_RD_SIZE'. The port definition is at: ../rtl/03_srio/srio_top.v(64).
#    Time: 0 ps  Iteration: 0  Instance: /tb_top/U_SRIO_TOP File: sim_model/tb_top.v Line: 763
# ** Warning: (vsim-3015) [PCDPC] - Port size (32) does not match connection size (12) for port 'INI_RD_ADDR'. The port definition is at: ../rtl/03_srio/srio_top.v(65).
#    Time: 0 ps  Iteration: 0  Instance: /tb_top/U_SRIO_TOP File: sim_model/tb_top.v Line: 763
# ** Warning: (vsim-3015) [PCDPC] - Port size (32) does not match connection size (16) for port 'TAG_WR_ADDR'. The port definition is at: ../rtl/03_srio/srio_top.v(81).
#    Time: 0 ps  Iteration: 0  Instance: /tb_top/U_SRIO_TOP File: sim_model/tb_top.v Line: 763
# ** Warning: (vsim-3015) [PCDPC] - Port size (32) does not match connection size (8) for port 'TAG_RD_SIZE'. The port definition is at: ../rtl/03_srio/srio_top.v(90).
#    Time: 0 ps  Iteration: 0  Instance: /tb_top/U_SRIO_TOP File: sim_model/tb_top.v Line: 763
# ** Warning: (vsim-3015) [PCDPC] - Port size (8) does not match connection size (16) for port 'TAG_RD_ADDR'. The port definition is at: ../rtl/03_srio/srio_top.v(91).
#    Time: 0 ps  Iteration: 0  Instance: /tb_top/U_SRIO_TOP File: sim_model/tb_top.v Line: 763
# ** Warning: (vsim-3015) [PCDPC] - Port size (16) does not match connection size (32) for port 'TAG_REG_OP_ADDR'. The port definition is at: ../rtl/03_srio/srio_top.v(103).
#    Time: 0 ps  Iteration: 0  Instance: /tb_top/U_SRIO_TOP File: sim_model/tb_top.v Line: 763
# ** Warning: (vsim-3015) [PCDPC] - Port size (64) does not match connection size (32) for port 'REG_TX_DATA'. The port definition is at: ../rtl/03_srio/ini_reg_tx.v(32).
#    Time: 0 ps  Iteration: 0  Instance: /tb_top/U_SRIO_TOP/U_INI_REG_TX File: ../rtl/03_srio/srio_top.v Line: 299
# ** Warning: (vsim-3015) [PCDPC] - Port size (1) does not match connection size (32) for port 'DMA_RD_ADDR'. The port definition is at: ../rtl/03_srio/ini_dma_rd.v(23).
#    Time: 0 ps  Iteration: 0  Instance: /tb_top/U_SRIO_TOP/U_INI_DMA_RD File: ../rtl/03_srio/srio_top.v Line: 340
# ** Warning: (vsim-3015) [PCDPC] - Port size (64) does not match connection size (32) for port 'CH0_DATA'. The port definition is at: ../rtl/01_user_ip/arbita_ch6.v(35).
#    Time: 0 ps  Iteration: 0  Instance: /tb_top/U_SRIO_TOP/U_ARBITA_TX0 File: ../rtl/03_srio/srio_top.v Line: 356
# ** Warning: (vsim-3015) [PCDPC] - Port size (11) does not match connection size (12) for port 'wr_data_count'. The port definition is at: ../rtl/00_xilinx_ip/00_afifo/afifo_i72o72_d2048/afifo_i72o72_d2048_sim_netlist.V(30).
#    Time: 0 ps  Iteration: 0  Instance: /tb_top/U_SRIO_TOP/U_INI_TX/U_SRIO_DBUF File: ../rtl/03_srio/srio_tx.v Line: 108
# ** Warning: (vsim-3015) [PCDPC] - Port size (64) does not match connection size (32) for port 'AXI_RX_USER'. The port definition is at: ../rtl/03_srio/srio_rx.v(30).
#    Time: 0 ps  Iteration: 0  Instance: /tb_top/U_SRIO_TOP/U_INI_RX File: ../rtl/03_srio/srio_top.v Line: 437
# ** Warning: (vsim-3015) [PCDPC] - Port size (32) does not match connection size (1) for port 'REG_RD_DATA'. The port definition is at: ../rtl/03_srio/ini_rx_dec.v(27).
#    Time: 0 ps  Iteration: 0  Instance: /tb_top/U_SRIO_TOP/U_INI_RX_DEC File: ../rtl/03_srio/srio_top.v Line: 457
# ** Warning: (vsim-3015) [PCDPC] - Port size (64) does not match connection size (22) for port 'AXI_RX_USER'. The port definition is at: ../rtl/03_srio/srio_rx.v(30).
#    Time: 0 ps  Iteration: 0  Instance: /tb_top/U_SRIO_TOP/U_TAG_RX File: ../rtl/03_srio/srio_top.v Line: 482
# ** Warning: (vsim-3015) [PCDPC] - Port size (32) does not match connection size (16) for port 'REG_OP_ADDR'. The port definition is at: ../rtl/03_srio/tag_rx_dec.v(31).
#    Time: 0 ps  Iteration: 0  Instance: /tb_top/U_SRIO_TOP/U_TAG_RX_DEC File: ../rtl/03_srio/srio_top.v Line: 502
# ** Warning: (vsim-3015) [PCDPC] - Port size (9) does not match connection size (8) for port 'DMA_WR_SIZE'. The port definition is at: ../rtl/03_srio/tag_rx_dec.v(36).
#    Time: 0 ps  Iteration: 0  Instance: /tb_top/U_SRIO_TOP/U_TAG_RX_DEC File: ../rtl/03_srio/srio_top.v Line: 502
# ** Warning: (vsim-3015) [PCDPC] - Port size (9) does not match connection size (32) for port 'DMA_RD_SIZE'. The port definition is at: ../rtl/03_srio/tag_rx_dec.v(43).
#    Time: 0 ps  Iteration: 0  Instance: /tb_top/U_SRIO_TOP/U_TAG_RX_DEC File: ../rtl/03_srio/srio_top.v Line: 502
# ** Warning: (vsim-3015) [PCDPC] - Port size (32) does not match connection size (8) for port 'DMA_RD_ADDR'. The port definition is at: ../rtl/03_srio/tag_rx_dec.v(44).
#    Time: 0 ps  Iteration: 0  Instance: /tb_top/U_SRIO_TOP/U_TAG_RX_DEC File: ../rtl/03_srio/srio_top.v Line: 502
# ** Warning: (vsim-3015) [PCDPC] - Port size (32) does not match connection size (16) for port 'REG_OP_ADDR'. The port definition is at: ../rtl/03_srio/tag_reg_tx.v(22).
#    Time: 0 ps  Iteration: 0  Instance: /tb_top/U_SRIO_TOP/U_TAG_REG_TX File: ../rtl/03_srio/srio_top.v Line: 539
# ** Warning: (vsim-3015) [PCDPC] - Port size (64) does not match connection size (72) for port 'din'. The port definition is at: ../rtl/00_xilinx_ip/01_sfifo/sfifo_i64o64_d512/sfifo_i64o64_d512_sim_netlist.V(20).
#    Time: 0 ps  Iteration: 0  Instance: /tb_top/U_SRIO_TOP/U_TAG_REG_TX/U_CBUF File: ../rtl/03_srio/tag_reg_tx.v Line: 110
# ** Warning: (vsim-3015) [PCDPC] - Port size (64) does not match connection size (72) for port 'dout'. The port definition is at: ../rtl/00_xilinx_ip/01_sfifo/sfifo_i64o64_d512/sfifo_i64o64_d512_sim_netlist.V(23).
#    Time: 0 ps  Iteration: 0  Instance: /tb_top/U_SRIO_TOP/U_TAG_REG_TX/U_CBUF File: ../rtl/03_srio/tag_reg_tx.v Line: 110
# ** Warning: (vsim-3015) [PCDPC] - Port size (9) does not match connection size (32) for port 'DMA_RD_SIZE'. The port definition is at: ../rtl/03_srio/tag_dma_tx.v(24).
#    Time: 0 ps  Iteration: 0  Instance: /tb_top/U_SRIO_TOP/U_TAG_DMA_TX File: ../rtl/03_srio/srio_top.v Line: 555
# ** Warning: (vsim-3015) [PCDPC] - Port size (32) does not match connection size (8) for port 'DMA_RD_ADDR'. The port definition is at: ../rtl/03_srio/tag_dma_tx.v(25).
#    Time: 0 ps  Iteration: 0  Instance: /tb_top/U_SRIO_TOP/U_TAG_DMA_TX File: ../rtl/03_srio/srio_top.v Line: 555
# ** Warning: (vsim-3015) [PCDPC] - Port size (11) does not match connection size (12) for port 'wr_data_count'. The port definition is at: ../rtl/00_xilinx_ip/00_afifo/afifo_i72o72_d2048/afifo_i72o72_d2048_sim_netlist.V(30).
#    Time: 0 ps  Iteration: 0  Instance: /tb_top/U_SRIO_TOP/U_TAG_TX/U_SRIO_DBUF File: ../rtl/03_srio/srio_tx.v Line: 108
# ** Warning: (vsim-3015) [PCDPC] - Port size (6) does not match connection size (8) for port 'addra'. The port definition is at: ../rtl/00_xilinx_ip/03_ram/sram_i64o64_d256/sram_i64o64_d256_sim_netlist.V(20).
#    Time: 0 ps  Iteration: 0  Instance: /tb_top/U_RAM_BIST/U_BIST_BRAM File: ../rtl/04_bist/ram_bist.v Line: 113
# ** Warning: (vsim-3015) [PCDPC] - Port size (6) does not match connection size (8) for port 'addrb'. The port definition is at: ../rtl/00_xilinx_ip/03_ram/sram_i64o64_d256/sram_i64o64_d256_sim_netlist.V(23).
#    Time: 0 ps  Iteration: 0  Instance: /tb_top/U_RAM_BIST/U_BIST_BRAM File: ../rtl/04_bist/ram_bist.v Line: 113
#  
# ******<<<<<<<<<<<<<<<<<<<<<<Simulation tb_00 start>>>>>>>>>>>>>>>>>>>>>>> ******
#  
# ---- Initial simulation
# ---- clock ---- 1111 ---- enable
# ---- Wait for  64 cycles
# ---- Wait for  64 cycles end
# ---- Wait for  16 cycles
# ---- Wait for  16 cycles end
# ---- reseting by cycle
# ---- reset0   64 cycle end
# ---- Wait for  16 cycles
# ---- Wait for  16 cycles end
# ---- reseting by ns
# ---- reset1  255 ns end
# ---- Write register   PORT :0x0    ADD :0x200    DATA :0x89abcd0e
# ---- Wait for  16 cycles
# ---- Wait for  16 cycles end
# ---- Wait for 255 cycles
# ---- Wait for 255 cycles end
# ---- tb_00 test completed !
#  
# ******<<<<<<<<<<<<<<<<<<<<Simulation tb_00 Successful End>>>>>>>>>>>>>>>>>>> ******
#  
do do/compile_all.do
# ** Warning: (vlib-34) Library already exists at "work".
# Errors: 0, Warnings: 1
# Model Technology ModelSim SE-64 vmap 2020.4 Lib Mapping Utility 2020.10 Oct 13 2020
# vmap work 
# Reading C:/modeltech64_2020.4/win64/../modelsim.ini
# "work" maps to directory ./work. (Default mapping)
# Model Technology ModelSim SE-64 vlog 2020.4 Compiler 2020.10 Oct 13 2020
# Start time: 13:50:25 on Apr 22,2025
# vlog -reportprogress 300 -work work sim_model/lib/glbl.v 
# -- Compiling module glbl
# 
# Top level modules:
# 	glbl
# End time: 13:50:25 on Apr 22,2025, Elapsed time: 0:00:00
# Errors: 0, Warnings: 0
# ** Warning: (vlib-34) Library already exists at "work".
# Errors: 0, Warnings: 1
# Model Technology ModelSim SE-64 vmap 2020.4 Lib Mapping Utility 2020.10 Oct 13 2020
# vmap work 
# Reading C:/modeltech64_2020.4/win64/../modelsim.ini
# "work" maps to directory ./work. (Default mapping)
# Model Technology ModelSim SE-64 vlog 2020.4 Compiler 2020.10 Oct 13 2020
# Start time: 13:50:25 on Apr 22,2025
# vlog -reportprogress 300 -work work ../rtl/00_xilinx_ip/00_afifo/afifo_i72o72_d2048/afifo_i72o72_d2048_sim_netlist.V 
# -- Compiling module afifo_i72o72_d2048
# -- Compiling module afifo_i72o72_d2048_xpm_cdc_gray
# -- Compiling module afifo_i72o72_d2048_xpm_cdc_gray__2
# -- Compiling module afifo_i72o72_d2048_xpm_cdc_single
# -- Compiling module afifo_i72o72_d2048_xpm_cdc_single__2
# -- Compiling module afifo_i72o72_d2048_xpm_cdc_sync_rst
# -- Compiling module afifo_i72o72_d2048_xpm_cdc_sync_rst__2
# -- Compiling module glbl
# 
# Top level modules:
# 	afifo_i72o72_d2048
# 	glbl
# End time: 13:50:25 on Apr 22,2025, Elapsed time: 0:00:00
# Errors: 0, Warnings: 0
# Model Technology ModelSim SE-64 vlog 2020.4 Compiler 2020.10 Oct 13 2020
# Start time: 13:50:26 on Apr 22,2025
# vlog -reportprogress 300 -work work ../rtl/00_xilinx_ip/01_sfifo/sfifo_i32o32_d1024/sfifo_i32o32_d1024_sim_netlist.V 
# -- Compiling module sfifo_i32o32_d1024
# -- Compiling module glbl
# 
# Top level modules:
# 	sfifo_i32o32_d1024
# 	glbl
# End time: 13:50:26 on Apr 22,2025, Elapsed time: 0:00:00
# Errors: 0, Warnings: 0
# Model Technology ModelSim SE-64 vlog 2020.4 Compiler 2020.10 Oct 13 2020
# Start time: 13:50:26 on Apr 22,2025
# vlog -reportprogress 300 -work work ../rtl/00_xilinx_ip/01_sfifo/sfifo_i64o64_d512/sfifo_i64o64_d512_sim_netlist.V 
# -- Compiling module sfifo_i64o64_d512
# -- Compiling module glbl
# 
# Top level modules:
# 	sfifo_i64o64_d512
# 	glbl
# End time: 13:50:26 on Apr 22,2025, Elapsed time: 0:00:00
# Errors: 0, Warnings: 0
# Model Technology ModelSim SE-64 vlog 2020.4 Compiler 2020.10 Oct 13 2020
# Start time: 13:50:26 on Apr 22,2025
# vlog -reportprogress 300 -work work ../rtl/00_xilinx_ip/01_sfifo/sfifo_i72o72_d512/sfifo_i72o72_d512_sim_netlist.V 
# -- Compiling module sfifo_i72o72_d512
# -- Compiling module glbl
# 
# Top level modules:
# 	sfifo_i72o72_d512
# 	glbl
# End time: 13:50:27 on Apr 22,2025, Elapsed time: 0:00:01
# Errors: 0, Warnings: 0
# Model Technology ModelSim SE-64 vlog 2020.4 Compiler 2020.10 Oct 13 2020
# Start time: 13:50:27 on Apr 22,2025
# vlog -reportprogress 300 -work work ../rtl/00_xilinx_ip/03_ram/sram_i64o64_d256/sram_i64o64_d256_sim_netlist.V 
# -- Compiling module sram_i64o64_d256
# -- Compiling module glbl
# 
# Top level modules:
# 	sram_i64o64_d256
# 	glbl
# End time: 13:50:27 on Apr 22,2025, Elapsed time: 0:00:00
# Errors: 0, Warnings: 0
# Model Technology ModelSim SE-64 vlog 2020.4 Compiler 2020.10 Oct 13 2020
# Start time: 13:50:27 on Apr 22,2025
# vlog -reportprogress 300 -work work ../rtl/01_user_ip/arbita_ch6.v ../rtl/01_user_ip/pulse_gen.v 
# -- Compiling module ARBITA_CH6
# -- Compiling module PULSE_GEN
# 
# Top level modules:
# 	ARBITA_CH6
# 	PULSE_GEN
# End time: 13:50:27 on Apr 22,2025, Elapsed time: 0:00:00
# Errors: 0, Warnings: 0
# Model Technology ModelSim SE-64 vlog 2020.4 Compiler 2020.10 Oct 13 2020
# Start time: 13:50:27 on Apr 22,2025
# vlog -reportprogress 300 -work work ../rtl/03_srio/ini_dma_rd.v ../rtl/03_srio/ini_dma_wr.v ../rtl/03_srio/ini_reg_tx.v ../rtl/03_srio/ini_rx_dec.v ../rtl/03_srio/srio_rx.v ../rtl/03_srio/srio_top.v ../rtl/03_srio/srio_tx.v ../rtl/03_srio/tag_dma_tx.v ../rtl/03_srio/tag_reg_tx.v ../rtl/03_srio/tag_rx_dec.v 
# -- Compiling module INI_DMA_RD
# -- Compiling module INI_DMA_WR
# -- Compiling module INI_REG_TX
# -- Compiling module INI_RX_DEC
# -- Compiling module SRIO_RX
# -- Compiling module SRIO_TOP
# -- Compiling module SRIO_TX
# -- Compiling module TAG_DMA_TX
# -- Compiling module TAG_REG_TX
# -- Compiling module TAG_RX_DEC
# 
# Top level modules:
# 	SRIO_TOP
# End time: 13:50:27 on Apr 22,2025, Elapsed time: 0:00:00
# Errors: 0, Warnings: 0
# Model Technology ModelSim SE-64 vlog 2020.4 Compiler 2020.10 Oct 13 2020
# Start time: 13:50:27 on Apr 22,2025
# vlog -reportprogress 300 -work work ../rtl/04_bist/bist_reg.v ../rtl/04_bist/ram_bist.v 
# -- Compiling module BIST_REG
# -- Compiling module RAM_BIST
# 
# Top level modules:
# 	BIST_REG
# 	RAM_BIST
# End time: 13:50:27 on Apr 22,2025, Elapsed time: 0:00:00
# Errors: 0, Warnings: 0
# ** Warning: (vlib-34) Library already exists at "work".
# Errors: 0, Warnings: 1
# Model Technology ModelSim SE-64 vmap 2020.4 Lib Mapping Utility 2020.10 Oct 13 2020
# vmap work 
# Reading C:/modeltech64_2020.4/win64/../modelsim.ini
# "work" maps to directory ./work. (Default mapping)
# Model Technology ModelSim SE-64 vlog 2020.4 Compiler 2020.10 Oct 13 2020
# Start time: 13:50:28 on Apr 22,2025
# vlog -reportprogress 300 -work work sim_model/define/define.v 
# End time: 13:50:28 on Apr 22,2025, Elapsed time: 0:00:00
# Errors: 0, Warnings: 0
# Model Technology ModelSim SE-64 vlog 2020.4 Compiler 2020.10 Oct 13 2020
# Start time: 13:50:28 on Apr 22,2025
# vlog -reportprogress 300 "+define+tb_00=1" -work work "+incdir+{sim_model/define}" sim_model/sim_model.v 
# -- Compiling module SIM_MODEL
# 
# Top level modules:
# 	SIM_MODEL
# End time: 13:50:28 on Apr 22,2025, Elapsed time: 0:00:00
# Errors: 0, Warnings: 0
# Model Technology ModelSim SE-64 vlog 2020.4 Compiler 2020.10 Oct 13 2020
# Start time: 13:50:28 on Apr 22,2025
# vlog -reportprogress 300 "+define+tb_00=1" -work work "+incdir+{sim_model/define}" sim_model/tb_top.v 
# -- Compiling module tb_top
# 
# Top level modules:
# 	tb_top
# End time: 13:50:28 on Apr 22,2025, Elapsed time: 0:00:00
# Errors: 0, Warnings: 0
do do/tb_00.do
# Model Technology ModelSim SE-64 vlog 2020.4 Compiler 2020.10 Oct 13 2020
# Start time: 13:50:30 on Apr 22,2025
# vlog -reportprogress 300 "+define+tb_00=1" -work work sim_model\define\define.v 
# End time: 13:50:30 on Apr 22,2025, Elapsed time: 0:00:00
# Errors: 0, Warnings: 0
# Model Technology ModelSim SE-64 vlog 2020.4 Compiler 2020.10 Oct 13 2020
# Start time: 13:50:30 on Apr 22,2025
# vlog -reportprogress 300 "+define+tb_00=1" -work work "+incdir+{sim_modeldefine}" sim_model\tb_top.v 
# -- Compiling module tb_top
# 
# Top level modules:
# 	tb_top
# End time: 13:50:30 on Apr 22,2025, Elapsed time: 0:00:00
# Errors: 0, Warnings: 0
# End time: 13:50:34 on Apr 22,2025, Elapsed time: 0:00:58
# Errors: 0, Warnings: 28
# vsim -t 1ps -c -l ./log/vsim_tb_00_report.log work.tb_top -L UNISIMS_VER -L SECUREIP -L SIMPRIMS_VER -L work -voptargs="+acc" work.glbl -wav ./wave/tb_00.wlf 
# Start time: 13:50:34 on Apr 22,2025
# ** Note: (vsim-3813) Design is being optimized due to module recompilation...
# Loading work.tb_top(fast)
# Loading work.SIM_MODEL(fast)
# Loading work.SRIO_TOP(fast)
# Loading work.INI_REG_TX(fast)
# Loading work.sfifo_i72o72_d512(fast)
# Loading UNISIMS_VER.GND(fast)
# Loading UNISIMS_VER.LUT1(fast)
# Loading UNISIMS_VER.LUT2(fast)
# Loading UNISIMS_VER.LUT3(fast)
# Loading UNISIMS_VER.FDRE(fast)
# Loading UNISIMS_VER.CARRY4(fast)
# Loading UNISIMS_VER.LUT5(fast)
# Loading UNISIMS_VER.LUT5(fast__1)
# Loading UNISIMS_VER.FDSE(fast)
# Loading UNISIMS_VER.LUT4(fast)
# Loading UNISIMS_VER.LUT4(fast__1)
# Loading UNISIMS_VER.LUT3(fast__1)
# Loading UNISIMS_VER.LUT3(fast__2)
# Loading UNISIMS_VER.LUT4(fast__2)
# Loading UNISIMS_VER.LUT6(fast)
# Loading UNISIMS_VER.LUT2(fast__1)
# Loading UNISIMS_VER.LUT3(fast__3)
# Loading UNISIMS_VER.LUT4(fast__3)
# Loading UNISIMS_VER.LUT5(fast__2)
# Loading UNISIMS_VER.LUT6(fast__1)
# Loading UNISIMS_VER.LUT6(fast__2)
# Loading UNISIMS_VER.LUT4(fast__4)
# Loading UNISIMS_VER.LUT2(fast__2)
# Loading UNISIMS_VER.LUT5(fast__3)
# Loading UNISIMS_VER.LUT4(fast__5)
# Loading UNISIMS_VER.LUT1(fast__1)
# Loading UNISIMS_VER.RAMB36E1(fast)
# Loading UNISIMS_VER.RB36_INTERNAL_VLOG(fast)
# Loading work.INI_DMA_WR(fast)
# Loading work.sfifo_i64o64_d512(fast)
# Loading work.INI_DMA_RD(fast)
# Loading work.ARBITA_CH6(fast)
# Loading work.SRIO_TX(fast)
# Loading work.afifo_i72o72_d2048(fast)
# Loading work.afifo_i72o72_d2048_xpm_cdc_gray(fast)
# Loading UNISIMS_VER.LUT6(fast__3)
# Loading UNISIMS_VER.LUT5(fast__4)
# Loading UNISIMS_VER.LUT4(fast__6)
# Loading UNISIMS_VER.LUT3(fast__4)
# Loading work.afifo_i72o72_d2048_xpm_cdc_gray__2(fast)
# Loading UNISIMS_VER.LUT6(fast__4)
# Loading UNISIMS_VER.LUT4(fast__7)
# Loading UNISIMS_VER.LUT6(fast__5)
# Loading UNISIMS_VER.LUT5(fast__5)
# Loading UNISIMS_VER.LUT6(fast__6)
# Loading UNISIMS_VER.FDSE(fast__1)
# Loading UNISIMS_VER.RAMB36E1(fast__1)
# Loading UNISIMS_VER.RB36_INTERNAL_VLOG(fast__1)
# Loading UNISIMS_VER.SRL16E(fast)
# Loading UNISIMS_VER.LUT2(fast__3)
# Loading UNISIMS_VER.FDRE(fast__1)
# Loading UNISIMS_VER.LUT3(fast__5)
# Loading UNISIMS_VER.LUT4(fast__8)
# Loading UNISIMS_VER.LUT6(fast__7)
# Loading work.afifo_i72o72_d2048_xpm_cdc_single(fast)
# Loading work.afifo_i72o72_d2048_xpm_cdc_single__2(fast)
# Loading work.afifo_i72o72_d2048_xpm_cdc_sync_rst(fast)
# Loading work.afifo_i72o72_d2048_xpm_cdc_sync_rst__2(fast)
# Loading work.SRIO_RX(fast)
# Loading work.INI_RX_DEC(fast)
# Loading work.TAG_RX_DEC(fast)
# Loading work.TAG_REG_TX(fast)
# Loading work.TAG_DMA_TX(fast)
# Loading work.BIST_REG(fast)
# Loading work.RAM_BIST(fast)
# Loading work.sram_i64o64_d256(fast)
# Loading UNISIMS_VER.RAMB36E1(fast__2)
# Loading UNISIMS_VER.RB36_INTERNAL_VLOG(fast__2)
# Loading work.glbl(fast)
# ** Warning: (vsim-3015) [PCDPC] - Port size (22) does not match connection size (32) for port 'AXIS_RX_TUSER'. The port definition is at: ../rtl/03_srio/srio_top.v(44).
#    Time: 0 ps  Iteration: 0  Instance: /tb_top/U_SRIO_TOP File: sim_model/tb_top.v Line: 763
# ** Warning: (vsim-3015) [PCDPC] - Port size (32) does not match connection size (25) for port 'INI_WR_ADDR'. The port definition is at: ../rtl/03_srio/srio_top.v(55).
#    Time: 0 ps  Iteration: 0  Instance: /tb_top/U_SRIO_TOP File: sim_model/tb_top.v Line: 763
# ** Warning: (vsim-3015) [PCDPC] - Port size (8) does not match connection size (16) for port 'INI_WR_SIZE'. The port definition is at: ../rtl/03_srio/srio_top.v(56).
#    Time: 0 ps  Iteration: 0  Instance: /tb_top/U_SRIO_TOP File: sim_model/tb_top.v Line: 763
# ** Warning: (vsim-3015) [PCDPC] - Port size (8) does not match connection size (25) for port 'INI_RD_SIZE'. The port definition is at: ../rtl/03_srio/srio_top.v(64).
#    Time: 0 ps  Iteration: 0  Instance: /tb_top/U_SRIO_TOP File: sim_model/tb_top.v Line: 763
# ** Warning: (vsim-3015) [PCDPC] - Port size (32) does not match connection size (12) for port 'INI_RD_ADDR'. The port definition is at: ../rtl/03_srio/srio_top.v(65).
#    Time: 0 ps  Iteration: 0  Instance: /tb_top/U_SRIO_TOP File: sim_model/tb_top.v Line: 763
# ** Warning: (vsim-3015) [PCDPC] - Port size (32) does not match connection size (16) for port 'TAG_WR_ADDR'. The port definition is at: ../rtl/03_srio/srio_top.v(81).
#    Time: 0 ps  Iteration: 0  Instance: /tb_top/U_SRIO_TOP File: sim_model/tb_top.v Line: 763
# ** Warning: (vsim-3015) [PCDPC] - Port size (32) does not match connection size (8) for port 'TAG_RD_SIZE'. The port definition is at: ../rtl/03_srio/srio_top.v(90).
#    Time: 0 ps  Iteration: 0  Instance: /tb_top/U_SRIO_TOP File: sim_model/tb_top.v Line: 763
# ** Warning: (vsim-3015) [PCDPC] - Port size (8) does not match connection size (16) for port 'TAG_RD_ADDR'. The port definition is at: ../rtl/03_srio/srio_top.v(91).
#    Time: 0 ps  Iteration: 0  Instance: /tb_top/U_SRIO_TOP File: sim_model/tb_top.v Line: 763
# ** Warning: (vsim-3015) [PCDPC] - Port size (16) does not match connection size (32) for port 'TAG_REG_OP_ADDR'. The port definition is at: ../rtl/03_srio/srio_top.v(103).
#    Time: 0 ps  Iteration: 0  Instance: /tb_top/U_SRIO_TOP File: sim_model/tb_top.v Line: 763
# ** Warning: (vsim-3015) [PCDPC] - Port size (1) does not match connection size (32) for port 'DMA_RD_ADDR'. The port definition is at: ../rtl/03_srio/ini_dma_rd.v(23).
#    Time: 0 ps  Iteration: 0  Instance: /tb_top/U_SRIO_TOP/U_INI_DMA_RD File: ../rtl/03_srio/srio_top.v Line: 340
# ** Warning: (vsim-3015) [PCDPC] - Port size (11) does not match connection size (12) for port 'wr_data_count'. The port definition is at: ../rtl/00_xilinx_ip/00_afifo/afifo_i72o72_d2048/afifo_i72o72_d2048_sim_netlist.V(30).
#    Time: 0 ps  Iteration: 0  Instance: /tb_top/U_SRIO_TOP/U_INI_TX/U_SRIO_DBUF File: ../rtl/03_srio/srio_tx.v Line: 108
# ** Warning: (vsim-3015) [PCDPC] - Port size (64) does not match connection size (32) for port 'AXI_RX_USER'. The port definition is at: ../rtl/03_srio/srio_rx.v(30).
#    Time: 0 ps  Iteration: 0  Instance: /tb_top/U_SRIO_TOP/U_INI_RX File: ../rtl/03_srio/srio_top.v Line: 437
# ** Warning: (vsim-3015) [PCDPC] - Port size (32) does not match connection size (1) for port 'REG_RD_DATA'. The port definition is at: ../rtl/03_srio/ini_rx_dec.v(27).
#    Time: 0 ps  Iteration: 0  Instance: /tb_top/U_SRIO_TOP/U_INI_RX_DEC File: ../rtl/03_srio/srio_top.v Line: 457
# ** Warning: (vsim-3015) [PCDPC] - Port size (64) does not match connection size (22) for port 'AXI_RX_USER'. The port definition is at: ../rtl/03_srio/srio_rx.v(30).
#    Time: 0 ps  Iteration: 0  Instance: /tb_top/U_SRIO_TOP/U_TAG_RX File: ../rtl/03_srio/srio_top.v Line: 482
# ** Warning: (vsim-3015) [PCDPC] - Port size (32) does not match connection size (16) for port 'REG_OP_ADDR'. The port definition is at: ../rtl/03_srio/tag_rx_dec.v(31).
#    Time: 0 ps  Iteration: 0  Instance: /tb_top/U_SRIO_TOP/U_TAG_RX_DEC File: ../rtl/03_srio/srio_top.v Line: 502
# ** Warning: (vsim-3015) [PCDPC] - Port size (9) does not match connection size (8) for port 'DMA_WR_SIZE'. The port definition is at: ../rtl/03_srio/tag_rx_dec.v(36).
#    Time: 0 ps  Iteration: 0  Instance: /tb_top/U_SRIO_TOP/U_TAG_RX_DEC File: ../rtl/03_srio/srio_top.v Line: 502
# ** Warning: (vsim-3015) [PCDPC] - Port size (9) does not match connection size (32) for port 'DMA_RD_SIZE'. The port definition is at: ../rtl/03_srio/tag_rx_dec.v(43).
#    Time: 0 ps  Iteration: 0  Instance: /tb_top/U_SRIO_TOP/U_TAG_RX_DEC File: ../rtl/03_srio/srio_top.v Line: 502
# ** Warning: (vsim-3015) [PCDPC] - Port size (32) does not match connection size (8) for port 'DMA_RD_ADDR'. The port definition is at: ../rtl/03_srio/tag_rx_dec.v(44).
#    Time: 0 ps  Iteration: 0  Instance: /tb_top/U_SRIO_TOP/U_TAG_RX_DEC File: ../rtl/03_srio/srio_top.v Line: 502
# ** Warning: (vsim-3015) [PCDPC] - Port size (32) does not match connection size (16) for port 'REG_OP_ADDR'. The port definition is at: ../rtl/03_srio/tag_reg_tx.v(22).
#    Time: 0 ps  Iteration: 0  Instance: /tb_top/U_SRIO_TOP/U_TAG_REG_TX File: ../rtl/03_srio/srio_top.v Line: 539
# ** Warning: (vsim-3015) [PCDPC] - Port size (64) does not match connection size (72) for port 'din'. The port definition is at: ../rtl/00_xilinx_ip/01_sfifo/sfifo_i64o64_d512/sfifo_i64o64_d512_sim_netlist.V(20).
#    Time: 0 ps  Iteration: 0  Instance: /tb_top/U_SRIO_TOP/U_TAG_REG_TX/U_CBUF File: ../rtl/03_srio/tag_reg_tx.v Line: 110
# ** Warning: (vsim-3015) [PCDPC] - Port size (64) does not match connection size (72) for port 'dout'. The port definition is at: ../rtl/00_xilinx_ip/01_sfifo/sfifo_i64o64_d512/sfifo_i64o64_d512_sim_netlist.V(23).
#    Time: 0 ps  Iteration: 0  Instance: /tb_top/U_SRIO_TOP/U_TAG_REG_TX/U_CBUF File: ../rtl/03_srio/tag_reg_tx.v Line: 110
# ** Warning: (vsim-3015) [PCDPC] - Port size (9) does not match connection size (32) for port 'DMA_RD_SIZE'. The port definition is at: ../rtl/03_srio/tag_dma_tx.v(24).
#    Time: 0 ps  Iteration: 0  Instance: /tb_top/U_SRIO_TOP/U_TAG_DMA_TX File: ../rtl/03_srio/srio_top.v Line: 555
# ** Warning: (vsim-3015) [PCDPC] - Port size (32) does not match connection size (8) for port 'DMA_RD_ADDR'. The port definition is at: ../rtl/03_srio/tag_dma_tx.v(25).
#    Time: 0 ps  Iteration: 0  Instance: /tb_top/U_SRIO_TOP/U_TAG_DMA_TX File: ../rtl/03_srio/srio_top.v Line: 555
# ** Warning: (vsim-3015) [PCDPC] - Port size (11) does not match connection size (12) for port 'wr_data_count'. The port definition is at: ../rtl/00_xilinx_ip/00_afifo/afifo_i72o72_d2048/afifo_i72o72_d2048_sim_netlist.V(30).
#    Time: 0 ps  Iteration: 0  Instance: /tb_top/U_SRIO_TOP/U_TAG_TX/U_SRIO_DBUF File: ../rtl/03_srio/srio_tx.v Line: 108
# ** Warning: (vsim-3015) [PCDPC] - Port size (6) does not match connection size (8) for port 'addra'. The port definition is at: ../rtl/00_xilinx_ip/03_ram/sram_i64o64_d256/sram_i64o64_d256_sim_netlist.V(20).
#    Time: 0 ps  Iteration: 0  Instance: /tb_top/U_RAM_BIST/U_BIST_BRAM File: ../rtl/04_bist/ram_bist.v Line: 113
# ** Warning: (vsim-3015) [PCDPC] - Port size (6) does not match connection size (8) for port 'addrb'. The port definition is at: ../rtl/00_xilinx_ip/03_ram/sram_i64o64_d256/sram_i64o64_d256_sim_netlist.V(23).
#    Time: 0 ps  Iteration: 0  Instance: /tb_top/U_RAM_BIST/U_BIST_BRAM File: ../rtl/04_bist/ram_bist.v Line: 113
#  
# ******<<<<<<<<<<<<<<<<<<<<<<Simulation tb_00 start>>>>>>>>>>>>>>>>>>>>>>> ******
#  
# ---- Initial simulation
# ---- clock ---- 1111 ---- enable
# ---- Wait for  64 cycles
# ---- Wait for  64 cycles end
# ---- Wait for  16 cycles
# ---- Wait for  16 cycles end
# ---- reseting by cycle
# ---- reset0   64 cycle end
# ---- Wait for  16 cycles
# ---- Wait for  16 cycles end
# ---- reseting by ns
# ---- reset1  255 ns end
# ---- Write register   PORT :0x0    ADD :0x200    DATA :0x89abcd0e
# ---- Wait for  16 cycles
# ---- Wait for  16 cycles end
# ---- Wait for 255 cycles
# ---- Wait for 255 cycles end
# ---- tb_00 test completed !
#  
# ******<<<<<<<<<<<<<<<<<<<<Simulation tb_00 Successful End>>>>>>>>>>>>>>>>>>> ******
#  
do do/compile_all.do
# ** Warning: (vlib-34) Library already exists at "work".
# Errors: 0, Warnings: 1
# Model Technology ModelSim SE-64 vmap 2020.4 Lib Mapping Utility 2020.10 Oct 13 2020
# vmap work 
# Reading C:/modeltech64_2020.4/win64/../modelsim.ini
# "work" maps to directory ./work. (Default mapping)
# Model Technology ModelSim SE-64 vlog 2020.4 Compiler 2020.10 Oct 13 2020
# Start time: 13:53:31 on Apr 22,2025
# vlog -reportprogress 300 -work work sim_model/lib/glbl.v 
# -- Compiling module glbl
# 
# Top level modules:
# 	glbl
# End time: 13:53:32 on Apr 22,2025, Elapsed time: 0:00:01
# Errors: 0, Warnings: 0
# ** Warning: (vlib-34) Library already exists at "work".
# Errors: 0, Warnings: 1
# Model Technology ModelSim SE-64 vmap 2020.4 Lib Mapping Utility 2020.10 Oct 13 2020
# vmap work 
# Reading C:/modeltech64_2020.4/win64/../modelsim.ini
# "work" maps to directory ./work. (Default mapping)
# Model Technology ModelSim SE-64 vlog 2020.4 Compiler 2020.10 Oct 13 2020
# Start time: 13:53:32 on Apr 22,2025
# vlog -reportprogress 300 -work work ../rtl/00_xilinx_ip/00_afifo/afifo_i72o72_d2048/afifo_i72o72_d2048_sim_netlist.V 
# -- Compiling module afifo_i72o72_d2048
# -- Compiling module afifo_i72o72_d2048_xpm_cdc_gray
# -- Compiling module afifo_i72o72_d2048_xpm_cdc_gray__2
# -- Compiling module afifo_i72o72_d2048_xpm_cdc_single
# -- Compiling module afifo_i72o72_d2048_xpm_cdc_single__2
# -- Compiling module afifo_i72o72_d2048_xpm_cdc_sync_rst
# -- Compiling module afifo_i72o72_d2048_xpm_cdc_sync_rst__2
# -- Compiling module glbl
# 
# Top level modules:
# 	afifo_i72o72_d2048
# 	glbl
# End time: 13:53:32 on Apr 22,2025, Elapsed time: 0:00:00
# Errors: 0, Warnings: 0
# Model Technology ModelSim SE-64 vlog 2020.4 Compiler 2020.10 Oct 13 2020
# Start time: 13:53:32 on Apr 22,2025
# vlog -reportprogress 300 -work work ../rtl/00_xilinx_ip/01_sfifo/sfifo_i32o32_d1024/sfifo_i32o32_d1024_sim_netlist.V 
# -- Compiling module sfifo_i32o32_d1024
# -- Compiling module glbl
# 
# Top level modules:
# 	sfifo_i32o32_d1024
# 	glbl
# End time: 13:53:32 on Apr 22,2025, Elapsed time: 0:00:00
# Errors: 0, Warnings: 0
# Model Technology ModelSim SE-64 vlog 2020.4 Compiler 2020.10 Oct 13 2020
# Start time: 13:53:33 on Apr 22,2025
# vlog -reportprogress 300 -work work ../rtl/00_xilinx_ip/01_sfifo/sfifo_i64o64_d512/sfifo_i64o64_d512_sim_netlist.V 
# -- Compiling module sfifo_i64o64_d512
# -- Compiling module glbl
# 
# Top level modules:
# 	sfifo_i64o64_d512
# 	glbl
# End time: 13:53:33 on Apr 22,2025, Elapsed time: 0:00:00
# Errors: 0, Warnings: 0
# Model Technology ModelSim SE-64 vlog 2020.4 Compiler 2020.10 Oct 13 2020
# Start time: 13:53:33 on Apr 22,2025
# vlog -reportprogress 300 -work work ../rtl/00_xilinx_ip/01_sfifo/sfifo_i72o72_d512/sfifo_i72o72_d512_sim_netlist.V 
# -- Compiling module sfifo_i72o72_d512
# -- Compiling module glbl
# 
# Top level modules:
# 	sfifo_i72o72_d512
# 	glbl
# End time: 13:53:33 on Apr 22,2025, Elapsed time: 0:00:00
# Errors: 0, Warnings: 0
# Model Technology ModelSim SE-64 vlog 2020.4 Compiler 2020.10 Oct 13 2020
# Start time: 13:53:33 on Apr 22,2025
# vlog -reportprogress 300 -work work ../rtl/00_xilinx_ip/03_ram/sram_i64o64_d256/sram_i64o64_d256_sim_netlist.V 
# -- Compiling module sram_i64o64_d256
# -- Compiling module glbl
# 
# Top level modules:
# 	sram_i64o64_d256
# 	glbl
# End time: 13:53:33 on Apr 22,2025, Elapsed time: 0:00:00
# Errors: 0, Warnings: 0
# Model Technology ModelSim SE-64 vlog 2020.4 Compiler 2020.10 Oct 13 2020
# Start time: 13:53:33 on Apr 22,2025
# vlog -reportprogress 300 -work work ../rtl/01_user_ip/arbita_ch6.v ../rtl/01_user_ip/pulse_gen.v 
# -- Compiling module ARBITA_CH6
# -- Compiling module PULSE_GEN
# 
# Top level modules:
# 	ARBITA_CH6
# 	PULSE_GEN
# End time: 13:53:34 on Apr 22,2025, Elapsed time: 0:00:01
# Errors: 0, Warnings: 0
# Model Technology ModelSim SE-64 vlog 2020.4 Compiler 2020.10 Oct 13 2020
# Start time: 13:53:34 on Apr 22,2025
# vlog -reportprogress 300 -work work ../rtl/03_srio/ini_dma_rd.v ../rtl/03_srio/ini_dma_wr.v ../rtl/03_srio/ini_reg_tx.v ../rtl/03_srio/ini_rx_dec.v ../rtl/03_srio/srio_rx.v ../rtl/03_srio/srio_top.v ../rtl/03_srio/srio_tx.v ../rtl/03_srio/tag_dma_tx.v ../rtl/03_srio/tag_reg_tx.v ../rtl/03_srio/tag_rx_dec.v 
# -- Compiling module INI_DMA_RD
# -- Compiling module INI_DMA_WR
# -- Compiling module INI_REG_TX
# -- Compiling module INI_RX_DEC
# -- Compiling module SRIO_RX
# -- Compiling module SRIO_TOP
# -- Compiling module SRIO_TX
# -- Compiling module TAG_DMA_TX
# -- Compiling module TAG_REG_TX
# -- Compiling module TAG_RX_DEC
# 
# Top level modules:
# 	SRIO_TOP
# End time: 13:53:34 on Apr 22,2025, Elapsed time: 0:00:00
# Errors: 0, Warnings: 0
# Model Technology ModelSim SE-64 vlog 2020.4 Compiler 2020.10 Oct 13 2020
# Start time: 13:53:34 on Apr 22,2025
# vlog -reportprogress 300 -work work ../rtl/04_bist/bist_reg.v ../rtl/04_bist/ram_bist.v 
# -- Compiling module BIST_REG
# -- Compiling module RAM_BIST
# 
# Top level modules:
# 	BIST_REG
# 	RAM_BIST
# End time: 13:53:34 on Apr 22,2025, Elapsed time: 0:00:00
# Errors: 0, Warnings: 0
# ** Warning: (vlib-34) Library already exists at "work".
# Errors: 0, Warnings: 1
# Model Technology ModelSim SE-64 vmap 2020.4 Lib Mapping Utility 2020.10 Oct 13 2020
# vmap work 
# Reading C:/modeltech64_2020.4/win64/../modelsim.ini
# "work" maps to directory ./work. (Default mapping)
# Model Technology ModelSim SE-64 vlog 2020.4 Compiler 2020.10 Oct 13 2020
# Start time: 13:53:34 on Apr 22,2025
# vlog -reportprogress 300 -work work sim_model/define/define.v 
# End time: 13:53:34 on Apr 22,2025, Elapsed time: 0:00:00
# Errors: 0, Warnings: 0
# Model Technology ModelSim SE-64 vlog 2020.4 Compiler 2020.10 Oct 13 2020
# Start time: 13:53:34 on Apr 22,2025
# vlog -reportprogress 300 "+define+tb_00=1" -work work "+incdir+{sim_model/define}" sim_model/sim_model.v 
# -- Compiling module SIM_MODEL
# 
# Top level modules:
# 	SIM_MODEL
# End time: 13:53:34 on Apr 22,2025, Elapsed time: 0:00:00
# Errors: 0, Warnings: 0
# Model Technology ModelSim SE-64 vlog 2020.4 Compiler 2020.10 Oct 13 2020
# Start time: 13:53:35 on Apr 22,2025
# vlog -reportprogress 300 "+define+tb_00=1" -work work "+incdir+{sim_model/define}" sim_model/tb_top.v 
# -- Compiling module tb_top
# 
# Top level modules:
# 	tb_top
# End time: 13:53:35 on Apr 22,2025, Elapsed time: 0:00:00
# Errors: 0, Warnings: 0
do do/tb_00.do
# Model Technology ModelSim SE-64 vlog 2020.4 Compiler 2020.10 Oct 13 2020
# Start time: 13:53:38 on Apr 22,2025
# vlog -reportprogress 300 "+define+tb_00=1" -work work sim_model\define\define.v 
# End time: 13:53:38 on Apr 22,2025, Elapsed time: 0:00:00
# Errors: 0, Warnings: 0
# Model Technology ModelSim SE-64 vlog 2020.4 Compiler 2020.10 Oct 13 2020
# Start time: 13:53:38 on Apr 22,2025
# vlog -reportprogress 300 "+define+tb_00=1" -work work "+incdir+{sim_modeldefine}" sim_model\tb_top.v 
# -- Compiling module tb_top
# 
# Top level modules:
# 	tb_top
# End time: 13:53:38 on Apr 22,2025, Elapsed time: 0:00:00
# Errors: 0, Warnings: 0
# End time: 13:53:41 on Apr 22,2025, Elapsed time: 0:03:07
# Errors: 0, Warnings: 26
# vsim -t 1ps -c -l ./log/vsim_tb_00_report.log work.tb_top -L UNISIMS_VER -L SECUREIP -L SIMPRIMS_VER -L work -voptargs="+acc" work.glbl -wav ./wave/tb_00.wlf 
# Start time: 13:53:42 on Apr 22,2025
# ** Note: (vsim-3813) Design is being optimized due to module recompilation...
# Loading work.tb_top(fast)
# Loading work.SIM_MODEL(fast)
# Loading work.SRIO_TOP(fast)
# Loading work.INI_REG_TX(fast)
# Loading work.sfifo_i72o72_d512(fast)
# Loading UNISIMS_VER.GND(fast)
# Loading UNISIMS_VER.LUT1(fast)
# Loading UNISIMS_VER.LUT2(fast)
# Loading UNISIMS_VER.LUT3(fast)
# Loading UNISIMS_VER.FDRE(fast)
# Loading UNISIMS_VER.CARRY4(fast)
# Loading UNISIMS_VER.LUT5(fast)
# Loading UNISIMS_VER.LUT5(fast__1)
# Loading UNISIMS_VER.FDSE(fast)
# Loading UNISIMS_VER.LUT4(fast)
# Loading UNISIMS_VER.LUT4(fast__1)
# Loading UNISIMS_VER.LUT3(fast__1)
# Loading UNISIMS_VER.LUT3(fast__2)
# Loading UNISIMS_VER.LUT4(fast__2)
# Loading UNISIMS_VER.LUT6(fast)
# Loading UNISIMS_VER.LUT2(fast__1)
# Loading UNISIMS_VER.LUT3(fast__3)
# Loading UNISIMS_VER.LUT4(fast__3)
# Loading UNISIMS_VER.LUT5(fast__2)
# Loading UNISIMS_VER.LUT6(fast__1)
# Loading UNISIMS_VER.LUT6(fast__2)
# Loading UNISIMS_VER.LUT4(fast__4)
# Loading UNISIMS_VER.LUT2(fast__2)
# Loading UNISIMS_VER.LUT5(fast__3)
# Loading UNISIMS_VER.LUT4(fast__5)
# Loading UNISIMS_VER.LUT1(fast__1)
# Loading UNISIMS_VER.RAMB36E1(fast)
# Loading UNISIMS_VER.RB36_INTERNAL_VLOG(fast)
# Loading work.INI_DMA_WR(fast)
# Loading work.sfifo_i64o64_d512(fast)
# Loading work.INI_DMA_RD(fast)
# Loading work.ARBITA_CH6(fast)
# Loading work.SRIO_TX(fast)
# Loading work.afifo_i72o72_d2048(fast)
# Loading work.afifo_i72o72_d2048_xpm_cdc_gray(fast)
# Loading UNISIMS_VER.LUT6(fast__3)
# Loading UNISIMS_VER.LUT5(fast__4)
# Loading UNISIMS_VER.LUT4(fast__6)
# Loading UNISIMS_VER.LUT3(fast__4)
# Loading work.afifo_i72o72_d2048_xpm_cdc_gray__2(fast)
# Loading UNISIMS_VER.LUT6(fast__4)
# Loading UNISIMS_VER.LUT4(fast__7)
# Loading UNISIMS_VER.LUT6(fast__5)
# Loading UNISIMS_VER.LUT5(fast__5)
# Loading UNISIMS_VER.LUT6(fast__6)
# Loading UNISIMS_VER.FDSE(fast__1)
# Loading UNISIMS_VER.RAMB36E1(fast__1)
# Loading UNISIMS_VER.RB36_INTERNAL_VLOG(fast__1)
# Loading UNISIMS_VER.SRL16E(fast)
# Loading UNISIMS_VER.LUT2(fast__3)
# Loading UNISIMS_VER.FDRE(fast__1)
# Loading UNISIMS_VER.LUT3(fast__5)
# Loading UNISIMS_VER.LUT4(fast__8)
# Loading UNISIMS_VER.LUT6(fast__7)
# Loading work.afifo_i72o72_d2048_xpm_cdc_single(fast)
# Loading work.afifo_i72o72_d2048_xpm_cdc_single__2(fast)
# Loading work.afifo_i72o72_d2048_xpm_cdc_sync_rst(fast)
# Loading work.afifo_i72o72_d2048_xpm_cdc_sync_rst__2(fast)
# Loading work.SRIO_RX(fast)
# Loading work.INI_RX_DEC(fast)
# Loading work.TAG_RX_DEC(fast)
# Loading work.TAG_REG_TX(fast)
# Loading work.TAG_DMA_TX(fast)
# Loading work.BIST_REG(fast)
# Loading work.RAM_BIST(fast)
# Loading work.sram_i64o64_d256(fast)
# Loading UNISIMS_VER.RAMB36E1(fast__2)
# Loading UNISIMS_VER.RB36_INTERNAL_VLOG(fast__2)
# Loading work.glbl(fast)
# ** Warning: (vsim-3015) [PCDPC] - Port size (22) does not match connection size (32) for port 'AXIS_RX_TUSER'. The port definition is at: ../rtl/03_srio/srio_top.v(44).
#    Time: 0 ps  Iteration: 0  Instance: /tb_top/U_SRIO_TOP File: sim_model/tb_top.v Line: 763
# ** Warning: (vsim-3015) [PCDPC] - Port size (32) does not match connection size (25) for port 'INI_WR_ADDR'. The port definition is at: ../rtl/03_srio/srio_top.v(55).
#    Time: 0 ps  Iteration: 0  Instance: /tb_top/U_SRIO_TOP File: sim_model/tb_top.v Line: 763
# ** Warning: (vsim-3015) [PCDPC] - Port size (8) does not match connection size (16) for port 'INI_WR_SIZE'. The port definition is at: ../rtl/03_srio/srio_top.v(56).
#    Time: 0 ps  Iteration: 0  Instance: /tb_top/U_SRIO_TOP File: sim_model/tb_top.v Line: 763
# ** Warning: (vsim-3015) [PCDPC] - Port size (8) does not match connection size (25) for port 'INI_RD_SIZE'. The port definition is at: ../rtl/03_srio/srio_top.v(64).
#    Time: 0 ps  Iteration: 0  Instance: /tb_top/U_SRIO_TOP File: sim_model/tb_top.v Line: 763
# ** Warning: (vsim-3015) [PCDPC] - Port size (32) does not match connection size (12) for port 'INI_RD_ADDR'. The port definition is at: ../rtl/03_srio/srio_top.v(65).
#    Time: 0 ps  Iteration: 0  Instance: /tb_top/U_SRIO_TOP File: sim_model/tb_top.v Line: 763
# ** Warning: (vsim-3015) [PCDPC] - Port size (32) does not match connection size (16) for port 'TAG_WR_ADDR'. The port definition is at: ../rtl/03_srio/srio_top.v(81).
#    Time: 0 ps  Iteration: 0  Instance: /tb_top/U_SRIO_TOP File: sim_model/tb_top.v Line: 763
# ** Warning: (vsim-3015) [PCDPC] - Port size (32) does not match connection size (8) for port 'TAG_RD_SIZE'. The port definition is at: ../rtl/03_srio/srio_top.v(90).
#    Time: 0 ps  Iteration: 0  Instance: /tb_top/U_SRIO_TOP File: sim_model/tb_top.v Line: 763
# ** Warning: (vsim-3015) [PCDPC] - Port size (8) does not match connection size (16) for port 'TAG_RD_ADDR'. The port definition is at: ../rtl/03_srio/srio_top.v(91).
#    Time: 0 ps  Iteration: 0  Instance: /tb_top/U_SRIO_TOP File: sim_model/tb_top.v Line: 763
# ** Warning: (vsim-3015) [PCDPC] - Port size (16) does not match connection size (32) for port 'TAG_REG_OP_ADDR'. The port definition is at: ../rtl/03_srio/srio_top.v(103).
#    Time: 0 ps  Iteration: 0  Instance: /tb_top/U_SRIO_TOP File: sim_model/tb_top.v Line: 763
# ** Warning: (vsim-3015) [PCDPC] - Port size (1) does not match connection size (32) for port 'DMA_RD_ADDR'. The port definition is at: ../rtl/03_srio/ini_dma_rd.v(23).
#    Time: 0 ps  Iteration: 0  Instance: /tb_top/U_SRIO_TOP/U_INI_DMA_RD File: ../rtl/03_srio/srio_top.v Line: 340
# ** Warning: (vsim-3015) [PCDPC] - Port size (64) does not match connection size (32) for port 'AXI_RX_USER'. The port definition is at: ../rtl/03_srio/srio_rx.v(30).
#    Time: 0 ps  Iteration: 0  Instance: /tb_top/U_SRIO_TOP/U_INI_RX File: ../rtl/03_srio/srio_top.v Line: 437
# ** Warning: (vsim-3015) [PCDPC] - Port size (32) does not match connection size (1) for port 'REG_RD_DATA'. The port definition is at: ../rtl/03_srio/ini_rx_dec.v(27).
#    Time: 0 ps  Iteration: 0  Instance: /tb_top/U_SRIO_TOP/U_INI_RX_DEC File: ../rtl/03_srio/srio_top.v Line: 457
# ** Warning: (vsim-3015) [PCDPC] - Port size (64) does not match connection size (22) for port 'AXI_RX_USER'. The port definition is at: ../rtl/03_srio/srio_rx.v(30).
#    Time: 0 ps  Iteration: 0  Instance: /tb_top/U_SRIO_TOP/U_TAG_RX File: ../rtl/03_srio/srio_top.v Line: 482
# ** Warning: (vsim-3015) [PCDPC] - Port size (32) does not match connection size (16) for port 'REG_OP_ADDR'. The port definition is at: ../rtl/03_srio/tag_rx_dec.v(31).
#    Time: 0 ps  Iteration: 0  Instance: /tb_top/U_SRIO_TOP/U_TAG_RX_DEC File: ../rtl/03_srio/srio_top.v Line: 502
# ** Warning: (vsim-3015) [PCDPC] - Port size (9) does not match connection size (8) for port 'DMA_WR_SIZE'. The port definition is at: ../rtl/03_srio/tag_rx_dec.v(36).
#    Time: 0 ps  Iteration: 0  Instance: /tb_top/U_SRIO_TOP/U_TAG_RX_DEC File: ../rtl/03_srio/srio_top.v Line: 502
# ** Warning: (vsim-3015) [PCDPC] - Port size (9) does not match connection size (32) for port 'DMA_RD_SIZE'. The port definition is at: ../rtl/03_srio/tag_rx_dec.v(43).
#    Time: 0 ps  Iteration: 0  Instance: /tb_top/U_SRIO_TOP/U_TAG_RX_DEC File: ../rtl/03_srio/srio_top.v Line: 502
# ** Warning: (vsim-3015) [PCDPC] - Port size (32) does not match connection size (8) for port 'DMA_RD_ADDR'. The port definition is at: ../rtl/03_srio/tag_rx_dec.v(44).
#    Time: 0 ps  Iteration: 0  Instance: /tb_top/U_SRIO_TOP/U_TAG_RX_DEC File: ../rtl/03_srio/srio_top.v Line: 502
# ** Warning: (vsim-3015) [PCDPC] - Port size (32) does not match connection size (16) for port 'REG_OP_ADDR'. The port definition is at: ../rtl/03_srio/tag_reg_tx.v(22).
#    Time: 0 ps  Iteration: 0  Instance: /tb_top/U_SRIO_TOP/U_TAG_REG_TX File: ../rtl/03_srio/srio_top.v Line: 539
# ** Warning: (vsim-3015) [PCDPC] - Port size (64) does not match connection size (72) for port 'din'. The port definition is at: ../rtl/00_xilinx_ip/01_sfifo/sfifo_i64o64_d512/sfifo_i64o64_d512_sim_netlist.V(20).
#    Time: 0 ps  Iteration: 0  Instance: /tb_top/U_SRIO_TOP/U_TAG_REG_TX/U_CBUF File: ../rtl/03_srio/tag_reg_tx.v Line: 110
# ** Warning: (vsim-3015) [PCDPC] - Port size (64) does not match connection size (72) for port 'dout'. The port definition is at: ../rtl/00_xilinx_ip/01_sfifo/sfifo_i64o64_d512/sfifo_i64o64_d512_sim_netlist.V(23).
#    Time: 0 ps  Iteration: 0  Instance: /tb_top/U_SRIO_TOP/U_TAG_REG_TX/U_CBUF File: ../rtl/03_srio/tag_reg_tx.v Line: 110
# ** Warning: (vsim-3015) [PCDPC] - Port size (9) does not match connection size (32) for port 'DMA_RD_SIZE'. The port definition is at: ../rtl/03_srio/tag_dma_tx.v(24).
#    Time: 0 ps  Iteration: 0  Instance: /tb_top/U_SRIO_TOP/U_TAG_DMA_TX File: ../rtl/03_srio/srio_top.v Line: 555
# ** Warning: (vsim-3015) [PCDPC] - Port size (32) does not match connection size (8) for port 'DMA_RD_ADDR'. The port definition is at: ../rtl/03_srio/tag_dma_tx.v(25).
#    Time: 0 ps  Iteration: 0  Instance: /tb_top/U_SRIO_TOP/U_TAG_DMA_TX File: ../rtl/03_srio/srio_top.v Line: 555
# ** Warning: (vsim-3015) [PCDPC] - Port size (6) does not match connection size (8) for port 'addra'. The port definition is at: ../rtl/00_xilinx_ip/03_ram/sram_i64o64_d256/sram_i64o64_d256_sim_netlist.V(20).
#    Time: 0 ps  Iteration: 0  Instance: /tb_top/U_RAM_BIST/U_BIST_BRAM File: ../rtl/04_bist/ram_bist.v Line: 113
# ** Warning: (vsim-3015) [PCDPC] - Port size (6) does not match connection size (8) for port 'addrb'. The port definition is at: ../rtl/00_xilinx_ip/03_ram/sram_i64o64_d256/sram_i64o64_d256_sim_netlist.V(23).
#    Time: 0 ps  Iteration: 0  Instance: /tb_top/U_RAM_BIST/U_BIST_BRAM File: ../rtl/04_bist/ram_bist.v Line: 113
#  
# ******<<<<<<<<<<<<<<<<<<<<<<Simulation tb_00 start>>>>>>>>>>>>>>>>>>>>>>> ******
#  
# ---- Initial simulation
# ---- clock ---- 1111 ---- enable
# ---- Wait for  64 cycles
# ---- Wait for  64 cycles end
# ---- Wait for  16 cycles
# ---- Wait for  16 cycles end
# ---- reseting by cycle
# ---- reset0   64 cycle end
# ---- Wait for  16 cycles
# ---- Wait for  16 cycles end
# ---- reseting by ns
# ---- reset1  255 ns end
# ---- Write register   PORT :0x0    ADD :0x200    DATA :0x89abcd0e
# ---- Wait for  16 cycles
# ---- Wait for  16 cycles end
# ---- Wait for 255 cycles
# ---- Wait for 255 cycles end
# ---- tb_00 test completed !
#  
# ******<<<<<<<<<<<<<<<<<<<<Simulation tb_00 Successful End>>>>>>>>>>>>>>>>>>> ******
#  
do do/compile_all.do
# ** Warning: (vlib-34) Library already exists at "work".
# Errors: 0, Warnings: 1
# Model Technology ModelSim SE-64 vmap 2020.4 Lib Mapping Utility 2020.10 Oct 13 2020
# vmap work 
# Reading C:/modeltech64_2020.4/win64/../modelsim.ini
# "work" maps to directory ./work. (Default mapping)
# Model Technology ModelSim SE-64 vlog 2020.4 Compiler 2020.10 Oct 13 2020
# Start time: 13:54:51 on Apr 22,2025
# vlog -reportprogress 300 -work work sim_model/lib/glbl.v 
# -- Compiling module glbl
# 
# Top level modules:
# 	glbl
# End time: 13:54:51 on Apr 22,2025, Elapsed time: 0:00:00
# Errors: 0, Warnings: 0
# ** Warning: (vlib-34) Library already exists at "work".
# Errors: 0, Warnings: 1
# Model Technology ModelSim SE-64 vmap 2020.4 Lib Mapping Utility 2020.10 Oct 13 2020
# vmap work 
# Reading C:/modeltech64_2020.4/win64/../modelsim.ini
# "work" maps to directory ./work. (Default mapping)
# Model Technology ModelSim SE-64 vlog 2020.4 Compiler 2020.10 Oct 13 2020
# Start time: 13:54:51 on Apr 22,2025
# vlog -reportprogress 300 -work work ../rtl/00_xilinx_ip/00_afifo/afifo_i72o72_d2048/afifo_i72o72_d2048_sim_netlist.V 
# -- Compiling module afifo_i72o72_d2048
# -- Compiling module afifo_i72o72_d2048_xpm_cdc_gray
# -- Compiling module afifo_i72o72_d2048_xpm_cdc_gray__2
# -- Compiling module afifo_i72o72_d2048_xpm_cdc_single
# -- Compiling module afifo_i72o72_d2048_xpm_cdc_single__2
# -- Compiling module afifo_i72o72_d2048_xpm_cdc_sync_rst
# -- Compiling module afifo_i72o72_d2048_xpm_cdc_sync_rst__2
# -- Compiling module glbl
# 
# Top level modules:
# 	afifo_i72o72_d2048
# 	glbl
# End time: 13:54:52 on Apr 22,2025, Elapsed time: 0:00:01
# Errors: 0, Warnings: 0
# Model Technology ModelSim SE-64 vlog 2020.4 Compiler 2020.10 Oct 13 2020
# Start time: 13:54:52 on Apr 22,2025
# vlog -reportprogress 300 -work work ../rtl/00_xilinx_ip/01_sfifo/sfifo_i32o32_d1024/sfifo_i32o32_d1024_sim_netlist.V 
# -- Compiling module sfifo_i32o32_d1024
# -- Compiling module glbl
# 
# Top level modules:
# 	sfifo_i32o32_d1024
# 	glbl
# End time: 13:54:53 on Apr 22,2025, Elapsed time: 0:00:01
# Errors: 0, Warnings: 0
# Model Technology ModelSim SE-64 vlog 2020.4 Compiler 2020.10 Oct 13 2020
# Start time: 13:54:53 on Apr 22,2025
# vlog -reportprogress 300 -work work ../rtl/00_xilinx_ip/01_sfifo/sfifo_i64o64_d512/sfifo_i64o64_d512_sim_netlist.V 
# -- Compiling module sfifo_i64o64_d512
# -- Compiling module glbl
# 
# Top level modules:
# 	sfifo_i64o64_d512
# 	glbl
# End time: 13:54:53 on Apr 22,2025, Elapsed time: 0:00:00
# Errors: 0, Warnings: 0
# Model Technology ModelSim SE-64 vlog 2020.4 Compiler 2020.10 Oct 13 2020
# Start time: 13:54:53 on Apr 22,2025
# vlog -reportprogress 300 -work work ../rtl/00_xilinx_ip/01_sfifo/sfifo_i72o72_d512/sfifo_i72o72_d512_sim_netlist.V 
# -- Compiling module sfifo_i72o72_d512
# -- Compiling module glbl
# 
# Top level modules:
# 	sfifo_i72o72_d512
# 	glbl
# End time: 13:54:54 on Apr 22,2025, Elapsed time: 0:00:01
# Errors: 0, Warnings: 0
# Model Technology ModelSim SE-64 vlog 2020.4 Compiler 2020.10 Oct 13 2020
# Start time: 13:54:54 on Apr 22,2025
# vlog -reportprogress 300 -work work ../rtl/00_xilinx_ip/03_ram/sram_i64o64_d256/sram_i64o64_d256_sim_netlist.V 
# -- Compiling module sram_i64o64_d256
# -- Compiling module glbl
# 
# Top level modules:
# 	sram_i64o64_d256
# 	glbl
# End time: 13:54:54 on Apr 22,2025, Elapsed time: 0:00:00
# Errors: 0, Warnings: 0
# Model Technology ModelSim SE-64 vlog 2020.4 Compiler 2020.10 Oct 13 2020
# Start time: 13:54:54 on Apr 22,2025
# vlog -reportprogress 300 -work work ../rtl/01_user_ip/arbita_ch6.v ../rtl/01_user_ip/pulse_gen.v 
# -- Compiling module ARBITA_CH6
# -- Compiling module PULSE_GEN
# 
# Top level modules:
# 	ARBITA_CH6
# 	PULSE_GEN
# End time: 13:54:54 on Apr 22,2025, Elapsed time: 0:00:00
# Errors: 0, Warnings: 0
# Model Technology ModelSim SE-64 vlog 2020.4 Compiler 2020.10 Oct 13 2020
# Start time: 13:54:54 on Apr 22,2025
# vlog -reportprogress 300 -work work ../rtl/03_srio/ini_dma_rd.v ../rtl/03_srio/ini_dma_wr.v ../rtl/03_srio/ini_reg_tx.v ../rtl/03_srio/ini_rx_dec.v ../rtl/03_srio/srio_rx.v ../rtl/03_srio/srio_top.v ../rtl/03_srio/srio_tx.v ../rtl/03_srio/tag_dma_tx.v ../rtl/03_srio/tag_reg_tx.v ../rtl/03_srio/tag_rx_dec.v 
# -- Compiling module INI_DMA_RD
# -- Compiling module INI_DMA_WR
# -- Compiling module INI_REG_TX
# -- Compiling module INI_RX_DEC
# -- Compiling module SRIO_RX
# -- Compiling module SRIO_TOP
# -- Compiling module SRIO_TX
# -- Compiling module TAG_DMA_TX
# -- Compiling module TAG_REG_TX
# -- Compiling module TAG_RX_DEC
# 
# Top level modules:
# 	SRIO_TOP
# End time: 13:54:54 on Apr 22,2025, Elapsed time: 0:00:00
# Errors: 0, Warnings: 0
# Model Technology ModelSim SE-64 vlog 2020.4 Compiler 2020.10 Oct 13 2020
# Start time: 13:54:54 on Apr 22,2025
# vlog -reportprogress 300 -work work ../rtl/04_bist/bist_reg.v ../rtl/04_bist/ram_bist.v 
# -- Compiling module BIST_REG
# -- Compiling module RAM_BIST
# 
# Top level modules:
# 	BIST_REG
# 	RAM_BIST
# End time: 13:54:54 on Apr 22,2025, Elapsed time: 0:00:00
# Errors: 0, Warnings: 0
# ** Warning: (vlib-34) Library already exists at "work".
# Errors: 0, Warnings: 1
# Model Technology ModelSim SE-64 vmap 2020.4 Lib Mapping Utility 2020.10 Oct 13 2020
# vmap work 
# Reading C:/modeltech64_2020.4/win64/../modelsim.ini
# "work" maps to directory ./work. (Default mapping)
# Model Technology ModelSim SE-64 vlog 2020.4 Compiler 2020.10 Oct 13 2020
# Start time: 13:54:55 on Apr 22,2025
# vlog -reportprogress 300 -work work sim_model/define/define.v 
# End time: 13:54:55 on Apr 22,2025, Elapsed time: 0:00:00
# Errors: 0, Warnings: 0
# Model Technology ModelSim SE-64 vlog 2020.4 Compiler 2020.10 Oct 13 2020
# Start time: 13:54:55 on Apr 22,2025
# vlog -reportprogress 300 "+define+tb_00=1" -work work "+incdir+{sim_model/define}" sim_model/sim_model.v 
# -- Compiling module SIM_MODEL
# 
# Top level modules:
# 	SIM_MODEL
# End time: 13:54:55 on Apr 22,2025, Elapsed time: 0:00:00
# Errors: 0, Warnings: 0
# Model Technology ModelSim SE-64 vlog 2020.4 Compiler 2020.10 Oct 13 2020
# Start time: 13:54:55 on Apr 22,2025
# vlog -reportprogress 300 "+define+tb_00=1" -work work "+incdir+{sim_model/define}" sim_model/tb_top.v 
# -- Compiling module tb_top
# 
# Top level modules:
# 	tb_top
# End time: 13:54:55 on Apr 22,2025, Elapsed time: 0:00:00
# Errors: 0, Warnings: 0
do do/tb_00.do
# Model Technology ModelSim SE-64 vlog 2020.4 Compiler 2020.10 Oct 13 2020
# Start time: 13:54:57 on Apr 22,2025
# vlog -reportprogress 300 "+define+tb_00=1" -work work sim_model\define\define.v 
# End time: 13:54:57 on Apr 22,2025, Elapsed time: 0:00:00
# Errors: 0, Warnings: 0
# Model Technology ModelSim SE-64 vlog 2020.4 Compiler 2020.10 Oct 13 2020
# Start time: 13:54:57 on Apr 22,2025
# vlog -reportprogress 300 "+define+tb_00=1" -work work "+incdir+{sim_modeldefine}" sim_model\tb_top.v 
# -- Compiling module tb_top
# 
# Top level modules:
# 	tb_top
# End time: 13:54:58 on Apr 22,2025, Elapsed time: 0:00:01
# Errors: 0, Warnings: 0
# End time: 13:55:02 on Apr 22,2025, Elapsed time: 0:01:20
# Errors: 0, Warnings: 24
# vsim -t 1ps -c -l ./log/vsim_tb_00_report.log work.tb_top -L UNISIMS_VER -L SECUREIP -L SIMPRIMS_VER -L work -voptargs="+acc" work.glbl -wav ./wave/tb_00.wlf 
# Start time: 13:55:02 on Apr 22,2025
# ** Note: (vsim-3813) Design is being optimized due to module recompilation...
# Loading work.tb_top(fast)
# Loading work.SIM_MODEL(fast)
# Loading work.SRIO_TOP(fast)
# Loading work.INI_REG_TX(fast)
# Loading work.sfifo_i72o72_d512(fast)
# Loading UNISIMS_VER.GND(fast)
# Loading UNISIMS_VER.LUT1(fast)
# Loading UNISIMS_VER.LUT2(fast)
# Loading UNISIMS_VER.LUT3(fast)
# Loading UNISIMS_VER.FDRE(fast)
# Loading UNISIMS_VER.CARRY4(fast)
# Loading UNISIMS_VER.LUT5(fast)
# Loading UNISIMS_VER.LUT5(fast__1)
# Loading UNISIMS_VER.FDSE(fast)
# Loading UNISIMS_VER.LUT4(fast)
# Loading UNISIMS_VER.LUT4(fast__1)
# Loading UNISIMS_VER.LUT3(fast__1)
# Loading UNISIMS_VER.LUT3(fast__2)
# Loading UNISIMS_VER.LUT4(fast__2)
# Loading UNISIMS_VER.LUT6(fast)
# Loading UNISIMS_VER.LUT2(fast__1)
# Loading UNISIMS_VER.LUT3(fast__3)
# Loading UNISIMS_VER.LUT4(fast__3)
# Loading UNISIMS_VER.LUT5(fast__2)
# Loading UNISIMS_VER.LUT6(fast__1)
# Loading UNISIMS_VER.LUT6(fast__2)
# Loading UNISIMS_VER.LUT4(fast__4)
# Loading UNISIMS_VER.LUT2(fast__2)
# Loading UNISIMS_VER.LUT5(fast__3)
# Loading UNISIMS_VER.LUT4(fast__5)
# Loading UNISIMS_VER.LUT1(fast__1)
# Loading UNISIMS_VER.RAMB36E1(fast)
# Loading UNISIMS_VER.RB36_INTERNAL_VLOG(fast)
# Loading work.INI_DMA_WR(fast)
# Loading work.sfifo_i64o64_d512(fast)
# Loading work.INI_DMA_RD(fast)
# Loading work.ARBITA_CH6(fast)
# Loading work.SRIO_TX(fast)
# Loading work.afifo_i72o72_d2048(fast)
# Loading work.afifo_i72o72_d2048_xpm_cdc_gray(fast)
# Loading UNISIMS_VER.LUT6(fast__3)
# Loading UNISIMS_VER.LUT5(fast__4)
# Loading UNISIMS_VER.LUT4(fast__6)
# Loading UNISIMS_VER.LUT3(fast__4)
# Loading work.afifo_i72o72_d2048_xpm_cdc_gray__2(fast)
# Loading UNISIMS_VER.LUT6(fast__4)
# Loading UNISIMS_VER.LUT4(fast__7)
# Loading UNISIMS_VER.LUT6(fast__5)
# Loading UNISIMS_VER.LUT5(fast__5)
# Loading UNISIMS_VER.LUT6(fast__6)
# Loading UNISIMS_VER.FDSE(fast__1)
# Loading UNISIMS_VER.RAMB36E1(fast__1)
# Loading UNISIMS_VER.RB36_INTERNAL_VLOG(fast__1)
# Loading UNISIMS_VER.SRL16E(fast)
# Loading UNISIMS_VER.LUT2(fast__3)
# Loading UNISIMS_VER.FDRE(fast__1)
# Loading UNISIMS_VER.LUT3(fast__5)
# Loading UNISIMS_VER.LUT4(fast__8)
# Loading UNISIMS_VER.LUT6(fast__7)
# Loading work.afifo_i72o72_d2048_xpm_cdc_single(fast)
# Loading work.afifo_i72o72_d2048_xpm_cdc_single__2(fast)
# Loading work.afifo_i72o72_d2048_xpm_cdc_sync_rst(fast)
# Loading work.afifo_i72o72_d2048_xpm_cdc_sync_rst__2(fast)
# Loading work.SRIO_RX(fast)
# Loading work.INI_RX_DEC(fast)
# Loading work.TAG_RX_DEC(fast)
# Loading work.TAG_REG_TX(fast)
# Loading work.TAG_DMA_TX(fast)
# Loading work.BIST_REG(fast)
# Loading work.RAM_BIST(fast)
# Loading work.sram_i64o64_d256(fast)
# Loading UNISIMS_VER.RAMB36E1(fast__2)
# Loading UNISIMS_VER.RB36_INTERNAL_VLOG(fast__2)
# Loading work.glbl(fast)
# ** Warning: (vsim-3015) [PCDPC] - Port size (22) does not match connection size (32) for port 'AXIS_RX_TUSER'. The port definition is at: ../rtl/03_srio/srio_top.v(44).
#    Time: 0 ps  Iteration: 0  Instance: /tb_top/U_SRIO_TOP File: sim_model/tb_top.v Line: 763
# ** Warning: (vsim-3015) [PCDPC] - Port size (32) does not match connection size (25) for port 'INI_WR_ADDR'. The port definition is at: ../rtl/03_srio/srio_top.v(55).
#    Time: 0 ps  Iteration: 0  Instance: /tb_top/U_SRIO_TOP File: sim_model/tb_top.v Line: 763
# ** Warning: (vsim-3015) [PCDPC] - Port size (8) does not match connection size (16) for port 'INI_WR_SIZE'. The port definition is at: ../rtl/03_srio/srio_top.v(56).
#    Time: 0 ps  Iteration: 0  Instance: /tb_top/U_SRIO_TOP File: sim_model/tb_top.v Line: 763
# ** Warning: (vsim-3015) [PCDPC] - Port size (8) does not match connection size (25) for port 'INI_RD_SIZE'. The port definition is at: ../rtl/03_srio/srio_top.v(64).
#    Time: 0 ps  Iteration: 0  Instance: /tb_top/U_SRIO_TOP File: sim_model/tb_top.v Line: 763
# ** Warning: (vsim-3015) [PCDPC] - Port size (32) does not match connection size (12) for port 'INI_RD_ADDR'. The port definition is at: ../rtl/03_srio/srio_top.v(65).
#    Time: 0 ps  Iteration: 0  Instance: /tb_top/U_SRIO_TOP File: sim_model/tb_top.v Line: 763
# ** Warning: (vsim-3015) [PCDPC] - Port size (32) does not match connection size (16) for port 'TAG_WR_ADDR'. The port definition is at: ../rtl/03_srio/srio_top.v(81).
#    Time: 0 ps  Iteration: 0  Instance: /tb_top/U_SRIO_TOP File: sim_model/tb_top.v Line: 763
# ** Warning: (vsim-3015) [PCDPC] - Port size (32) does not match connection size (8) for port 'TAG_RD_SIZE'. The port definition is at: ../rtl/03_srio/srio_top.v(90).
#    Time: 0 ps  Iteration: 0  Instance: /tb_top/U_SRIO_TOP File: sim_model/tb_top.v Line: 763
# ** Warning: (vsim-3015) [PCDPC] - Port size (8) does not match connection size (16) for port 'TAG_RD_ADDR'. The port definition is at: ../rtl/03_srio/srio_top.v(91).
#    Time: 0 ps  Iteration: 0  Instance: /tb_top/U_SRIO_TOP File: sim_model/tb_top.v Line: 763
# ** Warning: (vsim-3015) [PCDPC] - Port size (16) does not match connection size (32) for port 'TAG_REG_OP_ADDR'. The port definition is at: ../rtl/03_srio/srio_top.v(103).
#    Time: 0 ps  Iteration: 0  Instance: /tb_top/U_SRIO_TOP File: sim_model/tb_top.v Line: 763
# ** Warning: (vsim-3015) [PCDPC] - Port size (1) does not match connection size (32) for port 'DMA_RD_ADDR'. The port definition is at: ../rtl/03_srio/ini_dma_rd.v(23).
#    Time: 0 ps  Iteration: 0  Instance: /tb_top/U_SRIO_TOP/U_INI_DMA_RD File: ../rtl/03_srio/srio_top.v Line: 340
# ** Warning: (vsim-3015) [PCDPC] - Port size (32) does not match connection size (1) for port 'REG_RD_DATA'. The port definition is at: ../rtl/03_srio/ini_rx_dec.v(27).
#    Time: 0 ps  Iteration: 0  Instance: /tb_top/U_SRIO_TOP/U_INI_RX_DEC File: ../rtl/03_srio/srio_top.v Line: 457
# ** Warning: (vsim-3015) [PCDPC] - Port size (32) does not match connection size (22) for port 'AXI_RX_USER'. The port definition is at: ../rtl/03_srio/srio_rx.v(30).
#    Time: 0 ps  Iteration: 0  Instance: /tb_top/U_SRIO_TOP/U_TAG_RX File: ../rtl/03_srio/srio_top.v Line: 482
# ** Warning: (vsim-3015) [PCDPC] - Port size (32) does not match connection size (16) for port 'REG_OP_ADDR'. The port definition is at: ../rtl/03_srio/tag_rx_dec.v(31).
#    Time: 0 ps  Iteration: 0  Instance: /tb_top/U_SRIO_TOP/U_TAG_RX_DEC File: ../rtl/03_srio/srio_top.v Line: 502
# ** Warning: (vsim-3015) [PCDPC] - Port size (9) does not match connection size (8) for port 'DMA_WR_SIZE'. The port definition is at: ../rtl/03_srio/tag_rx_dec.v(36).
#    Time: 0 ps  Iteration: 0  Instance: /tb_top/U_SRIO_TOP/U_TAG_RX_DEC File: ../rtl/03_srio/srio_top.v Line: 502
# ** Warning: (vsim-3015) [PCDPC] - Port size (9) does not match connection size (32) for port 'DMA_RD_SIZE'. The port definition is at: ../rtl/03_srio/tag_rx_dec.v(43).
#    Time: 0 ps  Iteration: 0  Instance: /tb_top/U_SRIO_TOP/U_TAG_RX_DEC File: ../rtl/03_srio/srio_top.v Line: 502
# ** Warning: (vsim-3015) [PCDPC] - Port size (32) does not match connection size (8) for port 'DMA_RD_ADDR'. The port definition is at: ../rtl/03_srio/tag_rx_dec.v(44).
#    Time: 0 ps  Iteration: 0  Instance: /tb_top/U_SRIO_TOP/U_TAG_RX_DEC File: ../rtl/03_srio/srio_top.v Line: 502
# ** Warning: (vsim-3015) [PCDPC] - Port size (32) does not match connection size (16) for port 'REG_OP_ADDR'. The port definition is at: ../rtl/03_srio/tag_reg_tx.v(22).
#    Time: 0 ps  Iteration: 0  Instance: /tb_top/U_SRIO_TOP/U_TAG_REG_TX File: ../rtl/03_srio/srio_top.v Line: 539
# ** Warning: (vsim-3015) [PCDPC] - Port size (64) does not match connection size (72) for port 'din'. The port definition is at: ../rtl/00_xilinx_ip/01_sfifo/sfifo_i64o64_d512/sfifo_i64o64_d512_sim_netlist.V(20).
#    Time: 0 ps  Iteration: 0  Instance: /tb_top/U_SRIO_TOP/U_TAG_REG_TX/U_CBUF File: ../rtl/03_srio/tag_reg_tx.v Line: 110
# ** Warning: (vsim-3015) [PCDPC] - Port size (64) does not match connection size (72) for port 'dout'. The port definition is at: ../rtl/00_xilinx_ip/01_sfifo/sfifo_i64o64_d512/sfifo_i64o64_d512_sim_netlist.V(23).
#    Time: 0 ps  Iteration: 0  Instance: /tb_top/U_SRIO_TOP/U_TAG_REG_TX/U_CBUF File: ../rtl/03_srio/tag_reg_tx.v Line: 110
# ** Warning: (vsim-3015) [PCDPC] - Port size (9) does not match connection size (32) for port 'DMA_RD_SIZE'. The port definition is at: ../rtl/03_srio/tag_dma_tx.v(24).
#    Time: 0 ps  Iteration: 0  Instance: /tb_top/U_SRIO_TOP/U_TAG_DMA_TX File: ../rtl/03_srio/srio_top.v Line: 555
# ** Warning: (vsim-3015) [PCDPC] - Port size (32) does not match connection size (8) for port 'DMA_RD_ADDR'. The port definition is at: ../rtl/03_srio/tag_dma_tx.v(25).
#    Time: 0 ps  Iteration: 0  Instance: /tb_top/U_SRIO_TOP/U_TAG_DMA_TX File: ../rtl/03_srio/srio_top.v Line: 555
# ** Warning: (vsim-3015) [PCDPC] - Port size (6) does not match connection size (8) for port 'addra'. The port definition is at: ../rtl/00_xilinx_ip/03_ram/sram_i64o64_d256/sram_i64o64_d256_sim_netlist.V(20).
#    Time: 0 ps  Iteration: 0  Instance: /tb_top/U_RAM_BIST/U_BIST_BRAM File: ../rtl/04_bist/ram_bist.v Line: 113
# ** Warning: (vsim-3015) [PCDPC] - Port size (6) does not match connection size (8) for port 'addrb'. The port definition is at: ../rtl/00_xilinx_ip/03_ram/sram_i64o64_d256/sram_i64o64_d256_sim_netlist.V(23).
#    Time: 0 ps  Iteration: 0  Instance: /tb_top/U_RAM_BIST/U_BIST_BRAM File: ../rtl/04_bist/ram_bist.v Line: 113
#  
# ******<<<<<<<<<<<<<<<<<<<<<<Simulation tb_00 start>>>>>>>>>>>>>>>>>>>>>>> ******
#  
# ---- Initial simulation
# ---- clock ---- 1111 ---- enable
# ---- Wait for  64 cycles
# ---- Wait for  64 cycles end
# ---- Wait for  16 cycles
# ---- Wait for  16 cycles end
# ---- reseting by cycle
# ---- reset0   64 cycle end
# ---- Wait for  16 cycles
# ---- Wait for  16 cycles end
# ---- reseting by ns
# ---- reset1  255 ns end
# ---- Write register   PORT :0x0    ADD :0x200    DATA :0x89abcd0e
# ---- Wait for  16 cycles
# ---- Wait for  16 cycles end
# ---- Wait for 255 cycles
# ---- Wait for 255 cycles end
# ---- tb_00 test completed !
#  
# ******<<<<<<<<<<<<<<<<<<<<Simulation tb_00 Successful End>>>>>>>>>>>>>>>>>>> ******
#  
do do/compile_all.do
# ** Warning: (vlib-34) Library already exists at "work".
# Errors: 0, Warnings: 1
# Model Technology ModelSim SE-64 vmap 2020.4 Lib Mapping Utility 2020.10 Oct 13 2020
# vmap work 
# Reading C:/modeltech64_2020.4/win64/../modelsim.ini
# "work" maps to directory ./work. (Default mapping)
# Model Technology ModelSim SE-64 vlog 2020.4 Compiler 2020.10 Oct 13 2020
# Start time: 14:02:50 on Apr 22,2025
# vlog -reportprogress 300 -work work sim_model/lib/glbl.v 
# -- Compiling module glbl
# 
# Top level modules:
# 	glbl
# End time: 14:02:50 on Apr 22,2025, Elapsed time: 0:00:00
# Errors: 0, Warnings: 0
# ** Warning: (vlib-34) Library already exists at "work".
# Errors: 0, Warnings: 1
# Model Technology ModelSim SE-64 vmap 2020.4 Lib Mapping Utility 2020.10 Oct 13 2020
# vmap work 
# Reading C:/modeltech64_2020.4/win64/../modelsim.ini
# "work" maps to directory ./work. (Default mapping)
# Model Technology ModelSim SE-64 vlog 2020.4 Compiler 2020.10 Oct 13 2020
# Start time: 14:02:50 on Apr 22,2025
# vlog -reportprogress 300 -work work ../rtl/00_xilinx_ip/00_afifo/afifo_i72o72_d2048/afifo_i72o72_d2048_sim_netlist.V 
# -- Compiling module afifo_i72o72_d2048
# -- Compiling module afifo_i72o72_d2048_xpm_cdc_gray
# -- Compiling module afifo_i72o72_d2048_xpm_cdc_gray__2
# -- Compiling module afifo_i72o72_d2048_xpm_cdc_single
# -- Compiling module afifo_i72o72_d2048_xpm_cdc_single__2
# -- Compiling module afifo_i72o72_d2048_xpm_cdc_sync_rst
# -- Compiling module afifo_i72o72_d2048_xpm_cdc_sync_rst__2
# -- Compiling module glbl
# 
# Top level modules:
# 	afifo_i72o72_d2048
# 	glbl
# End time: 14:02:50 on Apr 22,2025, Elapsed time: 0:00:00
# Errors: 0, Warnings: 0
# Model Technology ModelSim SE-64 vlog 2020.4 Compiler 2020.10 Oct 13 2020
# Start time: 14:02:50 on Apr 22,2025
# vlog -reportprogress 300 -work work ../rtl/00_xilinx_ip/01_sfifo/sfifo_i32o32_d1024/sfifo_i32o32_d1024_sim_netlist.V 
# -- Compiling module sfifo_i32o32_d1024
# -- Compiling module glbl
# 
# Top level modules:
# 	sfifo_i32o32_d1024
# 	glbl
# End time: 14:02:51 on Apr 22,2025, Elapsed time: 0:00:01
# Errors: 0, Warnings: 0
# Model Technology ModelSim SE-64 vlog 2020.4 Compiler 2020.10 Oct 13 2020
# Start time: 14:02:51 on Apr 22,2025
# vlog -reportprogress 300 -work work ../rtl/00_xilinx_ip/01_sfifo/sfifo_i64o64_d512/sfifo_i64o64_d512_sim_netlist.V 
# -- Compiling module sfifo_i64o64_d512
# -- Compiling module glbl
# 
# Top level modules:
# 	sfifo_i64o64_d512
# 	glbl
# End time: 14:02:51 on Apr 22,2025, Elapsed time: 0:00:00
# Errors: 0, Warnings: 0
# Model Technology ModelSim SE-64 vlog 2020.4 Compiler 2020.10 Oct 13 2020
# Start time: 14:02:51 on Apr 22,2025
# vlog -reportprogress 300 -work work ../rtl/00_xilinx_ip/01_sfifo/sfifo_i72o72_d512/sfifo_i72o72_d512_sim_netlist.V 
# -- Compiling module sfifo_i72o72_d512
# -- Compiling module glbl
# 
# Top level modules:
# 	sfifo_i72o72_d512
# 	glbl
# End time: 14:02:51 on Apr 22,2025, Elapsed time: 0:00:00
# Errors: 0, Warnings: 0
# Model Technology ModelSim SE-64 vlog 2020.4 Compiler 2020.10 Oct 13 2020
# Start time: 14:02:51 on Apr 22,2025
# vlog -reportprogress 300 -work work ../rtl/00_xilinx_ip/03_ram/sram_i64o64_d256/sram_i64o64_d256_sim_netlist.V 
# -- Compiling module sram_i64o64_d256
# -- Compiling module glbl
# 
# Top level modules:
# 	sram_i64o64_d256
# 	glbl
# End time: 14:02:52 on Apr 22,2025, Elapsed time: 0:00:01
# Errors: 0, Warnings: 0
# Model Technology ModelSim SE-64 vlog 2020.4 Compiler 2020.10 Oct 13 2020
# Start time: 14:02:52 on Apr 22,2025
# vlog -reportprogress 300 -work work ../rtl/01_user_ip/arbita_ch6.v ../rtl/01_user_ip/pulse_gen.v 
# -- Compiling module ARBITA_CH6
# -- Compiling module PULSE_GEN
# 
# Top level modules:
# 	ARBITA_CH6
# 	PULSE_GEN
# End time: 14:02:52 on Apr 22,2025, Elapsed time: 0:00:00
# Errors: 0, Warnings: 0
# Model Technology ModelSim SE-64 vlog 2020.4 Compiler 2020.10 Oct 13 2020
# Start time: 14:02:52 on Apr 22,2025
# vlog -reportprogress 300 -work work ../rtl/03_srio/ini_dma_rd.v ../rtl/03_srio/ini_dma_wr.v ../rtl/03_srio/ini_reg_tx.v ../rtl/03_srio/ini_rx_dec.v ../rtl/03_srio/srio_rx.v ../rtl/03_srio/srio_top.v ../rtl/03_srio/srio_tx.v ../rtl/03_srio/tag_dma_tx.v ../rtl/03_srio/tag_reg_tx.v ../rtl/03_srio/tag_rx_dec.v 
# -- Compiling module INI_DMA_RD
# -- Compiling module INI_DMA_WR
# -- Compiling module INI_REG_TX
# -- Compiling module INI_RX_DEC
# -- Compiling module SRIO_RX
# -- Compiling module SRIO_TOP
# -- Compiling module SRIO_TX
# -- Compiling module TAG_DMA_TX
# -- Compiling module TAG_REG_TX
# -- Compiling module TAG_RX_DEC
# 
# Top level modules:
# 	SRIO_TOP
# End time: 14:02:52 on Apr 22,2025, Elapsed time: 0:00:00
# Errors: 0, Warnings: 0
# Model Technology ModelSim SE-64 vlog 2020.4 Compiler 2020.10 Oct 13 2020
# Start time: 14:02:52 on Apr 22,2025
# vlog -reportprogress 300 -work work ../rtl/04_bist/bist_reg.v ../rtl/04_bist/ram_bist.v 
# -- Compiling module BIST_REG
# -- Compiling module RAM_BIST
# 
# Top level modules:
# 	BIST_REG
# 	RAM_BIST
# End time: 14:02:52 on Apr 22,2025, Elapsed time: 0:00:00
# Errors: 0, Warnings: 0
# ** Warning: (vlib-34) Library already exists at "work".
# Errors: 0, Warnings: 1
# Model Technology ModelSim SE-64 vmap 2020.4 Lib Mapping Utility 2020.10 Oct 13 2020
# vmap work 
# Reading C:/modeltech64_2020.4/win64/../modelsim.ini
# "work" maps to directory ./work. (Default mapping)
# Model Technology ModelSim SE-64 vlog 2020.4 Compiler 2020.10 Oct 13 2020
# Start time: 14:02:52 on Apr 22,2025
# vlog -reportprogress 300 -work work sim_model/define/define.v 
# End time: 14:02:52 on Apr 22,2025, Elapsed time: 0:00:00
# Errors: 0, Warnings: 0
# Model Technology ModelSim SE-64 vlog 2020.4 Compiler 2020.10 Oct 13 2020
# Start time: 14:02:53 on Apr 22,2025
# vlog -reportprogress 300 "+define+tb_00=1" -work work "+incdir+{sim_model/define}" sim_model/sim_model.v 
# -- Compiling module SIM_MODEL
# 
# Top level modules:
# 	SIM_MODEL
# End time: 14:02:53 on Apr 22,2025, Elapsed time: 0:00:00
# Errors: 0, Warnings: 0
# Model Technology ModelSim SE-64 vlog 2020.4 Compiler 2020.10 Oct 13 2020
# Start time: 14:02:53 on Apr 22,2025
# vlog -reportprogress 300 "+define+tb_00=1" -work work "+incdir+{sim_model/define}" sim_model/tb_top.v 
# -- Compiling module tb_top
# 
# Top level modules:
# 	tb_top
# End time: 14:02:53 on Apr 22,2025, Elapsed time: 0:00:00
# Errors: 0, Warnings: 0
do do/tb_00.do
# Model Technology ModelSim SE-64 vlog 2020.4 Compiler 2020.10 Oct 13 2020
# Start time: 14:02:55 on Apr 22,2025
# vlog -reportprogress 300 "+define+tb_00=1" -work work sim_model\define\define.v 
# End time: 14:02:55 on Apr 22,2025, Elapsed time: 0:00:00
# Errors: 0, Warnings: 0
# Model Technology ModelSim SE-64 vlog 2020.4 Compiler 2020.10 Oct 13 2020
# Start time: 14:02:55 on Apr 22,2025
# vlog -reportprogress 300 "+define+tb_00=1" -work work "+incdir+{sim_modeldefine}" sim_model\tb_top.v 
# -- Compiling module tb_top
# 
# Top level modules:
# 	tb_top
# End time: 14:02:55 on Apr 22,2025, Elapsed time: 0:00:00
# Errors: 0, Warnings: 0
# End time: 14:02:59 on Apr 22,2025, Elapsed time: 0:07:57
# Errors: 0, Warnings: 23
# vsim -t 1ps -c -l ./log/vsim_tb_00_report.log work.tb_top -L UNISIMS_VER -L SECUREIP -L SIMPRIMS_VER -L work -voptargs="+acc" work.glbl -wav ./wave/tb_00.wlf 
# Start time: 14:02:59 on Apr 22,2025
# ** Note: (vsim-3813) Design is being optimized due to module recompilation...
# Loading work.tb_top(fast)
# Loading work.SIM_MODEL(fast)
# Loading work.SRIO_TOP(fast)
# Loading work.INI_REG_TX(fast)
# Loading work.sfifo_i72o72_d512(fast)
# Loading UNISIMS_VER.GND(fast)
# Loading UNISIMS_VER.LUT1(fast)
# Loading UNISIMS_VER.LUT2(fast)
# Loading UNISIMS_VER.LUT3(fast)
# Loading UNISIMS_VER.FDRE(fast)
# Loading UNISIMS_VER.CARRY4(fast)
# Loading UNISIMS_VER.LUT5(fast)
# Loading UNISIMS_VER.LUT5(fast__1)
# Loading UNISIMS_VER.FDSE(fast)
# Loading UNISIMS_VER.LUT4(fast)
# Loading UNISIMS_VER.LUT4(fast__1)
# Loading UNISIMS_VER.LUT3(fast__1)
# Loading UNISIMS_VER.LUT3(fast__2)
# Loading UNISIMS_VER.LUT4(fast__2)
# Loading UNISIMS_VER.LUT6(fast)
# Loading UNISIMS_VER.LUT2(fast__1)
# Loading UNISIMS_VER.LUT3(fast__3)
# Loading UNISIMS_VER.LUT4(fast__3)
# Loading UNISIMS_VER.LUT5(fast__2)
# Loading UNISIMS_VER.LUT6(fast__1)
# Loading UNISIMS_VER.LUT6(fast__2)
# Loading UNISIMS_VER.LUT4(fast__4)
# Loading UNISIMS_VER.LUT2(fast__2)
# Loading UNISIMS_VER.LUT5(fast__3)
# Loading UNISIMS_VER.LUT4(fast__5)
# Loading UNISIMS_VER.LUT1(fast__1)
# Loading UNISIMS_VER.RAMB36E1(fast)
# Loading UNISIMS_VER.RB36_INTERNAL_VLOG(fast)
# Loading work.INI_DMA_WR(fast)
# Loading work.sfifo_i64o64_d512(fast)
# Loading work.INI_DMA_RD(fast)
# Loading work.ARBITA_CH6(fast)
# Loading work.SRIO_TX(fast)
# Loading work.afifo_i72o72_d2048(fast)
# Loading work.afifo_i72o72_d2048_xpm_cdc_gray(fast)
# Loading UNISIMS_VER.LUT6(fast__3)
# Loading UNISIMS_VER.LUT5(fast__4)
# Loading UNISIMS_VER.LUT4(fast__6)
# Loading UNISIMS_VER.LUT3(fast__4)
# Loading work.afifo_i72o72_d2048_xpm_cdc_gray__2(fast)
# Loading UNISIMS_VER.LUT6(fast__4)
# Loading UNISIMS_VER.LUT4(fast__7)
# Loading UNISIMS_VER.LUT6(fast__5)
# Loading UNISIMS_VER.LUT5(fast__5)
# Loading UNISIMS_VER.LUT6(fast__6)
# Loading UNISIMS_VER.FDSE(fast__1)
# Loading UNISIMS_VER.RAMB36E1(fast__1)
# Loading UNISIMS_VER.RB36_INTERNAL_VLOG(fast__1)
# Loading UNISIMS_VER.SRL16E(fast)
# Loading UNISIMS_VER.LUT2(fast__3)
# Loading UNISIMS_VER.FDRE(fast__1)
# Loading UNISIMS_VER.LUT3(fast__5)
# Loading UNISIMS_VER.LUT4(fast__8)
# Loading UNISIMS_VER.LUT6(fast__7)
# Loading work.afifo_i72o72_d2048_xpm_cdc_single(fast)
# Loading work.afifo_i72o72_d2048_xpm_cdc_single__2(fast)
# Loading work.afifo_i72o72_d2048_xpm_cdc_sync_rst(fast)
# Loading work.afifo_i72o72_d2048_xpm_cdc_sync_rst__2(fast)
# Loading work.SRIO_RX(fast)
# Loading work.INI_RX_DEC(fast)
# Loading work.TAG_RX_DEC(fast)
# Loading work.TAG_REG_TX(fast)
# Loading work.TAG_DMA_TX(fast)
# Loading work.BIST_REG(fast)
# Loading work.RAM_BIST(fast)
# Loading work.sram_i64o64_d256(fast)
# Loading UNISIMS_VER.RAMB36E1(fast__2)
# Loading UNISIMS_VER.RB36_INTERNAL_VLOG(fast__2)
# Loading work.glbl(fast)
# ** Warning: (vsim-3015) [PCDPC] - Port size (22) does not match connection size (32) for port 'AXIS_RX_TUSER'. The port definition is at: ../rtl/03_srio/srio_top.v(44).
#    Time: 0 ps  Iteration: 0  Instance: /tb_top/U_SRIO_TOP File: sim_model/tb_top.v Line: 763
# ** Warning: (vsim-3015) [PCDPC] - Port size (32) does not match connection size (25) for port 'INI_WR_ADDR'. The port definition is at: ../rtl/03_srio/srio_top.v(55).
#    Time: 0 ps  Iteration: 0  Instance: /tb_top/U_SRIO_TOP File: sim_model/tb_top.v Line: 763
# ** Warning: (vsim-3015) [PCDPC] - Port size (8) does not match connection size (16) for port 'INI_WR_SIZE'. The port definition is at: ../rtl/03_srio/srio_top.v(56).
#    Time: 0 ps  Iteration: 0  Instance: /tb_top/U_SRIO_TOP File: sim_model/tb_top.v Line: 763
# ** Warning: (vsim-3015) [PCDPC] - Port size (8) does not match connection size (25) for port 'INI_RD_SIZE'. The port definition is at: ../rtl/03_srio/srio_top.v(64).
#    Time: 0 ps  Iteration: 0  Instance: /tb_top/U_SRIO_TOP File: sim_model/tb_top.v Line: 763
# ** Warning: (vsim-3015) [PCDPC] - Port size (32) does not match connection size (12) for port 'INI_RD_ADDR'. The port definition is at: ../rtl/03_srio/srio_top.v(65).
#    Time: 0 ps  Iteration: 0  Instance: /tb_top/U_SRIO_TOP File: sim_model/tb_top.v Line: 763
# ** Warning: (vsim-3015) [PCDPC] - Port size (32) does not match connection size (16) for port 'TAG_WR_ADDR'. The port definition is at: ../rtl/03_srio/srio_top.v(81).
#    Time: 0 ps  Iteration: 0  Instance: /tb_top/U_SRIO_TOP File: sim_model/tb_top.v Line: 763
# ** Warning: (vsim-3015) [PCDPC] - Port size (32) does not match connection size (8) for port 'TAG_RD_SIZE'. The port definition is at: ../rtl/03_srio/srio_top.v(90).
#    Time: 0 ps  Iteration: 0  Instance: /tb_top/U_SRIO_TOP File: sim_model/tb_top.v Line: 763
# ** Warning: (vsim-3015) [PCDPC] - Port size (8) does not match connection size (16) for port 'TAG_RD_ADDR'. The port definition is at: ../rtl/03_srio/srio_top.v(91).
#    Time: 0 ps  Iteration: 0  Instance: /tb_top/U_SRIO_TOP File: sim_model/tb_top.v Line: 763
# ** Warning: (vsim-3015) [PCDPC] - Port size (16) does not match connection size (32) for port 'TAG_REG_OP_ADDR'. The port definition is at: ../rtl/03_srio/srio_top.v(103).
#    Time: 0 ps  Iteration: 0  Instance: /tb_top/U_SRIO_TOP File: sim_model/tb_top.v Line: 763
# ** Warning: (vsim-3015) [PCDPC] - Port size (1) does not match connection size (32) for port 'DMA_RD_ADDR'. The port definition is at: ../rtl/03_srio/ini_dma_rd.v(23).
#    Time: 0 ps  Iteration: 0  Instance: /tb_top/U_SRIO_TOP/U_INI_DMA_RD File: ../rtl/03_srio/srio_top.v Line: 340
# ** Warning: (vsim-3015) [PCDPC] - Port size (32) does not match connection size (1) for port 'REG_RD_DATA'. The port definition is at: ../rtl/03_srio/ini_rx_dec.v(27).
#    Time: 0 ps  Iteration: 0  Instance: /tb_top/U_SRIO_TOP/U_INI_RX_DEC File: ../rtl/03_srio/srio_top.v Line: 457
# ** Warning: (vsim-3015) [PCDPC] - Port size (32) does not match connection size (22) for port 'AXI_RX_USER'. The port definition is at: ../rtl/03_srio/srio_rx.v(30).
#    Time: 0 ps  Iteration: 0  Instance: /tb_top/U_SRIO_TOP/U_TAG_RX File: ../rtl/03_srio/srio_top.v Line: 482
# ** Warning: (vsim-3015) [PCDPC] - Port size (32) does not match connection size (16) for port 'REG_OP_ADDR'. The port definition is at: ../rtl/03_srio/tag_rx_dec.v(31).
#    Time: 0 ps  Iteration: 0  Instance: /tb_top/U_SRIO_TOP/U_TAG_RX_DEC File: ../rtl/03_srio/srio_top.v Line: 502
# ** Warning: (vsim-3015) [PCDPC] - Port size (9) does not match connection size (8) for port 'DMA_WR_SIZE'. The port definition is at: ../rtl/03_srio/tag_rx_dec.v(36).
#    Time: 0 ps  Iteration: 0  Instance: /tb_top/U_SRIO_TOP/U_TAG_RX_DEC File: ../rtl/03_srio/srio_top.v Line: 502
# ** Warning: (vsim-3015) [PCDPC] - Port size (9) does not match connection size (32) for port 'DMA_RD_SIZE'. The port definition is at: ../rtl/03_srio/tag_rx_dec.v(43).
#    Time: 0 ps  Iteration: 0  Instance: /tb_top/U_SRIO_TOP/U_TAG_RX_DEC File: ../rtl/03_srio/srio_top.v Line: 502
# ** Warning: (vsim-3015) [PCDPC] - Port size (32) does not match connection size (8) for port 'DMA_RD_ADDR'. The port definition is at: ../rtl/03_srio/tag_rx_dec.v(44).
#    Time: 0 ps  Iteration: 0  Instance: /tb_top/U_SRIO_TOP/U_TAG_RX_DEC File: ../rtl/03_srio/srio_top.v Line: 502
# ** Warning: (vsim-3015) [PCDPC] - Port size (32) does not match connection size (16) for port 'REG_OP_ADDR'. The port definition is at: ../rtl/03_srio/tag_reg_tx.v(22).
#    Time: 0 ps  Iteration: 0  Instance: /tb_top/U_SRIO_TOP/U_TAG_REG_TX File: ../rtl/03_srio/srio_top.v Line: 539
# ** Warning: (vsim-3015) [PCDPC] - Port size (64) does not match connection size (72) for port 'din'. The port definition is at: ../rtl/00_xilinx_ip/01_sfifo/sfifo_i64o64_d512/sfifo_i64o64_d512_sim_netlist.V(20).
#    Time: 0 ps  Iteration: 0  Instance: /tb_top/U_SRIO_TOP/U_TAG_REG_TX/U_CBUF File: ../rtl/03_srio/tag_reg_tx.v Line: 110
# ** Warning: (vsim-3015) [PCDPC] - Port size (64) does not match connection size (72) for port 'dout'. The port definition is at: ../rtl/00_xilinx_ip/01_sfifo/sfifo_i64o64_d512/sfifo_i64o64_d512_sim_netlist.V(23).
#    Time: 0 ps  Iteration: 0  Instance: /tb_top/U_SRIO_TOP/U_TAG_REG_TX/U_CBUF File: ../rtl/03_srio/tag_reg_tx.v Line: 110
# ** Warning: (vsim-3015) [PCDPC] - Port size (9) does not match connection size (32) for port 'DMA_RD_SIZE'. The port definition is at: ../rtl/03_srio/tag_dma_tx.v(24).
#    Time: 0 ps  Iteration: 0  Instance: /tb_top/U_SRIO_TOP/U_TAG_DMA_TX File: ../rtl/03_srio/srio_top.v Line: 555
# ** Warning: (vsim-3015) [PCDPC] - Port size (32) does not match connection size (8) for port 'DMA_RD_ADDR'. The port definition is at: ../rtl/03_srio/tag_dma_tx.v(25).
#    Time: 0 ps  Iteration: 0  Instance: /tb_top/U_SRIO_TOP/U_TAG_DMA_TX File: ../rtl/03_srio/srio_top.v Line: 555
# ** Warning: (vsim-3015) [PCDPC] - Port size (6) does not match connection size (8) for port 'addra'. The port definition is at: ../rtl/00_xilinx_ip/03_ram/sram_i64o64_d256/sram_i64o64_d256_sim_netlist.V(20).
#    Time: 0 ps  Iteration: 0  Instance: /tb_top/U_RAM_BIST/U_BIST_BRAM File: ../rtl/04_bist/ram_bist.v Line: 113
# ** Warning: (vsim-3015) [PCDPC] - Port size (6) does not match connection size (8) for port 'addrb'. The port definition is at: ../rtl/00_xilinx_ip/03_ram/sram_i64o64_d256/sram_i64o64_d256_sim_netlist.V(23).
#    Time: 0 ps  Iteration: 0  Instance: /tb_top/U_RAM_BIST/U_BIST_BRAM File: ../rtl/04_bist/ram_bist.v Line: 113
#  
# ******<<<<<<<<<<<<<<<<<<<<<<Simulation tb_00 start>>>>>>>>>>>>>>>>>>>>>>> ******
#  
# ---- Initial simulation
# ---- clock ---- 1111 ---- enable
# ---- Wait for  64 cycles
# ---- Wait for  64 cycles end
# ---- Wait for  16 cycles
# ---- Wait for  16 cycles end
# ---- reseting by cycle
# ---- reset0   64 cycle end
# ---- Wait for  16 cycles
# ---- Wait for  16 cycles end
# ---- reseting by ns
# ---- reset1  255 ns end
# ---- Write register   PORT :0x0    ADD :0x200    DATA :0x89abcd0e
# ---- Wait for  16 cycles
# ---- Wait for  16 cycles end
# ---- Wait for 255 cycles
# ---- Wait for 255 cycles end
# ---- tb_00 test completed !
#  
# ******<<<<<<<<<<<<<<<<<<<<Simulation tb_00 Successful End>>>>>>>>>>>>>>>>>>> ******
#  
do do/compile_all.do
# ** Warning: (vlib-34) Library already exists at "work".
# Errors: 0, Warnings: 1
# Model Technology ModelSim SE-64 vmap 2020.4 Lib Mapping Utility 2020.10 Oct 13 2020
# vmap work 
# Reading C:/modeltech64_2020.4/win64/../modelsim.ini
# "work" maps to directory ./work. (Default mapping)
# Model Technology ModelSim SE-64 vlog 2020.4 Compiler 2020.10 Oct 13 2020
# Start time: 14:09:07 on Apr 22,2025
# vlog -reportprogress 300 -work work sim_model/lib/glbl.v 
# -- Compiling module glbl
# 
# Top level modules:
# 	glbl
# End time: 14:09:07 on Apr 22,2025, Elapsed time: 0:00:00
# Errors: 0, Warnings: 0
# ** Warning: (vlib-34) Library already exists at "work".
# Errors: 0, Warnings: 1
# Model Technology ModelSim SE-64 vmap 2020.4 Lib Mapping Utility 2020.10 Oct 13 2020
# vmap work 
# Reading C:/modeltech64_2020.4/win64/../modelsim.ini
# "work" maps to directory ./work. (Default mapping)
# Model Technology ModelSim SE-64 vlog 2020.4 Compiler 2020.10 Oct 13 2020
# Start time: 14:09:08 on Apr 22,2025
# vlog -reportprogress 300 -work work ../rtl/00_xilinx_ip/00_afifo/afifo_i72o72_d2048/afifo_i72o72_d2048_sim_netlist.V 
# -- Compiling module afifo_i72o72_d2048
# -- Compiling module afifo_i72o72_d2048_xpm_cdc_gray
# -- Compiling module afifo_i72o72_d2048_xpm_cdc_gray__2
# -- Compiling module afifo_i72o72_d2048_xpm_cdc_single
# -- Compiling module afifo_i72o72_d2048_xpm_cdc_single__2
# -- Compiling module afifo_i72o72_d2048_xpm_cdc_sync_rst
# -- Compiling module afifo_i72o72_d2048_xpm_cdc_sync_rst__2
# -- Compiling module glbl
# 
# Top level modules:
# 	afifo_i72o72_d2048
# 	glbl
# End time: 14:09:08 on Apr 22,2025, Elapsed time: 0:00:00
# Errors: 0, Warnings: 0
# Model Technology ModelSim SE-64 vlog 2020.4 Compiler 2020.10 Oct 13 2020
# Start time: 14:09:08 on Apr 22,2025
# vlog -reportprogress 300 -work work ../rtl/00_xilinx_ip/01_sfifo/sfifo_i32o32_d1024/sfifo_i32o32_d1024_sim_netlist.V 
# -- Compiling module sfifo_i32o32_d1024
# -- Compiling module glbl
# 
# Top level modules:
# 	sfifo_i32o32_d1024
# 	glbl
# End time: 14:09:08 on Apr 22,2025, Elapsed time: 0:00:00
# Errors: 0, Warnings: 0
# Model Technology ModelSim SE-64 vlog 2020.4 Compiler 2020.10 Oct 13 2020
# Start time: 14:09:08 on Apr 22,2025
# vlog -reportprogress 300 -work work ../rtl/00_xilinx_ip/01_sfifo/sfifo_i64o64_d512/sfifo_i64o64_d512_sim_netlist.V 
# -- Compiling module sfifo_i64o64_d512
# -- Compiling module glbl
# 
# Top level modules:
# 	sfifo_i64o64_d512
# 	glbl
# End time: 14:09:08 on Apr 22,2025, Elapsed time: 0:00:00
# Errors: 0, Warnings: 0
# Model Technology ModelSim SE-64 vlog 2020.4 Compiler 2020.10 Oct 13 2020
# Start time: 14:09:09 on Apr 22,2025
# vlog -reportprogress 300 -work work ../rtl/00_xilinx_ip/01_sfifo/sfifo_i72o72_d512/sfifo_i72o72_d512_sim_netlist.V 
# -- Compiling module sfifo_i72o72_d512
# -- Compiling module glbl
# 
# Top level modules:
# 	sfifo_i72o72_d512
# 	glbl
# End time: 14:09:09 on Apr 22,2025, Elapsed time: 0:00:00
# Errors: 0, Warnings: 0
# Model Technology ModelSim SE-64 vlog 2020.4 Compiler 2020.10 Oct 13 2020
# Start time: 14:09:09 on Apr 22,2025
# vlog -reportprogress 300 -work work ../rtl/00_xilinx_ip/03_ram/sram_i64o64_d256/sram_i64o64_d256_sim_netlist.V 
# -- Compiling module sram_i64o64_d256
# -- Compiling module glbl
# 
# Top level modules:
# 	sram_i64o64_d256
# 	glbl
# End time: 14:09:09 on Apr 22,2025, Elapsed time: 0:00:00
# Errors: 0, Warnings: 0
# Model Technology ModelSim SE-64 vlog 2020.4 Compiler 2020.10 Oct 13 2020
# Start time: 14:09:09 on Apr 22,2025
# vlog -reportprogress 300 -work work ../rtl/01_user_ip/arbita_ch6.v ../rtl/01_user_ip/pulse_gen.v 
# -- Compiling module ARBITA_CH6
# -- Compiling module PULSE_GEN
# 
# Top level modules:
# 	ARBITA_CH6
# 	PULSE_GEN
# End time: 14:09:09 on Apr 22,2025, Elapsed time: 0:00:00
# Errors: 0, Warnings: 0
# Model Technology ModelSim SE-64 vlog 2020.4 Compiler 2020.10 Oct 13 2020
# Start time: 14:09:09 on Apr 22,2025
# vlog -reportprogress 300 -work work ../rtl/03_srio/ini_dma_rd.v ../rtl/03_srio/ini_dma_wr.v ../rtl/03_srio/ini_reg_tx.v ../rtl/03_srio/ini_rx_dec.v ../rtl/03_srio/srio_rx.v ../rtl/03_srio/srio_top.v ../rtl/03_srio/srio_tx.v ../rtl/03_srio/tag_dma_tx.v ../rtl/03_srio/tag_reg_tx.v ../rtl/03_srio/tag_rx_dec.v 
# -- Compiling module INI_DMA_RD
# -- Compiling module INI_DMA_WR
# -- Compiling module INI_REG_TX
# -- Compiling module INI_RX_DEC
# -- Compiling module SRIO_RX
# -- Compiling module SRIO_TOP
# -- Compiling module SRIO_TX
# -- Compiling module TAG_DMA_TX
# -- Compiling module TAG_REG_TX
# -- Compiling module TAG_RX_DEC
# 
# Top level modules:
# 	SRIO_TOP
# End time: 14:09:09 on Apr 22,2025, Elapsed time: 0:00:00
# Errors: 0, Warnings: 0
# Model Technology ModelSim SE-64 vlog 2020.4 Compiler 2020.10 Oct 13 2020
# Start time: 14:09:10 on Apr 22,2025
# vlog -reportprogress 300 -work work ../rtl/04_bist/bist_reg.v ../rtl/04_bist/ram_bist.v 
# -- Compiling module BIST_REG
# -- Compiling module RAM_BIST
# 
# Top level modules:
# 	BIST_REG
# 	RAM_BIST
# End time: 14:09:10 on Apr 22,2025, Elapsed time: 0:00:00
# Errors: 0, Warnings: 0
# ** Warning: (vlib-34) Library already exists at "work".
# Errors: 0, Warnings: 1
# Model Technology ModelSim SE-64 vmap 2020.4 Lib Mapping Utility 2020.10 Oct 13 2020
# vmap work 
# Reading C:/modeltech64_2020.4/win64/../modelsim.ini
# "work" maps to directory ./work. (Default mapping)
# Model Technology ModelSim SE-64 vlog 2020.4 Compiler 2020.10 Oct 13 2020
# Start time: 14:09:10 on Apr 22,2025
# vlog -reportprogress 300 -work work sim_model/define/define.v 
# End time: 14:09:10 on Apr 22,2025, Elapsed time: 0:00:00
# Errors: 0, Warnings: 0
# Model Technology ModelSim SE-64 vlog 2020.4 Compiler 2020.10 Oct 13 2020
# Start time: 14:09:10 on Apr 22,2025
# vlog -reportprogress 300 "+define+tb_00=1" -work work "+incdir+{sim_model/define}" sim_model/sim_model.v 
# -- Compiling module SIM_MODEL
# 
# Top level modules:
# 	SIM_MODEL
# End time: 14:09:10 on Apr 22,2025, Elapsed time: 0:00:00
# Errors: 0, Warnings: 0
# Model Technology ModelSim SE-64 vlog 2020.4 Compiler 2020.10 Oct 13 2020
# Start time: 14:09:10 on Apr 22,2025
# vlog -reportprogress 300 "+define+tb_00=1" -work work "+incdir+{sim_model/define}" sim_model/tb_top.v 
# -- Compiling module tb_top
# 
# Top level modules:
# 	tb_top
# End time: 14:09:10 on Apr 22,2025, Elapsed time: 0:00:00
# Errors: 0, Warnings: 0
do do/tb_00.do
# Model Technology ModelSim SE-64 vlog 2020.4 Compiler 2020.10 Oct 13 2020
# Start time: 14:09:12 on Apr 22,2025
# vlog -reportprogress 300 "+define+tb_00=1" -work work sim_model\define\define.v 
# End time: 14:09:13 on Apr 22,2025, Elapsed time: 0:00:01
# Errors: 0, Warnings: 0
# Model Technology ModelSim SE-64 vlog 2020.4 Compiler 2020.10 Oct 13 2020
# Start time: 14:09:13 on Apr 22,2025
# vlog -reportprogress 300 "+define+tb_00=1" -work work "+incdir+{sim_modeldefine}" sim_model\tb_top.v 
# -- Compiling module tb_top
# 
# Top level modules:
# 	tb_top
# End time: 14:09:13 on Apr 22,2025, Elapsed time: 0:00:00
# Errors: 0, Warnings: 0
# End time: 14:09:16 on Apr 22,2025, Elapsed time: 0:06:17
# Errors: 0, Warnings: 23
# vsim -t 1ps -c -l ./log/vsim_tb_00_report.log work.tb_top -L UNISIMS_VER -L SECUREIP -L SIMPRIMS_VER -L work -voptargs="+acc" work.glbl -wav ./wave/tb_00.wlf 
# Start time: 14:09:16 on Apr 22,2025
# ** Note: (vsim-3813) Design is being optimized due to module recompilation...
# Loading work.tb_top(fast)
# Loading work.SIM_MODEL(fast)
# Loading work.SRIO_TOP(fast)
# Loading work.INI_REG_TX(fast)
# Loading work.sfifo_i72o72_d512(fast)
# Loading UNISIMS_VER.GND(fast)
# Loading UNISIMS_VER.LUT1(fast)
# Loading UNISIMS_VER.LUT2(fast)
# Loading UNISIMS_VER.LUT3(fast)
# Loading UNISIMS_VER.FDRE(fast)
# Loading UNISIMS_VER.CARRY4(fast)
# Loading UNISIMS_VER.LUT5(fast)
# Loading UNISIMS_VER.LUT5(fast__1)
# Loading UNISIMS_VER.FDSE(fast)
# Loading UNISIMS_VER.LUT4(fast)
# Loading UNISIMS_VER.LUT4(fast__1)
# Loading UNISIMS_VER.LUT3(fast__1)
# Loading UNISIMS_VER.LUT3(fast__2)
# Loading UNISIMS_VER.LUT4(fast__2)
# Loading UNISIMS_VER.LUT6(fast)
# Loading UNISIMS_VER.LUT2(fast__1)
# Loading UNISIMS_VER.LUT3(fast__3)
# Loading UNISIMS_VER.LUT4(fast__3)
# Loading UNISIMS_VER.LUT5(fast__2)
# Loading UNISIMS_VER.LUT6(fast__1)
# Loading UNISIMS_VER.LUT6(fast__2)
# Loading UNISIMS_VER.LUT4(fast__4)
# Loading UNISIMS_VER.LUT2(fast__2)
# Loading UNISIMS_VER.LUT5(fast__3)
# Loading UNISIMS_VER.LUT4(fast__5)
# Loading UNISIMS_VER.LUT1(fast__1)
# Loading UNISIMS_VER.RAMB36E1(fast)
# Loading UNISIMS_VER.RB36_INTERNAL_VLOG(fast)
# Loading work.INI_DMA_WR(fast)
# Loading work.sfifo_i64o64_d512(fast)
# Loading work.INI_DMA_RD(fast)
# Loading work.ARBITA_CH6(fast)
# Loading work.SRIO_TX(fast)
# Loading work.afifo_i72o72_d2048(fast)
# Loading work.afifo_i72o72_d2048_xpm_cdc_gray(fast)
# Loading UNISIMS_VER.LUT6(fast__3)
# Loading UNISIMS_VER.LUT5(fast__4)
# Loading UNISIMS_VER.LUT4(fast__6)
# Loading UNISIMS_VER.LUT3(fast__4)
# Loading work.afifo_i72o72_d2048_xpm_cdc_gray__2(fast)
# Loading UNISIMS_VER.LUT6(fast__4)
# Loading UNISIMS_VER.LUT4(fast__7)
# Loading UNISIMS_VER.LUT6(fast__5)
# Loading UNISIMS_VER.LUT5(fast__5)
# Loading UNISIMS_VER.LUT6(fast__6)
# Loading UNISIMS_VER.FDSE(fast__1)
# Loading UNISIMS_VER.RAMB36E1(fast__1)
# Loading UNISIMS_VER.RB36_INTERNAL_VLOG(fast__1)
# Loading UNISIMS_VER.SRL16E(fast)
# Loading UNISIMS_VER.LUT2(fast__3)
# Loading UNISIMS_VER.FDRE(fast__1)
# Loading UNISIMS_VER.LUT3(fast__5)
# Loading UNISIMS_VER.LUT4(fast__8)
# Loading UNISIMS_VER.LUT6(fast__7)
# Loading work.afifo_i72o72_d2048_xpm_cdc_single(fast)
# Loading work.afifo_i72o72_d2048_xpm_cdc_single__2(fast)
# Loading work.afifo_i72o72_d2048_xpm_cdc_sync_rst(fast)
# Loading work.afifo_i72o72_d2048_xpm_cdc_sync_rst__2(fast)
# Loading work.SRIO_RX(fast)
# Loading work.INI_RX_DEC(fast)
# Loading work.TAG_RX_DEC(fast)
# Loading work.TAG_REG_TX(fast)
# Loading work.TAG_DMA_TX(fast)
# Loading work.BIST_REG(fast)
# Loading work.RAM_BIST(fast)
# Loading work.sram_i64o64_d256(fast)
# Loading UNISIMS_VER.RAMB36E1(fast__2)
# Loading UNISIMS_VER.RB36_INTERNAL_VLOG(fast__2)
# Loading work.glbl(fast)
# ** Warning: (vsim-3015) [PCDPC] - Port size (32) does not match connection size (25) for port 'INI_WR_ADDR'. The port definition is at: ../rtl/03_srio/srio_top.v(55).
#    Time: 0 ps  Iteration: 0  Instance: /tb_top/U_SRIO_TOP File: sim_model/tb_top.v Line: 763
# ** Warning: (vsim-3015) [PCDPC] - Port size (8) does not match connection size (16) for port 'INI_WR_SIZE'. The port definition is at: ../rtl/03_srio/srio_top.v(56).
#    Time: 0 ps  Iteration: 0  Instance: /tb_top/U_SRIO_TOP File: sim_model/tb_top.v Line: 763
# ** Warning: (vsim-3015) [PCDPC] - Port size (8) does not match connection size (25) for port 'INI_RD_SIZE'. The port definition is at: ../rtl/03_srio/srio_top.v(64).
#    Time: 0 ps  Iteration: 0  Instance: /tb_top/U_SRIO_TOP File: sim_model/tb_top.v Line: 763
# ** Warning: (vsim-3015) [PCDPC] - Port size (32) does not match connection size (12) for port 'INI_RD_ADDR'. The port definition is at: ../rtl/03_srio/srio_top.v(65).
#    Time: 0 ps  Iteration: 0  Instance: /tb_top/U_SRIO_TOP File: sim_model/tb_top.v Line: 763
# ** Warning: (vsim-3015) [PCDPC] - Port size (32) does not match connection size (16) for port 'TAG_WR_ADDR'. The port definition is at: ../rtl/03_srio/srio_top.v(81).
#    Time: 0 ps  Iteration: 0  Instance: /tb_top/U_SRIO_TOP File: sim_model/tb_top.v Line: 763
# ** Warning: (vsim-3015) [PCDPC] - Port size (32) does not match connection size (8) for port 'TAG_RD_SIZE'. The port definition is at: ../rtl/03_srio/srio_top.v(90).
#    Time: 0 ps  Iteration: 0  Instance: /tb_top/U_SRIO_TOP File: sim_model/tb_top.v Line: 763
# ** Warning: (vsim-3015) [PCDPC] - Port size (8) does not match connection size (16) for port 'TAG_RD_ADDR'. The port definition is at: ../rtl/03_srio/srio_top.v(91).
#    Time: 0 ps  Iteration: 0  Instance: /tb_top/U_SRIO_TOP File: sim_model/tb_top.v Line: 763
# ** Warning: (vsim-3015) [PCDPC] - Port size (16) does not match connection size (32) for port 'TAG_REG_OP_ADDR'. The port definition is at: ../rtl/03_srio/srio_top.v(103).
#    Time: 0 ps  Iteration: 0  Instance: /tb_top/U_SRIO_TOP File: sim_model/tb_top.v Line: 763
# ** Warning: (vsim-3015) [PCDPC] - Port size (1) does not match connection size (32) for port 'DMA_RD_ADDR'. The port definition is at: ../rtl/03_srio/ini_dma_rd.v(23).
#    Time: 0 ps  Iteration: 0  Instance: /tb_top/U_SRIO_TOP/U_INI_DMA_RD File: ../rtl/03_srio/srio_top.v Line: 340
# ** Warning: (vsim-3015) [PCDPC] - Port size (32) does not match connection size (1) for port 'REG_RD_DATA'. The port definition is at: ../rtl/03_srio/ini_rx_dec.v(27).
#    Time: 0 ps  Iteration: 0  Instance: /tb_top/U_SRIO_TOP/U_INI_RX_DEC File: ../rtl/03_srio/srio_top.v Line: 457
# ** Warning: (vsim-3015) [PCDPC] - Port size (32) does not match connection size (16) for port 'REG_OP_ADDR'. The port definition is at: ../rtl/03_srio/tag_rx_dec.v(31).
#    Time: 0 ps  Iteration: 0  Instance: /tb_top/U_SRIO_TOP/U_TAG_RX_DEC File: ../rtl/03_srio/srio_top.v Line: 502
# ** Warning: (vsim-3015) [PCDPC] - Port size (9) does not match connection size (8) for port 'DMA_WR_SIZE'. The port definition is at: ../rtl/03_srio/tag_rx_dec.v(36).
#    Time: 0 ps  Iteration: 0  Instance: /tb_top/U_SRIO_TOP/U_TAG_RX_DEC File: ../rtl/03_srio/srio_top.v Line: 502
# ** Warning: (vsim-3015) [PCDPC] - Port size (9) does not match connection size (32) for port 'DMA_RD_SIZE'. The port definition is at: ../rtl/03_srio/tag_rx_dec.v(43).
#    Time: 0 ps  Iteration: 0  Instance: /tb_top/U_SRIO_TOP/U_TAG_RX_DEC File: ../rtl/03_srio/srio_top.v Line: 502
# ** Warning: (vsim-3015) [PCDPC] - Port size (32) does not match connection size (8) for port 'DMA_RD_ADDR'. The port definition is at: ../rtl/03_srio/tag_rx_dec.v(44).
#    Time: 0 ps  Iteration: 0  Instance: /tb_top/U_SRIO_TOP/U_TAG_RX_DEC File: ../rtl/03_srio/srio_top.v Line: 502
# ** Warning: (vsim-3015) [PCDPC] - Port size (32) does not match connection size (16) for port 'REG_OP_ADDR'. The port definition is at: ../rtl/03_srio/tag_reg_tx.v(22).
#    Time: 0 ps  Iteration: 0  Instance: /tb_top/U_SRIO_TOP/U_TAG_REG_TX File: ../rtl/03_srio/srio_top.v Line: 539
# ** Warning: (vsim-3015) [PCDPC] - Port size (64) does not match connection size (72) for port 'din'. The port definition is at: ../rtl/00_xilinx_ip/01_sfifo/sfifo_i64o64_d512/sfifo_i64o64_d512_sim_netlist.V(20).
#    Time: 0 ps  Iteration: 0  Instance: /tb_top/U_SRIO_TOP/U_TAG_REG_TX/U_CBUF File: ../rtl/03_srio/tag_reg_tx.v Line: 110
# ** Warning: (vsim-3015) [PCDPC] - Port size (64) does not match connection size (72) for port 'dout'. The port definition is at: ../rtl/00_xilinx_ip/01_sfifo/sfifo_i64o64_d512/sfifo_i64o64_d512_sim_netlist.V(23).
#    Time: 0 ps  Iteration: 0  Instance: /tb_top/U_SRIO_TOP/U_TAG_REG_TX/U_CBUF File: ../rtl/03_srio/tag_reg_tx.v Line: 110
# ** Warning: (vsim-3015) [PCDPC] - Port size (9) does not match connection size (32) for port 'DMA_RD_SIZE'. The port definition is at: ../rtl/03_srio/tag_dma_tx.v(24).
#    Time: 0 ps  Iteration: 0  Instance: /tb_top/U_SRIO_TOP/U_TAG_DMA_TX File: ../rtl/03_srio/srio_top.v Line: 555
# ** Warning: (vsim-3015) [PCDPC] - Port size (32) does not match connection size (8) for port 'DMA_RD_ADDR'. The port definition is at: ../rtl/03_srio/tag_dma_tx.v(25).
#    Time: 0 ps  Iteration: 0  Instance: /tb_top/U_SRIO_TOP/U_TAG_DMA_TX File: ../rtl/03_srio/srio_top.v Line: 555
# ** Warning: (vsim-3015) [PCDPC] - Port size (6) does not match connection size (8) for port 'addra'. The port definition is at: ../rtl/00_xilinx_ip/03_ram/sram_i64o64_d256/sram_i64o64_d256_sim_netlist.V(20).
#    Time: 0 ps  Iteration: 0  Instance: /tb_top/U_RAM_BIST/U_BIST_BRAM File: ../rtl/04_bist/ram_bist.v Line: 113
# ** Warning: (vsim-3015) [PCDPC] - Port size (6) does not match connection size (8) for port 'addrb'. The port definition is at: ../rtl/00_xilinx_ip/03_ram/sram_i64o64_d256/sram_i64o64_d256_sim_netlist.V(23).
#    Time: 0 ps  Iteration: 0  Instance: /tb_top/U_RAM_BIST/U_BIST_BRAM File: ../rtl/04_bist/ram_bist.v Line: 113
#  
# ******<<<<<<<<<<<<<<<<<<<<<<Simulation tb_00 start>>>>>>>>>>>>>>>>>>>>>>> ******
#  
# ---- Initial simulation
# ---- clock ---- 1111 ---- enable
# ---- Wait for  64 cycles
# ---- Wait for  64 cycles end
# ---- Wait for  16 cycles
# ---- Wait for  16 cycles end
# ---- reseting by cycle
# ---- reset0   64 cycle end
# ---- Wait for  16 cycles
# ---- Wait for  16 cycles end
# ---- reseting by ns
# ---- reset1  255 ns end
# ---- Write register   PORT :0x0    ADD :0x200    DATA :0x89abcd0e
# ---- Wait for  16 cycles
# ---- Wait for  16 cycles end
# ---- Wait for 255 cycles
# ---- Wait for 255 cycles end
# ---- tb_00 test completed !
#  
# ******<<<<<<<<<<<<<<<<<<<<Simulation tb_00 Successful End>>>>>>>>>>>>>>>>>>> ******
#  
do do/compile_all.do
# ** Warning: (vlib-34) Library already exists at "work".
# Errors: 0, Warnings: 1
# Model Technology ModelSim SE-64 vmap 2020.4 Lib Mapping Utility 2020.10 Oct 13 2020
# vmap work 
# Reading C:/modeltech64_2020.4/win64/../modelsim.ini
# "work" maps to directory ./work. (Default mapping)
# Model Technology ModelSim SE-64 vlog 2020.4 Compiler 2020.10 Oct 13 2020
# Start time: 14:13:54 on Apr 22,2025
# vlog -reportprogress 300 -work work sim_model/lib/glbl.v 
# -- Compiling module glbl
# 
# Top level modules:
# 	glbl
# End time: 14:13:54 on Apr 22,2025, Elapsed time: 0:00:00
# Errors: 0, Warnings: 0
# ** Warning: (vlib-34) Library already exists at "work".
# Errors: 0, Warnings: 1
# Model Technology ModelSim SE-64 vmap 2020.4 Lib Mapping Utility 2020.10 Oct 13 2020
# vmap work 
# Reading C:/modeltech64_2020.4/win64/../modelsim.ini
# "work" maps to directory ./work. (Default mapping)
# Model Technology ModelSim SE-64 vlog 2020.4 Compiler 2020.10 Oct 13 2020
# Start time: 14:13:54 on Apr 22,2025
# vlog -reportprogress 300 -work work ../rtl/00_xilinx_ip/00_afifo/afifo_i72o72_d2048/afifo_i72o72_d2048_sim_netlist.V 
# -- Compiling module afifo_i72o72_d2048
# -- Compiling module afifo_i72o72_d2048_xpm_cdc_gray
# -- Compiling module afifo_i72o72_d2048_xpm_cdc_gray__2
# -- Compiling module afifo_i72o72_d2048_xpm_cdc_single
# -- Compiling module afifo_i72o72_d2048_xpm_cdc_single__2
# -- Compiling module afifo_i72o72_d2048_xpm_cdc_sync_rst
# -- Compiling module afifo_i72o72_d2048_xpm_cdc_sync_rst__2
# -- Compiling module glbl
# 
# Top level modules:
# 	afifo_i72o72_d2048
# 	glbl
# End time: 14:13:54 on Apr 22,2025, Elapsed time: 0:00:00
# Errors: 0, Warnings: 0
# Model Technology ModelSim SE-64 vlog 2020.4 Compiler 2020.10 Oct 13 2020
# Start time: 14:13:54 on Apr 22,2025
# vlog -reportprogress 300 -work work ../rtl/00_xilinx_ip/01_sfifo/sfifo_i32o32_d1024/sfifo_i32o32_d1024_sim_netlist.V 
# -- Compiling module sfifo_i32o32_d1024
# -- Compiling module glbl
# 
# Top level modules:
# 	sfifo_i32o32_d1024
# 	glbl
# End time: 14:13:55 on Apr 22,2025, Elapsed time: 0:00:01
# Errors: 0, Warnings: 0
# Model Technology ModelSim SE-64 vlog 2020.4 Compiler 2020.10 Oct 13 2020
# Start time: 14:13:55 on Apr 22,2025
# vlog -reportprogress 300 -work work ../rtl/00_xilinx_ip/01_sfifo/sfifo_i64o64_d512/sfifo_i64o64_d512_sim_netlist.V 
# -- Compiling module sfifo_i64o64_d512
# -- Compiling module glbl
# 
# Top level modules:
# 	sfifo_i64o64_d512
# 	glbl
# End time: 14:13:55 on Apr 22,2025, Elapsed time: 0:00:00
# Errors: 0, Warnings: 0
# Model Technology ModelSim SE-64 vlog 2020.4 Compiler 2020.10 Oct 13 2020
# Start time: 14:13:55 on Apr 22,2025
# vlog -reportprogress 300 -work work ../rtl/00_xilinx_ip/01_sfifo/sfifo_i72o72_d512/sfifo_i72o72_d512_sim_netlist.V 
# -- Compiling module sfifo_i72o72_d512
# -- Compiling module glbl
# 
# Top level modules:
# 	sfifo_i72o72_d512
# 	glbl
# End time: 14:13:55 on Apr 22,2025, Elapsed time: 0:00:00
# Errors: 0, Warnings: 0
# Model Technology ModelSim SE-64 vlog 2020.4 Compiler 2020.10 Oct 13 2020
# Start time: 14:13:55 on Apr 22,2025
# vlog -reportprogress 300 -work work ../rtl/00_xilinx_ip/03_ram/sram_i64o64_d256/sram_i64o64_d256_sim_netlist.V 
# -- Compiling module sram_i64o64_d256
# -- Compiling module glbl
# 
# Top level modules:
# 	sram_i64o64_d256
# 	glbl
# End time: 14:13:56 on Apr 22,2025, Elapsed time: 0:00:01
# Errors: 0, Warnings: 0
# Model Technology ModelSim SE-64 vlog 2020.4 Compiler 2020.10 Oct 13 2020
# Start time: 14:13:56 on Apr 22,2025
# vlog -reportprogress 300 -work work ../rtl/01_user_ip/arbita_ch6.v ../rtl/01_user_ip/pulse_gen.v 
# -- Compiling module ARBITA_CH6
# -- Compiling module PULSE_GEN
# 
# Top level modules:
# 	ARBITA_CH6
# 	PULSE_GEN
# End time: 14:13:56 on Apr 22,2025, Elapsed time: 0:00:00
# Errors: 0, Warnings: 0
# Model Technology ModelSim SE-64 vlog 2020.4 Compiler 2020.10 Oct 13 2020
# Start time: 14:13:56 on Apr 22,2025
# vlog -reportprogress 300 -work work ../rtl/03_srio/ini_dma_rd.v ../rtl/03_srio/ini_dma_wr.v ../rtl/03_srio/ini_reg_tx.v ../rtl/03_srio/ini_rx_dec.v ../rtl/03_srio/srio_rx.v ../rtl/03_srio/srio_top.v ../rtl/03_srio/srio_tx.v ../rtl/03_srio/tag_dma_tx.v ../rtl/03_srio/tag_reg_tx.v ../rtl/03_srio/tag_rx_dec.v 
# -- Compiling module INI_DMA_RD
# -- Compiling module INI_DMA_WR
# -- Compiling module INI_REG_TX
# -- Compiling module INI_RX_DEC
# -- Compiling module SRIO_RX
# -- Compiling module SRIO_TOP
# -- Compiling module SRIO_TX
# -- Compiling module TAG_DMA_TX
# -- Compiling module TAG_REG_TX
# -- Compiling module TAG_RX_DEC
# 
# Top level modules:
# 	SRIO_TOP
# End time: 14:13:56 on Apr 22,2025, Elapsed time: 0:00:00
# Errors: 0, Warnings: 0
# Model Technology ModelSim SE-64 vlog 2020.4 Compiler 2020.10 Oct 13 2020
# Start time: 14:13:56 on Apr 22,2025
# vlog -reportprogress 300 -work work ../rtl/04_bist/bist_reg.v ../rtl/04_bist/ram_bist.v 
# -- Compiling module BIST_REG
# -- Compiling module RAM_BIST
# 
# Top level modules:
# 	BIST_REG
# 	RAM_BIST
# End time: 14:13:56 on Apr 22,2025, Elapsed time: 0:00:00
# Errors: 0, Warnings: 0
# ** Warning: (vlib-34) Library already exists at "work".
# Errors: 0, Warnings: 1
# Model Technology ModelSim SE-64 vmap 2020.4 Lib Mapping Utility 2020.10 Oct 13 2020
# vmap work 
# Reading C:/modeltech64_2020.4/win64/../modelsim.ini
# "work" maps to directory ./work. (Default mapping)
# Model Technology ModelSim SE-64 vlog 2020.4 Compiler 2020.10 Oct 13 2020
# Start time: 14:13:56 on Apr 22,2025
# vlog -reportprogress 300 -work work sim_model/define/define.v 
# End time: 14:13:56 on Apr 22,2025, Elapsed time: 0:00:00
# Errors: 0, Warnings: 0
# Model Technology ModelSim SE-64 vlog 2020.4 Compiler 2020.10 Oct 13 2020
# Start time: 14:13:56 on Apr 22,2025
# vlog -reportprogress 300 "+define+tb_00=1" -work work "+incdir+{sim_model/define}" sim_model/sim_model.v 
# -- Compiling module SIM_MODEL
# 
# Top level modules:
# 	SIM_MODEL
# End time: 14:13:57 on Apr 22,2025, Elapsed time: 0:00:01
# Errors: 0, Warnings: 0
# Model Technology ModelSim SE-64 vlog 2020.4 Compiler 2020.10 Oct 13 2020
# Start time: 14:13:57 on Apr 22,2025
# vlog -reportprogress 300 "+define+tb_00=1" -work work "+incdir+{sim_model/define}" sim_model/tb_top.v 
# -- Compiling module tb_top
# 
# Top level modules:
# 	tb_top
# End time: 14:13:57 on Apr 22,2025, Elapsed time: 0:00:00
# Errors: 0, Warnings: 0
do do/tb_00.do
# Model Technology ModelSim SE-64 vlog 2020.4 Compiler 2020.10 Oct 13 2020
# Start time: 14:13:59 on Apr 22,2025
# vlog -reportprogress 300 "+define+tb_00=1" -work work sim_model\define\define.v 
# End time: 14:13:59 on Apr 22,2025, Elapsed time: 0:00:00
# Errors: 0, Warnings: 0
# Model Technology ModelSim SE-64 vlog 2020.4 Compiler 2020.10 Oct 13 2020
# Start time: 14:13:59 on Apr 22,2025
# vlog -reportprogress 300 "+define+tb_00=1" -work work "+incdir+{sim_modeldefine}" sim_model\tb_top.v 
# -- Compiling module tb_top
# 
# Top level modules:
# 	tb_top
# End time: 14:13:59 on Apr 22,2025, Elapsed time: 0:00:00
# Errors: 0, Warnings: 0
# End time: 14:14:02 on Apr 22,2025, Elapsed time: 0:04:46
# Errors: 0, Warnings: 21
# vsim -t 1ps -c -l ./log/vsim_tb_00_report.log work.tb_top -L UNISIMS_VER -L SECUREIP -L SIMPRIMS_VER -L work -voptargs="+acc" work.glbl -wav ./wave/tb_00.wlf 
# Start time: 14:14:02 on Apr 22,2025
# ** Note: (vsim-3813) Design is being optimized due to module recompilation...
# ** Warning: ../rtl/03_srio/srio_top.v(454): (vopt-2685) [TFMPC] - Too few port connections for 'U_INI_RX_DEC'.  Expected 13, found 12.
# ** Warning: ../rtl/03_srio/srio_top.v(454): (vopt-2718) [TFMPC] - Missing connection for port 'INI_RDY'.
# ** Warning: ../rtl/03_srio/srio_top.v(497): (vopt-2685) [TFMPC] - Too few port connections for 'U_TAG_RX_DEC'.  Expected 24, found 23.
# ** Warning: ../rtl/03_srio/srio_top.v(497): (vopt-2718) [TFMPC] - Missing connection for port 'TAG_RDY'.
# ** Note: (vsim-12126) Error and warning message counts have been restored: Errors=0, Warnings=4.
# Loading work.tb_top(fast)
# Loading work.SIM_MODEL(fast)
# Loading work.SRIO_TOP(fast)
# Loading work.INI_REG_TX(fast)
# Loading work.sfifo_i72o72_d512(fast)
# Loading UNISIMS_VER.GND(fast)
# Loading UNISIMS_VER.LUT1(fast)
# Loading UNISIMS_VER.LUT2(fast)
# Loading UNISIMS_VER.LUT3(fast)
# Loading UNISIMS_VER.FDRE(fast)
# Loading UNISIMS_VER.CARRY4(fast)
# Loading UNISIMS_VER.LUT5(fast)
# Loading UNISIMS_VER.LUT5(fast__1)
# Loading UNISIMS_VER.FDSE(fast)
# Loading UNISIMS_VER.LUT4(fast)
# Loading UNISIMS_VER.LUT4(fast__1)
# Loading UNISIMS_VER.LUT3(fast__1)
# Loading UNISIMS_VER.LUT3(fast__2)
# Loading UNISIMS_VER.LUT4(fast__2)
# Loading UNISIMS_VER.LUT6(fast)
# Loading UNISIMS_VER.LUT2(fast__1)
# Loading UNISIMS_VER.LUT3(fast__3)
# Loading UNISIMS_VER.LUT4(fast__3)
# Loading UNISIMS_VER.LUT5(fast__2)
# Loading UNISIMS_VER.LUT6(fast__1)
# Loading UNISIMS_VER.LUT6(fast__2)
# Loading UNISIMS_VER.LUT4(fast__4)
# Loading UNISIMS_VER.LUT2(fast__2)
# Loading UNISIMS_VER.LUT5(fast__3)
# Loading UNISIMS_VER.LUT4(fast__5)
# Loading UNISIMS_VER.LUT1(fast__1)
# Loading UNISIMS_VER.RAMB36E1(fast)
# Loading UNISIMS_VER.RB36_INTERNAL_VLOG(fast)
# Loading work.INI_DMA_WR(fast)
# Loading work.sfifo_i64o64_d512(fast)
# Loading work.INI_DMA_RD(fast)
# Loading work.ARBITA_CH6(fast)
# Loading work.SRIO_TX(fast)
# Loading work.afifo_i72o72_d2048(fast)
# Loading work.afifo_i72o72_d2048_xpm_cdc_gray(fast)
# Loading UNISIMS_VER.LUT6(fast__3)
# Loading UNISIMS_VER.LUT5(fast__4)
# Loading UNISIMS_VER.LUT4(fast__6)
# Loading UNISIMS_VER.LUT3(fast__4)
# Loading work.afifo_i72o72_d2048_xpm_cdc_gray__2(fast)
# Loading UNISIMS_VER.LUT6(fast__4)
# Loading UNISIMS_VER.LUT4(fast__7)
# Loading UNISIMS_VER.LUT6(fast__5)
# Loading UNISIMS_VER.LUT5(fast__5)
# Loading UNISIMS_VER.LUT6(fast__6)
# Loading UNISIMS_VER.FDSE(fast__1)
# Loading UNISIMS_VER.RAMB36E1(fast__1)
# Loading UNISIMS_VER.RB36_INTERNAL_VLOG(fast__1)
# Loading UNISIMS_VER.SRL16E(fast)
# Loading UNISIMS_VER.LUT2(fast__3)
# Loading UNISIMS_VER.FDRE(fast__1)
# Loading UNISIMS_VER.LUT3(fast__5)
# Loading UNISIMS_VER.LUT4(fast__8)
# Loading UNISIMS_VER.LUT6(fast__7)
# Loading work.afifo_i72o72_d2048_xpm_cdc_single(fast)
# Loading work.afifo_i72o72_d2048_xpm_cdc_single__2(fast)
# Loading work.afifo_i72o72_d2048_xpm_cdc_sync_rst(fast)
# Loading work.afifo_i72o72_d2048_xpm_cdc_sync_rst__2(fast)
# Loading work.SRIO_RX(fast)
# Loading work.INI_RX_DEC(fast)
# Loading work.TAG_RX_DEC(fast)
# Loading work.TAG_REG_TX(fast)
# Loading work.TAG_DMA_TX(fast)
# Loading work.BIST_REG(fast)
# Loading work.RAM_BIST(fast)
# Loading work.sram_i64o64_d256(fast)
# Loading UNISIMS_VER.RAMB36E1(fast__2)
# Loading UNISIMS_VER.RB36_INTERNAL_VLOG(fast__2)
# Loading work.glbl(fast)
# ** Warning: (vsim-3015) [PCDPC] - Port size (32) does not match connection size (25) for port 'INI_WR_ADDR'. The port definition is at: ../rtl/03_srio/srio_top.v(55).
#    Time: 0 ps  Iteration: 0  Instance: /tb_top/U_SRIO_TOP File: sim_model/tb_top.v Line: 763
# ** Warning: (vsim-3015) [PCDPC] - Port size (8) does not match connection size (16) for port 'INI_WR_SIZE'. The port definition is at: ../rtl/03_srio/srio_top.v(56).
#    Time: 0 ps  Iteration: 0  Instance: /tb_top/U_SRIO_TOP File: sim_model/tb_top.v Line: 763
# ** Warning: (vsim-3015) [PCDPC] - Port size (8) does not match connection size (25) for port 'INI_RD_SIZE'. The port definition is at: ../rtl/03_srio/srio_top.v(64).
#    Time: 0 ps  Iteration: 0  Instance: /tb_top/U_SRIO_TOP File: sim_model/tb_top.v Line: 763
# ** Warning: (vsim-3015) [PCDPC] - Port size (32) does not match connection size (12) for port 'INI_RD_ADDR'. The port definition is at: ../rtl/03_srio/srio_top.v(65).
#    Time: 0 ps  Iteration: 0  Instance: /tb_top/U_SRIO_TOP File: sim_model/tb_top.v Line: 763
# ** Warning: (vsim-3015) [PCDPC] - Port size (32) does not match connection size (16) for port 'TAG_WR_ADDR'. The port definition is at: ../rtl/03_srio/srio_top.v(81).
#    Time: 0 ps  Iteration: 0  Instance: /tb_top/U_SRIO_TOP File: sim_model/tb_top.v Line: 763
# ** Warning: (vsim-3015) [PCDPC] - Port size (32) does not match connection size (8) for port 'TAG_RD_SIZE'. The port definition is at: ../rtl/03_srio/srio_top.v(90).
#    Time: 0 ps  Iteration: 0  Instance: /tb_top/U_SRIO_TOP File: sim_model/tb_top.v Line: 763
# ** Warning: (vsim-3015) [PCDPC] - Port size (8) does not match connection size (16) for port 'TAG_RD_ADDR'. The port definition is at: ../rtl/03_srio/srio_top.v(91).
#    Time: 0 ps  Iteration: 0  Instance: /tb_top/U_SRIO_TOP File: sim_model/tb_top.v Line: 763
# ** Warning: (vsim-3015) [PCDPC] - Port size (16) does not match connection size (32) for port 'TAG_REG_OP_ADDR'. The port definition is at: ../rtl/03_srio/srio_top.v(103).
#    Time: 0 ps  Iteration: 0  Instance: /tb_top/U_SRIO_TOP File: sim_model/tb_top.v Line: 763
# ** Warning: (vsim-3015) [PCDPC] - Port size (1) does not match connection size (32) for port 'DMA_RD_ADDR'. The port definition is at: ../rtl/03_srio/ini_dma_rd.v(23).
#    Time: 0 ps  Iteration: 0  Instance: /tb_top/U_SRIO_TOP/U_INI_DMA_RD File: ../rtl/03_srio/srio_top.v Line: 338
# ** Warning: (vsim-3015) [PCDPC] - Port size (32) does not match connection size (1) for port 'REG_RD_DATA'. The port definition is at: ../rtl/03_srio/ini_rx_dec.v(27).
#    Time: 0 ps  Iteration: 0  Instance: /tb_top/U_SRIO_TOP/U_INI_RX_DEC File: ../rtl/03_srio/srio_top.v Line: 454
# ** Warning: (vsim-3015) [PCDPC] - Port size (32) does not match connection size (16) for port 'REG_OP_ADDR'. The port definition is at: ../rtl/03_srio/tag_rx_dec.v(31).
#    Time: 0 ps  Iteration: 0  Instance: /tb_top/U_SRIO_TOP/U_TAG_RX_DEC File: ../rtl/03_srio/srio_top.v Line: 497
# ** Warning: (vsim-3015) [PCDPC] - Port size (9) does not match connection size (8) for port 'DMA_WR_SIZE'. The port definition is at: ../rtl/03_srio/tag_rx_dec.v(36).
#    Time: 0 ps  Iteration: 0  Instance: /tb_top/U_SRIO_TOP/U_TAG_RX_DEC File: ../rtl/03_srio/srio_top.v Line: 497
# ** Warning: (vsim-3015) [PCDPC] - Port size (9) does not match connection size (32) for port 'DMA_RD_SIZE'. The port definition is at: ../rtl/03_srio/tag_rx_dec.v(43).
#    Time: 0 ps  Iteration: 0  Instance: /tb_top/U_SRIO_TOP/U_TAG_RX_DEC File: ../rtl/03_srio/srio_top.v Line: 497
# ** Warning: (vsim-3015) [PCDPC] - Port size (32) does not match connection size (8) for port 'DMA_RD_ADDR'. The port definition is at: ../rtl/03_srio/tag_rx_dec.v(44).
#    Time: 0 ps  Iteration: 0  Instance: /tb_top/U_SRIO_TOP/U_TAG_RX_DEC File: ../rtl/03_srio/srio_top.v Line: 497
# ** Warning: (vsim-3015) [PCDPC] - Port size (32) does not match connection size (16) for port 'REG_OP_ADDR'. The port definition is at: ../rtl/03_srio/tag_reg_tx.v(22).
#    Time: 0 ps  Iteration: 0  Instance: /tb_top/U_SRIO_TOP/U_TAG_REG_TX File: ../rtl/03_srio/srio_top.v Line: 533
# ** Warning: (vsim-3015) [PCDPC] - Port size (64) does not match connection size (72) for port 'din'. The port definition is at: ../rtl/00_xilinx_ip/01_sfifo/sfifo_i64o64_d512/sfifo_i64o64_d512_sim_netlist.V(20).
#    Time: 0 ps  Iteration: 0  Instance: /tb_top/U_SRIO_TOP/U_TAG_REG_TX/U_CBUF File: ../rtl/03_srio/tag_reg_tx.v Line: 110
# ** Warning: (vsim-3015) [PCDPC] - Port size (64) does not match connection size (72) for port 'dout'. The port definition is at: ../rtl/00_xilinx_ip/01_sfifo/sfifo_i64o64_d512/sfifo_i64o64_d512_sim_netlist.V(23).
#    Time: 0 ps  Iteration: 0  Instance: /tb_top/U_SRIO_TOP/U_TAG_REG_TX/U_CBUF File: ../rtl/03_srio/tag_reg_tx.v Line: 110
# ** Warning: (vsim-3015) [PCDPC] - Port size (9) does not match connection size (32) for port 'DMA_RD_SIZE'. The port definition is at: ../rtl/03_srio/tag_dma_tx.v(24).
#    Time: 0 ps  Iteration: 0  Instance: /tb_top/U_SRIO_TOP/U_TAG_DMA_TX File: ../rtl/03_srio/srio_top.v Line: 549
# ** Warning: (vsim-3015) [PCDPC] - Port size (32) does not match connection size (8) for port 'DMA_RD_ADDR'. The port definition is at: ../rtl/03_srio/tag_dma_tx.v(25).
#    Time: 0 ps  Iteration: 0  Instance: /tb_top/U_SRIO_TOP/U_TAG_DMA_TX File: ../rtl/03_srio/srio_top.v Line: 549
# ** Warning: (vsim-3015) [PCDPC] - Port size (6) does not match connection size (8) for port 'addra'. The port definition is at: ../rtl/00_xilinx_ip/03_ram/sram_i64o64_d256/sram_i64o64_d256_sim_netlist.V(20).
#    Time: 0 ps  Iteration: 0  Instance: /tb_top/U_RAM_BIST/U_BIST_BRAM File: ../rtl/04_bist/ram_bist.v Line: 113
# ** Warning: (vsim-3015) [PCDPC] - Port size (6) does not match connection size (8) for port 'addrb'. The port definition is at: ../rtl/00_xilinx_ip/03_ram/sram_i64o64_d256/sram_i64o64_d256_sim_netlist.V(23).
#    Time: 0 ps  Iteration: 0  Instance: /tb_top/U_RAM_BIST/U_BIST_BRAM File: ../rtl/04_bist/ram_bist.v Line: 113
#  
# ******<<<<<<<<<<<<<<<<<<<<<<Simulation tb_00 start>>>>>>>>>>>>>>>>>>>>>>> ******
#  
# ---- Initial simulation
# ---- clock ---- 1111 ---- enable
# ---- Wait for  64 cycles
# ---- Wait for  64 cycles end
# ---- Wait for  16 cycles
# ---- Wait for  16 cycles end
# ---- reseting by cycle
# ---- reset0   64 cycle end
# ---- Wait for  16 cycles
# ---- Wait for  16 cycles end
# ---- reseting by ns
# ---- reset1  255 ns end
# ---- Write register   PORT :0x0    ADD :0x200    DATA :0x89abcd0e
# ---- Wait for  16 cycles
# ---- Wait for  16 cycles end
# ---- Wait for 255 cycles
# ---- Wait for 255 cycles end
# ---- tb_00 test completed !
#  
# ******<<<<<<<<<<<<<<<<<<<<Simulation tb_00 Successful End>>>>>>>>>>>>>>>>>>> ******
#  
do do/compile_all.do
# ** Warning: (vlib-34) Library already exists at "work".
# Errors: 0, Warnings: 1
# Model Technology ModelSim SE-64 vmap 2020.4 Lib Mapping Utility 2020.10 Oct 13 2020
# vmap work 
# Reading C:/modeltech64_2020.4/win64/../modelsim.ini
# "work" maps to directory ./work. (Default mapping)
# Model Technology ModelSim SE-64 vlog 2020.4 Compiler 2020.10 Oct 13 2020
# Start time: 14:16:08 on Apr 22,2025
# vlog -reportprogress 300 -work work sim_model/lib/glbl.v 
# -- Compiling module glbl
# 
# Top level modules:
# 	glbl
# End time: 14:16:08 on Apr 22,2025, Elapsed time: 0:00:00
# Errors: 0, Warnings: 0
# ** Warning: (vlib-34) Library already exists at "work".
# Errors: 0, Warnings: 1
# Model Technology ModelSim SE-64 vmap 2020.4 Lib Mapping Utility 2020.10 Oct 13 2020
# vmap work 
# Reading C:/modeltech64_2020.4/win64/../modelsim.ini
# "work" maps to directory ./work. (Default mapping)
# Model Technology ModelSim SE-64 vlog 2020.4 Compiler 2020.10 Oct 13 2020
# Start time: 14:16:09 on Apr 22,2025
# vlog -reportprogress 300 -work work ../rtl/00_xilinx_ip/00_afifo/afifo_i72o72_d2048/afifo_i72o72_d2048_sim_netlist.V 
# -- Compiling module afifo_i72o72_d2048
# -- Compiling module afifo_i72o72_d2048_xpm_cdc_gray
# -- Compiling module afifo_i72o72_d2048_xpm_cdc_gray__2
# -- Compiling module afifo_i72o72_d2048_xpm_cdc_single
# -- Compiling module afifo_i72o72_d2048_xpm_cdc_single__2
# -- Compiling module afifo_i72o72_d2048_xpm_cdc_sync_rst
# -- Compiling module afifo_i72o72_d2048_xpm_cdc_sync_rst__2
# -- Compiling module glbl
# 
# Top level modules:
# 	afifo_i72o72_d2048
# 	glbl
# End time: 14:16:09 on Apr 22,2025, Elapsed time: 0:00:00
# Errors: 0, Warnings: 0
# Model Technology ModelSim SE-64 vlog 2020.4 Compiler 2020.10 Oct 13 2020
# Start time: 14:16:09 on Apr 22,2025
# vlog -reportprogress 300 -work work ../rtl/00_xilinx_ip/01_sfifo/sfifo_i32o32_d1024/sfifo_i32o32_d1024_sim_netlist.V 
# -- Compiling module sfifo_i32o32_d1024
# -- Compiling module glbl
# 
# Top level modules:
# 	sfifo_i32o32_d1024
# 	glbl
# End time: 14:16:09 on Apr 22,2025, Elapsed time: 0:00:00
# Errors: 0, Warnings: 0
# Model Technology ModelSim SE-64 vlog 2020.4 Compiler 2020.10 Oct 13 2020
# Start time: 14:16:09 on Apr 22,2025
# vlog -reportprogress 300 -work work ../rtl/00_xilinx_ip/01_sfifo/sfifo_i64o64_d512/sfifo_i64o64_d512_sim_netlist.V 
# -- Compiling module sfifo_i64o64_d512
# -- Compiling module glbl
# 
# Top level modules:
# 	sfifo_i64o64_d512
# 	glbl
# End time: 14:16:09 on Apr 22,2025, Elapsed time: 0:00:00
# Errors: 0, Warnings: 0
# Model Technology ModelSim SE-64 vlog 2020.4 Compiler 2020.10 Oct 13 2020
# Start time: 14:16:10 on Apr 22,2025
# vlog -reportprogress 300 -work work ../rtl/00_xilinx_ip/01_sfifo/sfifo_i72o72_d512/sfifo_i72o72_d512_sim_netlist.V 
# -- Compiling module sfifo_i72o72_d512
# -- Compiling module glbl
# 
# Top level modules:
# 	sfifo_i72o72_d512
# 	glbl
# End time: 14:16:10 on Apr 22,2025, Elapsed time: 0:00:00
# Errors: 0, Warnings: 0
# Model Technology ModelSim SE-64 vlog 2020.4 Compiler 2020.10 Oct 13 2020
# Start time: 14:16:10 on Apr 22,2025
# vlog -reportprogress 300 -work work ../rtl/00_xilinx_ip/03_ram/sram_i64o64_d256/sram_i64o64_d256_sim_netlist.V 
# -- Compiling module sram_i64o64_d256
# -- Compiling module glbl
# 
# Top level modules:
# 	sram_i64o64_d256
# 	glbl
# End time: 14:16:10 on Apr 22,2025, Elapsed time: 0:00:00
# Errors: 0, Warnings: 0
# Model Technology ModelSim SE-64 vlog 2020.4 Compiler 2020.10 Oct 13 2020
# Start time: 14:16:10 on Apr 22,2025
# vlog -reportprogress 300 -work work ../rtl/01_user_ip/arbita_ch6.v ../rtl/01_user_ip/pulse_gen.v 
# -- Compiling module ARBITA_CH6
# -- Compiling module PULSE_GEN
# 
# Top level modules:
# 	ARBITA_CH6
# 	PULSE_GEN
# End time: 14:16:10 on Apr 22,2025, Elapsed time: 0:00:00
# Errors: 0, Warnings: 0
# Model Technology ModelSim SE-64 vlog 2020.4 Compiler 2020.10 Oct 13 2020
# Start time: 14:16:10 on Apr 22,2025
# vlog -reportprogress 300 -work work ../rtl/03_srio/ini_dma_rd.v ../rtl/03_srio/ini_dma_wr.v ../rtl/03_srio/ini_reg_tx.v ../rtl/03_srio/ini_rx_dec.v ../rtl/03_srio/srio_rx.v ../rtl/03_srio/srio_top.v ../rtl/03_srio/srio_tx.v ../rtl/03_srio/tag_dma_tx.v ../rtl/03_srio/tag_reg_tx.v ../rtl/03_srio/tag_rx_dec.v 
# -- Compiling module INI_DMA_RD
# -- Compiling module INI_DMA_WR
# -- Compiling module INI_REG_TX
# -- Compiling module INI_RX_DEC
# -- Compiling module SRIO_RX
# -- Compiling module SRIO_TOP
# -- Compiling module SRIO_TX
# -- Compiling module TAG_DMA_TX
# -- Compiling module TAG_REG_TX
# -- Compiling module TAG_RX_DEC
# 
# Top level modules:
# 	SRIO_TOP
# End time: 14:16:10 on Apr 22,2025, Elapsed time: 0:00:00
# Errors: 0, Warnings: 0
# Model Technology ModelSim SE-64 vlog 2020.4 Compiler 2020.10 Oct 13 2020
# Start time: 14:16:11 on Apr 22,2025
# vlog -reportprogress 300 -work work ../rtl/04_bist/bist_reg.v ../rtl/04_bist/ram_bist.v 
# -- Compiling module BIST_REG
# -- Compiling module RAM_BIST
# 
# Top level modules:
# 	BIST_REG
# 	RAM_BIST
# End time: 14:16:11 on Apr 22,2025, Elapsed time: 0:00:00
# Errors: 0, Warnings: 0
# ** Warning: (vlib-34) Library already exists at "work".
# Errors: 0, Warnings: 1
# Model Technology ModelSim SE-64 vmap 2020.4 Lib Mapping Utility 2020.10 Oct 13 2020
# vmap work 
# Reading C:/modeltech64_2020.4/win64/../modelsim.ini
# "work" maps to directory ./work. (Default mapping)
# Model Technology ModelSim SE-64 vlog 2020.4 Compiler 2020.10 Oct 13 2020
# Start time: 14:16:11 on Apr 22,2025
# vlog -reportprogress 300 -work work sim_model/define/define.v 
# End time: 14:16:11 on Apr 22,2025, Elapsed time: 0:00:00
# Errors: 0, Warnings: 0
# Model Technology ModelSim SE-64 vlog 2020.4 Compiler 2020.10 Oct 13 2020
# Start time: 14:16:11 on Apr 22,2025
# vlog -reportprogress 300 "+define+tb_00=1" -work work "+incdir+{sim_model/define}" sim_model/sim_model.v 
# -- Compiling module SIM_MODEL
# 
# Top level modules:
# 	SIM_MODEL
# End time: 14:16:11 on Apr 22,2025, Elapsed time: 0:00:00
# Errors: 0, Warnings: 0
# Model Technology ModelSim SE-64 vlog 2020.4 Compiler 2020.10 Oct 13 2020
# Start time: 14:16:11 on Apr 22,2025
# vlog -reportprogress 300 "+define+tb_00=1" -work work "+incdir+{sim_model/define}" sim_model/tb_top.v 
# -- Compiling module tb_top
# 
# Top level modules:
# 	tb_top
# End time: 14:16:11 on Apr 22,2025, Elapsed time: 0:00:00
# Errors: 0, Warnings: 0
do do/tb_00.do
# Model Technology ModelSim SE-64 vlog 2020.4 Compiler 2020.10 Oct 13 2020
# Start time: 14:16:13 on Apr 22,2025
# vlog -reportprogress 300 "+define+tb_00=1" -work work sim_model\define\define.v 
# End time: 14:16:13 on Apr 22,2025, Elapsed time: 0:00:00
# Errors: 0, Warnings: 0
# Model Technology ModelSim SE-64 vlog 2020.4 Compiler 2020.10 Oct 13 2020
# Start time: 14:16:14 on Apr 22,2025
# vlog -reportprogress 300 "+define+tb_00=1" -work work "+incdir+{sim_modeldefine}" sim_model\tb_top.v 
# -- Compiling module tb_top
# 
# Top level modules:
# 	tb_top
# End time: 14:16:14 on Apr 22,2025, Elapsed time: 0:00:00
# Errors: 0, Warnings: 0
# End time: 14:16:17 on Apr 22,2025, Elapsed time: 0:02:15
# Errors: 0, Warnings: 25
# vsim -t 1ps -c -l ./log/vsim_tb_00_report.log work.tb_top -L UNISIMS_VER -L SECUREIP -L SIMPRIMS_VER -L work -voptargs="+acc" work.glbl -wav ./wave/tb_00.wlf 
# Start time: 14:16:17 on Apr 22,2025
# ** Note: (vsim-3813) Design is being optimized due to module recompilation...
# Loading work.tb_top(fast)
# Loading work.SIM_MODEL(fast)
# Loading work.SRIO_TOP(fast)
# Loading work.INI_REG_TX(fast)
# Loading work.sfifo_i72o72_d512(fast)
# Loading UNISIMS_VER.GND(fast)
# Loading UNISIMS_VER.LUT1(fast)
# Loading UNISIMS_VER.LUT2(fast)
# Loading UNISIMS_VER.LUT3(fast)
# Loading UNISIMS_VER.FDRE(fast)
# Loading UNISIMS_VER.CARRY4(fast)
# Loading UNISIMS_VER.LUT5(fast)
# Loading UNISIMS_VER.LUT5(fast__1)
# Loading UNISIMS_VER.FDSE(fast)
# Loading UNISIMS_VER.LUT4(fast)
# Loading UNISIMS_VER.LUT4(fast__1)
# Loading UNISIMS_VER.LUT3(fast__1)
# Loading UNISIMS_VER.LUT3(fast__2)
# Loading UNISIMS_VER.LUT4(fast__2)
# Loading UNISIMS_VER.LUT6(fast)
# Loading UNISIMS_VER.LUT2(fast__1)
# Loading UNISIMS_VER.LUT3(fast__3)
# Loading UNISIMS_VER.LUT4(fast__3)
# Loading UNISIMS_VER.LUT5(fast__2)
# Loading UNISIMS_VER.LUT6(fast__1)
# Loading UNISIMS_VER.LUT6(fast__2)
# Loading UNISIMS_VER.LUT4(fast__4)
# Loading UNISIMS_VER.LUT2(fast__2)
# Loading UNISIMS_VER.LUT5(fast__3)
# Loading UNISIMS_VER.LUT4(fast__5)
# Loading UNISIMS_VER.LUT1(fast__1)
# Loading UNISIMS_VER.RAMB36E1(fast)
# Loading UNISIMS_VER.RB36_INTERNAL_VLOG(fast)
# Loading work.INI_DMA_WR(fast)
# Loading work.sfifo_i64o64_d512(fast)
# Loading work.INI_DMA_RD(fast)
# Loading work.ARBITA_CH6(fast)
# Loading work.SRIO_TX(fast)
# Loading work.afifo_i72o72_d2048(fast)
# Loading work.afifo_i72o72_d2048_xpm_cdc_gray(fast)
# Loading UNISIMS_VER.LUT6(fast__3)
# Loading UNISIMS_VER.LUT5(fast__4)
# Loading UNISIMS_VER.LUT4(fast__6)
# Loading UNISIMS_VER.LUT3(fast__4)
# Loading work.afifo_i72o72_d2048_xpm_cdc_gray__2(fast)
# Loading UNISIMS_VER.LUT6(fast__4)
# Loading UNISIMS_VER.LUT4(fast__7)
# Loading UNISIMS_VER.LUT6(fast__5)
# Loading UNISIMS_VER.LUT5(fast__5)
# Loading UNISIMS_VER.LUT6(fast__6)
# Loading UNISIMS_VER.FDSE(fast__1)
# Loading UNISIMS_VER.RAMB36E1(fast__1)
# Loading UNISIMS_VER.RB36_INTERNAL_VLOG(fast__1)
# Loading UNISIMS_VER.SRL16E(fast)
# Loading UNISIMS_VER.LUT2(fast__3)
# Loading UNISIMS_VER.FDRE(fast__1)
# Loading UNISIMS_VER.LUT3(fast__5)
# Loading UNISIMS_VER.LUT4(fast__8)
# Loading UNISIMS_VER.LUT6(fast__7)
# Loading work.afifo_i72o72_d2048_xpm_cdc_single(fast)
# Loading work.afifo_i72o72_d2048_xpm_cdc_single__2(fast)
# Loading work.afifo_i72o72_d2048_xpm_cdc_sync_rst(fast)
# Loading work.afifo_i72o72_d2048_xpm_cdc_sync_rst__2(fast)
# Loading work.SRIO_RX(fast)
# Loading work.INI_RX_DEC(fast)
# Loading work.TAG_RX_DEC(fast)
# Loading work.TAG_REG_TX(fast)
# Loading work.TAG_DMA_TX(fast)
# Loading work.BIST_REG(fast)
# Loading work.RAM_BIST(fast)
# Loading work.sram_i64o64_d256(fast)
# Loading UNISIMS_VER.RAMB36E1(fast__2)
# Loading UNISIMS_VER.RB36_INTERNAL_VLOG(fast__2)
# Loading work.glbl(fast)
# ** Warning: (vsim-3015) [PCDPC] - Port size (32) does not match connection size (25) for port 'INI_WR_ADDR'. The port definition is at: ../rtl/03_srio/srio_top.v(55).
#    Time: 0 ps  Iteration: 0  Instance: /tb_top/U_SRIO_TOP File: sim_model/tb_top.v Line: 763
# ** Warning: (vsim-3015) [PCDPC] - Port size (8) does not match connection size (16) for port 'INI_WR_SIZE'. The port definition is at: ../rtl/03_srio/srio_top.v(56).
#    Time: 0 ps  Iteration: 0  Instance: /tb_top/U_SRIO_TOP File: sim_model/tb_top.v Line: 763
# ** Warning: (vsim-3015) [PCDPC] - Port size (8) does not match connection size (25) for port 'INI_RD_SIZE'. The port definition is at: ../rtl/03_srio/srio_top.v(64).
#    Time: 0 ps  Iteration: 0  Instance: /tb_top/U_SRIO_TOP File: sim_model/tb_top.v Line: 763
# ** Warning: (vsim-3015) [PCDPC] - Port size (32) does not match connection size (12) for port 'INI_RD_ADDR'. The port definition is at: ../rtl/03_srio/srio_top.v(65).
#    Time: 0 ps  Iteration: 0  Instance: /tb_top/U_SRIO_TOP File: sim_model/tb_top.v Line: 763
# ** Warning: (vsim-3015) [PCDPC] - Port size (32) does not match connection size (16) for port 'TAG_WR_ADDR'. The port definition is at: ../rtl/03_srio/srio_top.v(81).
#    Time: 0 ps  Iteration: 0  Instance: /tb_top/U_SRIO_TOP File: sim_model/tb_top.v Line: 763
# ** Warning: (vsim-3015) [PCDPC] - Port size (32) does not match connection size (8) for port 'TAG_RD_SIZE'. The port definition is at: ../rtl/03_srio/srio_top.v(90).
#    Time: 0 ps  Iteration: 0  Instance: /tb_top/U_SRIO_TOP File: sim_model/tb_top.v Line: 763
# ** Warning: (vsim-3015) [PCDPC] - Port size (8) does not match connection size (16) for port 'TAG_RD_ADDR'. The port definition is at: ../rtl/03_srio/srio_top.v(91).
#    Time: 0 ps  Iteration: 0  Instance: /tb_top/U_SRIO_TOP File: sim_model/tb_top.v Line: 763
# ** Warning: (vsim-3015) [PCDPC] - Port size (16) does not match connection size (32) for port 'TAG_REG_OP_ADDR'. The port definition is at: ../rtl/03_srio/srio_top.v(103).
#    Time: 0 ps  Iteration: 0  Instance: /tb_top/U_SRIO_TOP File: sim_model/tb_top.v Line: 763
# ** Warning: (vsim-3015) [PCDPC] - Port size (1) does not match connection size (32) for port 'DMA_RD_ADDR'. The port definition is at: ../rtl/03_srio/ini_dma_rd.v(23).
#    Time: 0 ps  Iteration: 0  Instance: /tb_top/U_SRIO_TOP/U_INI_DMA_RD File: ../rtl/03_srio/srio_top.v Line: 338
# ** Warning: (vsim-3015) [PCDPC] - Port size (32) does not match connection size (1) for port 'REG_RD_DATA'. The port definition is at: ../rtl/03_srio/ini_rx_dec.v(27).
#    Time: 0 ps  Iteration: 0  Instance: /tb_top/U_SRIO_TOP/U_INI_RX_DEC File: ../rtl/03_srio/srio_top.v Line: 454
# ** Warning: (vsim-3015) [PCDPC] - Port size (32) does not match connection size (16) for port 'REG_OP_ADDR'. The port definition is at: ../rtl/03_srio/tag_rx_dec.v(31).
#    Time: 0 ps  Iteration: 0  Instance: /tb_top/U_SRIO_TOP/U_TAG_RX_DEC File: ../rtl/03_srio/srio_top.v Line: 497
# ** Warning: (vsim-3015) [PCDPC] - Port size (9) does not match connection size (8) for port 'DMA_WR_SIZE'. The port definition is at: ../rtl/03_srio/tag_rx_dec.v(36).
#    Time: 0 ps  Iteration: 0  Instance: /tb_top/U_SRIO_TOP/U_TAG_RX_DEC File: ../rtl/03_srio/srio_top.v Line: 497
# ** Warning: (vsim-3015) [PCDPC] - Port size (9) does not match connection size (32) for port 'DMA_RD_SIZE'. The port definition is at: ../rtl/03_srio/tag_rx_dec.v(43).
#    Time: 0 ps  Iteration: 0  Instance: /tb_top/U_SRIO_TOP/U_TAG_RX_DEC File: ../rtl/03_srio/srio_top.v Line: 497
# ** Warning: (vsim-3015) [PCDPC] - Port size (32) does not match connection size (8) for port 'DMA_RD_ADDR'. The port definition is at: ../rtl/03_srio/tag_rx_dec.v(44).
#    Time: 0 ps  Iteration: 0  Instance: /tb_top/U_SRIO_TOP/U_TAG_RX_DEC File: ../rtl/03_srio/srio_top.v Line: 497
# ** Warning: (vsim-3015) [PCDPC] - Port size (32) does not match connection size (16) for port 'REG_OP_ADDR'. The port definition is at: ../rtl/03_srio/tag_reg_tx.v(22).
#    Time: 0 ps  Iteration: 0  Instance: /tb_top/U_SRIO_TOP/U_TAG_REG_TX File: ../rtl/03_srio/srio_top.v Line: 533
# ** Warning: (vsim-3015) [PCDPC] - Port size (64) does not match connection size (72) for port 'din'. The port definition is at: ../rtl/00_xilinx_ip/01_sfifo/sfifo_i64o64_d512/sfifo_i64o64_d512_sim_netlist.V(20).
#    Time: 0 ps  Iteration: 0  Instance: /tb_top/U_SRIO_TOP/U_TAG_REG_TX/U_CBUF File: ../rtl/03_srio/tag_reg_tx.v Line: 110
# ** Warning: (vsim-3015) [PCDPC] - Port size (64) does not match connection size (72) for port 'dout'. The port definition is at: ../rtl/00_xilinx_ip/01_sfifo/sfifo_i64o64_d512/sfifo_i64o64_d512_sim_netlist.V(23).
#    Time: 0 ps  Iteration: 0  Instance: /tb_top/U_SRIO_TOP/U_TAG_REG_TX/U_CBUF File: ../rtl/03_srio/tag_reg_tx.v Line: 110
# ** Warning: (vsim-3015) [PCDPC] - Port size (9) does not match connection size (32) for port 'DMA_RD_SIZE'. The port definition is at: ../rtl/03_srio/tag_dma_tx.v(24).
#    Time: 0 ps  Iteration: 0  Instance: /tb_top/U_SRIO_TOP/U_TAG_DMA_TX File: ../rtl/03_srio/srio_top.v Line: 549
# ** Warning: (vsim-3015) [PCDPC] - Port size (32) does not match connection size (8) for port 'DMA_RD_ADDR'. The port definition is at: ../rtl/03_srio/tag_dma_tx.v(25).
#    Time: 0 ps  Iteration: 0  Instance: /tb_top/U_SRIO_TOP/U_TAG_DMA_TX File: ../rtl/03_srio/srio_top.v Line: 549
# ** Warning: (vsim-3015) [PCDPC] - Port size (6) does not match connection size (8) for port 'addra'. The port definition is at: ../rtl/00_xilinx_ip/03_ram/sram_i64o64_d256/sram_i64o64_d256_sim_netlist.V(20).
#    Time: 0 ps  Iteration: 0  Instance: /tb_top/U_RAM_BIST/U_BIST_BRAM File: ../rtl/04_bist/ram_bist.v Line: 113
# ** Warning: (vsim-3015) [PCDPC] - Port size (6) does not match connection size (8) for port 'addrb'. The port definition is at: ../rtl/00_xilinx_ip/03_ram/sram_i64o64_d256/sram_i64o64_d256_sim_netlist.V(23).
#    Time: 0 ps  Iteration: 0  Instance: /tb_top/U_RAM_BIST/U_BIST_BRAM File: ../rtl/04_bist/ram_bist.v Line: 113
#  
# ******<<<<<<<<<<<<<<<<<<<<<<Simulation tb_00 start>>>>>>>>>>>>>>>>>>>>>>> ******
#  
# ---- Initial simulation
# ---- clock ---- 1111 ---- enable
# ---- Wait for  64 cycles
# ---- Wait for  64 cycles end
# ---- Wait for  16 cycles
# ---- Wait for  16 cycles end
# ---- reseting by cycle
# ---- reset0   64 cycle end
# ---- Wait for  16 cycles
# ---- Wait for  16 cycles end
# ---- reseting by ns
# ---- reset1  255 ns end
# ---- Write register   PORT :0x0    ADD :0x200    DATA :0x89abcd0e
# ---- Wait for  16 cycles
# ---- Wait for  16 cycles end
# ---- Wait for 255 cycles
# ---- Wait for 255 cycles end
# ---- tb_00 test completed !
#  
# ******<<<<<<<<<<<<<<<<<<<<Simulation tb_00 Successful End>>>>>>>>>>>>>>>>>>> ******
#  
do do/compile_all.do
# ** Warning: (vlib-34) Library already exists at "work".
# Errors: 0, Warnings: 1
# Model Technology ModelSim SE-64 vmap 2020.4 Lib Mapping Utility 2020.10 Oct 13 2020
# vmap work 
# Reading C:/modeltech64_2020.4/win64/../modelsim.ini
# "work" maps to directory ./work. (Default mapping)
# Model Technology ModelSim SE-64 vlog 2020.4 Compiler 2020.10 Oct 13 2020
# Start time: 14:17:39 on Apr 22,2025
# vlog -reportprogress 300 -work work sim_model/lib/glbl.v 
# -- Compiling module glbl
# 
# Top level modules:
# 	glbl
# End time: 14:17:39 on Apr 22,2025, Elapsed time: 0:00:00
# Errors: 0, Warnings: 0
# ** Warning: (vlib-34) Library already exists at "work".
# Errors: 0, Warnings: 1
# Model Technology ModelSim SE-64 vmap 2020.4 Lib Mapping Utility 2020.10 Oct 13 2020
# vmap work 
# Reading C:/modeltech64_2020.4/win64/../modelsim.ini
# "work" maps to directory ./work. (Default mapping)
# Model Technology ModelSim SE-64 vlog 2020.4 Compiler 2020.10 Oct 13 2020
# Start time: 14:17:39 on Apr 22,2025
# vlog -reportprogress 300 -work work ../rtl/00_xilinx_ip/00_afifo/afifo_i72o72_d2048/afifo_i72o72_d2048_sim_netlist.V 
# -- Compiling module afifo_i72o72_d2048
# -- Compiling module afifo_i72o72_d2048_xpm_cdc_gray
# -- Compiling module afifo_i72o72_d2048_xpm_cdc_gray__2
# -- Compiling module afifo_i72o72_d2048_xpm_cdc_single
# -- Compiling module afifo_i72o72_d2048_xpm_cdc_single__2
# -- Compiling module afifo_i72o72_d2048_xpm_cdc_sync_rst
# -- Compiling module afifo_i72o72_d2048_xpm_cdc_sync_rst__2
# -- Compiling module glbl
# 
# Top level modules:
# 	afifo_i72o72_d2048
# 	glbl
# End time: 14:17:39 on Apr 22,2025, Elapsed time: 0:00:00
# Errors: 0, Warnings: 0
# Model Technology ModelSim SE-64 vlog 2020.4 Compiler 2020.10 Oct 13 2020
# Start time: 14:17:40 on Apr 22,2025
# vlog -reportprogress 300 -work work ../rtl/00_xilinx_ip/01_sfifo/sfifo_i32o32_d1024/sfifo_i32o32_d1024_sim_netlist.V 
# -- Compiling module sfifo_i32o32_d1024
# -- Compiling module glbl
# 
# Top level modules:
# 	sfifo_i32o32_d1024
# 	glbl
# End time: 14:17:40 on Apr 22,2025, Elapsed time: 0:00:00
# Errors: 0, Warnings: 0
# Model Technology ModelSim SE-64 vlog 2020.4 Compiler 2020.10 Oct 13 2020
# Start time: 14:17:40 on Apr 22,2025
# vlog -reportprogress 300 -work work ../rtl/00_xilinx_ip/01_sfifo/sfifo_i64o64_d512/sfifo_i64o64_d512_sim_netlist.V 
# -- Compiling module sfifo_i64o64_d512
# -- Compiling module glbl
# 
# Top level modules:
# 	sfifo_i64o64_d512
# 	glbl
# End time: 14:17:40 on Apr 22,2025, Elapsed time: 0:00:00
# Errors: 0, Warnings: 0
# Model Technology ModelSim SE-64 vlog 2020.4 Compiler 2020.10 Oct 13 2020
# Start time: 14:17:40 on Apr 22,2025
# vlog -reportprogress 300 -work work ../rtl/00_xilinx_ip/01_sfifo/sfifo_i72o72_d512/sfifo_i72o72_d512_sim_netlist.V 
# -- Compiling module sfifo_i72o72_d512
# -- Compiling module glbl
# 
# Top level modules:
# 	sfifo_i72o72_d512
# 	glbl
# End time: 14:17:40 on Apr 22,2025, Elapsed time: 0:00:00
# Errors: 0, Warnings: 0
# Model Technology ModelSim SE-64 vlog 2020.4 Compiler 2020.10 Oct 13 2020
# Start time: 14:17:41 on Apr 22,2025
# vlog -reportprogress 300 -work work ../rtl/00_xilinx_ip/03_ram/sram_i64o64_d256/sram_i64o64_d256_sim_netlist.V 
# -- Compiling module sram_i64o64_d256
# -- Compiling module glbl
# 
# Top level modules:
# 	sram_i64o64_d256
# 	glbl
# End time: 14:17:41 on Apr 22,2025, Elapsed time: 0:00:00
# Errors: 0, Warnings: 0
# Model Technology ModelSim SE-64 vlog 2020.4 Compiler 2020.10 Oct 13 2020
# Start time: 14:17:41 on Apr 22,2025
# vlog -reportprogress 300 -work work ../rtl/01_user_ip/arbita_ch6.v ../rtl/01_user_ip/pulse_gen.v 
# -- Compiling module ARBITA_CH6
# -- Compiling module PULSE_GEN
# 
# Top level modules:
# 	ARBITA_CH6
# 	PULSE_GEN
# End time: 14:17:41 on Apr 22,2025, Elapsed time: 0:00:00
# Errors: 0, Warnings: 0
# Model Technology ModelSim SE-64 vlog 2020.4 Compiler 2020.10 Oct 13 2020
# Start time: 14:17:41 on Apr 22,2025
# vlog -reportprogress 300 -work work ../rtl/03_srio/ini_dma_rd.v ../rtl/03_srio/ini_dma_wr.v ../rtl/03_srio/ini_reg_tx.v ../rtl/03_srio/ini_rx_dec.v ../rtl/03_srio/srio_rx.v ../rtl/03_srio/srio_top.v ../rtl/03_srio/srio_tx.v ../rtl/03_srio/tag_dma_tx.v ../rtl/03_srio/tag_reg_tx.v ../rtl/03_srio/tag_rx_dec.v 
# -- Compiling module INI_DMA_RD
# -- Compiling module INI_DMA_WR
# -- Compiling module INI_REG_TX
# -- Compiling module INI_RX_DEC
# -- Compiling module SRIO_RX
# -- Compiling module SRIO_TOP
# -- Compiling module SRIO_TX
# -- Compiling module TAG_DMA_TX
# -- Compiling module TAG_REG_TX
# -- Compiling module TAG_RX_DEC
# 
# Top level modules:
# 	SRIO_TOP
# End time: 14:17:41 on Apr 22,2025, Elapsed time: 0:00:00
# Errors: 0, Warnings: 0
# Model Technology ModelSim SE-64 vlog 2020.4 Compiler 2020.10 Oct 13 2020
# Start time: 14:17:41 on Apr 22,2025
# vlog -reportprogress 300 -work work ../rtl/04_bist/bist_reg.v ../rtl/04_bist/ram_bist.v 
# -- Compiling module BIST_REG
# -- Compiling module RAM_BIST
# 
# Top level modules:
# 	BIST_REG
# 	RAM_BIST
# End time: 14:17:41 on Apr 22,2025, Elapsed time: 0:00:00
# Errors: 0, Warnings: 0
# ** Warning: (vlib-34) Library already exists at "work".
# Errors: 0, Warnings: 1
# Model Technology ModelSim SE-64 vmap 2020.4 Lib Mapping Utility 2020.10 Oct 13 2020
# vmap work 
# Reading C:/modeltech64_2020.4/win64/../modelsim.ini
# "work" maps to directory ./work. (Default mapping)
# Model Technology ModelSim SE-64 vlog 2020.4 Compiler 2020.10 Oct 13 2020
# Start time: 14:17:41 on Apr 22,2025
# vlog -reportprogress 300 -work work sim_model/define/define.v 
# End time: 14:17:42 on Apr 22,2025, Elapsed time: 0:00:01
# Errors: 0, Warnings: 0
# Model Technology ModelSim SE-64 vlog 2020.4 Compiler 2020.10 Oct 13 2020
# Start time: 14:17:42 on Apr 22,2025
# vlog -reportprogress 300 "+define+tb_00=1" -work work "+incdir+{sim_model/define}" sim_model/sim_model.v 
# -- Compiling module SIM_MODEL
# 
# Top level modules:
# 	SIM_MODEL
# End time: 14:17:42 on Apr 22,2025, Elapsed time: 0:00:00
# Errors: 0, Warnings: 0
# Model Technology ModelSim SE-64 vlog 2020.4 Compiler 2020.10 Oct 13 2020
# Start time: 14:17:42 on Apr 22,2025
# vlog -reportprogress 300 "+define+tb_00=1" -work work "+incdir+{sim_model/define}" sim_model/tb_top.v 
# -- Compiling module tb_top
# 
# Top level modules:
# 	tb_top
# End time: 14:17:42 on Apr 22,2025, Elapsed time: 0:00:00
# Errors: 0, Warnings: 0
do do/tb_00.do
# Model Technology ModelSim SE-64 vlog 2020.4 Compiler 2020.10 Oct 13 2020
# Start time: 14:17:44 on Apr 22,2025
# vlog -reportprogress 300 "+define+tb_00=1" -work work sim_model\define\define.v 
# End time: 14:17:44 on Apr 22,2025, Elapsed time: 0:00:00
# Errors: 0, Warnings: 0
# Model Technology ModelSim SE-64 vlog 2020.4 Compiler 2020.10 Oct 13 2020
# Start time: 14:17:44 on Apr 22,2025
# vlog -reportprogress 300 "+define+tb_00=1" -work work "+incdir+{sim_modeldefine}" sim_model\tb_top.v 
# -- Compiling module tb_top
# 
# Top level modules:
# 	tb_top
# End time: 14:17:44 on Apr 22,2025, Elapsed time: 0:00:00
# Errors: 0, Warnings: 0
# End time: 14:17:48 on Apr 22,2025, Elapsed time: 0:01:31
# Errors: 0, Warnings: 21
# vsim -t 1ps -c -l ./log/vsim_tb_00_report.log work.tb_top -L UNISIMS_VER -L SECUREIP -L SIMPRIMS_VER -L work -voptargs="+acc" work.glbl -wav ./wave/tb_00.wlf 
# Start time: 14:17:48 on Apr 22,2025
# ** Note: (vsim-3813) Design is being optimized due to module recompilation...
# Loading work.tb_top(fast)
# Loading work.SIM_MODEL(fast)
# Loading work.SRIO_TOP(fast)
# Loading work.INI_REG_TX(fast)
# Loading work.sfifo_i72o72_d512(fast)
# Loading UNISIMS_VER.GND(fast)
# Loading UNISIMS_VER.LUT1(fast)
# Loading UNISIMS_VER.LUT2(fast)
# Loading UNISIMS_VER.LUT3(fast)
# Loading UNISIMS_VER.FDRE(fast)
# Loading UNISIMS_VER.CARRY4(fast)
# Loading UNISIMS_VER.LUT5(fast)
# Loading UNISIMS_VER.LUT5(fast__1)
# Loading UNISIMS_VER.FDSE(fast)
# Loading UNISIMS_VER.LUT4(fast)
# Loading UNISIMS_VER.LUT4(fast__1)
# Loading UNISIMS_VER.LUT3(fast__1)
# Loading UNISIMS_VER.LUT3(fast__2)
# Loading UNISIMS_VER.LUT4(fast__2)
# Loading UNISIMS_VER.LUT6(fast)
# Loading UNISIMS_VER.LUT2(fast__1)
# Loading UNISIMS_VER.LUT3(fast__3)
# Loading UNISIMS_VER.LUT4(fast__3)
# Loading UNISIMS_VER.LUT5(fast__2)
# Loading UNISIMS_VER.LUT6(fast__1)
# Loading UNISIMS_VER.LUT6(fast__2)
# Loading UNISIMS_VER.LUT4(fast__4)
# Loading UNISIMS_VER.LUT2(fast__2)
# Loading UNISIMS_VER.LUT5(fast__3)
# Loading UNISIMS_VER.LUT4(fast__5)
# Loading UNISIMS_VER.LUT1(fast__1)
# Loading UNISIMS_VER.RAMB36E1(fast)
# Loading UNISIMS_VER.RB36_INTERNAL_VLOG(fast)
# Loading work.INI_DMA_WR(fast)
# Loading work.sfifo_i64o64_d512(fast)
# Loading work.INI_DMA_RD(fast)
# Loading work.ARBITA_CH6(fast)
# Loading work.SRIO_TX(fast)
# Loading work.afifo_i72o72_d2048(fast)
# Loading work.afifo_i72o72_d2048_xpm_cdc_gray(fast)
# Loading UNISIMS_VER.LUT6(fast__3)
# Loading UNISIMS_VER.LUT5(fast__4)
# Loading UNISIMS_VER.LUT4(fast__6)
# Loading UNISIMS_VER.LUT3(fast__4)
# Loading work.afifo_i72o72_d2048_xpm_cdc_gray__2(fast)
# Loading UNISIMS_VER.LUT6(fast__4)
# Loading UNISIMS_VER.LUT4(fast__7)
# Loading UNISIMS_VER.LUT6(fast__5)
# Loading UNISIMS_VER.LUT5(fast__5)
# Loading UNISIMS_VER.LUT6(fast__6)
# Loading UNISIMS_VER.FDSE(fast__1)
# Loading UNISIMS_VER.RAMB36E1(fast__1)
# Loading UNISIMS_VER.RB36_INTERNAL_VLOG(fast__1)
# Loading UNISIMS_VER.SRL16E(fast)
# Loading UNISIMS_VER.LUT2(fast__3)
# Loading UNISIMS_VER.FDRE(fast__1)
# Loading UNISIMS_VER.LUT3(fast__5)
# Loading UNISIMS_VER.LUT4(fast__8)
# Loading UNISIMS_VER.LUT6(fast__7)
# Loading work.afifo_i72o72_d2048_xpm_cdc_single(fast)
# Loading work.afifo_i72o72_d2048_xpm_cdc_single__2(fast)
# Loading work.afifo_i72o72_d2048_xpm_cdc_sync_rst(fast)
# Loading work.afifo_i72o72_d2048_xpm_cdc_sync_rst__2(fast)
# Loading work.SRIO_RX(fast)
# Loading work.INI_RX_DEC(fast)
# Loading work.TAG_RX_DEC(fast)
# Loading work.TAG_REG_TX(fast)
# Loading work.TAG_DMA_TX(fast)
# Loading work.BIST_REG(fast)
# Loading work.RAM_BIST(fast)
# Loading work.sram_i64o64_d256(fast)
# Loading UNISIMS_VER.RAMB36E1(fast__2)
# Loading UNISIMS_VER.RB36_INTERNAL_VLOG(fast__2)
# Loading work.glbl(fast)
# ** Warning: (vsim-3015) [PCDPC] - Port size (32) does not match connection size (25) for port 'INI_WR_ADDR'. The port definition is at: ../rtl/03_srio/srio_top.v(55).
#    Time: 0 ps  Iteration: 0  Instance: /tb_top/U_SRIO_TOP File: sim_model/tb_top.v Line: 763
# ** Warning: (vsim-3015) [PCDPC] - Port size (8) does not match connection size (16) for port 'INI_WR_SIZE'. The port definition is at: ../rtl/03_srio/srio_top.v(56).
#    Time: 0 ps  Iteration: 0  Instance: /tb_top/U_SRIO_TOP File: sim_model/tb_top.v Line: 763
# ** Warning: (vsim-3015) [PCDPC] - Port size (8) does not match connection size (25) for port 'INI_RD_SIZE'. The port definition is at: ../rtl/03_srio/srio_top.v(64).
#    Time: 0 ps  Iteration: 0  Instance: /tb_top/U_SRIO_TOP File: sim_model/tb_top.v Line: 763
# ** Warning: (vsim-3015) [PCDPC] - Port size (32) does not match connection size (12) for port 'INI_RD_ADDR'. The port definition is at: ../rtl/03_srio/srio_top.v(65).
#    Time: 0 ps  Iteration: 0  Instance: /tb_top/U_SRIO_TOP File: sim_model/tb_top.v Line: 763
# ** Warning: (vsim-3015) [PCDPC] - Port size (32) does not match connection size (16) for port 'TAG_WR_ADDR'. The port definition is at: ../rtl/03_srio/srio_top.v(81).
#    Time: 0 ps  Iteration: 0  Instance: /tb_top/U_SRIO_TOP File: sim_model/tb_top.v Line: 763
# ** Warning: (vsim-3015) [PCDPC] - Port size (32) does not match connection size (8) for port 'TAG_RD_SIZE'. The port definition is at: ../rtl/03_srio/srio_top.v(90).
#    Time: 0 ps  Iteration: 0  Instance: /tb_top/U_SRIO_TOP File: sim_model/tb_top.v Line: 763
# ** Warning: (vsim-3015) [PCDPC] - Port size (8) does not match connection size (16) for port 'TAG_RD_ADDR'. The port definition is at: ../rtl/03_srio/srio_top.v(91).
#    Time: 0 ps  Iteration: 0  Instance: /tb_top/U_SRIO_TOP File: sim_model/tb_top.v Line: 763
# ** Warning: (vsim-3015) [PCDPC] - Port size (16) does not match connection size (32) for port 'TAG_REG_OP_ADDR'. The port definition is at: ../rtl/03_srio/srio_top.v(103).
#    Time: 0 ps  Iteration: 0  Instance: /tb_top/U_SRIO_TOP File: sim_model/tb_top.v Line: 763
# ** Warning: (vsim-3015) [PCDPC] - Port size (1) does not match connection size (32) for port 'DMA_RD_ADDR'. The port definition is at: ../rtl/03_srio/ini_dma_rd.v(23).
#    Time: 0 ps  Iteration: 0  Instance: /tb_top/U_SRIO_TOP/U_INI_DMA_RD File: ../rtl/03_srio/srio_top.v Line: 338
# ** Warning: (vsim-3015) [PCDPC] - Port size (32) does not match connection size (1) for port 'REG_RD_DATA'. The port definition is at: ../rtl/03_srio/ini_rx_dec.v(27).
#    Time: 0 ps  Iteration: 0  Instance: /tb_top/U_SRIO_TOP/U_INI_RX_DEC File: ../rtl/03_srio/srio_top.v Line: 454
# ** Warning: (vsim-3015) [PCDPC] - Port size (32) does not match connection size (16) for port 'REG_OP_ADDR'. The port definition is at: ../rtl/03_srio/tag_rx_dec.v(31).
#    Time: 0 ps  Iteration: 0  Instance: /tb_top/U_SRIO_TOP/U_TAG_RX_DEC File: ../rtl/03_srio/srio_top.v Line: 497
# ** Warning: (vsim-3015) [PCDPC] - Port size (9) does not match connection size (8) for port 'DMA_WR_SIZE'. The port definition is at: ../rtl/03_srio/tag_rx_dec.v(36).
#    Time: 0 ps  Iteration: 0  Instance: /tb_top/U_SRIO_TOP/U_TAG_RX_DEC File: ../rtl/03_srio/srio_top.v Line: 497
# ** Warning: (vsim-3015) [PCDPC] - Port size (9) does not match connection size (32) for port 'DMA_RD_SIZE'. The port definition is at: ../rtl/03_srio/tag_rx_dec.v(43).
#    Time: 0 ps  Iteration: 0  Instance: /tb_top/U_SRIO_TOP/U_TAG_RX_DEC File: ../rtl/03_srio/srio_top.v Line: 497
# ** Warning: (vsim-3015) [PCDPC] - Port size (32) does not match connection size (8) for port 'DMA_RD_ADDR'. The port definition is at: ../rtl/03_srio/tag_rx_dec.v(44).
#    Time: 0 ps  Iteration: 0  Instance: /tb_top/U_SRIO_TOP/U_TAG_RX_DEC File: ../rtl/03_srio/srio_top.v Line: 497
# ** Warning: (vsim-3015) [PCDPC] - Port size (32) does not match connection size (16) for port 'REG_OP_ADDR'. The port definition is at: ../rtl/03_srio/tag_reg_tx.v(22).
#    Time: 0 ps  Iteration: 0  Instance: /tb_top/U_SRIO_TOP/U_TAG_REG_TX File: ../rtl/03_srio/srio_top.v Line: 533
# ** Warning: (vsim-3015) [PCDPC] - Port size (64) does not match connection size (72) for port 'din'. The port definition is at: ../rtl/00_xilinx_ip/01_sfifo/sfifo_i64o64_d512/sfifo_i64o64_d512_sim_netlist.V(20).
#    Time: 0 ps  Iteration: 0  Instance: /tb_top/U_SRIO_TOP/U_TAG_REG_TX/U_CBUF File: ../rtl/03_srio/tag_reg_tx.v Line: 110
# ** Warning: (vsim-3015) [PCDPC] - Port size (64) does not match connection size (72) for port 'dout'. The port definition is at: ../rtl/00_xilinx_ip/01_sfifo/sfifo_i64o64_d512/sfifo_i64o64_d512_sim_netlist.V(23).
#    Time: 0 ps  Iteration: 0  Instance: /tb_top/U_SRIO_TOP/U_TAG_REG_TX/U_CBUF File: ../rtl/03_srio/tag_reg_tx.v Line: 110
# ** Warning: (vsim-3015) [PCDPC] - Port size (9) does not match connection size (32) for port 'DMA_RD_SIZE'. The port definition is at: ../rtl/03_srio/tag_dma_tx.v(24).
#    Time: 0 ps  Iteration: 0  Instance: /tb_top/U_SRIO_TOP/U_TAG_DMA_TX File: ../rtl/03_srio/srio_top.v Line: 549
# ** Warning: (vsim-3015) [PCDPC] - Port size (32) does not match connection size (8) for port 'DMA_RD_ADDR'. The port definition is at: ../rtl/03_srio/tag_dma_tx.v(25).
#    Time: 0 ps  Iteration: 0  Instance: /tb_top/U_SRIO_TOP/U_TAG_DMA_TX File: ../rtl/03_srio/srio_top.v Line: 549
# ** Warning: (vsim-3015) [PCDPC] - Port size (6) does not match connection size (8) for port 'addra'. The port definition is at: ../rtl/00_xilinx_ip/03_ram/sram_i64o64_d256/sram_i64o64_d256_sim_netlist.V(20).
#    Time: 0 ps  Iteration: 0  Instance: /tb_top/U_RAM_BIST/U_BIST_BRAM File: ../rtl/04_bist/ram_bist.v Line: 113
# ** Warning: (vsim-3015) [PCDPC] - Port size (6) does not match connection size (8) for port 'addrb'. The port definition is at: ../rtl/00_xilinx_ip/03_ram/sram_i64o64_d256/sram_i64o64_d256_sim_netlist.V(23).
#    Time: 0 ps  Iteration: 0  Instance: /tb_top/U_RAM_BIST/U_BIST_BRAM File: ../rtl/04_bist/ram_bist.v Line: 113
#  
# ******<<<<<<<<<<<<<<<<<<<<<<Simulation tb_00 start>>>>>>>>>>>>>>>>>>>>>>> ******
#  
# ---- Initial simulation
# ---- clock ---- 1111 ---- enable
# ---- Wait for  64 cycles
# ---- Wait for  64 cycles end
# ---- Wait for  16 cycles
# ---- Wait for  16 cycles end
# ---- reseting by cycle
# ---- reset0   64 cycle end
# ---- Wait for  16 cycles
# ---- Wait for  16 cycles end
# ---- reseting by ns
# ---- reset1  255 ns end
# ---- Write register   PORT :0x0    ADD :0x200    DATA :0x89abcd0e
# ---- Wait for  16 cycles
# ---- Wait for  16 cycles end
# ---- Wait for 255 cycles
# ---- Wait for 255 cycles end
# ---- tb_00 test completed !
#  
# ******<<<<<<<<<<<<<<<<<<<<Simulation tb_00 Successful End>>>>>>>>>>>>>>>>>>> ******
#  
do do/compile_all.do
# ** Warning: (vlib-34) Library already exists at "work".
# Errors: 0, Warnings: 1
# Model Technology ModelSim SE-64 vmap 2020.4 Lib Mapping Utility 2020.10 Oct 13 2020
# vmap work 
# Reading C:/modeltech64_2020.4/win64/../modelsim.ini
# "work" maps to directory ./work. (Default mapping)
# Model Technology ModelSim SE-64 vlog 2020.4 Compiler 2020.10 Oct 13 2020
# Start time: 14:31:32 on Apr 22,2025
# vlog -reportprogress 300 -work work sim_model/lib/glbl.v 
# -- Compiling module glbl
# 
# Top level modules:
# 	glbl
# End time: 14:31:32 on Apr 22,2025, Elapsed time: 0:00:00
# Errors: 0, Warnings: 0
# ** Warning: (vlib-34) Library already exists at "work".
# Errors: 0, Warnings: 1
# Model Technology ModelSim SE-64 vmap 2020.4 Lib Mapping Utility 2020.10 Oct 13 2020
# vmap work 
# Reading C:/modeltech64_2020.4/win64/../modelsim.ini
# "work" maps to directory ./work. (Default mapping)
# Model Technology ModelSim SE-64 vlog 2020.4 Compiler 2020.10 Oct 13 2020
# Start time: 14:31:32 on Apr 22,2025
# vlog -reportprogress 300 -work work ../rtl/00_xilinx_ip/00_afifo/afifo_i72o72_d2048/afifo_i72o72_d2048_sim_netlist.V 
# -- Compiling module afifo_i72o72_d2048
# -- Compiling module afifo_i72o72_d2048_xpm_cdc_gray
# -- Compiling module afifo_i72o72_d2048_xpm_cdc_gray__2
# -- Compiling module afifo_i72o72_d2048_xpm_cdc_single
# -- Compiling module afifo_i72o72_d2048_xpm_cdc_single__2
# -- Compiling module afifo_i72o72_d2048_xpm_cdc_sync_rst
# -- Compiling module afifo_i72o72_d2048_xpm_cdc_sync_rst__2
# -- Compiling module glbl
# 
# Top level modules:
# 	afifo_i72o72_d2048
# 	glbl
# End time: 14:31:32 on Apr 22,2025, Elapsed time: 0:00:00
# Errors: 0, Warnings: 0
# Model Technology ModelSim SE-64 vlog 2020.4 Compiler 2020.10 Oct 13 2020
# Start time: 14:31:32 on Apr 22,2025
# vlog -reportprogress 300 -work work ../rtl/00_xilinx_ip/01_sfifo/sfifo_i32o32_d1024/sfifo_i32o32_d1024_sim_netlist.V 
# -- Compiling module sfifo_i32o32_d1024
# -- Compiling module glbl
# 
# Top level modules:
# 	sfifo_i32o32_d1024
# 	glbl
# End time: 14:31:33 on Apr 22,2025, Elapsed time: 0:00:01
# Errors: 0, Warnings: 0
# Model Technology ModelSim SE-64 vlog 2020.4 Compiler 2020.10 Oct 13 2020
# Start time: 14:31:33 on Apr 22,2025
# vlog -reportprogress 300 -work work ../rtl/00_xilinx_ip/01_sfifo/sfifo_i64o64_d512/sfifo_i64o64_d512_sim_netlist.V 
# -- Compiling module sfifo_i64o64_d512
# -- Compiling module glbl
# 
# Top level modules:
# 	sfifo_i64o64_d512
# 	glbl
# End time: 14:31:33 on Apr 22,2025, Elapsed time: 0:00:00
# Errors: 0, Warnings: 0
# Model Technology ModelSim SE-64 vlog 2020.4 Compiler 2020.10 Oct 13 2020
# Start time: 14:31:33 on Apr 22,2025
# vlog -reportprogress 300 -work work ../rtl/00_xilinx_ip/01_sfifo/sfifo_i72o72_d512/sfifo_i72o72_d512_sim_netlist.V 
# -- Compiling module sfifo_i72o72_d512
# -- Compiling module glbl
# 
# Top level modules:
# 	sfifo_i72o72_d512
# 	glbl
# End time: 14:31:33 on Apr 22,2025, Elapsed time: 0:00:00
# Errors: 0, Warnings: 0
# Model Technology ModelSim SE-64 vlog 2020.4 Compiler 2020.10 Oct 13 2020
# Start time: 14:31:33 on Apr 22,2025
# vlog -reportprogress 300 -work work ../rtl/00_xilinx_ip/03_ram/sram_i64o64_d256/sram_i64o64_d256_sim_netlist.V 
# -- Compiling module sram_i64o64_d256
# -- Compiling module glbl
# 
# Top level modules:
# 	sram_i64o64_d256
# 	glbl
# End time: 14:31:33 on Apr 22,2025, Elapsed time: 0:00:00
# Errors: 0, Warnings: 0
# Model Technology ModelSim SE-64 vlog 2020.4 Compiler 2020.10 Oct 13 2020
# Start time: 14:31:34 on Apr 22,2025
# vlog -reportprogress 300 -work work ../rtl/01_user_ip/arbita_ch6.v ../rtl/01_user_ip/pulse_gen.v 
# -- Compiling module ARBITA_CH6
# -- Compiling module PULSE_GEN
# 
# Top level modules:
# 	ARBITA_CH6
# 	PULSE_GEN
# End time: 14:31:34 on Apr 22,2025, Elapsed time: 0:00:00
# Errors: 0, Warnings: 0
# Model Technology ModelSim SE-64 vlog 2020.4 Compiler 2020.10 Oct 13 2020
# Start time: 14:31:34 on Apr 22,2025
# vlog -reportprogress 300 -work work ../rtl/03_srio/ini_dma_rd.v ../rtl/03_srio/ini_dma_wr.v ../rtl/03_srio/ini_reg_tx.v ../rtl/03_srio/ini_rx_dec.v ../rtl/03_srio/srio_rx.v ../rtl/03_srio/srio_top.v ../rtl/03_srio/srio_tx.v ../rtl/03_srio/tag_dma_tx.v ../rtl/03_srio/tag_reg_tx.v ../rtl/03_srio/tag_rx_dec.v 
# -- Compiling module INI_DMA_RD
# -- Compiling module INI_DMA_WR
# -- Compiling module INI_REG_TX
# -- Compiling module INI_RX_DEC
# -- Compiling module SRIO_RX
# -- Compiling module SRIO_TOP
# -- Compiling module SRIO_TX
# -- Compiling module TAG_DMA_TX
# -- Compiling module TAG_REG_TX
# -- Compiling module TAG_RX_DEC
# 
# Top level modules:
# 	SRIO_TOP
# End time: 14:31:34 on Apr 22,2025, Elapsed time: 0:00:00
# Errors: 0, Warnings: 0
# Model Technology ModelSim SE-64 vlog 2020.4 Compiler 2020.10 Oct 13 2020
# Start time: 14:31:34 on Apr 22,2025
# vlog -reportprogress 300 -work work ../rtl/04_bist/bist_reg.v ../rtl/04_bist/ram_bist.v 
# -- Compiling module BIST_REG
# -- Compiling module RAM_BIST
# 
# Top level modules:
# 	BIST_REG
# 	RAM_BIST
# End time: 14:31:34 on Apr 22,2025, Elapsed time: 0:00:00
# Errors: 0, Warnings: 0
# ** Warning: (vlib-34) Library already exists at "work".
# Errors: 0, Warnings: 1
# Model Technology ModelSim SE-64 vmap 2020.4 Lib Mapping Utility 2020.10 Oct 13 2020
# vmap work 
# Reading C:/modeltech64_2020.4/win64/../modelsim.ini
# "work" maps to directory ./work. (Default mapping)
# Model Technology ModelSim SE-64 vlog 2020.4 Compiler 2020.10 Oct 13 2020
# Start time: 14:31:34 on Apr 22,2025
# vlog -reportprogress 300 -work work sim_model/define/define.v 
# End time: 14:31:34 on Apr 22,2025, Elapsed time: 0:00:00
# Errors: 0, Warnings: 0
# Model Technology ModelSim SE-64 vlog 2020.4 Compiler 2020.10 Oct 13 2020
# Start time: 14:31:34 on Apr 22,2025
# vlog -reportprogress 300 "+define+tb_00=1" -work work "+incdir+{sim_model/define}" sim_model/sim_model.v 
# -- Compiling module SIM_MODEL
# 
# Top level modules:
# 	SIM_MODEL
# End time: 14:31:35 on Apr 22,2025, Elapsed time: 0:00:01
# Errors: 0, Warnings: 0
# Model Technology ModelSim SE-64 vlog 2020.4 Compiler 2020.10 Oct 13 2020
# Start time: 14:31:35 on Apr 22,2025
# vlog -reportprogress 300 "+define+tb_00=1" -work work "+incdir+{sim_model/define}" sim_model/tb_top.v 
# -- Compiling module tb_top
# 
# Top level modules:
# 	tb_top
# End time: 14:31:35 on Apr 22,2025, Elapsed time: 0:00:00
# Errors: 0, Warnings: 0
do do/compile_all.do
# ** Warning: (vlib-34) Library already exists at "work".
# Errors: 0, Warnings: 1
# Model Technology ModelSim SE-64 vmap 2020.4 Lib Mapping Utility 2020.10 Oct 13 2020
# vmap work 
# Reading C:/modeltech64_2020.4/win64/../modelsim.ini
# "work" maps to directory ./work. (Default mapping)
# Model Technology ModelSim SE-64 vlog 2020.4 Compiler 2020.10 Oct 13 2020
# Start time: 14:31:50 on Apr 22,2025
# vlog -reportprogress 300 -work work sim_model/lib/glbl.v 
# -- Compiling module glbl
# 
# Top level modules:
# 	glbl
# End time: 14:31:50 on Apr 22,2025, Elapsed time: 0:00:00
# Errors: 0, Warnings: 0
# ** Warning: (vlib-34) Library already exists at "work".
# Errors: 0, Warnings: 1
# Model Technology ModelSim SE-64 vmap 2020.4 Lib Mapping Utility 2020.10 Oct 13 2020
# vmap work 
# Reading C:/modeltech64_2020.4/win64/../modelsim.ini
# "work" maps to directory ./work. (Default mapping)
# Model Technology ModelSim SE-64 vlog 2020.4 Compiler 2020.10 Oct 13 2020
# Start time: 14:31:50 on Apr 22,2025
# vlog -reportprogress 300 -work work ../rtl/00_xilinx_ip/00_afifo/afifo_i72o72_d2048/afifo_i72o72_d2048_sim_netlist.V 
# -- Compiling module afifo_i72o72_d2048
# -- Compiling module afifo_i72o72_d2048_xpm_cdc_gray
# -- Compiling module afifo_i72o72_d2048_xpm_cdc_gray__2
# -- Compiling module afifo_i72o72_d2048_xpm_cdc_single
# -- Compiling module afifo_i72o72_d2048_xpm_cdc_single__2
# -- Compiling module afifo_i72o72_d2048_xpm_cdc_sync_rst
# -- Compiling module afifo_i72o72_d2048_xpm_cdc_sync_rst__2
# -- Compiling module glbl
# 
# Top level modules:
# 	afifo_i72o72_d2048
# 	glbl
# End time: 14:31:51 on Apr 22,2025, Elapsed time: 0:00:01
# Errors: 0, Warnings: 0
# Model Technology ModelSim SE-64 vlog 2020.4 Compiler 2020.10 Oct 13 2020
# Start time: 14:31:51 on Apr 22,2025
# vlog -reportprogress 300 -work work ../rtl/00_xilinx_ip/01_sfifo/sfifo_i32o32_d1024/sfifo_i32o32_d1024_sim_netlist.V 
# -- Compiling module sfifo_i32o32_d1024
# -- Compiling module glbl
# 
# Top level modules:
# 	sfifo_i32o32_d1024
# 	glbl
# End time: 14:31:51 on Apr 22,2025, Elapsed time: 0:00:00
# Errors: 0, Warnings: 0
# Model Technology ModelSim SE-64 vlog 2020.4 Compiler 2020.10 Oct 13 2020
# Start time: 14:31:51 on Apr 22,2025
# vlog -reportprogress 300 -work work ../rtl/00_xilinx_ip/01_sfifo/sfifo_i64o64_d512/sfifo_i64o64_d512_sim_netlist.V 
# -- Compiling module sfifo_i64o64_d512
# -- Compiling module glbl
# 
# Top level modules:
# 	sfifo_i64o64_d512
# 	glbl
# End time: 14:31:52 on Apr 22,2025, Elapsed time: 0:00:01
# Errors: 0, Warnings: 0
# Model Technology ModelSim SE-64 vlog 2020.4 Compiler 2020.10 Oct 13 2020
# Start time: 14:31:52 on Apr 22,2025
# vlog -reportprogress 300 -work work ../rtl/00_xilinx_ip/01_sfifo/sfifo_i72o72_d512/sfifo_i72o72_d512_sim_netlist.V 
# -- Compiling module sfifo_i72o72_d512
# -- Compiling module glbl
# 
# Top level modules:
# 	sfifo_i72o72_d512
# 	glbl
# End time: 14:31:52 on Apr 22,2025, Elapsed time: 0:00:00
# Errors: 0, Warnings: 0
# Model Technology ModelSim SE-64 vlog 2020.4 Compiler 2020.10 Oct 13 2020
# Start time: 14:31:52 on Apr 22,2025
# vlog -reportprogress 300 -work work ../rtl/00_xilinx_ip/03_ram/sram_i64o64_d256/sram_i64o64_d256_sim_netlist.V 
# -- Compiling module sram_i64o64_d256
# -- Compiling module glbl
# 
# Top level modules:
# 	sram_i64o64_d256
# 	glbl
# End time: 14:31:52 on Apr 22,2025, Elapsed time: 0:00:00
# Errors: 0, Warnings: 0
# Model Technology ModelSim SE-64 vlog 2020.4 Compiler 2020.10 Oct 13 2020
# Start time: 14:31:52 on Apr 22,2025
# vlog -reportprogress 300 -work work ../rtl/01_user_ip/arbita_ch6.v ../rtl/01_user_ip/pulse_gen.v 
# -- Compiling module ARBITA_CH6
# -- Compiling module PULSE_GEN
# 
# Top level modules:
# 	ARBITA_CH6
# 	PULSE_GEN
# End time: 14:31:52 on Apr 22,2025, Elapsed time: 0:00:00
# Errors: 0, Warnings: 0
# Model Technology ModelSim SE-64 vlog 2020.4 Compiler 2020.10 Oct 13 2020
# Start time: 14:31:52 on Apr 22,2025
# vlog -reportprogress 300 -work work ../rtl/03_srio/ini_dma_rd.v ../rtl/03_srio/ini_dma_wr.v ../rtl/03_srio/ini_reg_tx.v ../rtl/03_srio/ini_rx_dec.v ../rtl/03_srio/srio_rx.v ../rtl/03_srio/srio_top.v ../rtl/03_srio/srio_tx.v ../rtl/03_srio/tag_dma_tx.v ../rtl/03_srio/tag_reg_tx.v ../rtl/03_srio/tag_rx_dec.v 
# -- Compiling module INI_DMA_RD
# -- Compiling module INI_DMA_WR
# -- Compiling module INI_REG_TX
# -- Compiling module INI_RX_DEC
# -- Compiling module SRIO_RX
# -- Compiling module SRIO_TOP
# -- Compiling module SRIO_TX
# -- Compiling module TAG_DMA_TX
# -- Compiling module TAG_REG_TX
# -- Compiling module TAG_RX_DEC
# ** Error: ../rtl/03_srio/tag_rx_dec.v(245): (vlog-2730) Undefined variable: 's_TAG_PL_SOP2'.
# End time: 14:31:53 on Apr 22,2025, Elapsed time: 0:00:01
# Errors: 1, Warnings: 0
# ** Error: C:/modeltech64_2020.4/win64/vlog failed.
# Error in macro ./do/compile_rtl.do line 20
# C:/modeltech64_2020.4/win64/vlog failed.
#     while executing
# "vlog    -reportprogress 300 -work work      ../rtl/03_srio/*.V"
do do/compile_all.do
# ** Warning: (vlib-34) Library already exists at "work".
# Errors: 0, Warnings: 1
# Model Technology ModelSim SE-64 vmap 2020.4 Lib Mapping Utility 2020.10 Oct 13 2020
# vmap work 
# Reading C:/modeltech64_2020.4/win64/../modelsim.ini
# "work" maps to directory ./work. (Default mapping)
# Model Technology ModelSim SE-64 vlog 2020.4 Compiler 2020.10 Oct 13 2020
# Start time: 14:32:17 on Apr 22,2025
# vlog -reportprogress 300 -work work sim_model/lib/glbl.v 
# -- Compiling module glbl
# 
# Top level modules:
# 	glbl
# End time: 14:32:17 on Apr 22,2025, Elapsed time: 0:00:00
# Errors: 0, Warnings: 0
# ** Warning: (vlib-34) Library already exists at "work".
# Errors: 0, Warnings: 1
# Model Technology ModelSim SE-64 vmap 2020.4 Lib Mapping Utility 2020.10 Oct 13 2020
# vmap work 
# Reading C:/modeltech64_2020.4/win64/../modelsim.ini
# "work" maps to directory ./work. (Default mapping)
# Model Technology ModelSim SE-64 vlog 2020.4 Compiler 2020.10 Oct 13 2020
# Start time: 14:32:17 on Apr 22,2025
# vlog -reportprogress 300 -work work ../rtl/00_xilinx_ip/00_afifo/afifo_i72o72_d2048/afifo_i72o72_d2048_sim_netlist.V 
# -- Compiling module afifo_i72o72_d2048
# -- Compiling module afifo_i72o72_d2048_xpm_cdc_gray
# -- Compiling module afifo_i72o72_d2048_xpm_cdc_gray__2
# -- Compiling module afifo_i72o72_d2048_xpm_cdc_single
# -- Compiling module afifo_i72o72_d2048_xpm_cdc_single__2
# -- Compiling module afifo_i72o72_d2048_xpm_cdc_sync_rst
# -- Compiling module afifo_i72o72_d2048_xpm_cdc_sync_rst__2
# -- Compiling module glbl
# 
# Top level modules:
# 	afifo_i72o72_d2048
# 	glbl
# End time: 14:32:17 on Apr 22,2025, Elapsed time: 0:00:00
# Errors: 0, Warnings: 0
# Model Technology ModelSim SE-64 vlog 2020.4 Compiler 2020.10 Oct 13 2020
# Start time: 14:32:17 on Apr 22,2025
# vlog -reportprogress 300 -work work ../rtl/00_xilinx_ip/01_sfifo/sfifo_i32o32_d1024/sfifo_i32o32_d1024_sim_netlist.V 
# -- Compiling module sfifo_i32o32_d1024
# -- Compiling module glbl
# 
# Top level modules:
# 	sfifo_i32o32_d1024
# 	glbl
# End time: 14:32:18 on Apr 22,2025, Elapsed time: 0:00:01
# Errors: 0, Warnings: 0
# Model Technology ModelSim SE-64 vlog 2020.4 Compiler 2020.10 Oct 13 2020
# Start time: 14:32:18 on Apr 22,2025
# vlog -reportprogress 300 -work work ../rtl/00_xilinx_ip/01_sfifo/sfifo_i64o64_d512/sfifo_i64o64_d512_sim_netlist.V 
# -- Compiling module sfifo_i64o64_d512
# -- Compiling module glbl
# 
# Top level modules:
# 	sfifo_i64o64_d512
# 	glbl
# End time: 14:32:18 on Apr 22,2025, Elapsed time: 0:00:00
# Errors: 0, Warnings: 0
# Model Technology ModelSim SE-64 vlog 2020.4 Compiler 2020.10 Oct 13 2020
# Start time: 14:32:18 on Apr 22,2025
# vlog -reportprogress 300 -work work ../rtl/00_xilinx_ip/01_sfifo/sfifo_i72o72_d512/sfifo_i72o72_d512_sim_netlist.V 
# -- Compiling module sfifo_i72o72_d512
# -- Compiling module glbl
# 
# Top level modules:
# 	sfifo_i72o72_d512
# 	glbl
# End time: 14:32:18 on Apr 22,2025, Elapsed time: 0:00:00
# Errors: 0, Warnings: 0
# Model Technology ModelSim SE-64 vlog 2020.4 Compiler 2020.10 Oct 13 2020
# Start time: 14:32:19 on Apr 22,2025
# vlog -reportprogress 300 -work work ../rtl/00_xilinx_ip/03_ram/sram_i64o64_d256/sram_i64o64_d256_sim_netlist.V 
# -- Compiling module sram_i64o64_d256
# -- Compiling module glbl
# 
# Top level modules:
# 	sram_i64o64_d256
# 	glbl
# End time: 14:32:19 on Apr 22,2025, Elapsed time: 0:00:00
# Errors: 0, Warnings: 0
# Model Technology ModelSim SE-64 vlog 2020.4 Compiler 2020.10 Oct 13 2020
# Start time: 14:32:19 on Apr 22,2025
# vlog -reportprogress 300 -work work ../rtl/01_user_ip/arbita_ch6.v ../rtl/01_user_ip/pulse_gen.v 
# -- Compiling module ARBITA_CH6
# -- Compiling module PULSE_GEN
# 
# Top level modules:
# 	ARBITA_CH6
# 	PULSE_GEN
# End time: 14:32:19 on Apr 22,2025, Elapsed time: 0:00:00
# Errors: 0, Warnings: 0
# Model Technology ModelSim SE-64 vlog 2020.4 Compiler 2020.10 Oct 13 2020
# Start time: 14:32:19 on Apr 22,2025
# vlog -reportprogress 300 -work work ../rtl/03_srio/ini_dma_rd.v ../rtl/03_srio/ini_dma_wr.v ../rtl/03_srio/ini_reg_tx.v ../rtl/03_srio/ini_rx_dec.v ../rtl/03_srio/srio_rx.v ../rtl/03_srio/srio_top.v ../rtl/03_srio/srio_tx.v ../rtl/03_srio/tag_dma_tx.v ../rtl/03_srio/tag_reg_tx.v ../rtl/03_srio/tag_rx_dec.v 
# -- Compiling module INI_DMA_RD
# -- Compiling module INI_DMA_WR
# -- Compiling module INI_REG_TX
# -- Compiling module INI_RX_DEC
# -- Compiling module SRIO_RX
# -- Compiling module SRIO_TOP
# -- Compiling module SRIO_TX
# -- Compiling module TAG_DMA_TX
# -- Compiling module TAG_REG_TX
# -- Compiling module TAG_RX_DEC
# 
# Top level modules:
# 	SRIO_TOP
# End time: 14:32:19 on Apr 22,2025, Elapsed time: 0:00:00
# Errors: 0, Warnings: 0
# Model Technology ModelSim SE-64 vlog 2020.4 Compiler 2020.10 Oct 13 2020
# Start time: 14:32:19 on Apr 22,2025
# vlog -reportprogress 300 -work work ../rtl/04_bist/bist_reg.v ../rtl/04_bist/ram_bist.v 
# -- Compiling module BIST_REG
# -- Compiling module RAM_BIST
# 
# Top level modules:
# 	BIST_REG
# 	RAM_BIST
# End time: 14:32:19 on Apr 22,2025, Elapsed time: 0:00:00
# Errors: 0, Warnings: 0
# ** Warning: (vlib-34) Library already exists at "work".
# Errors: 0, Warnings: 1
# Model Technology ModelSim SE-64 vmap 2020.4 Lib Mapping Utility 2020.10 Oct 13 2020
# vmap work 
# Reading C:/modeltech64_2020.4/win64/../modelsim.ini
# "work" maps to directory ./work. (Default mapping)
# Model Technology ModelSim SE-64 vlog 2020.4 Compiler 2020.10 Oct 13 2020
# Start time: 14:32:20 on Apr 22,2025
# vlog -reportprogress 300 -work work sim_model/define/define.v 
# End time: 14:32:20 on Apr 22,2025, Elapsed time: 0:00:00
# Errors: 0, Warnings: 0
# Model Technology ModelSim SE-64 vlog 2020.4 Compiler 2020.10 Oct 13 2020
# Start time: 14:32:20 on Apr 22,2025
# vlog -reportprogress 300 "+define+tb_00=1" -work work "+incdir+{sim_model/define}" sim_model/sim_model.v 
# -- Compiling module SIM_MODEL
# 
# Top level modules:
# 	SIM_MODEL
# End time: 14:32:20 on Apr 22,2025, Elapsed time: 0:00:00
# Errors: 0, Warnings: 0
# Model Technology ModelSim SE-64 vlog 2020.4 Compiler 2020.10 Oct 13 2020
# Start time: 14:32:20 on Apr 22,2025
# vlog -reportprogress 300 "+define+tb_00=1" -work work "+incdir+{sim_model/define}" sim_model/tb_top.v 
# -- Compiling module tb_top
# 
# Top level modules:
# 	tb_top
# End time: 14:32:20 on Apr 22,2025, Elapsed time: 0:00:00
# Errors: 0, Warnings: 0
do do/tb_00.do
# Model Technology ModelSim SE-64 vlog 2020.4 Compiler 2020.10 Oct 13 2020
# Start time: 14:32:22 on Apr 22,2025
# vlog -reportprogress 300 "+define+tb_00=1" -work work sim_model\define\define.v 
# End time: 14:32:22 on Apr 22,2025, Elapsed time: 0:00:00
# Errors: 0, Warnings: 0
# Model Technology ModelSim SE-64 vlog 2020.4 Compiler 2020.10 Oct 13 2020
# Start time: 14:32:22 on Apr 22,2025
# vlog -reportprogress 300 "+define+tb_00=1" -work work "+incdir+{sim_modeldefine}" sim_model\tb_top.v 
# -- Compiling module tb_top
# 
# Top level modules:
# 	tb_top
# End time: 14:32:22 on Apr 22,2025, Elapsed time: 0:00:00
# Errors: 0, Warnings: 0
# End time: 14:32:26 on Apr 22,2025, Elapsed time: 0:14:38
# Errors: 1, Warnings: 21
# vsim -t 1ps -c -l ./log/vsim_tb_00_report.log work.tb_top -L UNISIMS_VER -L SECUREIP -L SIMPRIMS_VER -L work -voptargs="+acc" work.glbl -wav ./wave/tb_00.wlf 
# Start time: 14:32:26 on Apr 22,2025
# ** Note: (vsim-3813) Design is being optimized due to module recompilation...
# Loading work.tb_top(fast)
# Loading work.SIM_MODEL(fast)
# Loading work.SRIO_TOP(fast)
# Loading work.INI_REG_TX(fast)
# Loading work.sfifo_i72o72_d512(fast)
# Loading UNISIMS_VER.GND(fast)
# Loading UNISIMS_VER.LUT1(fast)
# Loading UNISIMS_VER.LUT2(fast)
# Loading UNISIMS_VER.LUT3(fast)
# Loading UNISIMS_VER.FDRE(fast)
# Loading UNISIMS_VER.CARRY4(fast)
# Loading UNISIMS_VER.LUT5(fast)
# Loading UNISIMS_VER.LUT5(fast__1)
# Loading UNISIMS_VER.FDSE(fast)
# Loading UNISIMS_VER.LUT4(fast)
# Loading UNISIMS_VER.LUT4(fast__1)
# Loading UNISIMS_VER.LUT3(fast__1)
# Loading UNISIMS_VER.LUT3(fast__2)
# Loading UNISIMS_VER.LUT4(fast__2)
# Loading UNISIMS_VER.LUT6(fast)
# Loading UNISIMS_VER.LUT2(fast__1)
# Loading UNISIMS_VER.LUT3(fast__3)
# Loading UNISIMS_VER.LUT4(fast__3)
# Loading UNISIMS_VER.LUT5(fast__2)
# Loading UNISIMS_VER.LUT6(fast__1)
# Loading UNISIMS_VER.LUT6(fast__2)
# Loading UNISIMS_VER.LUT4(fast__4)
# Loading UNISIMS_VER.LUT2(fast__2)
# Loading UNISIMS_VER.LUT5(fast__3)
# Loading UNISIMS_VER.LUT4(fast__5)
# Loading UNISIMS_VER.LUT1(fast__1)
# Loading UNISIMS_VER.RAMB36E1(fast)
# Loading UNISIMS_VER.RB36_INTERNAL_VLOG(fast)
# Loading work.INI_DMA_WR(fast)
# Loading work.sfifo_i64o64_d512(fast)
# Loading work.INI_DMA_RD(fast)
# Loading work.ARBITA_CH6(fast)
# Loading work.SRIO_TX(fast)
# Loading work.afifo_i72o72_d2048(fast)
# Loading work.afifo_i72o72_d2048_xpm_cdc_gray(fast)
# Loading UNISIMS_VER.LUT6(fast__3)
# Loading UNISIMS_VER.LUT5(fast__4)
# Loading UNISIMS_VER.LUT4(fast__6)
# Loading UNISIMS_VER.LUT3(fast__4)
# Loading work.afifo_i72o72_d2048_xpm_cdc_gray__2(fast)
# Loading UNISIMS_VER.LUT6(fast__4)
# Loading UNISIMS_VER.LUT4(fast__7)
# Loading UNISIMS_VER.LUT6(fast__5)
# Loading UNISIMS_VER.LUT5(fast__5)
# Loading UNISIMS_VER.LUT6(fast__6)
# Loading UNISIMS_VER.FDSE(fast__1)
# Loading UNISIMS_VER.RAMB36E1(fast__1)
# Loading UNISIMS_VER.RB36_INTERNAL_VLOG(fast__1)
# Loading UNISIMS_VER.SRL16E(fast)
# Loading UNISIMS_VER.LUT2(fast__3)
# Loading UNISIMS_VER.FDRE(fast__1)
# Loading UNISIMS_VER.LUT3(fast__5)
# Loading UNISIMS_VER.LUT4(fast__8)
# Loading UNISIMS_VER.LUT6(fast__7)
# Loading work.afifo_i72o72_d2048_xpm_cdc_single(fast)
# Loading work.afifo_i72o72_d2048_xpm_cdc_single__2(fast)
# Loading work.afifo_i72o72_d2048_xpm_cdc_sync_rst(fast)
# Loading work.afifo_i72o72_d2048_xpm_cdc_sync_rst__2(fast)
# Loading work.SRIO_RX(fast)
# Loading work.INI_RX_DEC(fast)
# Loading work.TAG_RX_DEC(fast)
# Loading work.TAG_REG_TX(fast)
# Loading work.TAG_DMA_TX(fast)
# Loading work.BIST_REG(fast)
# Loading work.RAM_BIST(fast)
# Loading work.sram_i64o64_d256(fast)
# Loading UNISIMS_VER.RAMB36E1(fast__2)
# Loading UNISIMS_VER.RB36_INTERNAL_VLOG(fast__2)
# Loading work.glbl(fast)
# ** Warning: (vsim-3015) [PCDPC] - Port size (32) does not match connection size (25) for port 'INI_WR_ADDR'. The port definition is at: ../rtl/03_srio/srio_top.v(55).
#    Time: 0 ps  Iteration: 0  Instance: /tb_top/U_SRIO_TOP File: sim_model/tb_top.v Line: 763
# ** Warning: (vsim-3015) [PCDPC] - Port size (8) does not match connection size (16) for port 'INI_WR_SIZE'. The port definition is at: ../rtl/03_srio/srio_top.v(56).
#    Time: 0 ps  Iteration: 0  Instance: /tb_top/U_SRIO_TOP File: sim_model/tb_top.v Line: 763
# ** Warning: (vsim-3015) [PCDPC] - Port size (8) does not match connection size (25) for port 'INI_RD_SIZE'. The port definition is at: ../rtl/03_srio/srio_top.v(64).
#    Time: 0 ps  Iteration: 0  Instance: /tb_top/U_SRIO_TOP File: sim_model/tb_top.v Line: 763
# ** Warning: (vsim-3015) [PCDPC] - Port size (32) does not match connection size (12) for port 'INI_RD_ADDR'. The port definition is at: ../rtl/03_srio/srio_top.v(65).
#    Time: 0 ps  Iteration: 0  Instance: /tb_top/U_SRIO_TOP File: sim_model/tb_top.v Line: 763
# ** Warning: (vsim-3015) [PCDPC] - Port size (32) does not match connection size (16) for port 'TAG_WR_ADDR'. The port definition is at: ../rtl/03_srio/srio_top.v(81).
#    Time: 0 ps  Iteration: 0  Instance: /tb_top/U_SRIO_TOP File: sim_model/tb_top.v Line: 763
# ** Warning: (vsim-3015) [PCDPC] - Port size (32) does not match connection size (8) for port 'TAG_RD_SIZE'. The port definition is at: ../rtl/03_srio/srio_top.v(90).
#    Time: 0 ps  Iteration: 0  Instance: /tb_top/U_SRIO_TOP File: sim_model/tb_top.v Line: 763
# ** Warning: (vsim-3015) [PCDPC] - Port size (8) does not match connection size (16) for port 'TAG_RD_ADDR'. The port definition is at: ../rtl/03_srio/srio_top.v(91).
#    Time: 0 ps  Iteration: 0  Instance: /tb_top/U_SRIO_TOP File: sim_model/tb_top.v Line: 763
# ** Warning: (vsim-3015) [PCDPC] - Port size (16) does not match connection size (32) for port 'TAG_REG_OP_ADDR'. The port definition is at: ../rtl/03_srio/srio_top.v(103).
#    Time: 0 ps  Iteration: 0  Instance: /tb_top/U_SRIO_TOP File: sim_model/tb_top.v Line: 763
# ** Warning: (vsim-3015) [PCDPC] - Port size (1) does not match connection size (32) for port 'DMA_RD_ADDR'. The port definition is at: ../rtl/03_srio/ini_dma_rd.v(23).
#    Time: 0 ps  Iteration: 0  Instance: /tb_top/U_SRIO_TOP/U_INI_DMA_RD File: ../rtl/03_srio/srio_top.v Line: 338
# ** Warning: (vsim-3015) [PCDPC] - Port size (32) does not match connection size (1) for port 'REG_RD_DATA'. The port definition is at: ../rtl/03_srio/ini_rx_dec.v(27).
#    Time: 0 ps  Iteration: 0  Instance: /tb_top/U_SRIO_TOP/U_INI_RX_DEC File: ../rtl/03_srio/srio_top.v Line: 454
# ** Warning: (vsim-3015) [PCDPC] - Port size (32) does not match connection size (16) for port 'REG_OP_ADDR'. The port definition is at: ../rtl/03_srio/tag_rx_dec.v(31).
#    Time: 0 ps  Iteration: 0  Instance: /tb_top/U_SRIO_TOP/U_TAG_RX_DEC File: ../rtl/03_srio/srio_top.v Line: 497
# ** Warning: (vsim-3015) [PCDPC] - Port size (9) does not match connection size (8) for port 'DMA_WR_SIZE'. The port definition is at: ../rtl/03_srio/tag_rx_dec.v(36).
#    Time: 0 ps  Iteration: 0  Instance: /tb_top/U_SRIO_TOP/U_TAG_RX_DEC File: ../rtl/03_srio/srio_top.v Line: 497
# ** Warning: (vsim-3015) [PCDPC] - Port size (9) does not match connection size (32) for port 'DMA_RD_SIZE'. The port definition is at: ../rtl/03_srio/tag_rx_dec.v(43).
#    Time: 0 ps  Iteration: 0  Instance: /tb_top/U_SRIO_TOP/U_TAG_RX_DEC File: ../rtl/03_srio/srio_top.v Line: 497
# ** Warning: (vsim-3015) [PCDPC] - Port size (32) does not match connection size (8) for port 'DMA_RD_ADDR'. The port definition is at: ../rtl/03_srio/tag_rx_dec.v(44).
#    Time: 0 ps  Iteration: 0  Instance: /tb_top/U_SRIO_TOP/U_TAG_RX_DEC File: ../rtl/03_srio/srio_top.v Line: 497
# ** Warning: (vsim-3015) [PCDPC] - Port size (32) does not match connection size (16) for port 'REG_OP_ADDR'. The port definition is at: ../rtl/03_srio/tag_reg_tx.v(22).
#    Time: 0 ps  Iteration: 0  Instance: /tb_top/U_SRIO_TOP/U_TAG_REG_TX File: ../rtl/03_srio/srio_top.v Line: 533
# ** Warning: (vsim-3015) [PCDPC] - Port size (64) does not match connection size (72) for port 'din'. The port definition is at: ../rtl/00_xilinx_ip/01_sfifo/sfifo_i64o64_d512/sfifo_i64o64_d512_sim_netlist.V(20).
#    Time: 0 ps  Iteration: 0  Instance: /tb_top/U_SRIO_TOP/U_TAG_REG_TX/U_CBUF File: ../rtl/03_srio/tag_reg_tx.v Line: 110
# ** Warning: (vsim-3015) [PCDPC] - Port size (64) does not match connection size (72) for port 'dout'. The port definition is at: ../rtl/00_xilinx_ip/01_sfifo/sfifo_i64o64_d512/sfifo_i64o64_d512_sim_netlist.V(23).
#    Time: 0 ps  Iteration: 0  Instance: /tb_top/U_SRIO_TOP/U_TAG_REG_TX/U_CBUF File: ../rtl/03_srio/tag_reg_tx.v Line: 110
# ** Warning: (vsim-3015) [PCDPC] - Port size (9) does not match connection size (32) for port 'DMA_RD_SIZE'. The port definition is at: ../rtl/03_srio/tag_dma_tx.v(24).
#    Time: 0 ps  Iteration: 0  Instance: /tb_top/U_SRIO_TOP/U_TAG_DMA_TX File: ../rtl/03_srio/srio_top.v Line: 549
# ** Warning: (vsim-3015) [PCDPC] - Port size (32) does not match connection size (8) for port 'DMA_RD_ADDR'. The port definition is at: ../rtl/03_srio/tag_dma_tx.v(25).
#    Time: 0 ps  Iteration: 0  Instance: /tb_top/U_SRIO_TOP/U_TAG_DMA_TX File: ../rtl/03_srio/srio_top.v Line: 549
# ** Warning: (vsim-3015) [PCDPC] - Port size (6) does not match connection size (8) for port 'addra'. The port definition is at: ../rtl/00_xilinx_ip/03_ram/sram_i64o64_d256/sram_i64o64_d256_sim_netlist.V(20).
#    Time: 0 ps  Iteration: 0  Instance: /tb_top/U_RAM_BIST/U_BIST_BRAM File: ../rtl/04_bist/ram_bist.v Line: 113
# ** Warning: (vsim-3015) [PCDPC] - Port size (6) does not match connection size (8) for port 'addrb'. The port definition is at: ../rtl/00_xilinx_ip/03_ram/sram_i64o64_d256/sram_i64o64_d256_sim_netlist.V(23).
#    Time: 0 ps  Iteration: 0  Instance: /tb_top/U_RAM_BIST/U_BIST_BRAM File: ../rtl/04_bist/ram_bist.v Line: 113
#  
# ******<<<<<<<<<<<<<<<<<<<<<<Simulation tb_00 start>>>>>>>>>>>>>>>>>>>>>>> ******
#  
# ---- Initial simulation
# ---- clock ---- 1111 ---- enable
# ---- Wait for  64 cycles
# ---- Wait for  64 cycles end
# ---- Wait for  16 cycles
# ---- Wait for  16 cycles end
# ---- reseting by cycle
# ---- reset0   64 cycle end
# ---- Wait for  16 cycles
# ---- Wait for  16 cycles end
# ---- reseting by ns
# ---- reset1  255 ns end
# ---- Write register   PORT :0x0    ADD :0x200    DATA :0x89abcd0e
# ---- Wait for  16 cycles
# ---- Wait for  16 cycles end
# ---- Wait for 255 cycles
# ---- Wait for 255 cycles end
# ---- tb_00 test completed !
#  
# ******<<<<<<<<<<<<<<<<<<<<Simulation tb_00 Successful End>>>>>>>>>>>>>>>>>>> ******
#  
do do/compile_all.do
# ** Warning: (vlib-34) Library already exists at "work".
# Errors: 0, Warnings: 1
# Model Technology ModelSim SE-64 vmap 2020.4 Lib Mapping Utility 2020.10 Oct 13 2020
# vmap work 
# Reading C:/modeltech64_2020.4/win64/../modelsim.ini
# "work" maps to directory ./work. (Default mapping)
# Model Technology ModelSim SE-64 vlog 2020.4 Compiler 2020.10 Oct 13 2020
# Start time: 14:33:37 on Apr 22,2025
# vlog -reportprogress 300 -work work sim_model/lib/glbl.v 
# -- Compiling module glbl
# 
# Top level modules:
# 	glbl
# End time: 14:33:37 on Apr 22,2025, Elapsed time: 0:00:00
# Errors: 0, Warnings: 0
# ** Warning: (vlib-34) Library already exists at "work".
# Errors: 0, Warnings: 1
# Model Technology ModelSim SE-64 vmap 2020.4 Lib Mapping Utility 2020.10 Oct 13 2020
# vmap work 
# Reading C:/modeltech64_2020.4/win64/../modelsim.ini
# "work" maps to directory ./work. (Default mapping)
# Model Technology ModelSim SE-64 vlog 2020.4 Compiler 2020.10 Oct 13 2020
# Start time: 14:33:37 on Apr 22,2025
# vlog -reportprogress 300 -work work ../rtl/00_xilinx_ip/00_afifo/afifo_i72o72_d2048/afifo_i72o72_d2048_sim_netlist.V 
# -- Compiling module afifo_i72o72_d2048
# -- Compiling module afifo_i72o72_d2048_xpm_cdc_gray
# -- Compiling module afifo_i72o72_d2048_xpm_cdc_gray__2
# -- Compiling module afifo_i72o72_d2048_xpm_cdc_single
# -- Compiling module afifo_i72o72_d2048_xpm_cdc_single__2
# -- Compiling module afifo_i72o72_d2048_xpm_cdc_sync_rst
# -- Compiling module afifo_i72o72_d2048_xpm_cdc_sync_rst__2
# -- Compiling module glbl
# 
# Top level modules:
# 	afifo_i72o72_d2048
# 	glbl
# End time: 14:33:38 on Apr 22,2025, Elapsed time: 0:00:01
# Errors: 0, Warnings: 0
# Model Technology ModelSim SE-64 vlog 2020.4 Compiler 2020.10 Oct 13 2020
# Start time: 14:33:38 on Apr 22,2025
# vlog -reportprogress 300 -work work ../rtl/00_xilinx_ip/01_sfifo/sfifo_i32o32_d1024/sfifo_i32o32_d1024_sim_netlist.V 
# -- Compiling module sfifo_i32o32_d1024
# -- Compiling module glbl
# 
# Top level modules:
# 	sfifo_i32o32_d1024
# 	glbl
# End time: 14:33:38 on Apr 22,2025, Elapsed time: 0:00:00
# Errors: 0, Warnings: 0
# Model Technology ModelSim SE-64 vlog 2020.4 Compiler 2020.10 Oct 13 2020
# Start time: 14:33:38 on Apr 22,2025
# vlog -reportprogress 300 -work work ../rtl/00_xilinx_ip/01_sfifo/sfifo_i64o64_d512/sfifo_i64o64_d512_sim_netlist.V 
# -- Compiling module sfifo_i64o64_d512
# -- Compiling module glbl
# 
# Top level modules:
# 	sfifo_i64o64_d512
# 	glbl
# End time: 14:33:38 on Apr 22,2025, Elapsed time: 0:00:00
# Errors: 0, Warnings: 0
# Model Technology ModelSim SE-64 vlog 2020.4 Compiler 2020.10 Oct 13 2020
# Start time: 14:33:39 on Apr 22,2025
# vlog -reportprogress 300 -work work ../rtl/00_xilinx_ip/01_sfifo/sfifo_i72o72_d512/sfifo_i72o72_d512_sim_netlist.V 
# -- Compiling module sfifo_i72o72_d512
# -- Compiling module glbl
# 
# Top level modules:
# 	sfifo_i72o72_d512
# 	glbl
# End time: 14:33:39 on Apr 22,2025, Elapsed time: 0:00:00
# Errors: 0, Warnings: 0
# Model Technology ModelSim SE-64 vlog 2020.4 Compiler 2020.10 Oct 13 2020
# Start time: 14:33:39 on Apr 22,2025
# vlog -reportprogress 300 -work work ../rtl/00_xilinx_ip/03_ram/sram_i64o64_d256/sram_i64o64_d256_sim_netlist.V 
# -- Compiling module sram_i64o64_d256
# -- Compiling module glbl
# 
# Top level modules:
# 	sram_i64o64_d256
# 	glbl
# End time: 14:33:39 on Apr 22,2025, Elapsed time: 0:00:00
# Errors: 0, Warnings: 0
# Model Technology ModelSim SE-64 vlog 2020.4 Compiler 2020.10 Oct 13 2020
# Start time: 14:33:39 on Apr 22,2025
# vlog -reportprogress 300 -work work ../rtl/01_user_ip/arbita_ch6.v ../rtl/01_user_ip/pulse_gen.v 
# -- Compiling module ARBITA_CH6
# -- Compiling module PULSE_GEN
# 
# Top level modules:
# 	ARBITA_CH6
# 	PULSE_GEN
# End time: 14:33:39 on Apr 22,2025, Elapsed time: 0:00:00
# Errors: 0, Warnings: 0
# Model Technology ModelSim SE-64 vlog 2020.4 Compiler 2020.10 Oct 13 2020
# Start time: 14:33:39 on Apr 22,2025
# vlog -reportprogress 300 -work work ../rtl/03_srio/ini_dma_rd.v ../rtl/03_srio/ini_dma_wr.v ../rtl/03_srio/ini_reg_tx.v ../rtl/03_srio/ini_rx_dec.v ../rtl/03_srio/srio_rx.v ../rtl/03_srio/srio_top.v ../rtl/03_srio/srio_tx.v ../rtl/03_srio/tag_dma_tx.v ../rtl/03_srio/tag_reg_tx.v ../rtl/03_srio/tag_rx_dec.v 
# -- Compiling module INI_DMA_RD
# -- Compiling module INI_DMA_WR
# -- Compiling module INI_REG_TX
# -- Compiling module INI_RX_DEC
# -- Compiling module SRIO_RX
# -- Compiling module SRIO_TOP
# -- Compiling module SRIO_TX
# -- Compiling module TAG_DMA_TX
# -- Compiling module TAG_REG_TX
# -- Compiling module TAG_RX_DEC
# 
# Top level modules:
# 	SRIO_TOP
# End time: 14:33:39 on Apr 22,2025, Elapsed time: 0:00:00
# Errors: 0, Warnings: 0
# Model Technology ModelSim SE-64 vlog 2020.4 Compiler 2020.10 Oct 13 2020
# Start time: 14:33:39 on Apr 22,2025
# vlog -reportprogress 300 -work work ../rtl/04_bist/bist_reg.v ../rtl/04_bist/ram_bist.v 
# -- Compiling module BIST_REG
# -- Compiling module RAM_BIST
# 
# Top level modules:
# 	BIST_REG
# 	RAM_BIST
# End time: 14:33:40 on Apr 22,2025, Elapsed time: 0:00:01
# Errors: 0, Warnings: 0
# ** Warning: (vlib-34) Library already exists at "work".
# Errors: 0, Warnings: 1
# Model Technology ModelSim SE-64 vmap 2020.4 Lib Mapping Utility 2020.10 Oct 13 2020
# vmap work 
# Reading C:/modeltech64_2020.4/win64/../modelsim.ini
# "work" maps to directory ./work. (Default mapping)
# Model Technology ModelSim SE-64 vlog 2020.4 Compiler 2020.10 Oct 13 2020
# Start time: 14:33:40 on Apr 22,2025
# vlog -reportprogress 300 -work work sim_model/define/define.v 
# End time: 14:33:40 on Apr 22,2025, Elapsed time: 0:00:00
# Errors: 0, Warnings: 0
# Model Technology ModelSim SE-64 vlog 2020.4 Compiler 2020.10 Oct 13 2020
# Start time: 14:33:40 on Apr 22,2025
# vlog -reportprogress 300 "+define+tb_00=1" -work work "+incdir+{sim_model/define}" sim_model/sim_model.v 
# -- Compiling module SIM_MODEL
# 
# Top level modules:
# 	SIM_MODEL
# End time: 14:33:40 on Apr 22,2025, Elapsed time: 0:00:00
# Errors: 0, Warnings: 0
# Model Technology ModelSim SE-64 vlog 2020.4 Compiler 2020.10 Oct 13 2020
# Start time: 14:33:40 on Apr 22,2025
# vlog -reportprogress 300 "+define+tb_00=1" -work work "+incdir+{sim_model/define}" sim_model/tb_top.v 
# -- Compiling module tb_top
# 
# Top level modules:
# 	tb_top
# End time: 14:33:40 on Apr 22,2025, Elapsed time: 0:00:00
# Errors: 0, Warnings: 0
do do/tb_00.do
# Model Technology ModelSim SE-64 vlog 2020.4 Compiler 2020.10 Oct 13 2020
# Start time: 14:33:42 on Apr 22,2025
# vlog -reportprogress 300 "+define+tb_00=1" -work work sim_model\define\define.v 
# End time: 14:33:42 on Apr 22,2025, Elapsed time: 0:00:00
# Errors: 0, Warnings: 0
# Model Technology ModelSim SE-64 vlog 2020.4 Compiler 2020.10 Oct 13 2020
# Start time: 14:33:42 on Apr 22,2025
# vlog -reportprogress 300 "+define+tb_00=1" -work work "+incdir+{sim_modeldefine}" sim_model\tb_top.v 
# -- Compiling module tb_top
# 
# Top level modules:
# 	tb_top
# End time: 14:33:43 on Apr 22,2025, Elapsed time: 0:00:01
# Errors: 0, Warnings: 0
# End time: 14:33:46 on Apr 22,2025, Elapsed time: 0:01:20
# Errors: 0, Warnings: 21
# vsim -t 1ps -c -l ./log/vsim_tb_00_report.log work.tb_top -L UNISIMS_VER -L SECUREIP -L SIMPRIMS_VER -L work -voptargs="+acc" work.glbl -wav ./wave/tb_00.wlf 
# Start time: 14:33:46 on Apr 22,2025
# ** Note: (vsim-3813) Design is being optimized due to module recompilation...
# Loading work.tb_top(fast)
# Loading work.SIM_MODEL(fast)
# Loading work.SRIO_TOP(fast)
# Loading work.INI_REG_TX(fast)
# Loading work.sfifo_i72o72_d512(fast)
# Loading UNISIMS_VER.GND(fast)
# Loading UNISIMS_VER.LUT1(fast)
# Loading UNISIMS_VER.LUT2(fast)
# Loading UNISIMS_VER.LUT3(fast)
# Loading UNISIMS_VER.FDRE(fast)
# Loading UNISIMS_VER.CARRY4(fast)
# Loading UNISIMS_VER.LUT5(fast)
# Loading UNISIMS_VER.LUT5(fast__1)
# Loading UNISIMS_VER.FDSE(fast)
# Loading UNISIMS_VER.LUT4(fast)
# Loading UNISIMS_VER.LUT4(fast__1)
# Loading UNISIMS_VER.LUT3(fast__1)
# Loading UNISIMS_VER.LUT3(fast__2)
# Loading UNISIMS_VER.LUT4(fast__2)
# Loading UNISIMS_VER.LUT6(fast)
# Loading UNISIMS_VER.LUT2(fast__1)
# Loading UNISIMS_VER.LUT3(fast__3)
# Loading UNISIMS_VER.LUT4(fast__3)
# Loading UNISIMS_VER.LUT5(fast__2)
# Loading UNISIMS_VER.LUT6(fast__1)
# Loading UNISIMS_VER.LUT6(fast__2)
# Loading UNISIMS_VER.LUT4(fast__4)
# Loading UNISIMS_VER.LUT2(fast__2)
# Loading UNISIMS_VER.LUT5(fast__3)
# Loading UNISIMS_VER.LUT4(fast__5)
# Loading UNISIMS_VER.LUT1(fast__1)
# Loading UNISIMS_VER.RAMB36E1(fast)
# Loading UNISIMS_VER.RB36_INTERNAL_VLOG(fast)
# Loading work.INI_DMA_WR(fast)
# Loading work.sfifo_i64o64_d512(fast)
# Loading work.INI_DMA_RD(fast)
# Loading work.ARBITA_CH6(fast)
# Loading work.SRIO_TX(fast)
# Loading work.afifo_i72o72_d2048(fast)
# Loading work.afifo_i72o72_d2048_xpm_cdc_gray(fast)
# Loading UNISIMS_VER.LUT6(fast__3)
# Loading UNISIMS_VER.LUT5(fast__4)
# Loading UNISIMS_VER.LUT4(fast__6)
# Loading UNISIMS_VER.LUT3(fast__4)
# Loading work.afifo_i72o72_d2048_xpm_cdc_gray__2(fast)
# Loading UNISIMS_VER.LUT6(fast__4)
# Loading UNISIMS_VER.LUT4(fast__7)
# Loading UNISIMS_VER.LUT6(fast__5)
# Loading UNISIMS_VER.LUT5(fast__5)
# Loading UNISIMS_VER.LUT6(fast__6)
# Loading UNISIMS_VER.FDSE(fast__1)
# Loading UNISIMS_VER.RAMB36E1(fast__1)
# Loading UNISIMS_VER.RB36_INTERNAL_VLOG(fast__1)
# Loading UNISIMS_VER.SRL16E(fast)
# Loading UNISIMS_VER.LUT2(fast__3)
# Loading UNISIMS_VER.FDRE(fast__1)
# Loading UNISIMS_VER.LUT3(fast__5)
# Loading UNISIMS_VER.LUT4(fast__8)
# Loading UNISIMS_VER.LUT6(fast__7)
# Loading work.afifo_i72o72_d2048_xpm_cdc_single(fast)
# Loading work.afifo_i72o72_d2048_xpm_cdc_single__2(fast)
# Loading work.afifo_i72o72_d2048_xpm_cdc_sync_rst(fast)
# Loading work.afifo_i72o72_d2048_xpm_cdc_sync_rst__2(fast)
# Loading work.SRIO_RX(fast)
# Loading work.INI_RX_DEC(fast)
# Loading work.TAG_RX_DEC(fast)
# Loading work.TAG_REG_TX(fast)
# Loading work.TAG_DMA_TX(fast)
# Loading work.BIST_REG(fast)
# Loading work.RAM_BIST(fast)
# Loading work.sram_i64o64_d256(fast)
# Loading UNISIMS_VER.RAMB36E1(fast__2)
# Loading UNISIMS_VER.RB36_INTERNAL_VLOG(fast__2)
# Loading work.glbl(fast)
# ** Warning: (vsim-3015) [PCDPC] - Port size (32) does not match connection size (25) for port 'INI_WR_ADDR'. The port definition is at: ../rtl/03_srio/srio_top.v(55).
#    Time: 0 ps  Iteration: 0  Instance: /tb_top/U_SRIO_TOP File: sim_model/tb_top.v Line: 763
# ** Warning: (vsim-3015) [PCDPC] - Port size (8) does not match connection size (16) for port 'INI_WR_SIZE'. The port definition is at: ../rtl/03_srio/srio_top.v(56).
#    Time: 0 ps  Iteration: 0  Instance: /tb_top/U_SRIO_TOP File: sim_model/tb_top.v Line: 763
# ** Warning: (vsim-3015) [PCDPC] - Port size (8) does not match connection size (25) for port 'INI_RD_SIZE'. The port definition is at: ../rtl/03_srio/srio_top.v(64).
#    Time: 0 ps  Iteration: 0  Instance: /tb_top/U_SRIO_TOP File: sim_model/tb_top.v Line: 763
# ** Warning: (vsim-3015) [PCDPC] - Port size (32) does not match connection size (12) for port 'INI_RD_ADDR'. The port definition is at: ../rtl/03_srio/srio_top.v(65).
#    Time: 0 ps  Iteration: 0  Instance: /tb_top/U_SRIO_TOP File: sim_model/tb_top.v Line: 763
# ** Warning: (vsim-3015) [PCDPC] - Port size (32) does not match connection size (16) for port 'TAG_WR_ADDR'. The port definition is at: ../rtl/03_srio/srio_top.v(81).
#    Time: 0 ps  Iteration: 0  Instance: /tb_top/U_SRIO_TOP File: sim_model/tb_top.v Line: 763
# ** Warning: (vsim-3015) [PCDPC] - Port size (32) does not match connection size (8) for port 'TAG_RD_SIZE'. The port definition is at: ../rtl/03_srio/srio_top.v(90).
#    Time: 0 ps  Iteration: 0  Instance: /tb_top/U_SRIO_TOP File: sim_model/tb_top.v Line: 763
# ** Warning: (vsim-3015) [PCDPC] - Port size (8) does not match connection size (16) for port 'TAG_RD_ADDR'. The port definition is at: ../rtl/03_srio/srio_top.v(91).
#    Time: 0 ps  Iteration: 0  Instance: /tb_top/U_SRIO_TOP File: sim_model/tb_top.v Line: 763
# ** Warning: (vsim-3015) [PCDPC] - Port size (16) does not match connection size (32) for port 'TAG_REG_OP_ADDR'. The port definition is at: ../rtl/03_srio/srio_top.v(103).
#    Time: 0 ps  Iteration: 0  Instance: /tb_top/U_SRIO_TOP File: sim_model/tb_top.v Line: 763
# ** Warning: (vsim-3015) [PCDPC] - Port size (1) does not match connection size (32) for port 'DMA_RD_ADDR'. The port definition is at: ../rtl/03_srio/ini_dma_rd.v(23).
#    Time: 0 ps  Iteration: 0  Instance: /tb_top/U_SRIO_TOP/U_INI_DMA_RD File: ../rtl/03_srio/srio_top.v Line: 338
# ** Warning: (vsim-3015) [PCDPC] - Port size (32) does not match connection size (1) for port 'REG_RD_DATA'. The port definition is at: ../rtl/03_srio/ini_rx_dec.v(27).
#    Time: 0 ps  Iteration: 0  Instance: /tb_top/U_SRIO_TOP/U_INI_RX_DEC File: ../rtl/03_srio/srio_top.v Line: 454
# ** Warning: (vsim-3015) [PCDPC] - Port size (32) does not match connection size (16) for port 'REG_OP_ADDR'. The port definition is at: ../rtl/03_srio/tag_rx_dec.v(31).
#    Time: 0 ps  Iteration: 0  Instance: /tb_top/U_SRIO_TOP/U_TAG_RX_DEC File: ../rtl/03_srio/srio_top.v Line: 497
# ** Warning: (vsim-3015) [PCDPC] - Port size (9) does not match connection size (8) for port 'DMA_WR_SIZE'. The port definition is at: ../rtl/03_srio/tag_rx_dec.v(36).
#    Time: 0 ps  Iteration: 0  Instance: /tb_top/U_SRIO_TOP/U_TAG_RX_DEC File: ../rtl/03_srio/srio_top.v Line: 497
# ** Warning: (vsim-3015) [PCDPC] - Port size (9) does not match connection size (32) for port 'DMA_RD_SIZE'. The port definition is at: ../rtl/03_srio/tag_rx_dec.v(43).
#    Time: 0 ps  Iteration: 0  Instance: /tb_top/U_SRIO_TOP/U_TAG_RX_DEC File: ../rtl/03_srio/srio_top.v Line: 497
# ** Warning: (vsim-3015) [PCDPC] - Port size (32) does not match connection size (8) for port 'DMA_RD_ADDR'. The port definition is at: ../rtl/03_srio/tag_rx_dec.v(44).
#    Time: 0 ps  Iteration: 0  Instance: /tb_top/U_SRIO_TOP/U_TAG_RX_DEC File: ../rtl/03_srio/srio_top.v Line: 497
# ** Warning: (vsim-3015) [PCDPC] - Port size (32) does not match connection size (16) for port 'REG_OP_ADDR'. The port definition is at: ../rtl/03_srio/tag_reg_tx.v(22).
#    Time: 0 ps  Iteration: 0  Instance: /tb_top/U_SRIO_TOP/U_TAG_REG_TX File: ../rtl/03_srio/srio_top.v Line: 533
# ** Warning: (vsim-3015) [PCDPC] - Port size (64) does not match connection size (72) for port 'din'. The port definition is at: ../rtl/00_xilinx_ip/01_sfifo/sfifo_i64o64_d512/sfifo_i64o64_d512_sim_netlist.V(20).
#    Time: 0 ps  Iteration: 0  Instance: /tb_top/U_SRIO_TOP/U_TAG_REG_TX/U_CBUF File: ../rtl/03_srio/tag_reg_tx.v Line: 110
# ** Warning: (vsim-3015) [PCDPC] - Port size (64) does not match connection size (72) for port 'dout'. The port definition is at: ../rtl/00_xilinx_ip/01_sfifo/sfifo_i64o64_d512/sfifo_i64o64_d512_sim_netlist.V(23).
#    Time: 0 ps  Iteration: 0  Instance: /tb_top/U_SRIO_TOP/U_TAG_REG_TX/U_CBUF File: ../rtl/03_srio/tag_reg_tx.v Line: 110
# ** Warning: (vsim-3015) [PCDPC] - Port size (9) does not match connection size (32) for port 'DMA_RD_SIZE'. The port definition is at: ../rtl/03_srio/tag_dma_tx.v(24).
#    Time: 0 ps  Iteration: 0  Instance: /tb_top/U_SRIO_TOP/U_TAG_DMA_TX File: ../rtl/03_srio/srio_top.v Line: 549
# ** Warning: (vsim-3015) [PCDPC] - Port size (32) does not match connection size (8) for port 'DMA_RD_ADDR'. The port definition is at: ../rtl/03_srio/tag_dma_tx.v(25).
#    Time: 0 ps  Iteration: 0  Instance: /tb_top/U_SRIO_TOP/U_TAG_DMA_TX File: ../rtl/03_srio/srio_top.v Line: 549
# ** Warning: (vsim-3015) [PCDPC] - Port size (6) does not match connection size (8) for port 'addra'. The port definition is at: ../rtl/00_xilinx_ip/03_ram/sram_i64o64_d256/sram_i64o64_d256_sim_netlist.V(20).
#    Time: 0 ps  Iteration: 0  Instance: /tb_top/U_RAM_BIST/U_BIST_BRAM File: ../rtl/04_bist/ram_bist.v Line: 113
# ** Warning: (vsim-3015) [PCDPC] - Port size (6) does not match connection size (8) for port 'addrb'. The port definition is at: ../rtl/00_xilinx_ip/03_ram/sram_i64o64_d256/sram_i64o64_d256_sim_netlist.V(23).
#    Time: 0 ps  Iteration: 0  Instance: /tb_top/U_RAM_BIST/U_BIST_BRAM File: ../rtl/04_bist/ram_bist.v Line: 113
#  
# ******<<<<<<<<<<<<<<<<<<<<<<Simulation tb_00 start>>>>>>>>>>>>>>>>>>>>>>> ******
#  
# ---- Initial simulation
# ---- clock ---- 1111 ---- enable
# ---- Wait for  64 cycles
# ---- Wait for  64 cycles end
# ---- Wait for  16 cycles
# ---- Wait for  16 cycles end
# ---- reseting by cycle
# ---- reset0   64 cycle end
# ---- Wait for  16 cycles
# ---- Wait for  16 cycles end
# ---- reseting by ns
# ---- reset1  255 ns end
# ---- Write register   PORT :0x0    ADD :0x200    DATA :0x89abcd0e
# ---- Wait for  16 cycles
# ---- Wait for  16 cycles end
# ---- Wait for 255 cycles
# ---- Wait for 255 cycles end
# ---- tb_00 test completed !
#  
# ******<<<<<<<<<<<<<<<<<<<<Simulation tb_00 Successful End>>>>>>>>>>>>>>>>>>> ******
#  
do do/compile_all.do
# ** Warning: (vlib-34) Library already exists at "work".
# Errors: 0, Warnings: 1
# Model Technology ModelSim SE-64 vmap 2020.4 Lib Mapping Utility 2020.10 Oct 13 2020
# vmap work 
# Reading C:/modeltech64_2020.4/win64/../modelsim.ini
# "work" maps to directory ./work. (Default mapping)
# Model Technology ModelSim SE-64 vlog 2020.4 Compiler 2020.10 Oct 13 2020
# Start time: 14:34:29 on Apr 22,2025
# vlog -reportprogress 300 -work work sim_model/lib/glbl.v 
# -- Compiling module glbl
# 
# Top level modules:
# 	glbl
# End time: 14:34:29 on Apr 22,2025, Elapsed time: 0:00:00
# Errors: 0, Warnings: 0
# ** Warning: (vlib-34) Library already exists at "work".
# Errors: 0, Warnings: 1
# Model Technology ModelSim SE-64 vmap 2020.4 Lib Mapping Utility 2020.10 Oct 13 2020
# vmap work 
# Reading C:/modeltech64_2020.4/win64/../modelsim.ini
# "work" maps to directory ./work. (Default mapping)
# Model Technology ModelSim SE-64 vlog 2020.4 Compiler 2020.10 Oct 13 2020
# Start time: 14:34:29 on Apr 22,2025
# vlog -reportprogress 300 -work work ../rtl/00_xilinx_ip/00_afifo/afifo_i72o72_d2048/afifo_i72o72_d2048_sim_netlist.V 
# -- Compiling module afifo_i72o72_d2048
# -- Compiling module afifo_i72o72_d2048_xpm_cdc_gray
# -- Compiling module afifo_i72o72_d2048_xpm_cdc_gray__2
# -- Compiling module afifo_i72o72_d2048_xpm_cdc_single
# -- Compiling module afifo_i72o72_d2048_xpm_cdc_single__2
# -- Compiling module afifo_i72o72_d2048_xpm_cdc_sync_rst
# -- Compiling module afifo_i72o72_d2048_xpm_cdc_sync_rst__2
# -- Compiling module glbl
# 
# Top level modules:
# 	afifo_i72o72_d2048
# 	glbl
# End time: 14:34:30 on Apr 22,2025, Elapsed time: 0:00:01
# Errors: 0, Warnings: 0
# Model Technology ModelSim SE-64 vlog 2020.4 Compiler 2020.10 Oct 13 2020
# Start time: 14:34:30 on Apr 22,2025
# vlog -reportprogress 300 -work work ../rtl/00_xilinx_ip/01_sfifo/sfifo_i32o32_d1024/sfifo_i32o32_d1024_sim_netlist.V 
# -- Compiling module sfifo_i32o32_d1024
# -- Compiling module glbl
# 
# Top level modules:
# 	sfifo_i32o32_d1024
# 	glbl
# End time: 14:34:30 on Apr 22,2025, Elapsed time: 0:00:00
# Errors: 0, Warnings: 0
# Model Technology ModelSim SE-64 vlog 2020.4 Compiler 2020.10 Oct 13 2020
# Start time: 14:34:30 on Apr 22,2025
# vlog -reportprogress 300 -work work ../rtl/00_xilinx_ip/01_sfifo/sfifo_i64o64_d512/sfifo_i64o64_d512_sim_netlist.V 
# -- Compiling module sfifo_i64o64_d512
# -- Compiling module glbl
# 
# Top level modules:
# 	sfifo_i64o64_d512
# 	glbl
# End time: 14:34:30 on Apr 22,2025, Elapsed time: 0:00:00
# Errors: 0, Warnings: 0
# Model Technology ModelSim SE-64 vlog 2020.4 Compiler 2020.10 Oct 13 2020
# Start time: 14:34:30 on Apr 22,2025
# vlog -reportprogress 300 -work work ../rtl/00_xilinx_ip/01_sfifo/sfifo_i72o72_d512/sfifo_i72o72_d512_sim_netlist.V 
# -- Compiling module sfifo_i72o72_d512
# -- Compiling module glbl
# 
# Top level modules:
# 	sfifo_i72o72_d512
# 	glbl
# End time: 14:34:31 on Apr 22,2025, Elapsed time: 0:00:01
# Errors: 0, Warnings: 0
# Model Technology ModelSim SE-64 vlog 2020.4 Compiler 2020.10 Oct 13 2020
# Start time: 14:34:31 on Apr 22,2025
# vlog -reportprogress 300 -work work ../rtl/00_xilinx_ip/03_ram/sram_i64o64_d256/sram_i64o64_d256_sim_netlist.V 
# -- Compiling module sram_i64o64_d256
# -- Compiling module glbl
# 
# Top level modules:
# 	sram_i64o64_d256
# 	glbl
# End time: 14:34:31 on Apr 22,2025, Elapsed time: 0:00:00
# Errors: 0, Warnings: 0
# Model Technology ModelSim SE-64 vlog 2020.4 Compiler 2020.10 Oct 13 2020
# Start time: 14:34:31 on Apr 22,2025
# vlog -reportprogress 300 -work work ../rtl/01_user_ip/arbita_ch6.v ../rtl/01_user_ip/pulse_gen.v 
# -- Compiling module ARBITA_CH6
# -- Compiling module PULSE_GEN
# 
# Top level modules:
# 	ARBITA_CH6
# 	PULSE_GEN
# End time: 14:34:31 on Apr 22,2025, Elapsed time: 0:00:00
# Errors: 0, Warnings: 0
# Model Technology ModelSim SE-64 vlog 2020.4 Compiler 2020.10 Oct 13 2020
# Start time: 14:34:31 on Apr 22,2025
# vlog -reportprogress 300 -work work ../rtl/03_srio/ini_dma_rd.v ../rtl/03_srio/ini_dma_wr.v ../rtl/03_srio/ini_reg_tx.v ../rtl/03_srio/ini_rx_dec.v ../rtl/03_srio/srio_rx.v ../rtl/03_srio/srio_top.v ../rtl/03_srio/srio_tx.v ../rtl/03_srio/tag_dma_tx.v ../rtl/03_srio/tag_reg_tx.v ../rtl/03_srio/tag_rx_dec.v 
# -- Compiling module INI_DMA_RD
# -- Compiling module INI_DMA_WR
# -- Compiling module INI_REG_TX
# -- Compiling module INI_RX_DEC
# -- Compiling module SRIO_RX
# -- Compiling module SRIO_TOP
# -- Compiling module SRIO_TX
# -- Compiling module TAG_DMA_TX
# -- Compiling module TAG_REG_TX
# -- Compiling module TAG_RX_DEC
# 
# Top level modules:
# 	SRIO_TOP
# End time: 14:34:31 on Apr 22,2025, Elapsed time: 0:00:00
# Errors: 0, Warnings: 0
# Model Technology ModelSim SE-64 vlog 2020.4 Compiler 2020.10 Oct 13 2020
# Start time: 14:34:31 on Apr 22,2025
# vlog -reportprogress 300 -work work ../rtl/04_bist/bist_reg.v ../rtl/04_bist/ram_bist.v 
# -- Compiling module BIST_REG
# -- Compiling module RAM_BIST
# 
# Top level modules:
# 	BIST_REG
# 	RAM_BIST
# End time: 14:34:32 on Apr 22,2025, Elapsed time: 0:00:01
# Errors: 0, Warnings: 0
# ** Warning: (vlib-34) Library already exists at "work".
# Errors: 0, Warnings: 1
# Model Technology ModelSim SE-64 vmap 2020.4 Lib Mapping Utility 2020.10 Oct 13 2020
# vmap work 
# Reading C:/modeltech64_2020.4/win64/../modelsim.ini
# "work" maps to directory ./work. (Default mapping)
# Model Technology ModelSim SE-64 vlog 2020.4 Compiler 2020.10 Oct 13 2020
# Start time: 14:34:32 on Apr 22,2025
# vlog -reportprogress 300 -work work sim_model/define/define.v 
# End time: 14:34:32 on Apr 22,2025, Elapsed time: 0:00:00
# Errors: 0, Warnings: 0
# Model Technology ModelSim SE-64 vlog 2020.4 Compiler 2020.10 Oct 13 2020
# Start time: 14:34:32 on Apr 22,2025
# vlog -reportprogress 300 "+define+tb_00=1" -work work "+incdir+{sim_model/define}" sim_model/sim_model.v 
# -- Compiling module SIM_MODEL
# 
# Top level modules:
# 	SIM_MODEL
# End time: 14:34:32 on Apr 22,2025, Elapsed time: 0:00:00
# Errors: 0, Warnings: 0
# Model Technology ModelSim SE-64 vlog 2020.4 Compiler 2020.10 Oct 13 2020
# Start time: 14:34:32 on Apr 22,2025
# vlog -reportprogress 300 "+define+tb_00=1" -work work "+incdir+{sim_model/define}" sim_model/tb_top.v 
# -- Compiling module tb_top
# 
# Top level modules:
# 	tb_top
# End time: 14:34:32 on Apr 22,2025, Elapsed time: 0:00:00
# Errors: 0, Warnings: 0
do do/tb_00.do
# Model Technology ModelSim SE-64 vlog 2020.4 Compiler 2020.10 Oct 13 2020
# Start time: 14:34:34 on Apr 22,2025
# vlog -reportprogress 300 "+define+tb_00=1" -work work sim_model\define\define.v 
# End time: 14:34:34 on Apr 22,2025, Elapsed time: 0:00:00
# Errors: 0, Warnings: 0
# Model Technology ModelSim SE-64 vlog 2020.4 Compiler 2020.10 Oct 13 2020
# Start time: 14:34:34 on Apr 22,2025
# vlog -reportprogress 300 "+define+tb_00=1" -work work "+incdir+{sim_modeldefine}" sim_model\tb_top.v 
# -- Compiling module tb_top
# 
# Top level modules:
# 	tb_top
# End time: 14:34:34 on Apr 22,2025, Elapsed time: 0:00:00
# Errors: 0, Warnings: 0
# End time: 14:34:38 on Apr 22,2025, Elapsed time: 0:00:52
# Errors: 0, Warnings: 21
# vsim -t 1ps -c -l ./log/vsim_tb_00_report.log work.tb_top -L UNISIMS_VER -L SECUREIP -L SIMPRIMS_VER -L work -voptargs="+acc" work.glbl -wav ./wave/tb_00.wlf 
# Start time: 14:34:38 on Apr 22,2025
# ** Note: (vsim-3813) Design is being optimized due to module recompilation...
# Loading work.tb_top(fast)
# Loading work.SIM_MODEL(fast)
# Loading work.SRIO_TOP(fast)
# Loading work.INI_REG_TX(fast)
# Loading work.sfifo_i72o72_d512(fast)
# Loading UNISIMS_VER.GND(fast)
# Loading UNISIMS_VER.LUT1(fast)
# Loading UNISIMS_VER.LUT2(fast)
# Loading UNISIMS_VER.LUT3(fast)
# Loading UNISIMS_VER.FDRE(fast)
# Loading UNISIMS_VER.CARRY4(fast)
# Loading UNISIMS_VER.LUT5(fast)
# Loading UNISIMS_VER.LUT5(fast__1)
# Loading UNISIMS_VER.FDSE(fast)
# Loading UNISIMS_VER.LUT4(fast)
# Loading UNISIMS_VER.LUT4(fast__1)
# Loading UNISIMS_VER.LUT3(fast__1)
# Loading UNISIMS_VER.LUT3(fast__2)
# Loading UNISIMS_VER.LUT4(fast__2)
# Loading UNISIMS_VER.LUT6(fast)
# Loading UNISIMS_VER.LUT2(fast__1)
# Loading UNISIMS_VER.LUT3(fast__3)
# Loading UNISIMS_VER.LUT4(fast__3)
# Loading UNISIMS_VER.LUT5(fast__2)
# Loading UNISIMS_VER.LUT6(fast__1)
# Loading UNISIMS_VER.LUT6(fast__2)
# Loading UNISIMS_VER.LUT4(fast__4)
# Loading UNISIMS_VER.LUT2(fast__2)
# Loading UNISIMS_VER.LUT5(fast__3)
# Loading UNISIMS_VER.LUT4(fast__5)
# Loading UNISIMS_VER.LUT1(fast__1)
# Loading UNISIMS_VER.RAMB36E1(fast)
# Loading UNISIMS_VER.RB36_INTERNAL_VLOG(fast)
# Loading work.INI_DMA_WR(fast)
# Loading work.sfifo_i64o64_d512(fast)
# Loading work.INI_DMA_RD(fast)
# Loading work.ARBITA_CH6(fast)
# Loading work.SRIO_TX(fast)
# Loading work.afifo_i72o72_d2048(fast)
# Loading work.afifo_i72o72_d2048_xpm_cdc_gray(fast)
# Loading UNISIMS_VER.LUT6(fast__3)
# Loading UNISIMS_VER.LUT5(fast__4)
# Loading UNISIMS_VER.LUT4(fast__6)
# Loading UNISIMS_VER.LUT3(fast__4)
# Loading work.afifo_i72o72_d2048_xpm_cdc_gray__2(fast)
# Loading UNISIMS_VER.LUT6(fast__4)
# Loading UNISIMS_VER.LUT4(fast__7)
# Loading UNISIMS_VER.LUT6(fast__5)
# Loading UNISIMS_VER.LUT5(fast__5)
# Loading UNISIMS_VER.LUT6(fast__6)
# Loading UNISIMS_VER.FDSE(fast__1)
# Loading UNISIMS_VER.RAMB36E1(fast__1)
# Loading UNISIMS_VER.RB36_INTERNAL_VLOG(fast__1)
# Loading UNISIMS_VER.SRL16E(fast)
# Loading UNISIMS_VER.LUT2(fast__3)
# Loading UNISIMS_VER.FDRE(fast__1)
# Loading UNISIMS_VER.LUT3(fast__5)
# Loading UNISIMS_VER.LUT4(fast__8)
# Loading UNISIMS_VER.LUT6(fast__7)
# Loading work.afifo_i72o72_d2048_xpm_cdc_single(fast)
# Loading work.afifo_i72o72_d2048_xpm_cdc_single__2(fast)
# Loading work.afifo_i72o72_d2048_xpm_cdc_sync_rst(fast)
# Loading work.afifo_i72o72_d2048_xpm_cdc_sync_rst__2(fast)
# Loading work.SRIO_RX(fast)
# Loading work.INI_RX_DEC(fast)
# Loading work.TAG_RX_DEC(fast)
# Loading work.TAG_REG_TX(fast)
# Loading work.TAG_DMA_TX(fast)
# Loading work.BIST_REG(fast)
# Loading work.RAM_BIST(fast)
# Loading work.sram_i64o64_d256(fast)
# Loading UNISIMS_VER.RAMB36E1(fast__2)
# Loading UNISIMS_VER.RB36_INTERNAL_VLOG(fast__2)
# Loading work.glbl(fast)
# ** Warning: (vsim-3015) [PCDPC] - Port size (32) does not match connection size (25) for port 'INI_WR_ADDR'. The port definition is at: ../rtl/03_srio/srio_top.v(55).
#    Time: 0 ps  Iteration: 0  Instance: /tb_top/U_SRIO_TOP File: sim_model/tb_top.v Line: 763
# ** Warning: (vsim-3015) [PCDPC] - Port size (8) does not match connection size (16) for port 'INI_WR_SIZE'. The port definition is at: ../rtl/03_srio/srio_top.v(56).
#    Time: 0 ps  Iteration: 0  Instance: /tb_top/U_SRIO_TOP File: sim_model/tb_top.v Line: 763
# ** Warning: (vsim-3015) [PCDPC] - Port size (8) does not match connection size (25) for port 'INI_RD_SIZE'. The port definition is at: ../rtl/03_srio/srio_top.v(64).
#    Time: 0 ps  Iteration: 0  Instance: /tb_top/U_SRIO_TOP File: sim_model/tb_top.v Line: 763
# ** Warning: (vsim-3015) [PCDPC] - Port size (32) does not match connection size (12) for port 'INI_RD_ADDR'. The port definition is at: ../rtl/03_srio/srio_top.v(65).
#    Time: 0 ps  Iteration: 0  Instance: /tb_top/U_SRIO_TOP File: sim_model/tb_top.v Line: 763
# ** Warning: (vsim-3015) [PCDPC] - Port size (32) does not match connection size (16) for port 'TAG_WR_ADDR'. The port definition is at: ../rtl/03_srio/srio_top.v(81).
#    Time: 0 ps  Iteration: 0  Instance: /tb_top/U_SRIO_TOP File: sim_model/tb_top.v Line: 763
# ** Warning: (vsim-3015) [PCDPC] - Port size (32) does not match connection size (8) for port 'TAG_RD_SIZE'. The port definition is at: ../rtl/03_srio/srio_top.v(90).
#    Time: 0 ps  Iteration: 0  Instance: /tb_top/U_SRIO_TOP File: sim_model/tb_top.v Line: 763
# ** Warning: (vsim-3015) [PCDPC] - Port size (8) does not match connection size (16) for port 'TAG_RD_ADDR'. The port definition is at: ../rtl/03_srio/srio_top.v(91).
#    Time: 0 ps  Iteration: 0  Instance: /tb_top/U_SRIO_TOP File: sim_model/tb_top.v Line: 763
# ** Warning: (vsim-3015) [PCDPC] - Port size (16) does not match connection size (32) for port 'TAG_REG_OP_ADDR'. The port definition is at: ../rtl/03_srio/srio_top.v(103).
#    Time: 0 ps  Iteration: 0  Instance: /tb_top/U_SRIO_TOP File: sim_model/tb_top.v Line: 763
# ** Warning: (vsim-3015) [PCDPC] - Port size (1) does not match connection size (32) for port 'DMA_RD_ADDR'. The port definition is at: ../rtl/03_srio/ini_dma_rd.v(23).
#    Time: 0 ps  Iteration: 0  Instance: /tb_top/U_SRIO_TOP/U_INI_DMA_RD File: ../rtl/03_srio/srio_top.v Line: 338
# ** Warning: (vsim-3015) [PCDPC] - Port size (32) does not match connection size (1) for port 'REG_RD_DATA'. The port definition is at: ../rtl/03_srio/ini_rx_dec.v(27).
#    Time: 0 ps  Iteration: 0  Instance: /tb_top/U_SRIO_TOP/U_INI_RX_DEC File: ../rtl/03_srio/srio_top.v Line: 454
# ** Warning: (vsim-3015) [PCDPC] - Port size (32) does not match connection size (16) for port 'REG_OP_ADDR'. The port definition is at: ../rtl/03_srio/tag_rx_dec.v(31).
#    Time: 0 ps  Iteration: 0  Instance: /tb_top/U_SRIO_TOP/U_TAG_RX_DEC File: ../rtl/03_srio/srio_top.v Line: 497
# ** Warning: (vsim-3015) [PCDPC] - Port size (9) does not match connection size (8) for port 'DMA_WR_SIZE'. The port definition is at: ../rtl/03_srio/tag_rx_dec.v(36).
#    Time: 0 ps  Iteration: 0  Instance: /tb_top/U_SRIO_TOP/U_TAG_RX_DEC File: ../rtl/03_srio/srio_top.v Line: 497
# ** Warning: (vsim-3015) [PCDPC] - Port size (9) does not match connection size (32) for port 'DMA_RD_SIZE'. The port definition is at: ../rtl/03_srio/tag_rx_dec.v(43).
#    Time: 0 ps  Iteration: 0  Instance: /tb_top/U_SRIO_TOP/U_TAG_RX_DEC File: ../rtl/03_srio/srio_top.v Line: 497
# ** Warning: (vsim-3015) [PCDPC] - Port size (32) does not match connection size (8) for port 'DMA_RD_ADDR'. The port definition is at: ../rtl/03_srio/tag_rx_dec.v(44).
#    Time: 0 ps  Iteration: 0  Instance: /tb_top/U_SRIO_TOP/U_TAG_RX_DEC File: ../rtl/03_srio/srio_top.v Line: 497
# ** Warning: (vsim-3015) [PCDPC] - Port size (32) does not match connection size (16) for port 'REG_OP_ADDR'. The port definition is at: ../rtl/03_srio/tag_reg_tx.v(22).
#    Time: 0 ps  Iteration: 0  Instance: /tb_top/U_SRIO_TOP/U_TAG_REG_TX File: ../rtl/03_srio/srio_top.v Line: 533
# ** Warning: (vsim-3015) [PCDPC] - Port size (64) does not match connection size (72) for port 'din'. The port definition is at: ../rtl/00_xilinx_ip/01_sfifo/sfifo_i64o64_d512/sfifo_i64o64_d512_sim_netlist.V(20).
#    Time: 0 ps  Iteration: 0  Instance: /tb_top/U_SRIO_TOP/U_TAG_REG_TX/U_CBUF File: ../rtl/03_srio/tag_reg_tx.v Line: 110
# ** Warning: (vsim-3015) [PCDPC] - Port size (64) does not match connection size (72) for port 'dout'. The port definition is at: ../rtl/00_xilinx_ip/01_sfifo/sfifo_i64o64_d512/sfifo_i64o64_d512_sim_netlist.V(23).
#    Time: 0 ps  Iteration: 0  Instance: /tb_top/U_SRIO_TOP/U_TAG_REG_TX/U_CBUF File: ../rtl/03_srio/tag_reg_tx.v Line: 110
# ** Warning: (vsim-3015) [PCDPC] - Port size (9) does not match connection size (32) for port 'DMA_RD_SIZE'. The port definition is at: ../rtl/03_srio/tag_dma_tx.v(24).
#    Time: 0 ps  Iteration: 0  Instance: /tb_top/U_SRIO_TOP/U_TAG_DMA_TX File: ../rtl/03_srio/srio_top.v Line: 549
# ** Warning: (vsim-3015) [PCDPC] - Port size (32) does not match connection size (8) for port 'DMA_RD_ADDR'. The port definition is at: ../rtl/03_srio/tag_dma_tx.v(25).
#    Time: 0 ps  Iteration: 0  Instance: /tb_top/U_SRIO_TOP/U_TAG_DMA_TX File: ../rtl/03_srio/srio_top.v Line: 549
# ** Warning: (vsim-3015) [PCDPC] - Port size (6) does not match connection size (8) for port 'addra'. The port definition is at: ../rtl/00_xilinx_ip/03_ram/sram_i64o64_d256/sram_i64o64_d256_sim_netlist.V(20).
#    Time: 0 ps  Iteration: 0  Instance: /tb_top/U_RAM_BIST/U_BIST_BRAM File: ../rtl/04_bist/ram_bist.v Line: 113
# ** Warning: (vsim-3015) [PCDPC] - Port size (6) does not match connection size (8) for port 'addrb'. The port definition is at: ../rtl/00_xilinx_ip/03_ram/sram_i64o64_d256/sram_i64o64_d256_sim_netlist.V(23).
#    Time: 0 ps  Iteration: 0  Instance: /tb_top/U_RAM_BIST/U_BIST_BRAM File: ../rtl/04_bist/ram_bist.v Line: 113
#  
# ******<<<<<<<<<<<<<<<<<<<<<<Simulation tb_00 start>>>>>>>>>>>>>>>>>>>>>>> ******
#  
# ---- Initial simulation
# ---- clock ---- 1111 ---- enable
# ---- Wait for  64 cycles
# ---- Wait for  64 cycles end
# ---- Wait for  16 cycles
# ---- Wait for  16 cycles end
# ---- reseting by cycle
# ---- reset0   64 cycle end
# ---- Wait for  16 cycles
# ---- Wait for  16 cycles end
# ---- reseting by ns
# ---- reset1  255 ns end
# ---- Write register   PORT :0x0    ADD :0x200    DATA :0x89abcd0e
# ---- Wait for  16 cycles
# ---- Wait for  16 cycles end
# ---- Wait for 255 cycles
# ---- Wait for 255 cycles end
# ---- tb_00 test completed !
#  
# ******<<<<<<<<<<<<<<<<<<<<Simulation tb_00 Successful End>>>>>>>>>>>>>>>>>>> ******
#  
do do/compile_all.do
# ** Warning: (vlib-34) Library already exists at "work".
# Errors: 0, Warnings: 1
# Model Technology ModelSim SE-64 vmap 2020.4 Lib Mapping Utility 2020.10 Oct 13 2020
# vmap work 
# Reading C:/modeltech64_2020.4/win64/../modelsim.ini
# "work" maps to directory ./work. (Default mapping)
# Model Technology ModelSim SE-64 vlog 2020.4 Compiler 2020.10 Oct 13 2020
# Start time: 14:38:57 on Apr 22,2025
# vlog -reportprogress 300 -work work sim_model/lib/glbl.v 
# -- Compiling module glbl
# 
# Top level modules:
# 	glbl
# End time: 14:38:57 on Apr 22,2025, Elapsed time: 0:00:00
# Errors: 0, Warnings: 0
# ** Warning: (vlib-34) Library already exists at "work".
# Errors: 0, Warnings: 1
# Model Technology ModelSim SE-64 vmap 2020.4 Lib Mapping Utility 2020.10 Oct 13 2020
# vmap work 
# Reading C:/modeltech64_2020.4/win64/../modelsim.ini
# "work" maps to directory ./work. (Default mapping)
# Model Technology ModelSim SE-64 vlog 2020.4 Compiler 2020.10 Oct 13 2020
# Start time: 14:38:57 on Apr 22,2025
# vlog -reportprogress 300 -work work ../rtl/00_xilinx_ip/00_afifo/afifo_i72o72_d2048/afifo_i72o72_d2048_sim_netlist.V 
# -- Compiling module afifo_i72o72_d2048
# -- Compiling module afifo_i72o72_d2048_xpm_cdc_gray
# -- Compiling module afifo_i72o72_d2048_xpm_cdc_gray__2
# -- Compiling module afifo_i72o72_d2048_xpm_cdc_single
# -- Compiling module afifo_i72o72_d2048_xpm_cdc_single__2
# -- Compiling module afifo_i72o72_d2048_xpm_cdc_sync_rst
# -- Compiling module afifo_i72o72_d2048_xpm_cdc_sync_rst__2
# -- Compiling module glbl
# 
# Top level modules:
# 	afifo_i72o72_d2048
# 	glbl
# End time: 14:38:57 on Apr 22,2025, Elapsed time: 0:00:00
# Errors: 0, Warnings: 0
# Model Technology ModelSim SE-64 vlog 2020.4 Compiler 2020.10 Oct 13 2020
# Start time: 14:38:57 on Apr 22,2025
# vlog -reportprogress 300 -work work ../rtl/00_xilinx_ip/01_sfifo/sfifo_i32o32_d1024/sfifo_i32o32_d1024_sim_netlist.V 
# -- Compiling module sfifo_i32o32_d1024
# -- Compiling module glbl
# 
# Top level modules:
# 	sfifo_i32o32_d1024
# 	glbl
# End time: 14:38:58 on Apr 22,2025, Elapsed time: 0:00:01
# Errors: 0, Warnings: 0
# Model Technology ModelSim SE-64 vlog 2020.4 Compiler 2020.10 Oct 13 2020
# Start time: 14:38:58 on Apr 22,2025
# vlog -reportprogress 300 -work work ../rtl/00_xilinx_ip/01_sfifo/sfifo_i64o64_d512/sfifo_i64o64_d512_sim_netlist.V 
# -- Compiling module sfifo_i64o64_d512
# -- Compiling module glbl
# 
# Top level modules:
# 	sfifo_i64o64_d512
# 	glbl
# End time: 14:38:58 on Apr 22,2025, Elapsed time: 0:00:00
# Errors: 0, Warnings: 0
# Model Technology ModelSim SE-64 vlog 2020.4 Compiler 2020.10 Oct 13 2020
# Start time: 14:38:58 on Apr 22,2025
# vlog -reportprogress 300 -work work ../rtl/00_xilinx_ip/01_sfifo/sfifo_i72o72_d512/sfifo_i72o72_d512_sim_netlist.V 
# -- Compiling module sfifo_i72o72_d512
# -- Compiling module glbl
# 
# Top level modules:
# 	sfifo_i72o72_d512
# 	glbl
# End time: 14:38:58 on Apr 22,2025, Elapsed time: 0:00:00
# Errors: 0, Warnings: 0
# Model Technology ModelSim SE-64 vlog 2020.4 Compiler 2020.10 Oct 13 2020
# Start time: 14:38:58 on Apr 22,2025
# vlog -reportprogress 300 -work work ../rtl/00_xilinx_ip/03_ram/sram_i64o64_d256/sram_i64o64_d256_sim_netlist.V 
# -- Compiling module sram_i64o64_d256
# -- Compiling module glbl
# 
# Top level modules:
# 	sram_i64o64_d256
# 	glbl
# End time: 14:38:59 on Apr 22,2025, Elapsed time: 0:00:01
# Errors: 0, Warnings: 0
# Model Technology ModelSim SE-64 vlog 2020.4 Compiler 2020.10 Oct 13 2020
# Start time: 14:38:59 on Apr 22,2025
# vlog -reportprogress 300 -work work ../rtl/01_user_ip/arbita_ch6.v ../rtl/01_user_ip/pulse_gen.v 
# -- Compiling module ARBITA_CH6
# -- Compiling module PULSE_GEN
# 
# Top level modules:
# 	ARBITA_CH6
# 	PULSE_GEN
# End time: 14:38:59 on Apr 22,2025, Elapsed time: 0:00:00
# Errors: 0, Warnings: 0
# Model Technology ModelSim SE-64 vlog 2020.4 Compiler 2020.10 Oct 13 2020
# Start time: 14:38:59 on Apr 22,2025
# vlog -reportprogress 300 -work work ../rtl/03_srio/ini_dma_rd.v ../rtl/03_srio/ini_dma_wr.v ../rtl/03_srio/ini_reg_tx.v ../rtl/03_srio/ini_rx_dec.v ../rtl/03_srio/srio_rx.v ../rtl/03_srio/srio_top.v ../rtl/03_srio/srio_tx.v ../rtl/03_srio/tag_dma_tx.v ../rtl/03_srio/tag_reg_tx.v ../rtl/03_srio/tag_rx_dec.v 
# -- Compiling module INI_DMA_RD
# -- Compiling module INI_DMA_WR
# -- Compiling module INI_REG_TX
# -- Compiling module INI_RX_DEC
# -- Compiling module SRIO_RX
# -- Compiling module SRIO_TOP
# -- Compiling module SRIO_TX
# -- Compiling module TAG_DMA_TX
# -- Compiling module TAG_REG_TX
# -- Compiling module TAG_RX_DEC
# 
# Top level modules:
# 	SRIO_TOP
# End time: 14:38:59 on Apr 22,2025, Elapsed time: 0:00:00
# Errors: 0, Warnings: 0
# Model Technology ModelSim SE-64 vlog 2020.4 Compiler 2020.10 Oct 13 2020
# Start time: 14:38:59 on Apr 22,2025
# vlog -reportprogress 300 -work work ../rtl/04_bist/bist_reg.v ../rtl/04_bist/ram_bist.v 
# -- Compiling module BIST_REG
# -- Compiling module RAM_BIST
# 
# Top level modules:
# 	BIST_REG
# 	RAM_BIST
# End time: 14:38:59 on Apr 22,2025, Elapsed time: 0:00:00
# Errors: 0, Warnings: 0
# ** Warning: (vlib-34) Library already exists at "work".
# Errors: 0, Warnings: 1
# Model Technology ModelSim SE-64 vmap 2020.4 Lib Mapping Utility 2020.10 Oct 13 2020
# vmap work 
# Reading C:/modeltech64_2020.4/win64/../modelsim.ini
# "work" maps to directory ./work. (Default mapping)
# Model Technology ModelSim SE-64 vlog 2020.4 Compiler 2020.10 Oct 13 2020
# Start time: 14:38:59 on Apr 22,2025
# vlog -reportprogress 300 -work work sim_model/define/define.v 
# End time: 14:38:59 on Apr 22,2025, Elapsed time: 0:00:00
# Errors: 0, Warnings: 0
# Model Technology ModelSim SE-64 vlog 2020.4 Compiler 2020.10 Oct 13 2020
# Start time: 14:39:00 on Apr 22,2025
# vlog -reportprogress 300 "+define+tb_00=1" -work work "+incdir+{sim_model/define}" sim_model/sim_model.v 
# -- Compiling module SIM_MODEL
# 
# Top level modules:
# 	SIM_MODEL
# End time: 14:39:00 on Apr 22,2025, Elapsed time: 0:00:00
# Errors: 0, Warnings: 0
# Model Technology ModelSim SE-64 vlog 2020.4 Compiler 2020.10 Oct 13 2020
# Start time: 14:39:00 on Apr 22,2025
# vlog -reportprogress 300 "+define+tb_00=1" -work work "+incdir+{sim_model/define}" sim_model/tb_top.v 
# -- Compiling module tb_top
# 
# Top level modules:
# 	tb_top
# End time: 14:39:00 on Apr 22,2025, Elapsed time: 0:00:00
# Errors: 0, Warnings: 0
do do/tb_00.do
# Model Technology ModelSim SE-64 vlog 2020.4 Compiler 2020.10 Oct 13 2020
# Start time: 14:39:02 on Apr 22,2025
# vlog -reportprogress 300 "+define+tb_00=1" -work work sim_model\define\define.v 
# End time: 14:39:03 on Apr 22,2025, Elapsed time: 0:00:01
# Errors: 0, Warnings: 0
# Model Technology ModelSim SE-64 vlog 2020.4 Compiler 2020.10 Oct 13 2020
# Start time: 14:39:03 on Apr 22,2025
# vlog -reportprogress 300 "+define+tb_00=1" -work work "+incdir+{sim_modeldefine}" sim_model\tb_top.v 
# -- Compiling module tb_top
# 
# Top level modules:
# 	tb_top
# End time: 14:39:03 on Apr 22,2025, Elapsed time: 0:00:00
# Errors: 0, Warnings: 0
# End time: 14:39:06 on Apr 22,2025, Elapsed time: 0:04:28
# Errors: 0, Warnings: 21
# vsim -t 1ps -c -l ./log/vsim_tb_00_report.log work.tb_top -L UNISIMS_VER -L SECUREIP -L SIMPRIMS_VER -L work -voptargs="+acc" work.glbl -wav ./wave/tb_00.wlf 
# Start time: 14:39:06 on Apr 22,2025
# ** Note: (vsim-3813) Design is being optimized due to module recompilation...
# Loading work.tb_top(fast)
# Loading work.SIM_MODEL(fast)
# Loading work.SRIO_TOP(fast)
# Loading work.INI_REG_TX(fast)
# Loading work.sfifo_i72o72_d512(fast)
# Loading UNISIMS_VER.GND(fast)
# Loading UNISIMS_VER.LUT1(fast)
# Loading UNISIMS_VER.LUT2(fast)
# Loading UNISIMS_VER.LUT3(fast)
# Loading UNISIMS_VER.FDRE(fast)
# Loading UNISIMS_VER.CARRY4(fast)
# Loading UNISIMS_VER.LUT5(fast)
# Loading UNISIMS_VER.LUT5(fast__1)
# Loading UNISIMS_VER.FDSE(fast)
# Loading UNISIMS_VER.LUT4(fast)
# Loading UNISIMS_VER.LUT4(fast__1)
# Loading UNISIMS_VER.LUT3(fast__1)
# Loading UNISIMS_VER.LUT3(fast__2)
# Loading UNISIMS_VER.LUT4(fast__2)
# Loading UNISIMS_VER.LUT6(fast)
# Loading UNISIMS_VER.LUT2(fast__1)
# Loading UNISIMS_VER.LUT3(fast__3)
# Loading UNISIMS_VER.LUT4(fast__3)
# Loading UNISIMS_VER.LUT5(fast__2)
# Loading UNISIMS_VER.LUT6(fast__1)
# Loading UNISIMS_VER.LUT6(fast__2)
# Loading UNISIMS_VER.LUT4(fast__4)
# Loading UNISIMS_VER.LUT2(fast__2)
# Loading UNISIMS_VER.LUT5(fast__3)
# Loading UNISIMS_VER.LUT4(fast__5)
# Loading UNISIMS_VER.LUT1(fast__1)
# Loading UNISIMS_VER.RAMB36E1(fast)
# Loading UNISIMS_VER.RB36_INTERNAL_VLOG(fast)
# Loading work.INI_DMA_WR(fast)
# Loading work.sfifo_i64o64_d512(fast)
# Loading work.INI_DMA_RD(fast)
# Loading work.ARBITA_CH6(fast)
# Loading work.SRIO_TX(fast)
# Loading work.afifo_i72o72_d2048(fast)
# Loading work.afifo_i72o72_d2048_xpm_cdc_gray(fast)
# Loading UNISIMS_VER.LUT6(fast__3)
# Loading UNISIMS_VER.LUT5(fast__4)
# Loading UNISIMS_VER.LUT4(fast__6)
# Loading UNISIMS_VER.LUT3(fast__4)
# Loading work.afifo_i72o72_d2048_xpm_cdc_gray__2(fast)
# Loading UNISIMS_VER.LUT6(fast__4)
# Loading UNISIMS_VER.LUT4(fast__7)
# Loading UNISIMS_VER.LUT6(fast__5)
# Loading UNISIMS_VER.LUT5(fast__5)
# Loading UNISIMS_VER.LUT6(fast__6)
# Loading UNISIMS_VER.FDSE(fast__1)
# Loading UNISIMS_VER.RAMB36E1(fast__1)
# Loading UNISIMS_VER.RB36_INTERNAL_VLOG(fast__1)
# Loading UNISIMS_VER.SRL16E(fast)
# Loading UNISIMS_VER.LUT2(fast__3)
# Loading UNISIMS_VER.FDRE(fast__1)
# Loading UNISIMS_VER.LUT3(fast__5)
# Loading UNISIMS_VER.LUT4(fast__8)
# Loading UNISIMS_VER.LUT6(fast__7)
# Loading work.afifo_i72o72_d2048_xpm_cdc_single(fast)
# Loading work.afifo_i72o72_d2048_xpm_cdc_single__2(fast)
# Loading work.afifo_i72o72_d2048_xpm_cdc_sync_rst(fast)
# Loading work.afifo_i72o72_d2048_xpm_cdc_sync_rst__2(fast)
# Loading work.SRIO_RX(fast)
# Loading work.INI_RX_DEC(fast)
# Loading work.TAG_RX_DEC(fast)
# Loading work.TAG_REG_TX(fast)
# Loading work.TAG_DMA_TX(fast)
# Loading work.BIST_REG(fast)
# Loading work.RAM_BIST(fast)
# Loading work.sram_i64o64_d256(fast)
# Loading UNISIMS_VER.RAMB36E1(fast__2)
# Loading UNISIMS_VER.RB36_INTERNAL_VLOG(fast__2)
# Loading work.glbl(fast)
# ** Warning: (vsim-3015) [PCDPC] - Port size (32) does not match connection size (25) for port 'INI_WR_ADDR'. The port definition is at: ../rtl/03_srio/srio_top.v(55).
#    Time: 0 ps  Iteration: 0  Instance: /tb_top/U_SRIO_TOP File: sim_model/tb_top.v Line: 763
# ** Warning: (vsim-3015) [PCDPC] - Port size (8) does not match connection size (16) for port 'INI_WR_SIZE'. The port definition is at: ../rtl/03_srio/srio_top.v(56).
#    Time: 0 ps  Iteration: 0  Instance: /tb_top/U_SRIO_TOP File: sim_model/tb_top.v Line: 763
# ** Warning: (vsim-3015) [PCDPC] - Port size (8) does not match connection size (25) for port 'INI_RD_SIZE'. The port definition is at: ../rtl/03_srio/srio_top.v(64).
#    Time: 0 ps  Iteration: 0  Instance: /tb_top/U_SRIO_TOP File: sim_model/tb_top.v Line: 763
# ** Warning: (vsim-3015) [PCDPC] - Port size (32) does not match connection size (12) for port 'INI_RD_ADDR'. The port definition is at: ../rtl/03_srio/srio_top.v(65).
#    Time: 0 ps  Iteration: 0  Instance: /tb_top/U_SRIO_TOP File: sim_model/tb_top.v Line: 763
# ** Warning: (vsim-3015) [PCDPC] - Port size (32) does not match connection size (16) for port 'TAG_WR_ADDR'. The port definition is at: ../rtl/03_srio/srio_top.v(81).
#    Time: 0 ps  Iteration: 0  Instance: /tb_top/U_SRIO_TOP File: sim_model/tb_top.v Line: 763
# ** Warning: (vsim-3015) [PCDPC] - Port size (32) does not match connection size (8) for port 'TAG_RD_SIZE'. The port definition is at: ../rtl/03_srio/srio_top.v(90).
#    Time: 0 ps  Iteration: 0  Instance: /tb_top/U_SRIO_TOP File: sim_model/tb_top.v Line: 763
# ** Warning: (vsim-3015) [PCDPC] - Port size (8) does not match connection size (16) for port 'TAG_RD_ADDR'. The port definition is at: ../rtl/03_srio/srio_top.v(91).
#    Time: 0 ps  Iteration: 0  Instance: /tb_top/U_SRIO_TOP File: sim_model/tb_top.v Line: 763
# ** Warning: (vsim-3015) [PCDPC] - Port size (16) does not match connection size (32) for port 'TAG_REG_OP_ADDR'. The port definition is at: ../rtl/03_srio/srio_top.v(103).
#    Time: 0 ps  Iteration: 0  Instance: /tb_top/U_SRIO_TOP File: sim_model/tb_top.v Line: 763
# ** Warning: (vsim-3015) [PCDPC] - Port size (1) does not match connection size (32) for port 'DMA_RD_ADDR'. The port definition is at: ../rtl/03_srio/ini_dma_rd.v(23).
#    Time: 0 ps  Iteration: 0  Instance: /tb_top/U_SRIO_TOP/U_INI_DMA_RD File: ../rtl/03_srio/srio_top.v Line: 338
# ** Warning: (vsim-3015) [PCDPC] - Port size (32) does not match connection size (1) for port 'REG_RD_DATA'. The port definition is at: ../rtl/03_srio/ini_rx_dec.v(27).
#    Time: 0 ps  Iteration: 0  Instance: /tb_top/U_SRIO_TOP/U_INI_RX_DEC File: ../rtl/03_srio/srio_top.v Line: 454
# ** Warning: (vsim-3015) [PCDPC] - Port size (32) does not match connection size (16) for port 'REG_OP_ADDR'. The port definition is at: ../rtl/03_srio/tag_rx_dec.v(31).
#    Time: 0 ps  Iteration: 0  Instance: /tb_top/U_SRIO_TOP/U_TAG_RX_DEC File: ../rtl/03_srio/srio_top.v Line: 497
# ** Warning: (vsim-3015) [PCDPC] - Port size (9) does not match connection size (8) for port 'DMA_WR_SIZE'. The port definition is at: ../rtl/03_srio/tag_rx_dec.v(36).
#    Time: 0 ps  Iteration: 0  Instance: /tb_top/U_SRIO_TOP/U_TAG_RX_DEC File: ../rtl/03_srio/srio_top.v Line: 497
# ** Warning: (vsim-3015) [PCDPC] - Port size (9) does not match connection size (32) for port 'DMA_RD_SIZE'. The port definition is at: ../rtl/03_srio/tag_rx_dec.v(43).
#    Time: 0 ps  Iteration: 0  Instance: /tb_top/U_SRIO_TOP/U_TAG_RX_DEC File: ../rtl/03_srio/srio_top.v Line: 497
# ** Warning: (vsim-3015) [PCDPC] - Port size (32) does not match connection size (8) for port 'DMA_RD_ADDR'. The port definition is at: ../rtl/03_srio/tag_rx_dec.v(44).
#    Time: 0 ps  Iteration: 0  Instance: /tb_top/U_SRIO_TOP/U_TAG_RX_DEC File: ../rtl/03_srio/srio_top.v Line: 497
# ** Warning: (vsim-3015) [PCDPC] - Port size (32) does not match connection size (16) for port 'REG_OP_ADDR'. The port definition is at: ../rtl/03_srio/tag_reg_tx.v(22).
#    Time: 0 ps  Iteration: 0  Instance: /tb_top/U_SRIO_TOP/U_TAG_REG_TX File: ../rtl/03_srio/srio_top.v Line: 533
# ** Warning: (vsim-3015) [PCDPC] - Port size (64) does not match connection size (72) for port 'din'. The port definition is at: ../rtl/00_xilinx_ip/01_sfifo/sfifo_i64o64_d512/sfifo_i64o64_d512_sim_netlist.V(20).
#    Time: 0 ps  Iteration: 0  Instance: /tb_top/U_SRIO_TOP/U_TAG_REG_TX/U_CBUF File: ../rtl/03_srio/tag_reg_tx.v Line: 110
# ** Warning: (vsim-3015) [PCDPC] - Port size (64) does not match connection size (72) for port 'dout'. The port definition is at: ../rtl/00_xilinx_ip/01_sfifo/sfifo_i64o64_d512/sfifo_i64o64_d512_sim_netlist.V(23).
#    Time: 0 ps  Iteration: 0  Instance: /tb_top/U_SRIO_TOP/U_TAG_REG_TX/U_CBUF File: ../rtl/03_srio/tag_reg_tx.v Line: 110
# ** Warning: (vsim-3015) [PCDPC] - Port size (9) does not match connection size (32) for port 'DMA_RD_SIZE'. The port definition is at: ../rtl/03_srio/tag_dma_tx.v(24).
#    Time: 0 ps  Iteration: 0  Instance: /tb_top/U_SRIO_TOP/U_TAG_DMA_TX File: ../rtl/03_srio/srio_top.v Line: 549
# ** Warning: (vsim-3015) [PCDPC] - Port size (32) does not match connection size (8) for port 'DMA_RD_ADDR'. The port definition is at: ../rtl/03_srio/tag_dma_tx.v(25).
#    Time: 0 ps  Iteration: 0  Instance: /tb_top/U_SRIO_TOP/U_TAG_DMA_TX File: ../rtl/03_srio/srio_top.v Line: 549
# ** Warning: (vsim-3015) [PCDPC] - Port size (6) does not match connection size (8) for port 'addra'. The port definition is at: ../rtl/00_xilinx_ip/03_ram/sram_i64o64_d256/sram_i64o64_d256_sim_netlist.V(20).
#    Time: 0 ps  Iteration: 0  Instance: /tb_top/U_RAM_BIST/U_BIST_BRAM File: ../rtl/04_bist/ram_bist.v Line: 113
# ** Warning: (vsim-3015) [PCDPC] - Port size (6) does not match connection size (8) for port 'addrb'. The port definition is at: ../rtl/00_xilinx_ip/03_ram/sram_i64o64_d256/sram_i64o64_d256_sim_netlist.V(23).
#    Time: 0 ps  Iteration: 0  Instance: /tb_top/U_RAM_BIST/U_BIST_BRAM File: ../rtl/04_bist/ram_bist.v Line: 113
#  
# ******<<<<<<<<<<<<<<<<<<<<<<Simulation tb_00 start>>>>>>>>>>>>>>>>>>>>>>> ******
#  
# ---- Initial simulation
# ---- clock ---- 1111 ---- enable
# ---- Wait for  64 cycles
# ---- Wait for  64 cycles end
# ---- Wait for  16 cycles
# ---- Wait for  16 cycles end
# ---- reseting by cycle
# ---- reset0   64 cycle end
# ---- Wait for  16 cycles
# ---- Wait for  16 cycles end
# ---- reseting by ns
# ---- reset1  255 ns end
# ---- Write register   PORT :0x0    ADD :0x200    DATA :0x89abcd0e
# ---- Wait for  16 cycles
# ---- Wait for  16 cycles end
# ---- Wait for 255 cycles
# ---- Wait for 255 cycles end
# ---- tb_00 test completed !
#  
# ******<<<<<<<<<<<<<<<<<<<<Simulation tb_00 Successful End>>>>>>>>>>>>>>>>>>> ******
#  
do do/compile_all.do
# ** Warning: (vlib-34) Library already exists at "work".
# Errors: 0, Warnings: 1
# Model Technology ModelSim SE-64 vmap 2020.4 Lib Mapping Utility 2020.10 Oct 13 2020
# vmap work 
# Reading C:/modeltech64_2020.4/win64/../modelsim.ini
# "work" maps to directory ./work. (Default mapping)
# Model Technology ModelSim SE-64 vlog 2020.4 Compiler 2020.10 Oct 13 2020
# Start time: 14:43:11 on Apr 22,2025
# vlog -reportprogress 300 -work work sim_model/lib/glbl.v 
# -- Compiling module glbl
# 
# Top level modules:
# 	glbl
# End time: 14:43:12 on Apr 22,2025, Elapsed time: 0:00:01
# Errors: 0, Warnings: 0
# ** Warning: (vlib-34) Library already exists at "work".
# Errors: 0, Warnings: 1
# Model Technology ModelSim SE-64 vmap 2020.4 Lib Mapping Utility 2020.10 Oct 13 2020
# vmap work 
# Reading C:/modeltech64_2020.4/win64/../modelsim.ini
# "work" maps to directory ./work. (Default mapping)
# Model Technology ModelSim SE-64 vlog 2020.4 Compiler 2020.10 Oct 13 2020
# Start time: 14:43:12 on Apr 22,2025
# vlog -reportprogress 300 -work work ../rtl/00_xilinx_ip/00_afifo/afifo_i72o72_d2048/afifo_i72o72_d2048_sim_netlist.V 
# -- Compiling module afifo_i72o72_d2048
# -- Compiling module afifo_i72o72_d2048_xpm_cdc_gray
# -- Compiling module afifo_i72o72_d2048_xpm_cdc_gray__2
# -- Compiling module afifo_i72o72_d2048_xpm_cdc_single
# -- Compiling module afifo_i72o72_d2048_xpm_cdc_single__2
# -- Compiling module afifo_i72o72_d2048_xpm_cdc_sync_rst
# -- Compiling module afifo_i72o72_d2048_xpm_cdc_sync_rst__2
# -- Compiling module glbl
# 
# Top level modules:
# 	afifo_i72o72_d2048
# 	glbl
# End time: 14:43:12 on Apr 22,2025, Elapsed time: 0:00:00
# Errors: 0, Warnings: 0
# Model Technology ModelSim SE-64 vlog 2020.4 Compiler 2020.10 Oct 13 2020
# Start time: 14:43:12 on Apr 22,2025
# vlog -reportprogress 300 -work work ../rtl/00_xilinx_ip/01_sfifo/sfifo_i32o32_d1024/sfifo_i32o32_d1024_sim_netlist.V 
# -- Compiling module sfifo_i32o32_d1024
# -- Compiling module glbl
# 
# Top level modules:
# 	sfifo_i32o32_d1024
# 	glbl
# End time: 14:43:12 on Apr 22,2025, Elapsed time: 0:00:00
# Errors: 0, Warnings: 0
# Model Technology ModelSim SE-64 vlog 2020.4 Compiler 2020.10 Oct 13 2020
# Start time: 14:43:13 on Apr 22,2025
# vlog -reportprogress 300 -work work ../rtl/00_xilinx_ip/01_sfifo/sfifo_i64o64_d512/sfifo_i64o64_d512_sim_netlist.V 
# -- Compiling module sfifo_i64o64_d512
# -- Compiling module glbl
# 
# Top level modules:
# 	sfifo_i64o64_d512
# 	glbl
# End time: 14:43:13 on Apr 22,2025, Elapsed time: 0:00:00
# Errors: 0, Warnings: 0
# Model Technology ModelSim SE-64 vlog 2020.4 Compiler 2020.10 Oct 13 2020
# Start time: 14:43:13 on Apr 22,2025
# vlog -reportprogress 300 -work work ../rtl/00_xilinx_ip/01_sfifo/sfifo_i72o72_d512/sfifo_i72o72_d512_sim_netlist.V 
# -- Compiling module sfifo_i72o72_d512
# -- Compiling module glbl
# 
# Top level modules:
# 	sfifo_i72o72_d512
# 	glbl
# End time: 14:43:13 on Apr 22,2025, Elapsed time: 0:00:00
# Errors: 0, Warnings: 0
# Model Technology ModelSim SE-64 vlog 2020.4 Compiler 2020.10 Oct 13 2020
# Start time: 14:43:13 on Apr 22,2025
# vlog -reportprogress 300 -work work ../rtl/00_xilinx_ip/03_ram/sram_i64o64_d256/sram_i64o64_d256_sim_netlist.V 
# -- Compiling module sram_i64o64_d256
# -- Compiling module glbl
# 
# Top level modules:
# 	sram_i64o64_d256
# 	glbl
# End time: 14:43:13 on Apr 22,2025, Elapsed time: 0:00:00
# Errors: 0, Warnings: 0
# Model Technology ModelSim SE-64 vlog 2020.4 Compiler 2020.10 Oct 13 2020
# Start time: 14:43:13 on Apr 22,2025
# vlog -reportprogress 300 -work work ../rtl/01_user_ip/arbita_ch6.v ../rtl/01_user_ip/pulse_gen.v 
# -- Compiling module ARBITA_CH6
# -- Compiling module PULSE_GEN
# 
# Top level modules:
# 	ARBITA_CH6
# 	PULSE_GEN
# End time: 14:43:13 on Apr 22,2025, Elapsed time: 0:00:00
# Errors: 0, Warnings: 0
# Model Technology ModelSim SE-64 vlog 2020.4 Compiler 2020.10 Oct 13 2020
# Start time: 14:43:14 on Apr 22,2025
# vlog -reportprogress 300 -work work ../rtl/03_srio/ini_dma_rd.v ../rtl/03_srio/ini_dma_wr.v ../rtl/03_srio/ini_reg_tx.v ../rtl/03_srio/ini_rx_dec.v ../rtl/03_srio/srio_rx.v ../rtl/03_srio/srio_top.v ../rtl/03_srio/srio_tx.v ../rtl/03_srio/tag_dma_tx.v ../rtl/03_srio/tag_reg_tx.v ../rtl/03_srio/tag_rx_dec.v 
# -- Compiling module INI_DMA_RD
# -- Compiling module INI_DMA_WR
# -- Compiling module INI_REG_TX
# -- Compiling module INI_RX_DEC
# -- Compiling module SRIO_RX
# -- Compiling module SRIO_TOP
# -- Compiling module SRIO_TX
# -- Compiling module TAG_DMA_TX
# -- Compiling module TAG_REG_TX
# -- Compiling module TAG_RX_DEC
# 
# Top level modules:
# 	SRIO_TOP
# End time: 14:43:14 on Apr 22,2025, Elapsed time: 0:00:00
# Errors: 0, Warnings: 0
# Model Technology ModelSim SE-64 vlog 2020.4 Compiler 2020.10 Oct 13 2020
# Start time: 14:43:14 on Apr 22,2025
# vlog -reportprogress 300 -work work ../rtl/04_bist/bist_reg.v ../rtl/04_bist/ram_bist.v 
# -- Compiling module BIST_REG
# -- Compiling module RAM_BIST
# 
# Top level modules:
# 	BIST_REG
# 	RAM_BIST
# End time: 14:43:14 on Apr 22,2025, Elapsed time: 0:00:00
# Errors: 0, Warnings: 0
# ** Warning: (vlib-34) Library already exists at "work".
# Errors: 0, Warnings: 1
# Model Technology ModelSim SE-64 vmap 2020.4 Lib Mapping Utility 2020.10 Oct 13 2020
# vmap work 
# Reading C:/modeltech64_2020.4/win64/../modelsim.ini
# "work" maps to directory ./work. (Default mapping)
# Model Technology ModelSim SE-64 vlog 2020.4 Compiler 2020.10 Oct 13 2020
# Start time: 14:43:14 on Apr 22,2025
# vlog -reportprogress 300 -work work sim_model/define/define.v 
# End time: 14:43:14 on Apr 22,2025, Elapsed time: 0:00:00
# Errors: 0, Warnings: 0
# Model Technology ModelSim SE-64 vlog 2020.4 Compiler 2020.10 Oct 13 2020
# Start time: 14:43:14 on Apr 22,2025
# vlog -reportprogress 300 "+define+tb_00=1" -work work "+incdir+{sim_model/define}" sim_model/sim_model.v 
# -- Compiling module SIM_MODEL
# 
# Top level modules:
# 	SIM_MODEL
# End time: 14:43:14 on Apr 22,2025, Elapsed time: 0:00:00
# Errors: 0, Warnings: 0
# Model Technology ModelSim SE-64 vlog 2020.4 Compiler 2020.10 Oct 13 2020
# Start time: 14:43:14 on Apr 22,2025
# vlog -reportprogress 300 "+define+tb_00=1" -work work "+incdir+{sim_model/define}" sim_model/tb_top.v 
# -- Compiling module tb_top
# 
# Top level modules:
# 	tb_top
# End time: 14:43:15 on Apr 22,2025, Elapsed time: 0:00:01
# Errors: 0, Warnings: 0
do do/tb_00.do
# Model Technology ModelSim SE-64 vlog 2020.4 Compiler 2020.10 Oct 13 2020
# Start time: 14:43:17 on Apr 22,2025
# vlog -reportprogress 300 "+define+tb_00=1" -work work sim_model\define\define.v 
# End time: 14:43:17 on Apr 22,2025, Elapsed time: 0:00:00
# Errors: 0, Warnings: 0
# Model Technology ModelSim SE-64 vlog 2020.4 Compiler 2020.10 Oct 13 2020
# Start time: 14:43:17 on Apr 22,2025
# vlog -reportprogress 300 "+define+tb_00=1" -work work "+incdir+{sim_modeldefine}" sim_model\tb_top.v 
# -- Compiling module tb_top
# 
# Top level modules:
# 	tb_top
# End time: 14:43:17 on Apr 22,2025, Elapsed time: 0:00:00
# Errors: 0, Warnings: 0
# End time: 14:43:20 on Apr 22,2025, Elapsed time: 0:04:14
# Errors: 0, Warnings: 21
# vsim -t 1ps -c -l ./log/vsim_tb_00_report.log work.tb_top -L UNISIMS_VER -L SECUREIP -L SIMPRIMS_VER -L work -voptargs="+acc" work.glbl -wav ./wave/tb_00.wlf 
# Start time: 14:43:21 on Apr 22,2025
# ** Note: (vsim-3813) Design is being optimized due to module recompilation...
# ** Warning: ../rtl/03_srio/srio_top.v(454): (vopt-2685) [TFMPC] - Too few port connections for 'U_INI_RX_DEC'.  Expected 13, found 12.
# ** Warning: ../rtl/03_srio/srio_top.v(454): (vopt-2718) [TFMPC] - Missing connection for port 'INI_RDY'.
# ** Warning: ../rtl/03_srio/srio_top.v(497): (vopt-2685) [TFMPC] - Too few port connections for 'U_TAG_RX_DEC'.  Expected 24, found 23.
# ** Warning: ../rtl/03_srio/srio_top.v(497): (vopt-2718) [TFMPC] - Missing connection for port 'TAG_RDY'.
# ** Note: (vsim-12126) Error and warning message counts have been restored: Errors=0, Warnings=4.
# Loading work.tb_top(fast)
# Loading work.SIM_MODEL(fast)
# Loading work.SRIO_TOP(fast)
# Loading work.INI_REG_TX(fast)
# Loading work.sfifo_i72o72_d512(fast)
# Loading UNISIMS_VER.GND(fast)
# Loading UNISIMS_VER.LUT1(fast)
# Loading UNISIMS_VER.LUT2(fast)
# Loading UNISIMS_VER.LUT3(fast)
# Loading UNISIMS_VER.FDRE(fast)
# Loading UNISIMS_VER.CARRY4(fast)
# Loading UNISIMS_VER.LUT5(fast)
# Loading UNISIMS_VER.LUT5(fast__1)
# Loading UNISIMS_VER.FDSE(fast)
# Loading UNISIMS_VER.LUT4(fast)
# Loading UNISIMS_VER.LUT4(fast__1)
# Loading UNISIMS_VER.LUT3(fast__1)
# Loading UNISIMS_VER.LUT3(fast__2)
# Loading UNISIMS_VER.LUT4(fast__2)
# Loading UNISIMS_VER.LUT6(fast)
# Loading UNISIMS_VER.LUT2(fast__1)
# Loading UNISIMS_VER.LUT3(fast__3)
# Loading UNISIMS_VER.LUT4(fast__3)
# Loading UNISIMS_VER.LUT5(fast__2)
# Loading UNISIMS_VER.LUT6(fast__1)
# Loading UNISIMS_VER.LUT6(fast__2)
# Loading UNISIMS_VER.LUT4(fast__4)
# Loading UNISIMS_VER.LUT2(fast__2)
# Loading UNISIMS_VER.LUT5(fast__3)
# Loading UNISIMS_VER.LUT4(fast__5)
# Loading UNISIMS_VER.LUT1(fast__1)
# Loading UNISIMS_VER.RAMB36E1(fast)
# Loading UNISIMS_VER.RB36_INTERNAL_VLOG(fast)
# Loading work.INI_DMA_WR(fast)
# Loading work.sfifo_i64o64_d512(fast)
# Loading work.INI_DMA_RD(fast)
# Loading work.ARBITA_CH6(fast)
# Loading work.SRIO_TX(fast)
# Loading work.afifo_i72o72_d2048(fast)
# Loading work.afifo_i72o72_d2048_xpm_cdc_gray(fast)
# Loading UNISIMS_VER.LUT6(fast__3)
# Loading UNISIMS_VER.LUT5(fast__4)
# Loading UNISIMS_VER.LUT4(fast__6)
# Loading UNISIMS_VER.LUT3(fast__4)
# Loading work.afifo_i72o72_d2048_xpm_cdc_gray__2(fast)
# Loading UNISIMS_VER.LUT6(fast__4)
# Loading UNISIMS_VER.LUT4(fast__7)
# Loading UNISIMS_VER.LUT6(fast__5)
# Loading UNISIMS_VER.LUT5(fast__5)
# Loading UNISIMS_VER.LUT6(fast__6)
# Loading UNISIMS_VER.FDSE(fast__1)
# Loading UNISIMS_VER.RAMB36E1(fast__1)
# Loading UNISIMS_VER.RB36_INTERNAL_VLOG(fast__1)
# Loading UNISIMS_VER.SRL16E(fast)
# Loading UNISIMS_VER.LUT2(fast__3)
# Loading UNISIMS_VER.FDRE(fast__1)
# Loading UNISIMS_VER.LUT3(fast__5)
# Loading UNISIMS_VER.LUT4(fast__8)
# Loading UNISIMS_VER.LUT6(fast__7)
# Loading work.afifo_i72o72_d2048_xpm_cdc_single(fast)
# Loading work.afifo_i72o72_d2048_xpm_cdc_single__2(fast)
# Loading work.afifo_i72o72_d2048_xpm_cdc_sync_rst(fast)
# Loading work.afifo_i72o72_d2048_xpm_cdc_sync_rst__2(fast)
# Loading work.SRIO_RX(fast)
# Loading work.INI_RX_DEC(fast)
# Loading work.TAG_RX_DEC(fast)
# Loading work.TAG_REG_TX(fast)
# Loading work.TAG_DMA_TX(fast)
# Loading work.BIST_REG(fast)
# Loading work.RAM_BIST(fast)
# Loading work.sram_i64o64_d256(fast)
# Loading UNISIMS_VER.RAMB36E1(fast__2)
# Loading UNISIMS_VER.RB36_INTERNAL_VLOG(fast__2)
# Loading work.glbl(fast)
# ** Warning: (vsim-3015) [PCDPC] - Port size (32) does not match connection size (25) for port 'INI_WR_ADDR'. The port definition is at: ../rtl/03_srio/srio_top.v(55).
#    Time: 0 ps  Iteration: 0  Instance: /tb_top/U_SRIO_TOP File: sim_model/tb_top.v Line: 763
# ** Warning: (vsim-3015) [PCDPC] - Port size (8) does not match connection size (16) for port 'INI_WR_SIZE'. The port definition is at: ../rtl/03_srio/srio_top.v(56).
#    Time: 0 ps  Iteration: 0  Instance: /tb_top/U_SRIO_TOP File: sim_model/tb_top.v Line: 763
# ** Warning: (vsim-3015) [PCDPC] - Port size (8) does not match connection size (25) for port 'INI_RD_SIZE'. The port definition is at: ../rtl/03_srio/srio_top.v(64).
#    Time: 0 ps  Iteration: 0  Instance: /tb_top/U_SRIO_TOP File: sim_model/tb_top.v Line: 763
# ** Warning: (vsim-3015) [PCDPC] - Port size (32) does not match connection size (12) for port 'INI_RD_ADDR'. The port definition is at: ../rtl/03_srio/srio_top.v(65).
#    Time: 0 ps  Iteration: 0  Instance: /tb_top/U_SRIO_TOP File: sim_model/tb_top.v Line: 763
# ** Warning: (vsim-3015) [PCDPC] - Port size (32) does not match connection size (16) for port 'TAG_WR_ADDR'. The port definition is at: ../rtl/03_srio/srio_top.v(81).
#    Time: 0 ps  Iteration: 0  Instance: /tb_top/U_SRIO_TOP File: sim_model/tb_top.v Line: 763
# ** Warning: (vsim-3015) [PCDPC] - Port size (32) does not match connection size (8) for port 'TAG_RD_SIZE'. The port definition is at: ../rtl/03_srio/srio_top.v(90).
#    Time: 0 ps  Iteration: 0  Instance: /tb_top/U_SRIO_TOP File: sim_model/tb_top.v Line: 763
# ** Warning: (vsim-3015) [PCDPC] - Port size (8) does not match connection size (16) for port 'TAG_RD_ADDR'. The port definition is at: ../rtl/03_srio/srio_top.v(91).
#    Time: 0 ps  Iteration: 0  Instance: /tb_top/U_SRIO_TOP File: sim_model/tb_top.v Line: 763
# ** Warning: (vsim-3015) [PCDPC] - Port size (1) does not match connection size (32) for port 'DMA_RD_ADDR'. The port definition is at: ../rtl/03_srio/ini_dma_rd.v(23).
#    Time: 0 ps  Iteration: 0  Instance: /tb_top/U_SRIO_TOP/U_INI_DMA_RD File: ../rtl/03_srio/srio_top.v Line: 338
# ** Warning: (vsim-3015) [PCDPC] - Port size (32) does not match connection size (1) for port 'REG_RD_DATA'. The port definition is at: ../rtl/03_srio/ini_rx_dec.v(27).
#    Time: 0 ps  Iteration: 0  Instance: /tb_top/U_SRIO_TOP/U_INI_RX_DEC File: ../rtl/03_srio/srio_top.v Line: 454
# ** Warning: (vsim-3015) [PCDPC] - Port size (9) does not match connection size (8) for port 'DMA_WR_SIZE'. The port definition is at: ../rtl/03_srio/tag_rx_dec.v(36).
#    Time: 0 ps  Iteration: 0  Instance: /tb_top/U_SRIO_TOP/U_TAG_RX_DEC File: ../rtl/03_srio/srio_top.v Line: 497
# ** Warning: (vsim-3015) [PCDPC] - Port size (9) does not match connection size (32) for port 'DMA_RD_SIZE'. The port definition is at: ../rtl/03_srio/tag_rx_dec.v(43).
#    Time: 0 ps  Iteration: 0  Instance: /tb_top/U_SRIO_TOP/U_TAG_RX_DEC File: ../rtl/03_srio/srio_top.v Line: 497
# ** Warning: (vsim-3015) [PCDPC] - Port size (32) does not match connection size (8) for port 'DMA_RD_ADDR'. The port definition is at: ../rtl/03_srio/tag_rx_dec.v(44).
#    Time: 0 ps  Iteration: 0  Instance: /tb_top/U_SRIO_TOP/U_TAG_RX_DEC File: ../rtl/03_srio/srio_top.v Line: 497
# ** Warning: (vsim-3015) [PCDPC] - Port size (64) does not match connection size (72) for port 'din'. The port definition is at: ../rtl/00_xilinx_ip/01_sfifo/sfifo_i64o64_d512/sfifo_i64o64_d512_sim_netlist.V(20).
#    Time: 0 ps  Iteration: 0  Instance: /tb_top/U_SRIO_TOP/U_TAG_REG_TX/U_CBUF File: ../rtl/03_srio/tag_reg_tx.v Line: 110
# ** Warning: (vsim-3015) [PCDPC] - Port size (64) does not match connection size (72) for port 'dout'. The port definition is at: ../rtl/00_xilinx_ip/01_sfifo/sfifo_i64o64_d512/sfifo_i64o64_d512_sim_netlist.V(23).
#    Time: 0 ps  Iteration: 0  Instance: /tb_top/U_SRIO_TOP/U_TAG_REG_TX/U_CBUF File: ../rtl/03_srio/tag_reg_tx.v Line: 110
# ** Warning: (vsim-3015) [PCDPC] - Port size (9) does not match connection size (32) for port 'DMA_RD_SIZE'. The port definition is at: ../rtl/03_srio/tag_dma_tx.v(24).
#    Time: 0 ps  Iteration: 0  Instance: /tb_top/U_SRIO_TOP/U_TAG_DMA_TX File: ../rtl/03_srio/srio_top.v Line: 549
# ** Warning: (vsim-3015) [PCDPC] - Port size (32) does not match connection size (8) for port 'DMA_RD_ADDR'. The port definition is at: ../rtl/03_srio/tag_dma_tx.v(25).
#    Time: 0 ps  Iteration: 0  Instance: /tb_top/U_SRIO_TOP/U_TAG_DMA_TX File: ../rtl/03_srio/srio_top.v Line: 549
# ** Warning: (vsim-3015) [PCDPC] - Port size (6) does not match connection size (8) for port 'addra'. The port definition is at: ../rtl/00_xilinx_ip/03_ram/sram_i64o64_d256/sram_i64o64_d256_sim_netlist.V(20).
#    Time: 0 ps  Iteration: 0  Instance: /tb_top/U_RAM_BIST/U_BIST_BRAM File: ../rtl/04_bist/ram_bist.v Line: 113
# ** Warning: (vsim-3015) [PCDPC] - Port size (6) does not match connection size (8) for port 'addrb'. The port definition is at: ../rtl/00_xilinx_ip/03_ram/sram_i64o64_d256/sram_i64o64_d256_sim_netlist.V(23).
#    Time: 0 ps  Iteration: 0  Instance: /tb_top/U_RAM_BIST/U_BIST_BRAM File: ../rtl/04_bist/ram_bist.v Line: 113
#  
# ******<<<<<<<<<<<<<<<<<<<<<<Simulation tb_00 start>>>>>>>>>>>>>>>>>>>>>>> ******
#  
# ---- Initial simulation
# ---- clock ---- 1111 ---- enable
# ---- Wait for  64 cycles
# ---- Wait for  64 cycles end
# ---- Wait for  16 cycles
# ---- Wait for  16 cycles end
# ---- reseting by cycle
# ---- reset0   64 cycle end
# ---- Wait for  16 cycles
# ---- Wait for  16 cycles end
# ---- reseting by ns
# ---- reset1  255 ns end
# ---- Write register   PORT :0x0    ADD :0x200    DATA :0x89abcd0e
# ---- Wait for  16 cycles
# ---- Wait for  16 cycles end
# ---- Wait for 255 cycles
# ---- Wait for 255 cycles end
# ---- tb_00 test completed !
#  
# ******<<<<<<<<<<<<<<<<<<<<Simulation tb_00 Successful End>>>>>>>>>>>>>>>>>>> ******
#  
do do/compile_all.do
# ** Warning: (vlib-34) Library already exists at "work".
# Errors: 0, Warnings: 1
# Model Technology ModelSim SE-64 vmap 2020.4 Lib Mapping Utility 2020.10 Oct 13 2020
# vmap work 
# Reading C:/modeltech64_2020.4/win64/../modelsim.ini
# "work" maps to directory ./work. (Default mapping)
# Model Technology ModelSim SE-64 vlog 2020.4 Compiler 2020.10 Oct 13 2020
# Start time: 14:44:17 on Apr 22,2025
# vlog -reportprogress 300 -work work sim_model/lib/glbl.v 
# -- Compiling module glbl
# 
# Top level modules:
# 	glbl
# End time: 14:44:17 on Apr 22,2025, Elapsed time: 0:00:00
# Errors: 0, Warnings: 0
# ** Warning: (vlib-34) Library already exists at "work".
# Errors: 0, Warnings: 1
# Model Technology ModelSim SE-64 vmap 2020.4 Lib Mapping Utility 2020.10 Oct 13 2020
# vmap work 
# Reading C:/modeltech64_2020.4/win64/../modelsim.ini
# "work" maps to directory ./work. (Default mapping)
# Model Technology ModelSim SE-64 vlog 2020.4 Compiler 2020.10 Oct 13 2020
# Start time: 14:44:18 on Apr 22,2025
# vlog -reportprogress 300 -work work ../rtl/00_xilinx_ip/00_afifo/afifo_i72o72_d2048/afifo_i72o72_d2048_sim_netlist.V 
# -- Compiling module afifo_i72o72_d2048
# -- Compiling module afifo_i72o72_d2048_xpm_cdc_gray
# -- Compiling module afifo_i72o72_d2048_xpm_cdc_gray__2
# -- Compiling module afifo_i72o72_d2048_xpm_cdc_single
# -- Compiling module afifo_i72o72_d2048_xpm_cdc_single__2
# -- Compiling module afifo_i72o72_d2048_xpm_cdc_sync_rst
# -- Compiling module afifo_i72o72_d2048_xpm_cdc_sync_rst__2
# -- Compiling module glbl
# 
# Top level modules:
# 	afifo_i72o72_d2048
# 	glbl
# End time: 14:44:18 on Apr 22,2025, Elapsed time: 0:00:00
# Errors: 0, Warnings: 0
# Model Technology ModelSim SE-64 vlog 2020.4 Compiler 2020.10 Oct 13 2020
# Start time: 14:44:18 on Apr 22,2025
# vlog -reportprogress 300 -work work ../rtl/00_xilinx_ip/01_sfifo/sfifo_i32o32_d1024/sfifo_i32o32_d1024_sim_netlist.V 
# -- Compiling module sfifo_i32o32_d1024
# -- Compiling module glbl
# 
# Top level modules:
# 	sfifo_i32o32_d1024
# 	glbl
# End time: 14:44:18 on Apr 22,2025, Elapsed time: 0:00:00
# Errors: 0, Warnings: 0
# Model Technology ModelSim SE-64 vlog 2020.4 Compiler 2020.10 Oct 13 2020
# Start time: 14:44:18 on Apr 22,2025
# vlog -reportprogress 300 -work work ../rtl/00_xilinx_ip/01_sfifo/sfifo_i64o64_d512/sfifo_i64o64_d512_sim_netlist.V 
# -- Compiling module sfifo_i64o64_d512
# -- Compiling module glbl
# 
# Top level modules:
# 	sfifo_i64o64_d512
# 	glbl
# End time: 14:44:19 on Apr 22,2025, Elapsed time: 0:00:01
# Errors: 0, Warnings: 0
# Model Technology ModelSim SE-64 vlog 2020.4 Compiler 2020.10 Oct 13 2020
# Start time: 14:44:19 on Apr 22,2025
# vlog -reportprogress 300 -work work ../rtl/00_xilinx_ip/01_sfifo/sfifo_i72o72_d512/sfifo_i72o72_d512_sim_netlist.V 
# -- Compiling module sfifo_i72o72_d512
# -- Compiling module glbl
# 
# Top level modules:
# 	sfifo_i72o72_d512
# 	glbl
# End time: 14:44:19 on Apr 22,2025, Elapsed time: 0:00:00
# Errors: 0, Warnings: 0
# Model Technology ModelSim SE-64 vlog 2020.4 Compiler 2020.10 Oct 13 2020
# Start time: 14:44:19 on Apr 22,2025
# vlog -reportprogress 300 -work work ../rtl/00_xilinx_ip/03_ram/sram_i64o64_d256/sram_i64o64_d256_sim_netlist.V 
# -- Compiling module sram_i64o64_d256
# -- Compiling module glbl
# 
# Top level modules:
# 	sram_i64o64_d256
# 	glbl
# End time: 14:44:19 on Apr 22,2025, Elapsed time: 0:00:00
# Errors: 0, Warnings: 0
# Model Technology ModelSim SE-64 vlog 2020.4 Compiler 2020.10 Oct 13 2020
# Start time: 14:44:19 on Apr 22,2025
# vlog -reportprogress 300 -work work ../rtl/01_user_ip/arbita_ch6.v ../rtl/01_user_ip/pulse_gen.v 
# -- Compiling module ARBITA_CH6
# -- Compiling module PULSE_GEN
# 
# Top level modules:
# 	ARBITA_CH6
# 	PULSE_GEN
# End time: 14:44:19 on Apr 22,2025, Elapsed time: 0:00:00
# Errors: 0, Warnings: 0
# Model Technology ModelSim SE-64 vlog 2020.4 Compiler 2020.10 Oct 13 2020
# Start time: 14:44:19 on Apr 22,2025
# vlog -reportprogress 300 -work work ../rtl/03_srio/ini_dma_rd.v ../rtl/03_srio/ini_dma_wr.v ../rtl/03_srio/ini_reg_tx.v ../rtl/03_srio/ini_rx_dec.v ../rtl/03_srio/srio_rx.v ../rtl/03_srio/srio_top.v ../rtl/03_srio/srio_tx.v ../rtl/03_srio/tag_dma_tx.v ../rtl/03_srio/tag_reg_tx.v ../rtl/03_srio/tag_rx_dec.v 
# -- Compiling module INI_DMA_RD
# -- Compiling module INI_DMA_WR
# -- Compiling module INI_REG_TX
# -- Compiling module INI_RX_DEC
# -- Compiling module SRIO_RX
# -- Compiling module SRIO_TOP
# -- Compiling module SRIO_TX
# -- Compiling module TAG_DMA_TX
# -- Compiling module TAG_REG_TX
# -- Compiling module TAG_RX_DEC
# 
# Top level modules:
# 	SRIO_TOP
# End time: 14:44:20 on Apr 22,2025, Elapsed time: 0:00:01
# Errors: 0, Warnings: 0
# Model Technology ModelSim SE-64 vlog 2020.4 Compiler 2020.10 Oct 13 2020
# Start time: 14:44:20 on Apr 22,2025
# vlog -reportprogress 300 -work work ../rtl/04_bist/bist_reg.v ../rtl/04_bist/ram_bist.v 
# -- Compiling module BIST_REG
# -- Compiling module RAM_BIST
# 
# Top level modules:
# 	BIST_REG
# 	RAM_BIST
# End time: 14:44:20 on Apr 22,2025, Elapsed time: 0:00:00
# Errors: 0, Warnings: 0
# ** Warning: (vlib-34) Library already exists at "work".
# Errors: 0, Warnings: 1
# Model Technology ModelSim SE-64 vmap 2020.4 Lib Mapping Utility 2020.10 Oct 13 2020
# vmap work 
# Reading C:/modeltech64_2020.4/win64/../modelsim.ini
# "work" maps to directory ./work. (Default mapping)
# Model Technology ModelSim SE-64 vlog 2020.4 Compiler 2020.10 Oct 13 2020
# Start time: 14:44:20 on Apr 22,2025
# vlog -reportprogress 300 -work work sim_model/define/define.v 
# End time: 14:44:20 on Apr 22,2025, Elapsed time: 0:00:00
# Errors: 0, Warnings: 0
# Model Technology ModelSim SE-64 vlog 2020.4 Compiler 2020.10 Oct 13 2020
# Start time: 14:44:20 on Apr 22,2025
# vlog -reportprogress 300 "+define+tb_00=1" -work work "+incdir+{sim_model/define}" sim_model/sim_model.v 
# -- Compiling module SIM_MODEL
# 
# Top level modules:
# 	SIM_MODEL
# End time: 14:44:20 on Apr 22,2025, Elapsed time: 0:00:00
# Errors: 0, Warnings: 0
# Model Technology ModelSim SE-64 vlog 2020.4 Compiler 2020.10 Oct 13 2020
# Start time: 14:44:20 on Apr 22,2025
# vlog -reportprogress 300 "+define+tb_00=1" -work work "+incdir+{sim_model/define}" sim_model/tb_top.v 
# -- Compiling module tb_top
# 
# Top level modules:
# 	tb_top
# End time: 14:44:20 on Apr 22,2025, Elapsed time: 0:00:00
# Errors: 0, Warnings: 0
do do/tb_00.do
# Model Technology ModelSim SE-64 vlog 2020.4 Compiler 2020.10 Oct 13 2020
# Start time: 14:44:23 on Apr 22,2025
# vlog -reportprogress 300 "+define+tb_00=1" -work work sim_model\define\define.v 
# End time: 14:44:23 on Apr 22,2025, Elapsed time: 0:00:00
# Errors: 0, Warnings: 0
# Model Technology ModelSim SE-64 vlog 2020.4 Compiler 2020.10 Oct 13 2020
# Start time: 14:44:23 on Apr 22,2025
# vlog -reportprogress 300 "+define+tb_00=1" -work work "+incdir+{sim_modeldefine}" sim_model\tb_top.v 
# -- Compiling module tb_top
# 
# Top level modules:
# 	tb_top
# End time: 14:44:23 on Apr 22,2025, Elapsed time: 0:00:00
# Errors: 0, Warnings: 0
# End time: 14:44:26 on Apr 22,2025, Elapsed time: 0:01:05
# Errors: 0, Warnings: 22
# vsim -t 1ps -c -l ./log/vsim_tb_00_report.log work.tb_top -L UNISIMS_VER -L SECUREIP -L SIMPRIMS_VER -L work -voptargs="+acc" work.glbl -wav ./wave/tb_00.wlf 
# Start time: 14:44:27 on Apr 22,2025
# ** Note: (vsim-3813) Design is being optimized due to module recompilation...
# ** Note: (vopt-143) Recognized 1 FSM in module "TAG_REG_TX(fast)".
# Loading work.tb_top(fast)
# Loading work.SIM_MODEL(fast)
# Loading work.SRIO_TOP(fast)
# Loading work.INI_REG_TX(fast)
# Loading work.sfifo_i72o72_d512(fast)
# Loading UNISIMS_VER.GND(fast)
# Loading UNISIMS_VER.LUT1(fast)
# Loading UNISIMS_VER.LUT2(fast)
# Loading UNISIMS_VER.LUT3(fast)
# Loading UNISIMS_VER.FDRE(fast)
# Loading UNISIMS_VER.CARRY4(fast)
# Loading UNISIMS_VER.LUT5(fast)
# Loading UNISIMS_VER.LUT5(fast__1)
# Loading UNISIMS_VER.FDSE(fast)
# Loading UNISIMS_VER.LUT4(fast)
# Loading UNISIMS_VER.LUT4(fast__1)
# Loading UNISIMS_VER.LUT3(fast__1)
# Loading UNISIMS_VER.LUT3(fast__2)
# Loading UNISIMS_VER.LUT4(fast__2)
# Loading UNISIMS_VER.LUT6(fast)
# Loading UNISIMS_VER.LUT2(fast__1)
# Loading UNISIMS_VER.LUT3(fast__3)
# Loading UNISIMS_VER.LUT4(fast__3)
# Loading UNISIMS_VER.LUT5(fast__2)
# Loading UNISIMS_VER.LUT6(fast__1)
# Loading UNISIMS_VER.LUT6(fast__2)
# Loading UNISIMS_VER.LUT4(fast__4)
# Loading UNISIMS_VER.LUT2(fast__2)
# Loading UNISIMS_VER.LUT5(fast__3)
# Loading UNISIMS_VER.LUT4(fast__5)
# Loading UNISIMS_VER.LUT1(fast__1)
# Loading UNISIMS_VER.RAMB36E1(fast)
# Loading UNISIMS_VER.RB36_INTERNAL_VLOG(fast)
# Loading work.INI_DMA_WR(fast)
# Loading work.sfifo_i64o64_d512(fast)
# Loading work.INI_DMA_RD(fast)
# Loading work.ARBITA_CH6(fast)
# Loading work.SRIO_TX(fast)
# Loading work.afifo_i72o72_d2048(fast)
# Loading work.afifo_i72o72_d2048_xpm_cdc_gray(fast)
# Loading UNISIMS_VER.LUT6(fast__3)
# Loading UNISIMS_VER.LUT5(fast__4)
# Loading UNISIMS_VER.LUT4(fast__6)
# Loading UNISIMS_VER.LUT3(fast__4)
# Loading work.afifo_i72o72_d2048_xpm_cdc_gray__2(fast)
# Loading UNISIMS_VER.LUT6(fast__4)
# Loading UNISIMS_VER.LUT4(fast__7)
# Loading UNISIMS_VER.LUT6(fast__5)
# Loading UNISIMS_VER.LUT5(fast__5)
# Loading UNISIMS_VER.LUT6(fast__6)
# Loading UNISIMS_VER.FDSE(fast__1)
# Loading UNISIMS_VER.RAMB36E1(fast__1)
# Loading UNISIMS_VER.RB36_INTERNAL_VLOG(fast__1)
# Loading UNISIMS_VER.SRL16E(fast)
# Loading UNISIMS_VER.LUT2(fast__3)
# Loading UNISIMS_VER.FDRE(fast__1)
# Loading UNISIMS_VER.LUT3(fast__5)
# Loading UNISIMS_VER.LUT4(fast__8)
# Loading UNISIMS_VER.LUT6(fast__7)
# Loading work.afifo_i72o72_d2048_xpm_cdc_single(fast)
# Loading work.afifo_i72o72_d2048_xpm_cdc_single__2(fast)
# Loading work.afifo_i72o72_d2048_xpm_cdc_sync_rst(fast)
# Loading work.afifo_i72o72_d2048_xpm_cdc_sync_rst__2(fast)
# Loading work.SRIO_RX(fast)
# Loading work.INI_RX_DEC(fast)
# Loading work.TAG_RX_DEC(fast)
# Loading work.TAG_REG_TX(fast)
# Loading work.TAG_DMA_TX(fast)
# Loading work.BIST_REG(fast)
# Loading work.RAM_BIST(fast)
# Loading work.sram_i64o64_d256(fast)
# Loading UNISIMS_VER.RAMB36E1(fast__2)
# Loading UNISIMS_VER.RB36_INTERNAL_VLOG(fast__2)
# Loading work.glbl(fast)
# ** Warning: (vsim-3015) [PCDPC] - Port size (32) does not match connection size (25) for port 'INI_WR_ADDR'. The port definition is at: ../rtl/03_srio/srio_top.v(55).
#    Time: 0 ps  Iteration: 0  Instance: /tb_top/U_SRIO_TOP File: sim_model/tb_top.v Line: 763
# ** Warning: (vsim-3015) [PCDPC] - Port size (8) does not match connection size (16) for port 'INI_WR_SIZE'. The port definition is at: ../rtl/03_srio/srio_top.v(56).
#    Time: 0 ps  Iteration: 0  Instance: /tb_top/U_SRIO_TOP File: sim_model/tb_top.v Line: 763
# ** Warning: (vsim-3015) [PCDPC] - Port size (8) does not match connection size (25) for port 'INI_RD_SIZE'. The port definition is at: ../rtl/03_srio/srio_top.v(64).
#    Time: 0 ps  Iteration: 0  Instance: /tb_top/U_SRIO_TOP File: sim_model/tb_top.v Line: 763
# ** Warning: (vsim-3015) [PCDPC] - Port size (32) does not match connection size (12) for port 'INI_RD_ADDR'. The port definition is at: ../rtl/03_srio/srio_top.v(65).
#    Time: 0 ps  Iteration: 0  Instance: /tb_top/U_SRIO_TOP File: sim_model/tb_top.v Line: 763
# ** Warning: (vsim-3015) [PCDPC] - Port size (32) does not match connection size (16) for port 'TAG_WR_ADDR'. The port definition is at: ../rtl/03_srio/srio_top.v(81).
#    Time: 0 ps  Iteration: 0  Instance: /tb_top/U_SRIO_TOP File: sim_model/tb_top.v Line: 763
# ** Warning: (vsim-3015) [PCDPC] - Port size (32) does not match connection size (8) for port 'TAG_RD_SIZE'. The port definition is at: ../rtl/03_srio/srio_top.v(90).
#    Time: 0 ps  Iteration: 0  Instance: /tb_top/U_SRIO_TOP File: sim_model/tb_top.v Line: 763
# ** Warning: (vsim-3015) [PCDPC] - Port size (8) does not match connection size (16) for port 'TAG_RD_ADDR'. The port definition is at: ../rtl/03_srio/srio_top.v(91).
#    Time: 0 ps  Iteration: 0  Instance: /tb_top/U_SRIO_TOP File: sim_model/tb_top.v Line: 763
# ** Warning: (vsim-3015) [PCDPC] - Port size (1) does not match connection size (32) for port 'DMA_RD_ADDR'. The port definition is at: ../rtl/03_srio/ini_dma_rd.v(23).
#    Time: 0 ps  Iteration: 0  Instance: /tb_top/U_SRIO_TOP/U_INI_DMA_RD File: ../rtl/03_srio/srio_top.v Line: 338
# ** Warning: (vsim-3015) [PCDPC] - Port size (32) does not match connection size (1) for port 'REG_RD_DATA'. The port definition is at: ../rtl/03_srio/ini_rx_dec.v(27).
#    Time: 0 ps  Iteration: 0  Instance: /tb_top/U_SRIO_TOP/U_INI_RX_DEC File: ../rtl/03_srio/srio_top.v Line: 454
# ** Warning: (vsim-3015) [PCDPC] - Port size (9) does not match connection size (8) for port 'DMA_WR_SIZE'. The port definition is at: ../rtl/03_srio/tag_rx_dec.v(36).
#    Time: 0 ps  Iteration: 0  Instance: /tb_top/U_SRIO_TOP/U_TAG_RX_DEC File: ../rtl/03_srio/srio_top.v Line: 497
# ** Warning: (vsim-3015) [PCDPC] - Port size (9) does not match connection size (32) for port 'DMA_RD_SIZE'. The port definition is at: ../rtl/03_srio/tag_rx_dec.v(43).
#    Time: 0 ps  Iteration: 0  Instance: /tb_top/U_SRIO_TOP/U_TAG_RX_DEC File: ../rtl/03_srio/srio_top.v Line: 497
# ** Warning: (vsim-3015) [PCDPC] - Port size (32) does not match connection size (8) for port 'DMA_RD_ADDR'. The port definition is at: ../rtl/03_srio/tag_rx_dec.v(44).
#    Time: 0 ps  Iteration: 0  Instance: /tb_top/U_SRIO_TOP/U_TAG_RX_DEC File: ../rtl/03_srio/srio_top.v Line: 497
# ** Warning: (vsim-3015) [PCDPC] - Port size (9) does not match connection size (32) for port 'DMA_RD_SIZE'. The port definition is at: ../rtl/03_srio/tag_dma_tx.v(24).
#    Time: 0 ps  Iteration: 0  Instance: /tb_top/U_SRIO_TOP/U_TAG_DMA_TX File: ../rtl/03_srio/srio_top.v Line: 549
# ** Warning: (vsim-3015) [PCDPC] - Port size (32) does not match connection size (8) for port 'DMA_RD_ADDR'. The port definition is at: ../rtl/03_srio/tag_dma_tx.v(25).
#    Time: 0 ps  Iteration: 0  Instance: /tb_top/U_SRIO_TOP/U_TAG_DMA_TX File: ../rtl/03_srio/srio_top.v Line: 549
# ** Warning: (vsim-3015) [PCDPC] - Port size (6) does not match connection size (8) for port 'addra'. The port definition is at: ../rtl/00_xilinx_ip/03_ram/sram_i64o64_d256/sram_i64o64_d256_sim_netlist.V(20).
#    Time: 0 ps  Iteration: 0  Instance: /tb_top/U_RAM_BIST/U_BIST_BRAM File: ../rtl/04_bist/ram_bist.v Line: 113
# ** Warning: (vsim-3015) [PCDPC] - Port size (6) does not match connection size (8) for port 'addrb'. The port definition is at: ../rtl/00_xilinx_ip/03_ram/sram_i64o64_d256/sram_i64o64_d256_sim_netlist.V(23).
#    Time: 0 ps  Iteration: 0  Instance: /tb_top/U_RAM_BIST/U_BIST_BRAM File: ../rtl/04_bist/ram_bist.v Line: 113
#  
# ******<<<<<<<<<<<<<<<<<<<<<<Simulation tb_00 start>>>>>>>>>>>>>>>>>>>>>>> ******
#  
# ---- Initial simulation
# ---- clock ---- 1111 ---- enable
# ---- Wait for  64 cycles
# ---- Wait for  64 cycles end
# ---- Wait for  16 cycles
# ---- Wait for  16 cycles end
# ---- reseting by cycle
# ---- reset0   64 cycle end
# ---- Wait for  16 cycles
# ---- Wait for  16 cycles end
# ---- reseting by ns
# ---- reset1  255 ns end
# ---- Write register   PORT :0x0    ADD :0x200    DATA :0x89abcd0e
# ---- Wait for  16 cycles
# ---- Wait for  16 cycles end
# ---- Wait for 255 cycles
# ---- Wait for 255 cycles end
# ---- tb_00 test completed !
#  
# ******<<<<<<<<<<<<<<<<<<<<Simulation tb_00 Successful End>>>>>>>>>>>>>>>>>>> ******
#  
do do/compile_all.do
# ** Warning: (vlib-34) Library already exists at "work".
# Errors: 0, Warnings: 1
# Model Technology ModelSim SE-64 vmap 2020.4 Lib Mapping Utility 2020.10 Oct 13 2020
# vmap work 
# Reading C:/modeltech64_2020.4/win64/../modelsim.ini
# "work" maps to directory ./work. (Default mapping)
# Model Technology ModelSim SE-64 vlog 2020.4 Compiler 2020.10 Oct 13 2020
# Start time: 14:45:21 on Apr 22,2025
# vlog -reportprogress 300 -work work sim_model/lib/glbl.v 
# -- Compiling module glbl
# 
# Top level modules:
# 	glbl
# End time: 14:45:21 on Apr 22,2025, Elapsed time: 0:00:00
# Errors: 0, Warnings: 0
# ** Warning: (vlib-34) Library already exists at "work".
# Errors: 0, Warnings: 1
# Model Technology ModelSim SE-64 vmap 2020.4 Lib Mapping Utility 2020.10 Oct 13 2020
# vmap work 
# Reading C:/modeltech64_2020.4/win64/../modelsim.ini
# "work" maps to directory ./work. (Default mapping)
# Model Technology ModelSim SE-64 vlog 2020.4 Compiler 2020.10 Oct 13 2020
# Start time: 14:45:21 on Apr 22,2025
# vlog -reportprogress 300 -work work ../rtl/00_xilinx_ip/00_afifo/afifo_i72o72_d2048/afifo_i72o72_d2048_sim_netlist.V 
# -- Compiling module afifo_i72o72_d2048
# -- Compiling module afifo_i72o72_d2048_xpm_cdc_gray
# -- Compiling module afifo_i72o72_d2048_xpm_cdc_gray__2
# -- Compiling module afifo_i72o72_d2048_xpm_cdc_single
# -- Compiling module afifo_i72o72_d2048_xpm_cdc_single__2
# -- Compiling module afifo_i72o72_d2048_xpm_cdc_sync_rst
# -- Compiling module afifo_i72o72_d2048_xpm_cdc_sync_rst__2
# -- Compiling module glbl
# 
# Top level modules:
# 	afifo_i72o72_d2048
# 	glbl
# End time: 14:45:21 on Apr 22,2025, Elapsed time: 0:00:00
# Errors: 0, Warnings: 0
# Model Technology ModelSim SE-64 vlog 2020.4 Compiler 2020.10 Oct 13 2020
# Start time: 14:45:21 on Apr 22,2025
# vlog -reportprogress 300 -work work ../rtl/00_xilinx_ip/01_sfifo/sfifo_i32o32_d1024/sfifo_i32o32_d1024_sim_netlist.V 
# -- Compiling module sfifo_i32o32_d1024
# -- Compiling module glbl
# 
# Top level modules:
# 	sfifo_i32o32_d1024
# 	glbl
# End time: 14:45:22 on Apr 22,2025, Elapsed time: 0:00:01
# Errors: 0, Warnings: 0
# Model Technology ModelSim SE-64 vlog 2020.4 Compiler 2020.10 Oct 13 2020
# Start time: 14:45:22 on Apr 22,2025
# vlog -reportprogress 300 -work work ../rtl/00_xilinx_ip/01_sfifo/sfifo_i64o64_d512/sfifo_i64o64_d512_sim_netlist.V 
# -- Compiling module sfifo_i64o64_d512
# -- Compiling module glbl
# 
# Top level modules:
# 	sfifo_i64o64_d512
# 	glbl
# End time: 14:45:22 on Apr 22,2025, Elapsed time: 0:00:00
# Errors: 0, Warnings: 0
# Model Technology ModelSim SE-64 vlog 2020.4 Compiler 2020.10 Oct 13 2020
# Start time: 14:45:22 on Apr 22,2025
# vlog -reportprogress 300 -work work ../rtl/00_xilinx_ip/01_sfifo/sfifo_i72o72_d512/sfifo_i72o72_d512_sim_netlist.V 
# -- Compiling module sfifo_i72o72_d512
# -- Compiling module glbl
# 
# Top level modules:
# 	sfifo_i72o72_d512
# 	glbl
# End time: 14:45:22 on Apr 22,2025, Elapsed time: 0:00:00
# Errors: 0, Warnings: 0
# Model Technology ModelSim SE-64 vlog 2020.4 Compiler 2020.10 Oct 13 2020
# Start time: 14:45:22 on Apr 22,2025
# vlog -reportprogress 300 -work work ../rtl/00_xilinx_ip/03_ram/sram_i64o64_d256/sram_i64o64_d256_sim_netlist.V 
# -- Compiling module sram_i64o64_d256
# -- Compiling module glbl
# 
# Top level modules:
# 	sram_i64o64_d256
# 	glbl
# End time: 14:45:23 on Apr 22,2025, Elapsed time: 0:00:01
# Errors: 0, Warnings: 0
# Model Technology ModelSim SE-64 vlog 2020.4 Compiler 2020.10 Oct 13 2020
# Start time: 14:45:23 on Apr 22,2025
# vlog -reportprogress 300 -work work ../rtl/01_user_ip/arbita_ch6.v ../rtl/01_user_ip/pulse_gen.v 
# -- Compiling module ARBITA_CH6
# -- Compiling module PULSE_GEN
# 
# Top level modules:
# 	ARBITA_CH6
# 	PULSE_GEN
# End time: 14:45:23 on Apr 22,2025, Elapsed time: 0:00:00
# Errors: 0, Warnings: 0
# Model Technology ModelSim SE-64 vlog 2020.4 Compiler 2020.10 Oct 13 2020
# Start time: 14:45:23 on Apr 22,2025
# vlog -reportprogress 300 -work work ../rtl/03_srio/ini_dma_rd.v ../rtl/03_srio/ini_dma_wr.v ../rtl/03_srio/ini_reg_tx.v ../rtl/03_srio/ini_rx_dec.v ../rtl/03_srio/srio_rx.v ../rtl/03_srio/srio_top.v ../rtl/03_srio/srio_tx.v ../rtl/03_srio/tag_dma_tx.v ../rtl/03_srio/tag_reg_tx.v ../rtl/03_srio/tag_rx_dec.v 
# -- Compiling module INI_DMA_RD
# -- Compiling module INI_DMA_WR
# -- Compiling module INI_REG_TX
# -- Compiling module INI_RX_DEC
# -- Compiling module SRIO_RX
# -- Compiling module SRIO_TOP
# -- Compiling module SRIO_TX
# -- Compiling module TAG_DMA_TX
# -- Compiling module TAG_REG_TX
# -- Compiling module TAG_RX_DEC
# 
# Top level modules:
# 	SRIO_TOP
# End time: 14:45:23 on Apr 22,2025, Elapsed time: 0:00:00
# Errors: 0, Warnings: 0
# Model Technology ModelSim SE-64 vlog 2020.4 Compiler 2020.10 Oct 13 2020
# Start time: 14:45:23 on Apr 22,2025
# vlog -reportprogress 300 -work work ../rtl/04_bist/bist_reg.v ../rtl/04_bist/ram_bist.v 
# -- Compiling module BIST_REG
# -- Compiling module RAM_BIST
# 
# Top level modules:
# 	BIST_REG
# 	RAM_BIST
# End time: 14:45:23 on Apr 22,2025, Elapsed time: 0:00:00
# Errors: 0, Warnings: 0
# ** Warning: (vlib-34) Library already exists at "work".
# Errors: 0, Warnings: 1
# Model Technology ModelSim SE-64 vmap 2020.4 Lib Mapping Utility 2020.10 Oct 13 2020
# vmap work 
# Reading C:/modeltech64_2020.4/win64/../modelsim.ini
# "work" maps to directory ./work. (Default mapping)
# Model Technology ModelSim SE-64 vlog 2020.4 Compiler 2020.10 Oct 13 2020
# Start time: 14:45:23 on Apr 22,2025
# vlog -reportprogress 300 -work work sim_model/define/define.v 
# End time: 14:45:24 on Apr 22,2025, Elapsed time: 0:00:01
# Errors: 0, Warnings: 0
# Model Technology ModelSim SE-64 vlog 2020.4 Compiler 2020.10 Oct 13 2020
# Start time: 14:45:24 on Apr 22,2025
# vlog -reportprogress 300 "+define+tb_00=1" -work work "+incdir+{sim_model/define}" sim_model/sim_model.v 
# -- Compiling module SIM_MODEL
# 
# Top level modules:
# 	SIM_MODEL
# End time: 14:45:24 on Apr 22,2025, Elapsed time: 0:00:00
# Errors: 0, Warnings: 0
# Model Technology ModelSim SE-64 vlog 2020.4 Compiler 2020.10 Oct 13 2020
# Start time: 14:45:24 on Apr 22,2025
# vlog -reportprogress 300 "+define+tb_00=1" -work work "+incdir+{sim_model/define}" sim_model/tb_top.v 
# -- Compiling module tb_top
# 
# Top level modules:
# 	tb_top
# End time: 14:45:24 on Apr 22,2025, Elapsed time: 0:00:00
# Errors: 0, Warnings: 0
do do/tb_00.do
# Model Technology ModelSim SE-64 vlog 2020.4 Compiler 2020.10 Oct 13 2020
# Start time: 14:45:26 on Apr 22,2025
# vlog -reportprogress 300 "+define+tb_00=1" -work work sim_model\define\define.v 
# End time: 14:45:26 on Apr 22,2025, Elapsed time: 0:00:00
# Errors: 0, Warnings: 0
# Model Technology ModelSim SE-64 vlog 2020.4 Compiler 2020.10 Oct 13 2020
# Start time: 14:45:26 on Apr 22,2025
# vlog -reportprogress 300 "+define+tb_00=1" -work work "+incdir+{sim_modeldefine}" sim_model\tb_top.v 
# -- Compiling module tb_top
# 
# Top level modules:
# 	tb_top
# End time: 14:45:26 on Apr 22,2025, Elapsed time: 0:00:00
# Errors: 0, Warnings: 0
# End time: 14:45:30 on Apr 22,2025, Elapsed time: 0:01:03
# Errors: 0, Warnings: 16
# vsim -t 1ps -c -l ./log/vsim_tb_00_report.log work.tb_top -L UNISIMS_VER -L SECUREIP -L SIMPRIMS_VER -L work -voptargs="+acc" work.glbl -wav ./wave/tb_00.wlf 
# Start time: 14:45:30 on Apr 22,2025
# ** Note: (vsim-3813) Design is being optimized due to module recompilation...
# ** Note: (vopt-143) Recognized 1 FSM in module "TAG_REG_TX(fast)".
# Loading work.tb_top(fast)
# Loading work.SIM_MODEL(fast)
# Loading work.SRIO_TOP(fast)
# Loading work.INI_REG_TX(fast)
# Loading work.sfifo_i72o72_d512(fast)
# Loading UNISIMS_VER.GND(fast)
# Loading UNISIMS_VER.LUT1(fast)
# Loading UNISIMS_VER.LUT2(fast)
# Loading UNISIMS_VER.LUT3(fast)
# Loading UNISIMS_VER.FDRE(fast)
# Loading UNISIMS_VER.CARRY4(fast)
# Loading UNISIMS_VER.LUT5(fast)
# Loading UNISIMS_VER.LUT5(fast__1)
# Loading UNISIMS_VER.FDSE(fast)
# Loading UNISIMS_VER.LUT4(fast)
# Loading UNISIMS_VER.LUT4(fast__1)
# Loading UNISIMS_VER.LUT3(fast__1)
# Loading UNISIMS_VER.LUT3(fast__2)
# Loading UNISIMS_VER.LUT4(fast__2)
# Loading UNISIMS_VER.LUT6(fast)
# Loading UNISIMS_VER.LUT2(fast__1)
# Loading UNISIMS_VER.LUT3(fast__3)
# Loading UNISIMS_VER.LUT4(fast__3)
# Loading UNISIMS_VER.LUT5(fast__2)
# Loading UNISIMS_VER.LUT6(fast__1)
# Loading UNISIMS_VER.LUT6(fast__2)
# Loading UNISIMS_VER.LUT4(fast__4)
# Loading UNISIMS_VER.LUT2(fast__2)
# Loading UNISIMS_VER.LUT5(fast__3)
# Loading UNISIMS_VER.LUT4(fast__5)
# Loading UNISIMS_VER.LUT1(fast__1)
# Loading UNISIMS_VER.RAMB36E1(fast)
# Loading UNISIMS_VER.RB36_INTERNAL_VLOG(fast)
# Loading work.INI_DMA_WR(fast)
# Loading work.sfifo_i64o64_d512(fast)
# Loading work.INI_DMA_RD(fast)
# Loading work.ARBITA_CH6(fast)
# Loading work.SRIO_TX(fast)
# Loading work.afifo_i72o72_d2048(fast)
# Loading work.afifo_i72o72_d2048_xpm_cdc_gray(fast)
# Loading UNISIMS_VER.LUT6(fast__3)
# Loading UNISIMS_VER.LUT5(fast__4)
# Loading UNISIMS_VER.LUT4(fast__6)
# Loading UNISIMS_VER.LUT3(fast__4)
# Loading work.afifo_i72o72_d2048_xpm_cdc_gray__2(fast)
# Loading UNISIMS_VER.LUT6(fast__4)
# Loading UNISIMS_VER.LUT4(fast__7)
# Loading UNISIMS_VER.LUT6(fast__5)
# Loading UNISIMS_VER.LUT5(fast__5)
# Loading UNISIMS_VER.LUT6(fast__6)
# Loading UNISIMS_VER.FDSE(fast__1)
# Loading UNISIMS_VER.RAMB36E1(fast__1)
# Loading UNISIMS_VER.RB36_INTERNAL_VLOG(fast__1)
# Loading UNISIMS_VER.SRL16E(fast)
# Loading UNISIMS_VER.LUT2(fast__3)
# Loading UNISIMS_VER.FDRE(fast__1)
# Loading UNISIMS_VER.LUT3(fast__5)
# Loading UNISIMS_VER.LUT4(fast__8)
# Loading UNISIMS_VER.LUT6(fast__7)
# Loading work.afifo_i72o72_d2048_xpm_cdc_single(fast)
# Loading work.afifo_i72o72_d2048_xpm_cdc_single__2(fast)
# Loading work.afifo_i72o72_d2048_xpm_cdc_sync_rst(fast)
# Loading work.afifo_i72o72_d2048_xpm_cdc_sync_rst__2(fast)
# Loading work.SRIO_RX(fast)
# Loading work.INI_RX_DEC(fast)
# Loading work.TAG_RX_DEC(fast)
# Loading work.TAG_REG_TX(fast)
# Loading work.TAG_DMA_TX(fast)
# Loading work.BIST_REG(fast)
# Loading work.RAM_BIST(fast)
# Loading work.sram_i64o64_d256(fast)
# Loading UNISIMS_VER.RAMB36E1(fast__2)
# Loading UNISIMS_VER.RB36_INTERNAL_VLOG(fast__2)
# Loading work.glbl(fast)
# ** Warning: (vsim-3015) [PCDPC] - Port size (32) does not match connection size (25) for port 'INI_WR_ADDR'. The port definition is at: ../rtl/03_srio/srio_top.v(55).
#    Time: 0 ps  Iteration: 0  Instance: /tb_top/U_SRIO_TOP File: sim_model/tb_top.v Line: 763
# ** Warning: (vsim-3015) [PCDPC] - Port size (8) does not match connection size (16) for port 'INI_WR_SIZE'. The port definition is at: ../rtl/03_srio/srio_top.v(56).
#    Time: 0 ps  Iteration: 0  Instance: /tb_top/U_SRIO_TOP File: sim_model/tb_top.v Line: 763
# ** Warning: (vsim-3015) [PCDPC] - Port size (8) does not match connection size (25) for port 'INI_RD_SIZE'. The port definition is at: ../rtl/03_srio/srio_top.v(64).
#    Time: 0 ps  Iteration: 0  Instance: /tb_top/U_SRIO_TOP File: sim_model/tb_top.v Line: 763
# ** Warning: (vsim-3015) [PCDPC] - Port size (32) does not match connection size (12) for port 'INI_RD_ADDR'. The port definition is at: ../rtl/03_srio/srio_top.v(65).
#    Time: 0 ps  Iteration: 0  Instance: /tb_top/U_SRIO_TOP File: sim_model/tb_top.v Line: 763
# ** Warning: (vsim-3015) [PCDPC] - Port size (32) does not match connection size (16) for port 'TAG_WR_ADDR'. The port definition is at: ../rtl/03_srio/srio_top.v(81).
#    Time: 0 ps  Iteration: 0  Instance: /tb_top/U_SRIO_TOP File: sim_model/tb_top.v Line: 763
# ** Warning: (vsim-3015) [PCDPC] - Port size (32) does not match connection size (8) for port 'TAG_RD_SIZE'. The port definition is at: ../rtl/03_srio/srio_top.v(90).
#    Time: 0 ps  Iteration: 0  Instance: /tb_top/U_SRIO_TOP File: sim_model/tb_top.v Line: 763
# ** Warning: (vsim-3015) [PCDPC] - Port size (8) does not match connection size (16) for port 'TAG_RD_ADDR'. The port definition is at: ../rtl/03_srio/srio_top.v(91).
#    Time: 0 ps  Iteration: 0  Instance: /tb_top/U_SRIO_TOP File: sim_model/tb_top.v Line: 763
# ** Warning: (vsim-3015) [PCDPC] - Port size (1) does not match connection size (32) for port 'DMA_RD_ADDR'. The port definition is at: ../rtl/03_srio/ini_dma_rd.v(23).
#    Time: 0 ps  Iteration: 0  Instance: /tb_top/U_SRIO_TOP/U_INI_DMA_RD File: ../rtl/03_srio/srio_top.v Line: 338
# ** Warning: (vsim-3015) [PCDPC] - Port size (32) does not match connection size (1) for port 'REG_RD_DATA'. The port definition is at: ../rtl/03_srio/ini_rx_dec.v(27).
#    Time: 0 ps  Iteration: 0  Instance: /tb_top/U_SRIO_TOP/U_INI_RX_DEC File: ../rtl/03_srio/srio_top.v Line: 454
# ** Warning: (vsim-3015) [PCDPC] - Port size (9) does not match connection size (8) for port 'DMA_WR_SIZE'. The port definition is at: ../rtl/03_srio/tag_rx_dec.v(36).
#    Time: 0 ps  Iteration: 0  Instance: /tb_top/U_SRIO_TOP/U_TAG_RX_DEC File: ../rtl/03_srio/srio_top.v Line: 497
# ** Warning: (vsim-3015) [PCDPC] - Port size (9) does not match connection size (32) for port 'DMA_RD_SIZE'. The port definition is at: ../rtl/03_srio/tag_rx_dec.v(43).
#    Time: 0 ps  Iteration: 0  Instance: /tb_top/U_SRIO_TOP/U_TAG_RX_DEC File: ../rtl/03_srio/srio_top.v Line: 497
# ** Warning: (vsim-3015) [PCDPC] - Port size (32) does not match connection size (8) for port 'DMA_RD_ADDR'. The port definition is at: ../rtl/03_srio/tag_rx_dec.v(44).
#    Time: 0 ps  Iteration: 0  Instance: /tb_top/U_SRIO_TOP/U_TAG_RX_DEC File: ../rtl/03_srio/srio_top.v Line: 497
# ** Warning: (vsim-3015) [PCDPC] - Port size (9) does not match connection size (32) for port 'DMA_RD_SIZE'. The port definition is at: ../rtl/03_srio/tag_dma_tx.v(24).
#    Time: 0 ps  Iteration: 0  Instance: /tb_top/U_SRIO_TOP/U_TAG_DMA_TX File: ../rtl/03_srio/srio_top.v Line: 549
# ** Warning: (vsim-3015) [PCDPC] - Port size (32) does not match connection size (8) for port 'DMA_RD_ADDR'. The port definition is at: ../rtl/03_srio/tag_dma_tx.v(25).
#    Time: 0 ps  Iteration: 0  Instance: /tb_top/U_SRIO_TOP/U_TAG_DMA_TX File: ../rtl/03_srio/srio_top.v Line: 549
# ** Warning: (vsim-3015) [PCDPC] - Port size (6) does not match connection size (8) for port 'addra'. The port definition is at: ../rtl/00_xilinx_ip/03_ram/sram_i64o64_d256/sram_i64o64_d256_sim_netlist.V(20).
#    Time: 0 ps  Iteration: 0  Instance: /tb_top/U_RAM_BIST/U_BIST_BRAM File: ../rtl/04_bist/ram_bist.v Line: 113
# ** Warning: (vsim-3015) [PCDPC] - Port size (6) does not match connection size (8) for port 'addrb'. The port definition is at: ../rtl/00_xilinx_ip/03_ram/sram_i64o64_d256/sram_i64o64_d256_sim_netlist.V(23).
#    Time: 0 ps  Iteration: 0  Instance: /tb_top/U_RAM_BIST/U_BIST_BRAM File: ../rtl/04_bist/ram_bist.v Line: 113
#  
# ******<<<<<<<<<<<<<<<<<<<<<<Simulation tb_00 start>>>>>>>>>>>>>>>>>>>>>>> ******
#  
# ---- Initial simulation
# ---- clock ---- 1111 ---- enable
# ---- Wait for  64 cycles
# ---- Wait for  64 cycles end
# ---- Wait for  16 cycles
# ---- Wait for  16 cycles end
# ---- reseting by cycle
# ---- reset0   64 cycle end
# ---- Wait for  16 cycles
# ---- Wait for  16 cycles end
# ---- reseting by ns
# ---- reset1  255 ns end
# ---- Write register   PORT :0x0    ADD :0x200    DATA :0x89abcd0e
# ---- Wait for  16 cycles
# ---- Wait for  16 cycles end
# ---- Wait for 255 cycles
# ---- Wait for 255 cycles end
# ---- tb_00 test completed !
#  
# ******<<<<<<<<<<<<<<<<<<<<Simulation tb_00 Successful End>>>>>>>>>>>>>>>>>>> ******
#  
do do/tb_00.do
# Model Technology ModelSim SE-64 vlog 2020.4 Compiler 2020.10 Oct 13 2020
# Start time: 14:46:25 on Apr 22,2025
# vlog -reportprogress 300 "+define+tb_00=1" -work work sim_model\define\define.v 
# End time: 14:46:25 on Apr 22,2025, Elapsed time: 0:00:00
# Errors: 0, Warnings: 0
# Model Technology ModelSim SE-64 vlog 2020.4 Compiler 2020.10 Oct 13 2020
# Start time: 14:46:25 on Apr 22,2025
# vlog -reportprogress 300 "+define+tb_00=1" -work work "+incdir+{sim_modeldefine}" sim_model\tb_top.v 
# -- Compiling module tb_top
# 
# Top level modules:
# 	tb_top
# End time: 14:46:25 on Apr 22,2025, Elapsed time: 0:00:00
# Errors: 0, Warnings: 0
# End time: 14:46:29 on Apr 22,2025, Elapsed time: 0:00:59
# Errors: 0, Warnings: 16
# vsim -t 1ps -c -l ./log/vsim_tb_00_report.log work.tb_top -L UNISIMS_VER -L SECUREIP -L SIMPRIMS_VER -L work -voptargs="+acc" work.glbl -wav ./wave/tb_00.wlf 
# Start time: 14:46:29 on Apr 22,2025
# ** Note: (vsim-8009) Loading existing optimized design _opt
# Loading work.tb_top(fast)
# Loading work.SIM_MODEL(fast)
# Loading work.SRIO_TOP(fast)
# Loading work.INI_REG_TX(fast)
# Loading work.sfifo_i72o72_d512(fast)
# Loading UNISIMS_VER.GND(fast)
# Loading UNISIMS_VER.LUT1(fast)
# Loading UNISIMS_VER.LUT2(fast)
# Loading UNISIMS_VER.LUT3(fast)
# Loading UNISIMS_VER.FDRE(fast)
# Loading UNISIMS_VER.CARRY4(fast)
# Loading UNISIMS_VER.LUT5(fast)
# Loading UNISIMS_VER.LUT5(fast__1)
# Loading UNISIMS_VER.FDSE(fast)
# Loading UNISIMS_VER.LUT4(fast)
# Loading UNISIMS_VER.LUT4(fast__1)
# Loading UNISIMS_VER.LUT3(fast__1)
# Loading UNISIMS_VER.LUT3(fast__2)
# Loading UNISIMS_VER.LUT4(fast__2)
# Loading UNISIMS_VER.LUT6(fast)
# Loading UNISIMS_VER.LUT2(fast__1)
# Loading UNISIMS_VER.LUT3(fast__3)
# Loading UNISIMS_VER.LUT4(fast__3)
# Loading UNISIMS_VER.LUT5(fast__2)
# Loading UNISIMS_VER.LUT6(fast__1)
# Loading UNISIMS_VER.LUT6(fast__2)
# Loading UNISIMS_VER.LUT4(fast__4)
# Loading UNISIMS_VER.LUT2(fast__2)
# Loading UNISIMS_VER.LUT5(fast__3)
# Loading UNISIMS_VER.LUT4(fast__5)
# Loading UNISIMS_VER.LUT1(fast__1)
# Loading UNISIMS_VER.RAMB36E1(fast)
# Loading UNISIMS_VER.RB36_INTERNAL_VLOG(fast)
# Loading work.INI_DMA_WR(fast)
# Loading work.sfifo_i64o64_d512(fast)
# Loading work.INI_DMA_RD(fast)
# Loading work.ARBITA_CH6(fast)
# Loading work.SRIO_TX(fast)
# Loading work.afifo_i72o72_d2048(fast)
# Loading work.afifo_i72o72_d2048_xpm_cdc_gray(fast)
# Loading UNISIMS_VER.LUT6(fast__3)
# Loading UNISIMS_VER.LUT5(fast__4)
# Loading UNISIMS_VER.LUT4(fast__6)
# Loading UNISIMS_VER.LUT3(fast__4)
# Loading work.afifo_i72o72_d2048_xpm_cdc_gray__2(fast)
# Loading UNISIMS_VER.LUT6(fast__4)
# Loading UNISIMS_VER.LUT4(fast__7)
# Loading UNISIMS_VER.LUT6(fast__5)
# Loading UNISIMS_VER.LUT5(fast__5)
# Loading UNISIMS_VER.LUT6(fast__6)
# Loading UNISIMS_VER.FDSE(fast__1)
# Loading UNISIMS_VER.RAMB36E1(fast__1)
# Loading UNISIMS_VER.RB36_INTERNAL_VLOG(fast__1)
# Loading UNISIMS_VER.SRL16E(fast)
# Loading UNISIMS_VER.LUT2(fast__3)
# Loading UNISIMS_VER.FDRE(fast__1)
# Loading UNISIMS_VER.LUT3(fast__5)
# Loading UNISIMS_VER.LUT4(fast__8)
# Loading UNISIMS_VER.LUT6(fast__7)
# Loading work.afifo_i72o72_d2048_xpm_cdc_single(fast)
# Loading work.afifo_i72o72_d2048_xpm_cdc_single__2(fast)
# Loading work.afifo_i72o72_d2048_xpm_cdc_sync_rst(fast)
# Loading work.afifo_i72o72_d2048_xpm_cdc_sync_rst__2(fast)
# Loading work.SRIO_RX(fast)
# Loading work.INI_RX_DEC(fast)
# Loading work.TAG_RX_DEC(fast)
# Loading work.TAG_REG_TX(fast)
# Loading work.TAG_DMA_TX(fast)
# Loading work.BIST_REG(fast)
# Loading work.RAM_BIST(fast)
# Loading work.sram_i64o64_d256(fast)
# Loading UNISIMS_VER.RAMB36E1(fast__2)
# Loading UNISIMS_VER.RB36_INTERNAL_VLOG(fast__2)
# Loading work.glbl(fast)
# ** Warning: (vsim-3015) [PCDPC] - Port size (32) does not match connection size (25) for port 'INI_WR_ADDR'. The port definition is at: ../rtl/03_srio/srio_top.v(55).
#    Time: 0 ps  Iteration: 0  Instance: /tb_top/U_SRIO_TOP File: sim_model/tb_top.v Line: 763
# ** Warning: (vsim-3015) [PCDPC] - Port size (8) does not match connection size (16) for port 'INI_WR_SIZE'. The port definition is at: ../rtl/03_srio/srio_top.v(56).
#    Time: 0 ps  Iteration: 0  Instance: /tb_top/U_SRIO_TOP File: sim_model/tb_top.v Line: 763
# ** Warning: (vsim-3015) [PCDPC] - Port size (8) does not match connection size (25) for port 'INI_RD_SIZE'. The port definition is at: ../rtl/03_srio/srio_top.v(64).
#    Time: 0 ps  Iteration: 0  Instance: /tb_top/U_SRIO_TOP File: sim_model/tb_top.v Line: 763
# ** Warning: (vsim-3015) [PCDPC] - Port size (32) does not match connection size (12) for port 'INI_RD_ADDR'. The port definition is at: ../rtl/03_srio/srio_top.v(65).
#    Time: 0 ps  Iteration: 0  Instance: /tb_top/U_SRIO_TOP File: sim_model/tb_top.v Line: 763
# ** Warning: (vsim-3015) [PCDPC] - Port size (32) does not match connection size (16) for port 'TAG_WR_ADDR'. The port definition is at: ../rtl/03_srio/srio_top.v(81).
#    Time: 0 ps  Iteration: 0  Instance: /tb_top/U_SRIO_TOP File: sim_model/tb_top.v Line: 763
# ** Warning: (vsim-3015) [PCDPC] - Port size (32) does not match connection size (8) for port 'TAG_RD_SIZE'. The port definition is at: ../rtl/03_srio/srio_top.v(90).
#    Time: 0 ps  Iteration: 0  Instance: /tb_top/U_SRIO_TOP File: sim_model/tb_top.v Line: 763
# ** Warning: (vsim-3015) [PCDPC] - Port size (8) does not match connection size (16) for port 'TAG_RD_ADDR'. The port definition is at: ../rtl/03_srio/srio_top.v(91).
#    Time: 0 ps  Iteration: 0  Instance: /tb_top/U_SRIO_TOP File: sim_model/tb_top.v Line: 763
# ** Warning: (vsim-3015) [PCDPC] - Port size (1) does not match connection size (32) for port 'DMA_RD_ADDR'. The port definition is at: ../rtl/03_srio/ini_dma_rd.v(23).
#    Time: 0 ps  Iteration: 0  Instance: /tb_top/U_SRIO_TOP/U_INI_DMA_RD File: ../rtl/03_srio/srio_top.v Line: 338
# ** Warning: (vsim-3015) [PCDPC] - Port size (32) does not match connection size (1) for port 'REG_RD_DATA'. The port definition is at: ../rtl/03_srio/ini_rx_dec.v(27).
#    Time: 0 ps  Iteration: 0  Instance: /tb_top/U_SRIO_TOP/U_INI_RX_DEC File: ../rtl/03_srio/srio_top.v Line: 454
# ** Warning: (vsim-3015) [PCDPC] - Port size (9) does not match connection size (8) for port 'DMA_WR_SIZE'. The port definition is at: ../rtl/03_srio/tag_rx_dec.v(36).
#    Time: 0 ps  Iteration: 0  Instance: /tb_top/U_SRIO_TOP/U_TAG_RX_DEC File: ../rtl/03_srio/srio_top.v Line: 497
# ** Warning: (vsim-3015) [PCDPC] - Port size (9) does not match connection size (32) for port 'DMA_RD_SIZE'. The port definition is at: ../rtl/03_srio/tag_rx_dec.v(43).
#    Time: 0 ps  Iteration: 0  Instance: /tb_top/U_SRIO_TOP/U_TAG_RX_DEC File: ../rtl/03_srio/srio_top.v Line: 497
# ** Warning: (vsim-3015) [PCDPC] - Port size (32) does not match connection size (8) for port 'DMA_RD_ADDR'. The port definition is at: ../rtl/03_srio/tag_rx_dec.v(44).
#    Time: 0 ps  Iteration: 0  Instance: /tb_top/U_SRIO_TOP/U_TAG_RX_DEC File: ../rtl/03_srio/srio_top.v Line: 497
# ** Warning: (vsim-3015) [PCDPC] - Port size (9) does not match connection size (32) for port 'DMA_RD_SIZE'. The port definition is at: ../rtl/03_srio/tag_dma_tx.v(24).
#    Time: 0 ps  Iteration: 0  Instance: /tb_top/U_SRIO_TOP/U_TAG_DMA_TX File: ../rtl/03_srio/srio_top.v Line: 549
# ** Warning: (vsim-3015) [PCDPC] - Port size (32) does not match connection size (8) for port 'DMA_RD_ADDR'. The port definition is at: ../rtl/03_srio/tag_dma_tx.v(25).
#    Time: 0 ps  Iteration: 0  Instance: /tb_top/U_SRIO_TOP/U_TAG_DMA_TX File: ../rtl/03_srio/srio_top.v Line: 549
# ** Warning: (vsim-3015) [PCDPC] - Port size (6) does not match connection size (8) for port 'addra'. The port definition is at: ../rtl/00_xilinx_ip/03_ram/sram_i64o64_d256/sram_i64o64_d256_sim_netlist.V(20).
#    Time: 0 ps  Iteration: 0  Instance: /tb_top/U_RAM_BIST/U_BIST_BRAM File: ../rtl/04_bist/ram_bist.v Line: 113
# ** Warning: (vsim-3015) [PCDPC] - Port size (6) does not match connection size (8) for port 'addrb'. The port definition is at: ../rtl/00_xilinx_ip/03_ram/sram_i64o64_d256/sram_i64o64_d256_sim_netlist.V(23).
#    Time: 0 ps  Iteration: 0  Instance: /tb_top/U_RAM_BIST/U_BIST_BRAM File: ../rtl/04_bist/ram_bist.v Line: 113
#  
# ******<<<<<<<<<<<<<<<<<<<<<<Simulation tb_00 start>>>>>>>>>>>>>>>>>>>>>>> ******
#  
# ---- Initial simulation
# ---- clock ---- 1111 ---- enable
# ---- Wait for  64 cycles
# ---- Wait for  64 cycles end
# ---- Wait for  16 cycles
# ---- Wait for  16 cycles end
# ---- reseting by cycle
# ---- reset0   64 cycle end
# ---- Wait for  16 cycles
# ---- Wait for  16 cycles end
# ---- reseting by ns
# ---- reset1  255 ns end
# ---- Write register   PORT :0x0    ADD :0x200    DATA :0x89abcd0e
# ---- Wait for  16 cycles
# ---- Wait for  16 cycles end
# ---- [Success  ]Read register   PORT :0x0    ADD :0x200    EDAT :0x89abcd0e    RDAT :0xzzzzzzzz
# ---- Wait for  16 cycles
# ---- Wait for  16 cycles end
# ---- Wait for 255 cycles
# ---- Wait for 255 cycles end
# ---- tb_00 test completed !
#  
# ******<<<<<<<<<<<<<<<<<<<<Simulation tb_00 Successful End>>>>>>>>>>>>>>>>>>> ******
#  
do do/compile_all.do
# ** Warning: (vlib-34) Library already exists at "work".
# Errors: 0, Warnings: 1
# Model Technology ModelSim SE-64 vmap 2020.4 Lib Mapping Utility 2020.10 Oct 13 2020
# vmap work 
# Reading C:/modeltech64_2020.4/win64/../modelsim.ini
# "work" maps to directory ./work. (Default mapping)
# Model Technology ModelSim SE-64 vlog 2020.4 Compiler 2020.10 Oct 13 2020
# Start time: 14:57:45 on Apr 22,2025
# vlog -reportprogress 300 -work work sim_model/lib/glbl.v 
# -- Compiling module glbl
# 
# Top level modules:
# 	glbl
# End time: 14:57:45 on Apr 22,2025, Elapsed time: 0:00:00
# Errors: 0, Warnings: 0
# ** Warning: (vlib-34) Library already exists at "work".
# Errors: 0, Warnings: 1
# Model Technology ModelSim SE-64 vmap 2020.4 Lib Mapping Utility 2020.10 Oct 13 2020
# vmap work 
# Reading C:/modeltech64_2020.4/win64/../modelsim.ini
# "work" maps to directory ./work. (Default mapping)
# Model Technology ModelSim SE-64 vlog 2020.4 Compiler 2020.10 Oct 13 2020
# Start time: 14:57:45 on Apr 22,2025
# vlog -reportprogress 300 -work work ../rtl/00_xilinx_ip/00_afifo/afifo_i72o72_d2048/afifo_i72o72_d2048_sim_netlist.V 
# -- Compiling module afifo_i72o72_d2048
# -- Compiling module afifo_i72o72_d2048_xpm_cdc_gray
# -- Compiling module afifo_i72o72_d2048_xpm_cdc_gray__2
# -- Compiling module afifo_i72o72_d2048_xpm_cdc_single
# -- Compiling module afifo_i72o72_d2048_xpm_cdc_single__2
# -- Compiling module afifo_i72o72_d2048_xpm_cdc_sync_rst
# -- Compiling module afifo_i72o72_d2048_xpm_cdc_sync_rst__2
# -- Compiling module glbl
# 
# Top level modules:
# 	afifo_i72o72_d2048
# 	glbl
# End time: 14:57:46 on Apr 22,2025, Elapsed time: 0:00:01
# Errors: 0, Warnings: 0
# Model Technology ModelSim SE-64 vlog 2020.4 Compiler 2020.10 Oct 13 2020
# Start time: 14:57:46 on Apr 22,2025
# vlog -reportprogress 300 -work work ../rtl/00_xilinx_ip/01_sfifo/sfifo_i32o32_d1024/sfifo_i32o32_d1024_sim_netlist.V 
# -- Compiling module sfifo_i32o32_d1024
# -- Compiling module glbl
# 
# Top level modules:
# 	sfifo_i32o32_d1024
# 	glbl
# End time: 14:57:46 on Apr 22,2025, Elapsed time: 0:00:00
# Errors: 0, Warnings: 0
# Model Technology ModelSim SE-64 vlog 2020.4 Compiler 2020.10 Oct 13 2020
# Start time: 14:57:46 on Apr 22,2025
# vlog -reportprogress 300 -work work ../rtl/00_xilinx_ip/01_sfifo/sfifo_i64o64_d512/sfifo_i64o64_d512_sim_netlist.V 
# -- Compiling module sfifo_i64o64_d512
# -- Compiling module glbl
# 
# Top level modules:
# 	sfifo_i64o64_d512
# 	glbl
# End time: 14:57:46 on Apr 22,2025, Elapsed time: 0:00:00
# Errors: 0, Warnings: 0
# Model Technology ModelSim SE-64 vlog 2020.4 Compiler 2020.10 Oct 13 2020
# Start time: 14:57:46 on Apr 22,2025
# vlog -reportprogress 300 -work work ../rtl/00_xilinx_ip/01_sfifo/sfifo_i72o72_d512/sfifo_i72o72_d512_sim_netlist.V 
# -- Compiling module sfifo_i72o72_d512
# -- Compiling module glbl
# 
# Top level modules:
# 	sfifo_i72o72_d512
# 	glbl
# End time: 14:57:47 on Apr 22,2025, Elapsed time: 0:00:01
# Errors: 0, Warnings: 0
# Model Technology ModelSim SE-64 vlog 2020.4 Compiler 2020.10 Oct 13 2020
# Start time: 14:57:47 on Apr 22,2025
# vlog -reportprogress 300 -work work ../rtl/00_xilinx_ip/03_ram/sram_i64o64_d256/sram_i64o64_d256_sim_netlist.V 
# -- Compiling module sram_i64o64_d256
# -- Compiling module glbl
# 
# Top level modules:
# 	sram_i64o64_d256
# 	glbl
# End time: 14:57:47 on Apr 22,2025, Elapsed time: 0:00:00
# Errors: 0, Warnings: 0
# Model Technology ModelSim SE-64 vlog 2020.4 Compiler 2020.10 Oct 13 2020
# Start time: 14:57:47 on Apr 22,2025
# vlog -reportprogress 300 -work work ../rtl/01_user_ip/arbita_ch6.v ../rtl/01_user_ip/pulse_gen.v 
# -- Compiling module ARBITA_CH6
# -- Compiling module PULSE_GEN
# 
# Top level modules:
# 	ARBITA_CH6
# 	PULSE_GEN
# End time: 14:57:47 on Apr 22,2025, Elapsed time: 0:00:00
# Errors: 0, Warnings: 0
# Model Technology ModelSim SE-64 vlog 2020.4 Compiler 2020.10 Oct 13 2020
# Start time: 14:57:47 on Apr 22,2025
# vlog -reportprogress 300 -work work ../rtl/03_srio/ini_dma_rd.v ../rtl/03_srio/ini_dma_wr.v ../rtl/03_srio/ini_reg_tx.v ../rtl/03_srio/ini_rx_dec.v ../rtl/03_srio/srio_rx.v ../rtl/03_srio/srio_top.v ../rtl/03_srio/srio_tx.v ../rtl/03_srio/tag_dma_tx.v ../rtl/03_srio/tag_reg_tx.v ../rtl/03_srio/tag_rx_dec.v 
# -- Compiling module INI_DMA_RD
# -- Compiling module INI_DMA_WR
# -- Compiling module INI_REG_TX
# -- Compiling module INI_RX_DEC
# -- Compiling module SRIO_RX
# -- Compiling module SRIO_TOP
# -- Compiling module SRIO_TX
# -- Compiling module TAG_DMA_TX
# -- Compiling module TAG_REG_TX
# -- Compiling module TAG_RX_DEC
# 
# Top level modules:
# 	SRIO_TOP
# End time: 14:57:47 on Apr 22,2025, Elapsed time: 0:00:00
# Errors: 0, Warnings: 0
# Model Technology ModelSim SE-64 vlog 2020.4 Compiler 2020.10 Oct 13 2020
# Start time: 14:57:47 on Apr 22,2025
# vlog -reportprogress 300 -work work ../rtl/04_bist/bist_reg.v ../rtl/04_bist/ram_bist.v 
# -- Compiling module BIST_REG
# -- Compiling module RAM_BIST
# 
# Top level modules:
# 	BIST_REG
# 	RAM_BIST
# End time: 14:57:47 on Apr 22,2025, Elapsed time: 0:00:00
# Errors: 0, Warnings: 0
# ** Warning: (vlib-34) Library already exists at "work".
# Errors: 0, Warnings: 1
# Model Technology ModelSim SE-64 vmap 2020.4 Lib Mapping Utility 2020.10 Oct 13 2020
# vmap work 
# Reading C:/modeltech64_2020.4/win64/../modelsim.ini
# "work" maps to directory ./work. (Default mapping)
# Model Technology ModelSim SE-64 vlog 2020.4 Compiler 2020.10 Oct 13 2020
# Start time: 14:57:48 on Apr 22,2025
# vlog -reportprogress 300 -work work sim_model/define/define.v 
# End time: 14:57:48 on Apr 22,2025, Elapsed time: 0:00:00
# Errors: 0, Warnings: 0
# Model Technology ModelSim SE-64 vlog 2020.4 Compiler 2020.10 Oct 13 2020
# Start time: 14:57:48 on Apr 22,2025
# vlog -reportprogress 300 "+define+tb_00=1" -work work "+incdir+{sim_model/define}" sim_model/sim_model.v 
# -- Compiling module SIM_MODEL
# 
# Top level modules:
# 	SIM_MODEL
# End time: 14:57:48 on Apr 22,2025, Elapsed time: 0:00:00
# Errors: 0, Warnings: 0
# Model Technology ModelSim SE-64 vlog 2020.4 Compiler 2020.10 Oct 13 2020
# Start time: 14:57:48 on Apr 22,2025
# vlog -reportprogress 300 "+define+tb_00=1" -work work "+incdir+{sim_model/define}" sim_model/tb_top.v 
# -- Compiling module tb_top
# 
# Top level modules:
# 	tb_top
# End time: 14:57:48 on Apr 22,2025, Elapsed time: 0:00:00
# Errors: 0, Warnings: 0
do do/tb_00.do
# Model Technology ModelSim SE-64 vlog 2020.4 Compiler 2020.10 Oct 13 2020
# Start time: 14:57:50 on Apr 22,2025
# vlog -reportprogress 300 "+define+tb_00=1" -work work sim_model\define\define.v 
# End time: 14:57:50 on Apr 22,2025, Elapsed time: 0:00:00
# Errors: 0, Warnings: 0
# Model Technology ModelSim SE-64 vlog 2020.4 Compiler 2020.10 Oct 13 2020
# Start time: 14:57:50 on Apr 22,2025
# vlog -reportprogress 300 "+define+tb_00=1" -work work "+incdir+{sim_modeldefine}" sim_model\tb_top.v 
# -- Compiling module tb_top
# 
# Top level modules:
# 	tb_top
# End time: 14:57:50 on Apr 22,2025, Elapsed time: 0:00:00
# Errors: 0, Warnings: 0
# End time: 14:57:54 on Apr 22,2025, Elapsed time: 0:11:25
# Errors: 0, Warnings: 16
# vsim -t 1ps -c -l ./log/vsim_tb_00_report.log work.tb_top -L UNISIMS_VER -L SECUREIP -L SIMPRIMS_VER -L work -voptargs="+acc" work.glbl -wav ./wave/tb_00.wlf 
# Start time: 14:57:54 on Apr 22,2025
# ** Note: (vsim-3813) Design is being optimized due to module recompilation...
# Loading work.tb_top(fast)
# Loading work.SIM_MODEL(fast)
# Loading work.SRIO_TOP(fast)
# Loading work.INI_REG_TX(fast)
# Loading work.sfifo_i72o72_d512(fast)
# Loading UNISIMS_VER.GND(fast)
# Loading UNISIMS_VER.LUT1(fast)
# Loading UNISIMS_VER.LUT2(fast)
# Loading UNISIMS_VER.LUT3(fast)
# Loading UNISIMS_VER.FDRE(fast)
# Loading UNISIMS_VER.CARRY4(fast)
# Loading UNISIMS_VER.LUT5(fast)
# Loading UNISIMS_VER.LUT5(fast__1)
# Loading UNISIMS_VER.FDSE(fast)
# Loading UNISIMS_VER.LUT4(fast)
# Loading UNISIMS_VER.LUT4(fast__1)
# Loading UNISIMS_VER.LUT3(fast__1)
# Loading UNISIMS_VER.LUT3(fast__2)
# Loading UNISIMS_VER.LUT4(fast__2)
# Loading UNISIMS_VER.LUT6(fast)
# Loading UNISIMS_VER.LUT2(fast__1)
# Loading UNISIMS_VER.LUT3(fast__3)
# Loading UNISIMS_VER.LUT4(fast__3)
# Loading UNISIMS_VER.LUT5(fast__2)
# Loading UNISIMS_VER.LUT6(fast__1)
# Loading UNISIMS_VER.LUT6(fast__2)
# Loading UNISIMS_VER.LUT4(fast__4)
# Loading UNISIMS_VER.LUT2(fast__2)
# Loading UNISIMS_VER.LUT5(fast__3)
# Loading UNISIMS_VER.LUT4(fast__5)
# Loading UNISIMS_VER.LUT1(fast__1)
# Loading UNISIMS_VER.RAMB36E1(fast)
# Loading UNISIMS_VER.RB36_INTERNAL_VLOG(fast)
# Loading work.INI_DMA_WR(fast)
# Loading work.sfifo_i64o64_d512(fast)
# Loading work.INI_DMA_RD(fast)
# Loading work.ARBITA_CH6(fast)
# Loading work.SRIO_TX(fast)
# Loading work.afifo_i72o72_d2048(fast)
# Loading work.afifo_i72o72_d2048_xpm_cdc_gray(fast)
# Loading UNISIMS_VER.LUT6(fast__3)
# Loading UNISIMS_VER.LUT5(fast__4)
# Loading UNISIMS_VER.LUT4(fast__6)
# Loading UNISIMS_VER.LUT3(fast__4)
# Loading work.afifo_i72o72_d2048_xpm_cdc_gray__2(fast)
# Loading UNISIMS_VER.LUT6(fast__4)
# Loading UNISIMS_VER.LUT4(fast__7)
# Loading UNISIMS_VER.LUT6(fast__5)
# Loading UNISIMS_VER.LUT5(fast__5)
# Loading UNISIMS_VER.LUT6(fast__6)
# Loading UNISIMS_VER.FDSE(fast__1)
# Loading UNISIMS_VER.RAMB36E1(fast__1)
# Loading UNISIMS_VER.RB36_INTERNAL_VLOG(fast__1)
# Loading UNISIMS_VER.SRL16E(fast)
# Loading UNISIMS_VER.LUT2(fast__3)
# Loading UNISIMS_VER.FDRE(fast__1)
# Loading UNISIMS_VER.LUT3(fast__5)
# Loading UNISIMS_VER.LUT4(fast__8)
# Loading UNISIMS_VER.LUT6(fast__7)
# Loading work.afifo_i72o72_d2048_xpm_cdc_single(fast)
# Loading work.afifo_i72o72_d2048_xpm_cdc_single__2(fast)
# Loading work.afifo_i72o72_d2048_xpm_cdc_sync_rst(fast)
# Loading work.afifo_i72o72_d2048_xpm_cdc_sync_rst__2(fast)
# Loading work.SRIO_RX(fast)
# Loading work.INI_RX_DEC(fast)
# Loading work.TAG_RX_DEC(fast)
# Loading work.TAG_REG_TX(fast)
# Loading work.TAG_DMA_TX(fast)
# Loading work.BIST_REG(fast)
# Loading work.RAM_BIST(fast)
# Loading work.sram_i64o64_d256(fast)
# Loading UNISIMS_VER.RAMB36E1(fast__2)
# Loading UNISIMS_VER.RB36_INTERNAL_VLOG(fast__2)
# Loading work.glbl(fast)
# ** Warning: (vsim-3015) [PCDPC] - Port size (32) does not match connection size (25) for port 'INI_WR_ADDR'. The port definition is at: ../rtl/03_srio/srio_top.v(55).
#    Time: 0 ps  Iteration: 0  Instance: /tb_top/U_SRIO_TOP File: sim_model/tb_top.v Line: 763
# ** Warning: (vsim-3015) [PCDPC] - Port size (8) does not match connection size (16) for port 'INI_WR_SIZE'. The port definition is at: ../rtl/03_srio/srio_top.v(56).
#    Time: 0 ps  Iteration: 0  Instance: /tb_top/U_SRIO_TOP File: sim_model/tb_top.v Line: 763
# ** Warning: (vsim-3015) [PCDPC] - Port size (8) does not match connection size (25) for port 'INI_RD_SIZE'. The port definition is at: ../rtl/03_srio/srio_top.v(64).
#    Time: 0 ps  Iteration: 0  Instance: /tb_top/U_SRIO_TOP File: sim_model/tb_top.v Line: 763
# ** Warning: (vsim-3015) [PCDPC] - Port size (32) does not match connection size (12) for port 'INI_RD_ADDR'. The port definition is at: ../rtl/03_srio/srio_top.v(65).
#    Time: 0 ps  Iteration: 0  Instance: /tb_top/U_SRIO_TOP File: sim_model/tb_top.v Line: 763
# ** Warning: (vsim-3015) [PCDPC] - Port size (32) does not match connection size (16) for port 'TAG_WR_ADDR'. The port definition is at: ../rtl/03_srio/srio_top.v(81).
#    Time: 0 ps  Iteration: 0  Instance: /tb_top/U_SRIO_TOP File: sim_model/tb_top.v Line: 763
# ** Warning: (vsim-3015) [PCDPC] - Port size (32) does not match connection size (8) for port 'TAG_RD_SIZE'. The port definition is at: ../rtl/03_srio/srio_top.v(90).
#    Time: 0 ps  Iteration: 0  Instance: /tb_top/U_SRIO_TOP File: sim_model/tb_top.v Line: 763
# ** Warning: (vsim-3015) [PCDPC] - Port size (8) does not match connection size (16) for port 'TAG_RD_ADDR'. The port definition is at: ../rtl/03_srio/srio_top.v(91).
#    Time: 0 ps  Iteration: 0  Instance: /tb_top/U_SRIO_TOP File: sim_model/tb_top.v Line: 763
# ** Warning: (vsim-3015) [PCDPC] - Port size (1) does not match connection size (32) for port 'DMA_RD_ADDR'. The port definition is at: ../rtl/03_srio/ini_dma_rd.v(23).
#    Time: 0 ps  Iteration: 0  Instance: /tb_top/U_SRIO_TOP/U_INI_DMA_RD File: ../rtl/03_srio/srio_top.v Line: 338
# ** Warning: (vsim-3015) [PCDPC] - Port size (32) does not match connection size (1) for port 'REG_RD_DATA'. The port definition is at: ../rtl/03_srio/ini_rx_dec.v(27).
#    Time: 0 ps  Iteration: 0  Instance: /tb_top/U_SRIO_TOP/U_INI_RX_DEC File: ../rtl/03_srio/srio_top.v Line: 454
# ** Warning: (vsim-3015) [PCDPC] - Port size (9) does not match connection size (8) for port 'DMA_WR_SIZE'. The port definition is at: ../rtl/03_srio/tag_rx_dec.v(36).
#    Time: 0 ps  Iteration: 0  Instance: /tb_top/U_SRIO_TOP/U_TAG_RX_DEC File: ../rtl/03_srio/srio_top.v Line: 497
# ** Warning: (vsim-3015) [PCDPC] - Port size (9) does not match connection size (32) for port 'DMA_RD_SIZE'. The port definition is at: ../rtl/03_srio/tag_rx_dec.v(43).
#    Time: 0 ps  Iteration: 0  Instance: /tb_top/U_SRIO_TOP/U_TAG_RX_DEC File: ../rtl/03_srio/srio_top.v Line: 497
# ** Warning: (vsim-3015) [PCDPC] - Port size (32) does not match connection size (8) for port 'DMA_RD_ADDR'. The port definition is at: ../rtl/03_srio/tag_rx_dec.v(44).
#    Time: 0 ps  Iteration: 0  Instance: /tb_top/U_SRIO_TOP/U_TAG_RX_DEC File: ../rtl/03_srio/srio_top.v Line: 497
# ** Warning: (vsim-3015) [PCDPC] - Port size (9) does not match connection size (32) for port 'DMA_RD_SIZE'. The port definition is at: ../rtl/03_srio/tag_dma_tx.v(24).
#    Time: 0 ps  Iteration: 0  Instance: /tb_top/U_SRIO_TOP/U_TAG_DMA_TX File: ../rtl/03_srio/srio_top.v Line: 549
# ** Warning: (vsim-3015) [PCDPC] - Port size (32) does not match connection size (8) for port 'DMA_RD_ADDR'. The port definition is at: ../rtl/03_srio/tag_dma_tx.v(25).
#    Time: 0 ps  Iteration: 0  Instance: /tb_top/U_SRIO_TOP/U_TAG_DMA_TX File: ../rtl/03_srio/srio_top.v Line: 549
# ** Warning: (vsim-3015) [PCDPC] - Port size (6) does not match connection size (8) for port 'addra'. The port definition is at: ../rtl/00_xilinx_ip/03_ram/sram_i64o64_d256/sram_i64o64_d256_sim_netlist.V(20).
#    Time: 0 ps  Iteration: 0  Instance: /tb_top/U_RAM_BIST/U_BIST_BRAM File: ../rtl/04_bist/ram_bist.v Line: 113
# ** Warning: (vsim-3015) [PCDPC] - Port size (6) does not match connection size (8) for port 'addrb'. The port definition is at: ../rtl/00_xilinx_ip/03_ram/sram_i64o64_d256/sram_i64o64_d256_sim_netlist.V(23).
#    Time: 0 ps  Iteration: 0  Instance: /tb_top/U_RAM_BIST/U_BIST_BRAM File: ../rtl/04_bist/ram_bist.v Line: 113
#  
# ******<<<<<<<<<<<<<<<<<<<<<<Simulation tb_00 start>>>>>>>>>>>>>>>>>>>>>>> ******
#  
# ---- Initial simulation
# ---- clock ---- 1111 ---- enable
# ---- Wait for  64 cycles
# ---- Wait for  64 cycles end
# ---- Wait for  16 cycles
# ---- Wait for  16 cycles end
# ---- reseting by cycle
# ---- reset0   64 cycle end
# ---- Wait for  16 cycles
# ---- Wait for  16 cycles end
# ---- reseting by ns
# ---- reset1  255 ns end
# ---- Write register   PORT :0x0    ADD :0x200    DATA :0x89abcd0e
# ---- Wait for  16 cycles
# ---- Wait for  16 cycles end
# ---- [Success  ]Read register   PORT :0x0    ADD :0x200    EDAT :0x89abcd0e    RDAT :0xzzzzzzzz
# ---- Wait for  16 cycles
# ---- Wait for  16 cycles end
# ---- Wait for 255 cycles
# ---- Wait for 255 cycles end
# ---- tb_00 test completed !
#  
# ******<<<<<<<<<<<<<<<<<<<<Simulation tb_00 Successful End>>>>>>>>>>>>>>>>>>> ******
#  
do do/compile_all.do
# ** Warning: (vlib-34) Library already exists at "work".
# Errors: 0, Warnings: 1
# Model Technology ModelSim SE-64 vmap 2020.4 Lib Mapping Utility 2020.10 Oct 13 2020
# vmap work 
# Reading C:/modeltech64_2020.4/win64/../modelsim.ini
# "work" maps to directory ./work. (Default mapping)
# Model Technology ModelSim SE-64 vlog 2020.4 Compiler 2020.10 Oct 13 2020
# Start time: 15:07:26 on Apr 22,2025
# vlog -reportprogress 300 -work work sim_model/lib/glbl.v 
# -- Compiling module glbl
# 
# Top level modules:
# 	glbl
# End time: 15:07:26 on Apr 22,2025, Elapsed time: 0:00:00
# Errors: 0, Warnings: 0
# ** Warning: (vlib-34) Library already exists at "work".
# Errors: 0, Warnings: 1
# Model Technology ModelSim SE-64 vmap 2020.4 Lib Mapping Utility 2020.10 Oct 13 2020
# vmap work 
# Reading C:/modeltech64_2020.4/win64/../modelsim.ini
# "work" maps to directory ./work. (Default mapping)
# Model Technology ModelSim SE-64 vlog 2020.4 Compiler 2020.10 Oct 13 2020
# Start time: 15:07:26 on Apr 22,2025
# vlog -reportprogress 300 -work work ../rtl/00_xilinx_ip/00_afifo/afifo_i72o72_d2048/afifo_i72o72_d2048_sim_netlist.V 
# -- Compiling module afifo_i72o72_d2048
# -- Compiling module afifo_i72o72_d2048_xpm_cdc_gray
# -- Compiling module afifo_i72o72_d2048_xpm_cdc_gray__2
# -- Compiling module afifo_i72o72_d2048_xpm_cdc_single
# -- Compiling module afifo_i72o72_d2048_xpm_cdc_single__2
# -- Compiling module afifo_i72o72_d2048_xpm_cdc_sync_rst
# -- Compiling module afifo_i72o72_d2048_xpm_cdc_sync_rst__2
# -- Compiling module glbl
# 
# Top level modules:
# 	afifo_i72o72_d2048
# 	glbl
# End time: 15:07:27 on Apr 22,2025, Elapsed time: 0:00:01
# Errors: 0, Warnings: 0
# Model Technology ModelSim SE-64 vlog 2020.4 Compiler 2020.10 Oct 13 2020
# Start time: 15:07:27 on Apr 22,2025
# vlog -reportprogress 300 -work work ../rtl/00_xilinx_ip/01_sfifo/sfifo_i32o32_d1024/sfifo_i32o32_d1024_sim_netlist.V 
# -- Compiling module sfifo_i32o32_d1024
# -- Compiling module glbl
# 
# Top level modules:
# 	sfifo_i32o32_d1024
# 	glbl
# End time: 15:07:27 on Apr 22,2025, Elapsed time: 0:00:00
# Errors: 0, Warnings: 0
# Model Technology ModelSim SE-64 vlog 2020.4 Compiler 2020.10 Oct 13 2020
# Start time: 15:07:27 on Apr 22,2025
# vlog -reportprogress 300 -work work ../rtl/00_xilinx_ip/01_sfifo/sfifo_i64o64_d512/sfifo_i64o64_d512_sim_netlist.V 
# -- Compiling module sfifo_i64o64_d512
# -- Compiling module glbl
# 
# Top level modules:
# 	sfifo_i64o64_d512
# 	glbl
# End time: 15:07:27 on Apr 22,2025, Elapsed time: 0:00:00
# Errors: 0, Warnings: 0
# Model Technology ModelSim SE-64 vlog 2020.4 Compiler 2020.10 Oct 13 2020
# Start time: 15:07:28 on Apr 22,2025
# vlog -reportprogress 300 -work work ../rtl/00_xilinx_ip/01_sfifo/sfifo_i72o72_d512/sfifo_i72o72_d512_sim_netlist.V 
# -- Compiling module sfifo_i72o72_d512
# -- Compiling module glbl
# 
# Top level modules:
# 	sfifo_i72o72_d512
# 	glbl
# End time: 15:07:28 on Apr 22,2025, Elapsed time: 0:00:00
# Errors: 0, Warnings: 0
# Model Technology ModelSim SE-64 vlog 2020.4 Compiler 2020.10 Oct 13 2020
# Start time: 15:07:28 on Apr 22,2025
# vlog -reportprogress 300 -work work ../rtl/00_xilinx_ip/03_ram/sram_i64o64_d256/sram_i64o64_d256_sim_netlist.V 
# -- Compiling module sram_i64o64_d256
# -- Compiling module glbl
# 
# Top level modules:
# 	sram_i64o64_d256
# 	glbl
# End time: 15:07:28 on Apr 22,2025, Elapsed time: 0:00:00
# Errors: 0, Warnings: 0
# Model Technology ModelSim SE-64 vlog 2020.4 Compiler 2020.10 Oct 13 2020
# Start time: 15:07:28 on Apr 22,2025
# vlog -reportprogress 300 -work work ../rtl/01_user_ip/arbita_ch6.v ../rtl/01_user_ip/pulse_gen.v 
# -- Compiling module ARBITA_CH6
# -- Compiling module PULSE_GEN
# 
# Top level modules:
# 	ARBITA_CH6
# 	PULSE_GEN
# End time: 15:07:28 on Apr 22,2025, Elapsed time: 0:00:00
# Errors: 0, Warnings: 0
# Model Technology ModelSim SE-64 vlog 2020.4 Compiler 2020.10 Oct 13 2020
# Start time: 15:07:28 on Apr 22,2025
# vlog -reportprogress 300 -work work ../rtl/03_srio/ini_dma_rd.v ../rtl/03_srio/ini_dma_wr.v ../rtl/03_srio/ini_reg_tx.v ../rtl/03_srio/ini_rx_dec.v ../rtl/03_srio/srio_rx.v ../rtl/03_srio/srio_top.v ../rtl/03_srio/srio_tx.v ../rtl/03_srio/tag_dma_tx.v ../rtl/03_srio/tag_reg_tx.v ../rtl/03_srio/tag_rx_dec.v 
# -- Compiling module INI_DMA_RD
# -- Compiling module INI_DMA_WR
# -- Compiling module INI_REG_TX
# -- Compiling module INI_RX_DEC
# -- Compiling module SRIO_RX
# -- Compiling module SRIO_TOP
# -- Compiling module SRIO_TX
# -- Compiling module TAG_DMA_TX
# ** Error: ../rtl/03_srio/tag_dma_tx.v(274): (vlog-2730) Undefined variable: 'p_HEAD0'.
# ** Error: ../rtl/03_srio/tag_dma_tx.v(281): (vlog-2730) Undefined variable: 'p_HEAD1'.
# -- Compiling module TAG_REG_TX
# -- Compiling module TAG_RX_DEC
# End time: 15:07:28 on Apr 22,2025, Elapsed time: 0:00:00
# Errors: 2, Warnings: 0
# ** Error: C:/modeltech64_2020.4/win64/vlog failed.
# Error in macro ./do/compile_rtl.do line 20
# C:/modeltech64_2020.4/win64/vlog failed.
#     while executing
# "vlog    -reportprogress 300 -work work      ../rtl/03_srio/*.V"
do do/compile_all.do
# ** Warning: (vlib-34) Library already exists at "work".
# Errors: 0, Warnings: 1
# Model Technology ModelSim SE-64 vmap 2020.4 Lib Mapping Utility 2020.10 Oct 13 2020
# vmap work 
# Reading C:/modeltech64_2020.4/win64/../modelsim.ini
# "work" maps to directory ./work. (Default mapping)
# Model Technology ModelSim SE-64 vlog 2020.4 Compiler 2020.10 Oct 13 2020
# Start time: 15:08:05 on Apr 22,2025
# vlog -reportprogress 300 -work work sim_model/lib/glbl.v 
# -- Compiling module glbl
# 
# Top level modules:
# 	glbl
# End time: 15:08:05 on Apr 22,2025, Elapsed time: 0:00:00
# Errors: 0, Warnings: 0
# ** Warning: (vlib-34) Library already exists at "work".
# Errors: 0, Warnings: 1
# Model Technology ModelSim SE-64 vmap 2020.4 Lib Mapping Utility 2020.10 Oct 13 2020
# vmap work 
# Reading C:/modeltech64_2020.4/win64/../modelsim.ini
# "work" maps to directory ./work. (Default mapping)
# Model Technology ModelSim SE-64 vlog 2020.4 Compiler 2020.10 Oct 13 2020
# Start time: 15:08:05 on Apr 22,2025
# vlog -reportprogress 300 -work work ../rtl/00_xilinx_ip/00_afifo/afifo_i72o72_d2048/afifo_i72o72_d2048_sim_netlist.V 
# -- Compiling module afifo_i72o72_d2048
# -- Compiling module afifo_i72o72_d2048_xpm_cdc_gray
# -- Compiling module afifo_i72o72_d2048_xpm_cdc_gray__2
# -- Compiling module afifo_i72o72_d2048_xpm_cdc_single
# -- Compiling module afifo_i72o72_d2048_xpm_cdc_single__2
# -- Compiling module afifo_i72o72_d2048_xpm_cdc_sync_rst
# -- Compiling module afifo_i72o72_d2048_xpm_cdc_sync_rst__2
# -- Compiling module glbl
# 
# Top level modules:
# 	afifo_i72o72_d2048
# 	glbl
# End time: 15:08:05 on Apr 22,2025, Elapsed time: 0:00:00
# Errors: 0, Warnings: 0
# Model Technology ModelSim SE-64 vlog 2020.4 Compiler 2020.10 Oct 13 2020
# Start time: 15:08:06 on Apr 22,2025
# vlog -reportprogress 300 -work work ../rtl/00_xilinx_ip/01_sfifo/sfifo_i32o32_d1024/sfifo_i32o32_d1024_sim_netlist.V 
# -- Compiling module sfifo_i32o32_d1024
# -- Compiling module glbl
# 
# Top level modules:
# 	sfifo_i32o32_d1024
# 	glbl
# End time: 15:08:06 on Apr 22,2025, Elapsed time: 0:00:00
# Errors: 0, Warnings: 0
# Model Technology ModelSim SE-64 vlog 2020.4 Compiler 2020.10 Oct 13 2020
# Start time: 15:08:06 on Apr 22,2025
# vlog -reportprogress 300 -work work ../rtl/00_xilinx_ip/01_sfifo/sfifo_i64o64_d512/sfifo_i64o64_d512_sim_netlist.V 
# -- Compiling module sfifo_i64o64_d512
# -- Compiling module glbl
# 
# Top level modules:
# 	sfifo_i64o64_d512
# 	glbl
# End time: 15:08:06 on Apr 22,2025, Elapsed time: 0:00:00
# Errors: 0, Warnings: 0
# Model Technology ModelSim SE-64 vlog 2020.4 Compiler 2020.10 Oct 13 2020
# Start time: 15:08:06 on Apr 22,2025
# vlog -reportprogress 300 -work work ../rtl/00_xilinx_ip/01_sfifo/sfifo_i72o72_d512/sfifo_i72o72_d512_sim_netlist.V 
# -- Compiling module sfifo_i72o72_d512
# -- Compiling module glbl
# 
# Top level modules:
# 	sfifo_i72o72_d512
# 	glbl
# End time: 15:08:06 on Apr 22,2025, Elapsed time: 0:00:00
# Errors: 0, Warnings: 0
# Model Technology ModelSim SE-64 vlog 2020.4 Compiler 2020.10 Oct 13 2020
# Start time: 15:08:07 on Apr 22,2025
# vlog -reportprogress 300 -work work ../rtl/00_xilinx_ip/03_ram/sram_i64o64_d256/sram_i64o64_d256_sim_netlist.V 
# -- Compiling module sram_i64o64_d256
# -- Compiling module glbl
# 
# Top level modules:
# 	sram_i64o64_d256
# 	glbl
# End time: 15:08:07 on Apr 22,2025, Elapsed time: 0:00:00
# Errors: 0, Warnings: 0
# Model Technology ModelSim SE-64 vlog 2020.4 Compiler 2020.10 Oct 13 2020
# Start time: 15:08:07 on Apr 22,2025
# vlog -reportprogress 300 -work work ../rtl/01_user_ip/arbita_ch6.v ../rtl/01_user_ip/pulse_gen.v 
# -- Compiling module ARBITA_CH6
# -- Compiling module PULSE_GEN
# 
# Top level modules:
# 	ARBITA_CH6
# 	PULSE_GEN
# End time: 15:08:07 on Apr 22,2025, Elapsed time: 0:00:00
# Errors: 0, Warnings: 0
# Model Technology ModelSim SE-64 vlog 2020.4 Compiler 2020.10 Oct 13 2020
# Start time: 15:08:07 on Apr 22,2025
# vlog -reportprogress 300 -work work ../rtl/03_srio/ini_dma_rd.v ../rtl/03_srio/ini_dma_wr.v ../rtl/03_srio/ini_reg_tx.v ../rtl/03_srio/ini_rx_dec.v ../rtl/03_srio/srio_rx.v ../rtl/03_srio/srio_top.v ../rtl/03_srio/srio_tx.v ../rtl/03_srio/tag_dma_tx.v ../rtl/03_srio/tag_reg_tx.v ../rtl/03_srio/tag_rx_dec.v 
# -- Compiling module INI_DMA_RD
# -- Compiling module INI_DMA_WR
# -- Compiling module INI_REG_TX
# -- Compiling module INI_RX_DEC
# -- Compiling module SRIO_RX
# -- Compiling module SRIO_TOP
# -- Compiling module SRIO_TX
# -- Compiling module TAG_DMA_TX
# -- Compiling module TAG_REG_TX
# -- Compiling module TAG_RX_DEC
# 
# Top level modules:
# 	SRIO_TOP
# End time: 15:08:07 on Apr 22,2025, Elapsed time: 0:00:00
# Errors: 0, Warnings: 0
# Model Technology ModelSim SE-64 vlog 2020.4 Compiler 2020.10 Oct 13 2020
# Start time: 15:08:07 on Apr 22,2025
# vlog -reportprogress 300 -work work ../rtl/04_bist/bist_reg.v ../rtl/04_bist/ram_bist.v 
# -- Compiling module BIST_REG
# -- Compiling module RAM_BIST
# 
# Top level modules:
# 	BIST_REG
# 	RAM_BIST
# End time: 15:08:07 on Apr 22,2025, Elapsed time: 0:00:00
# Errors: 0, Warnings: 0
# ** Warning: (vlib-34) Library already exists at "work".
# Errors: 0, Warnings: 1
# Model Technology ModelSim SE-64 vmap 2020.4 Lib Mapping Utility 2020.10 Oct 13 2020
# vmap work 
# Reading C:/modeltech64_2020.4/win64/../modelsim.ini
# "work" maps to directory ./work. (Default mapping)
# Model Technology ModelSim SE-64 vlog 2020.4 Compiler 2020.10 Oct 13 2020
# Start time: 15:08:08 on Apr 22,2025
# vlog -reportprogress 300 -work work sim_model/define/define.v 
# End time: 15:08:08 on Apr 22,2025, Elapsed time: 0:00:00
# Errors: 0, Warnings: 0
# Model Technology ModelSim SE-64 vlog 2020.4 Compiler 2020.10 Oct 13 2020
# Start time: 15:08:08 on Apr 22,2025
# vlog -reportprogress 300 "+define+tb_00=1" -work work "+incdir+{sim_model/define}" sim_model/sim_model.v 
# -- Compiling module SIM_MODEL
# 
# Top level modules:
# 	SIM_MODEL
# End time: 15:08:08 on Apr 22,2025, Elapsed time: 0:00:00
# Errors: 0, Warnings: 0
# Model Technology ModelSim SE-64 vlog 2020.4 Compiler 2020.10 Oct 13 2020
# Start time: 15:08:08 on Apr 22,2025
# vlog -reportprogress 300 "+define+tb_00=1" -work work "+incdir+{sim_model/define}" sim_model/tb_top.v 
# -- Compiling module tb_top
# 
# Top level modules:
# 	tb_top
# End time: 15:08:08 on Apr 22,2025, Elapsed time: 0:00:00
# Errors: 0, Warnings: 0
do do/tb_00.do
# Model Technology ModelSim SE-64 vlog 2020.4 Compiler 2020.10 Oct 13 2020
# Start time: 15:08:18 on Apr 22,2025
# vlog -reportprogress 300 "+define+tb_00=1" -work work sim_model\define\define.v 
# End time: 15:08:18 on Apr 22,2025, Elapsed time: 0:00:00
# Errors: 0, Warnings: 0
# Model Technology ModelSim SE-64 vlog 2020.4 Compiler 2020.10 Oct 13 2020
# Start time: 15:08:18 on Apr 22,2025
# vlog -reportprogress 300 "+define+tb_00=1" -work work "+incdir+{sim_modeldefine}" sim_model\tb_top.v 
# -- Compiling module tb_top
# 
# Top level modules:
# 	tb_top
# End time: 15:08:18 on Apr 22,2025, Elapsed time: 0:00:00
# Errors: 0, Warnings: 0
# End time: 15:08:21 on Apr 22,2025, Elapsed time: 0:10:27
# Errors: 1, Warnings: 16
# vsim -t 1ps -c -l ./log/vsim_tb_00_report.log work.tb_top -L UNISIMS_VER -L SECUREIP -L SIMPRIMS_VER -L work -voptargs="+acc" work.glbl -wav ./wave/tb_00.wlf 
# Start time: 15:08:21 on Apr 22,2025
# ** Note: (vsim-3813) Design is being optimized due to module recompilation...
# ** Note: (vopt-143) Recognized 1 FSM in module "TAG_DMA_TX(fast)".
# ** Note: (vopt-143) Recognized 1 FSM in module "TAG_REG_TX(fast)".
# Loading work.tb_top(fast)
# Loading work.SIM_MODEL(fast)
# Loading work.SRIO_TOP(fast)
# Loading work.INI_REG_TX(fast)
# Loading work.sfifo_i72o72_d512(fast)
# Loading UNISIMS_VER.GND(fast)
# Loading UNISIMS_VER.LUT1(fast)
# Loading UNISIMS_VER.LUT2(fast)
# Loading UNISIMS_VER.LUT3(fast)
# Loading UNISIMS_VER.FDRE(fast)
# Loading UNISIMS_VER.CARRY4(fast)
# Loading UNISIMS_VER.LUT5(fast)
# Loading UNISIMS_VER.LUT5(fast__1)
# Loading UNISIMS_VER.FDSE(fast)
# Loading UNISIMS_VER.LUT4(fast)
# Loading UNISIMS_VER.LUT4(fast__1)
# Loading UNISIMS_VER.LUT3(fast__1)
# Loading UNISIMS_VER.LUT3(fast__2)
# Loading UNISIMS_VER.LUT4(fast__2)
# Loading UNISIMS_VER.LUT6(fast)
# Loading UNISIMS_VER.LUT2(fast__1)
# Loading UNISIMS_VER.LUT3(fast__3)
# Loading UNISIMS_VER.LUT4(fast__3)
# Loading UNISIMS_VER.LUT5(fast__2)
# Loading UNISIMS_VER.LUT6(fast__1)
# Loading UNISIMS_VER.LUT6(fast__2)
# Loading UNISIMS_VER.LUT4(fast__4)
# Loading UNISIMS_VER.LUT2(fast__2)
# Loading UNISIMS_VER.LUT5(fast__3)
# Loading UNISIMS_VER.LUT4(fast__5)
# Loading UNISIMS_VER.LUT1(fast__1)
# Loading UNISIMS_VER.RAMB36E1(fast)
# Loading UNISIMS_VER.RB36_INTERNAL_VLOG(fast)
# Loading work.INI_DMA_WR(fast)
# Loading work.sfifo_i64o64_d512(fast)
# Loading work.INI_DMA_RD(fast)
# Loading work.ARBITA_CH6(fast)
# Loading work.SRIO_TX(fast)
# Loading work.afifo_i72o72_d2048(fast)
# Loading work.afifo_i72o72_d2048_xpm_cdc_gray(fast)
# Loading UNISIMS_VER.LUT6(fast__3)
# Loading UNISIMS_VER.LUT5(fast__4)
# Loading UNISIMS_VER.LUT4(fast__6)
# Loading UNISIMS_VER.LUT3(fast__4)
# Loading work.afifo_i72o72_d2048_xpm_cdc_gray__2(fast)
# Loading UNISIMS_VER.LUT6(fast__4)
# Loading UNISIMS_VER.LUT4(fast__7)
# Loading UNISIMS_VER.LUT6(fast__5)
# Loading UNISIMS_VER.LUT5(fast__5)
# Loading UNISIMS_VER.LUT6(fast__6)
# Loading UNISIMS_VER.FDSE(fast__1)
# Loading UNISIMS_VER.RAMB36E1(fast__1)
# Loading UNISIMS_VER.RB36_INTERNAL_VLOG(fast__1)
# Loading UNISIMS_VER.SRL16E(fast)
# Loading UNISIMS_VER.LUT2(fast__3)
# Loading UNISIMS_VER.FDRE(fast__1)
# Loading UNISIMS_VER.LUT3(fast__5)
# Loading UNISIMS_VER.LUT4(fast__8)
# Loading UNISIMS_VER.LUT6(fast__7)
# Loading work.afifo_i72o72_d2048_xpm_cdc_single(fast)
# Loading work.afifo_i72o72_d2048_xpm_cdc_single__2(fast)
# Loading work.afifo_i72o72_d2048_xpm_cdc_sync_rst(fast)
# Loading work.afifo_i72o72_d2048_xpm_cdc_sync_rst__2(fast)
# Loading work.SRIO_RX(fast)
# Loading work.INI_RX_DEC(fast)
# Loading work.TAG_RX_DEC(fast)
# Loading work.TAG_REG_TX(fast)
# Loading work.TAG_DMA_TX(fast)
# Loading work.BIST_REG(fast)
# Loading work.RAM_BIST(fast)
# Loading work.sram_i64o64_d256(fast)
# Loading UNISIMS_VER.RAMB36E1(fast__2)
# Loading UNISIMS_VER.RB36_INTERNAL_VLOG(fast__2)
# Loading work.glbl(fast)
# ** Warning: (vsim-3015) [PCDPC] - Port size (32) does not match connection size (25) for port 'INI_WR_ADDR'. The port definition is at: ../rtl/03_srio/srio_top.v(55).
#    Time: 0 ps  Iteration: 0  Instance: /tb_top/U_SRIO_TOP File: sim_model/tb_top.v Line: 763
# ** Warning: (vsim-3015) [PCDPC] - Port size (8) does not match connection size (16) for port 'INI_WR_SIZE'. The port definition is at: ../rtl/03_srio/srio_top.v(56).
#    Time: 0 ps  Iteration: 0  Instance: /tb_top/U_SRIO_TOP File: sim_model/tb_top.v Line: 763
# ** Warning: (vsim-3015) [PCDPC] - Port size (8) does not match connection size (25) for port 'INI_RD_SIZE'. The port definition is at: ../rtl/03_srio/srio_top.v(64).
#    Time: 0 ps  Iteration: 0  Instance: /tb_top/U_SRIO_TOP File: sim_model/tb_top.v Line: 763
# ** Warning: (vsim-3015) [PCDPC] - Port size (32) does not match connection size (12) for port 'INI_RD_ADDR'. The port definition is at: ../rtl/03_srio/srio_top.v(65).
#    Time: 0 ps  Iteration: 0  Instance: /tb_top/U_SRIO_TOP File: sim_model/tb_top.v Line: 763
# ** Warning: (vsim-3015) [PCDPC] - Port size (32) does not match connection size (16) for port 'TAG_WR_ADDR'. The port definition is at: ../rtl/03_srio/srio_top.v(81).
#    Time: 0 ps  Iteration: 0  Instance: /tb_top/U_SRIO_TOP File: sim_model/tb_top.v Line: 763
# ** Warning: (vsim-3015) [PCDPC] - Port size (32) does not match connection size (8) for port 'TAG_RD_SIZE'. The port definition is at: ../rtl/03_srio/srio_top.v(90).
#    Time: 0 ps  Iteration: 0  Instance: /tb_top/U_SRIO_TOP File: sim_model/tb_top.v Line: 763
# ** Warning: (vsim-3015) [PCDPC] - Port size (8) does not match connection size (16) for port 'TAG_RD_ADDR'. The port definition is at: ../rtl/03_srio/srio_top.v(91).
#    Time: 0 ps  Iteration: 0  Instance: /tb_top/U_SRIO_TOP File: sim_model/tb_top.v Line: 763
# ** Warning: (vsim-3015) [PCDPC] - Port size (1) does not match connection size (32) for port 'DMA_RD_ADDR'. The port definition is at: ../rtl/03_srio/ini_dma_rd.v(23).
#    Time: 0 ps  Iteration: 0  Instance: /tb_top/U_SRIO_TOP/U_INI_DMA_RD File: ../rtl/03_srio/srio_top.v Line: 338
# ** Warning: (vsim-3015) [PCDPC] - Port size (32) does not match connection size (1) for port 'REG_RD_DATA'. The port definition is at: ../rtl/03_srio/ini_rx_dec.v(27).
#    Time: 0 ps  Iteration: 0  Instance: /tb_top/U_SRIO_TOP/U_INI_RX_DEC File: ../rtl/03_srio/srio_top.v Line: 454
# ** Warning: (vsim-3015) [PCDPC] - Port size (9) does not match connection size (8) for port 'DMA_WR_SIZE'. The port definition is at: ../rtl/03_srio/tag_rx_dec.v(36).
#    Time: 0 ps  Iteration: 0  Instance: /tb_top/U_SRIO_TOP/U_TAG_RX_DEC File: ../rtl/03_srio/srio_top.v Line: 497
# ** Warning: (vsim-3015) [PCDPC] - Port size (9) does not match connection size (32) for port 'DMA_RD_SIZE'. The port definition is at: ../rtl/03_srio/tag_rx_dec.v(43).
#    Time: 0 ps  Iteration: 0  Instance: /tb_top/U_SRIO_TOP/U_TAG_RX_DEC File: ../rtl/03_srio/srio_top.v Line: 497
# ** Warning: (vsim-3015) [PCDPC] - Port size (32) does not match connection size (8) for port 'DMA_RD_ADDR'. The port definition is at: ../rtl/03_srio/tag_rx_dec.v(44).
#    Time: 0 ps  Iteration: 0  Instance: /tb_top/U_SRIO_TOP/U_TAG_RX_DEC File: ../rtl/03_srio/srio_top.v Line: 497
# ** Warning: (vsim-3015) [PCDPC] - Port size (9) does not match connection size (32) for port 'DMA_RD_SIZE'. The port definition is at: ../rtl/03_srio/tag_dma_tx.v(24).
#    Time: 0 ps  Iteration: 0  Instance: /tb_top/U_SRIO_TOP/U_TAG_DMA_TX File: ../rtl/03_srio/srio_top.v Line: 549
# ** Warning: (vsim-3015) [PCDPC] - Port size (32) does not match connection size (8) for port 'DMA_RD_ADDR'. The port definition is at: ../rtl/03_srio/tag_dma_tx.v(25).
#    Time: 0 ps  Iteration: 0  Instance: /tb_top/U_SRIO_TOP/U_TAG_DMA_TX File: ../rtl/03_srio/srio_top.v Line: 549
# ** Warning: (vsim-3015) [PCDPC] - Port size (6) does not match connection size (8) for port 'addra'. The port definition is at: ../rtl/00_xilinx_ip/03_ram/sram_i64o64_d256/sram_i64o64_d256_sim_netlist.V(20).
#    Time: 0 ps  Iteration: 0  Instance: /tb_top/U_RAM_BIST/U_BIST_BRAM File: ../rtl/04_bist/ram_bist.v Line: 113
# ** Warning: (vsim-3015) [PCDPC] - Port size (6) does not match connection size (8) for port 'addrb'. The port definition is at: ../rtl/00_xilinx_ip/03_ram/sram_i64o64_d256/sram_i64o64_d256_sim_netlist.V(23).
#    Time: 0 ps  Iteration: 0  Instance: /tb_top/U_RAM_BIST/U_BIST_BRAM File: ../rtl/04_bist/ram_bist.v Line: 113
#  
# ******<<<<<<<<<<<<<<<<<<<<<<Simulation tb_00 start>>>>>>>>>>>>>>>>>>>>>>> ******
#  
# ---- Initial simulation
# ---- clock ---- 1111 ---- enable
# ---- Wait for  64 cycles
# ---- Wait for  64 cycles end
# ---- Wait for  16 cycles
# ---- Wait for  16 cycles end
# ---- reseting by cycle
# ---- reset0   64 cycle end
# ---- Wait for  16 cycles
# ---- Wait for  16 cycles end
# ---- reseting by ns
# ---- reset1  255 ns end
# ---- Write register   PORT :0x0    ADD :0x200    DATA :0x89abcd0e
# ---- Wait for  16 cycles
# ---- Wait for  16 cycles end
# ---- [Success  ]Read register   PORT :0x0    ADD :0x200    EDAT :0x89abcd0e    RDAT :0xzzzzzzzz
# ---- Wait for  16 cycles
# ---- Wait for  16 cycles end
# ---- Wait for 255 cycles
# ---- Wait for 255 cycles end
# ---- tb_00 test completed !
#  
# ******<<<<<<<<<<<<<<<<<<<<Simulation tb_00 Successful End>>>>>>>>>>>>>>>>>>> ******
#  
do do/compile_all.do
# ** Warning: (vlib-34) Library already exists at "work".
# Errors: 0, Warnings: 1
# Model Technology ModelSim SE-64 vmap 2020.4 Lib Mapping Utility 2020.10 Oct 13 2020
# vmap work 
# Reading C:/modeltech64_2020.4/win64/../modelsim.ini
# "work" maps to directory ./work. (Default mapping)
# Model Technology ModelSim SE-64 vlog 2020.4 Compiler 2020.10 Oct 13 2020
# Start time: 15:09:55 on Apr 22,2025
# vlog -reportprogress 300 -work work sim_model/lib/glbl.v 
# -- Compiling module glbl
# 
# Top level modules:
# 	glbl
# End time: 15:09:55 on Apr 22,2025, Elapsed time: 0:00:00
# Errors: 0, Warnings: 0
# ** Warning: (vlib-34) Library already exists at "work".
# Errors: 0, Warnings: 1
# Model Technology ModelSim SE-64 vmap 2020.4 Lib Mapping Utility 2020.10 Oct 13 2020
# vmap work 
# Reading C:/modeltech64_2020.4/win64/../modelsim.ini
# "work" maps to directory ./work. (Default mapping)
# Model Technology ModelSim SE-64 vlog 2020.4 Compiler 2020.10 Oct 13 2020
# Start time: 15:09:56 on Apr 22,2025
# vlog -reportprogress 300 -work work ../rtl/00_xilinx_ip/00_afifo/afifo_i72o72_d2048/afifo_i72o72_d2048_sim_netlist.V 
# -- Compiling module afifo_i72o72_d2048
# -- Compiling module afifo_i72o72_d2048_xpm_cdc_gray
# -- Compiling module afifo_i72o72_d2048_xpm_cdc_gray__2
# -- Compiling module afifo_i72o72_d2048_xpm_cdc_single
# -- Compiling module afifo_i72o72_d2048_xpm_cdc_single__2
# -- Compiling module afifo_i72o72_d2048_xpm_cdc_sync_rst
# -- Compiling module afifo_i72o72_d2048_xpm_cdc_sync_rst__2
# -- Compiling module glbl
# 
# Top level modules:
# 	afifo_i72o72_d2048
# 	glbl
# End time: 15:09:56 on Apr 22,2025, Elapsed time: 0:00:00
# Errors: 0, Warnings: 0
# Model Technology ModelSim SE-64 vlog 2020.4 Compiler 2020.10 Oct 13 2020
# Start time: 15:09:56 on Apr 22,2025
# vlog -reportprogress 300 -work work ../rtl/00_xilinx_ip/01_sfifo/sfifo_i32o32_d1024/sfifo_i32o32_d1024_sim_netlist.V 
# -- Compiling module sfifo_i32o32_d1024
# -- Compiling module glbl
# 
# Top level modules:
# 	sfifo_i32o32_d1024
# 	glbl
# End time: 15:09:56 on Apr 22,2025, Elapsed time: 0:00:00
# Errors: 0, Warnings: 0
# Model Technology ModelSim SE-64 vlog 2020.4 Compiler 2020.10 Oct 13 2020
# Start time: 15:09:56 on Apr 22,2025
# vlog -reportprogress 300 -work work ../rtl/00_xilinx_ip/01_sfifo/sfifo_i64o64_d512/sfifo_i64o64_d512_sim_netlist.V 
# -- Compiling module sfifo_i64o64_d512
# -- Compiling module glbl
# 
# Top level modules:
# 	sfifo_i64o64_d512
# 	glbl
# End time: 15:09:57 on Apr 22,2025, Elapsed time: 0:00:01
# Errors: 0, Warnings: 0
# Model Technology ModelSim SE-64 vlog 2020.4 Compiler 2020.10 Oct 13 2020
# Start time: 15:09:57 on Apr 22,2025
# vlog -reportprogress 300 -work work ../rtl/00_xilinx_ip/01_sfifo/sfifo_i72o72_d512/sfifo_i72o72_d512_sim_netlist.V 
# -- Compiling module sfifo_i72o72_d512
# -- Compiling module glbl
# 
# Top level modules:
# 	sfifo_i72o72_d512
# 	glbl
# End time: 15:09:57 on Apr 22,2025, Elapsed time: 0:00:00
# Errors: 0, Warnings: 0
# Model Technology ModelSim SE-64 vlog 2020.4 Compiler 2020.10 Oct 13 2020
# Start time: 15:09:57 on Apr 22,2025
# vlog -reportprogress 300 -work work ../rtl/00_xilinx_ip/03_ram/sram_i64o64_d256/sram_i64o64_d256_sim_netlist.V 
# -- Compiling module sram_i64o64_d256
# -- Compiling module glbl
# 
# Top level modules:
# 	sram_i64o64_d256
# 	glbl
# End time: 15:09:57 on Apr 22,2025, Elapsed time: 0:00:00
# Errors: 0, Warnings: 0
# Model Technology ModelSim SE-64 vlog 2020.4 Compiler 2020.10 Oct 13 2020
# Start time: 15:09:57 on Apr 22,2025
# vlog -reportprogress 300 -work work ../rtl/01_user_ip/arbita_ch6.v ../rtl/01_user_ip/pulse_gen.v 
# -- Compiling module ARBITA_CH6
# -- Compiling module PULSE_GEN
# 
# Top level modules:
# 	ARBITA_CH6
# 	PULSE_GEN
# End time: 15:09:57 on Apr 22,2025, Elapsed time: 0:00:00
# Errors: 0, Warnings: 0
# Model Technology ModelSim SE-64 vlog 2020.4 Compiler 2020.10 Oct 13 2020
# Start time: 15:09:57 on Apr 22,2025
# vlog -reportprogress 300 -work work ../rtl/03_srio/ini_dma_rd.v ../rtl/03_srio/ini_dma_wr.v ../rtl/03_srio/ini_reg_tx.v ../rtl/03_srio/ini_rx_dec.v ../rtl/03_srio/srio_rx.v ../rtl/03_srio/srio_top.v ../rtl/03_srio/srio_tx.v ../rtl/03_srio/tag_dma_tx.v ../rtl/03_srio/tag_reg_tx.v ../rtl/03_srio/tag_rx_dec.v 
# -- Compiling module INI_DMA_RD
# -- Compiling module INI_DMA_WR
# -- Compiling module INI_REG_TX
# -- Compiling module INI_RX_DEC
# -- Compiling module SRIO_RX
# -- Compiling module SRIO_TOP
# -- Compiling module SRIO_TX
# -- Compiling module TAG_DMA_TX
# -- Compiling module TAG_REG_TX
# -- Compiling module TAG_RX_DEC
# 
# Top level modules:
# 	SRIO_TOP
# End time: 15:09:58 on Apr 22,2025, Elapsed time: 0:00:01
# Errors: 0, Warnings: 0
# Model Technology ModelSim SE-64 vlog 2020.4 Compiler 2020.10 Oct 13 2020
# Start time: 15:09:58 on Apr 22,2025
# vlog -reportprogress 300 -work work ../rtl/04_bist/bist_reg.v ../rtl/04_bist/ram_bist.v 
# -- Compiling module BIST_REG
# -- Compiling module RAM_BIST
# 
# Top level modules:
# 	BIST_REG
# 	RAM_BIST
# End time: 15:09:58 on Apr 22,2025, Elapsed time: 0:00:00
# Errors: 0, Warnings: 0
# ** Warning: (vlib-34) Library already exists at "work".
# Errors: 0, Warnings: 1
# Model Technology ModelSim SE-64 vmap 2020.4 Lib Mapping Utility 2020.10 Oct 13 2020
# vmap work 
# Reading C:/modeltech64_2020.4/win64/../modelsim.ini
# "work" maps to directory ./work. (Default mapping)
# Model Technology ModelSim SE-64 vlog 2020.4 Compiler 2020.10 Oct 13 2020
# Start time: 15:09:58 on Apr 22,2025
# vlog -reportprogress 300 -work work sim_model/define/define.v 
# End time: 15:09:58 on Apr 22,2025, Elapsed time: 0:00:00
# Errors: 0, Warnings: 0
# Model Technology ModelSim SE-64 vlog 2020.4 Compiler 2020.10 Oct 13 2020
# Start time: 15:09:58 on Apr 22,2025
# vlog -reportprogress 300 "+define+tb_00=1" -work work "+incdir+{sim_model/define}" sim_model/sim_model.v 
# -- Compiling module SIM_MODEL
# 
# Top level modules:
# 	SIM_MODEL
# End time: 15:09:58 on Apr 22,2025, Elapsed time: 0:00:00
# Errors: 0, Warnings: 0
# Model Technology ModelSim SE-64 vlog 2020.4 Compiler 2020.10 Oct 13 2020
# Start time: 15:09:58 on Apr 22,2025
# vlog -reportprogress 300 "+define+tb_00=1" -work work "+incdir+{sim_model/define}" sim_model/tb_top.v 
# -- Compiling module tb_top
# 
# Top level modules:
# 	tb_top
# End time: 15:09:58 on Apr 22,2025, Elapsed time: 0:00:00
# Errors: 0, Warnings: 0
do do/tb_00.do
# Model Technology ModelSim SE-64 vlog 2020.4 Compiler 2020.10 Oct 13 2020
# Start time: 15:10:01 on Apr 22,2025
# vlog -reportprogress 300 "+define+tb_00=1" -work work sim_model\define\define.v 
# End time: 15:10:01 on Apr 22,2025, Elapsed time: 0:00:00
# Errors: 0, Warnings: 0
# Model Technology ModelSim SE-64 vlog 2020.4 Compiler 2020.10 Oct 13 2020
# Start time: 15:10:01 on Apr 22,2025
# vlog -reportprogress 300 "+define+tb_00=1" -work work "+incdir+{sim_modeldefine}" sim_model\tb_top.v 
# -- Compiling module tb_top
# 
# Top level modules:
# 	tb_top
# End time: 15:10:01 on Apr 22,2025, Elapsed time: 0:00:00
# Errors: 0, Warnings: 0
# End time: 15:10:04 on Apr 22,2025, Elapsed time: 0:01:43
# Errors: 0, Warnings: 16
# vsim -t 1ps -c -l ./log/vsim_tb_00_report.log work.tb_top -L UNISIMS_VER -L SECUREIP -L SIMPRIMS_VER -L work -voptargs="+acc" work.glbl -wav ./wave/tb_00.wlf 
# Start time: 15:10:04 on Apr 22,2025
# ** Note: (vsim-3813) Design is being optimized due to module recompilation...
# Loading work.tb_top(fast)
# Loading work.SIM_MODEL(fast)
# Loading work.SRIO_TOP(fast)
# Loading work.INI_REG_TX(fast)
# Loading work.sfifo_i72o72_d512(fast)
# Loading UNISIMS_VER.GND(fast)
# Loading UNISIMS_VER.LUT1(fast)
# Loading UNISIMS_VER.LUT2(fast)
# Loading UNISIMS_VER.LUT3(fast)
# Loading UNISIMS_VER.FDRE(fast)
# Loading UNISIMS_VER.CARRY4(fast)
# Loading UNISIMS_VER.LUT5(fast)
# Loading UNISIMS_VER.LUT5(fast__1)
# Loading UNISIMS_VER.FDSE(fast)
# Loading UNISIMS_VER.LUT4(fast)
# Loading UNISIMS_VER.LUT4(fast__1)
# Loading UNISIMS_VER.LUT3(fast__1)
# Loading UNISIMS_VER.LUT3(fast__2)
# Loading UNISIMS_VER.LUT4(fast__2)
# Loading UNISIMS_VER.LUT6(fast)
# Loading UNISIMS_VER.LUT2(fast__1)
# Loading UNISIMS_VER.LUT3(fast__3)
# Loading UNISIMS_VER.LUT4(fast__3)
# Loading UNISIMS_VER.LUT5(fast__2)
# Loading UNISIMS_VER.LUT6(fast__1)
# Loading UNISIMS_VER.LUT6(fast__2)
# Loading UNISIMS_VER.LUT4(fast__4)
# Loading UNISIMS_VER.LUT2(fast__2)
# Loading UNISIMS_VER.LUT5(fast__3)
# Loading UNISIMS_VER.LUT4(fast__5)
# Loading UNISIMS_VER.LUT1(fast__1)
# Loading UNISIMS_VER.RAMB36E1(fast)
# Loading UNISIMS_VER.RB36_INTERNAL_VLOG(fast)
# Loading work.INI_DMA_WR(fast)
# Loading work.sfifo_i64o64_d512(fast)
# Loading work.INI_DMA_RD(fast)
# Loading work.ARBITA_CH6(fast)
# Loading work.SRIO_TX(fast)
# Loading work.afifo_i72o72_d2048(fast)
# Loading work.afifo_i72o72_d2048_xpm_cdc_gray(fast)
# Loading UNISIMS_VER.LUT6(fast__3)
# Loading UNISIMS_VER.LUT5(fast__4)
# Loading UNISIMS_VER.LUT4(fast__6)
# Loading UNISIMS_VER.LUT3(fast__4)
# Loading work.afifo_i72o72_d2048_xpm_cdc_gray__2(fast)
# Loading UNISIMS_VER.LUT6(fast__4)
# Loading UNISIMS_VER.LUT4(fast__7)
# Loading UNISIMS_VER.LUT6(fast__5)
# Loading UNISIMS_VER.LUT5(fast__5)
# Loading UNISIMS_VER.LUT6(fast__6)
# Loading UNISIMS_VER.FDSE(fast__1)
# Loading UNISIMS_VER.RAMB36E1(fast__1)
# Loading UNISIMS_VER.RB36_INTERNAL_VLOG(fast__1)
# Loading UNISIMS_VER.SRL16E(fast)
# Loading UNISIMS_VER.LUT2(fast__3)
# Loading UNISIMS_VER.FDRE(fast__1)
# Loading UNISIMS_VER.LUT3(fast__5)
# Loading UNISIMS_VER.LUT4(fast__8)
# Loading UNISIMS_VER.LUT6(fast__7)
# Loading work.afifo_i72o72_d2048_xpm_cdc_single(fast)
# Loading work.afifo_i72o72_d2048_xpm_cdc_single__2(fast)
# Loading work.afifo_i72o72_d2048_xpm_cdc_sync_rst(fast)
# Loading work.afifo_i72o72_d2048_xpm_cdc_sync_rst__2(fast)
# Loading work.SRIO_RX(fast)
# Loading work.INI_RX_DEC(fast)
# Loading work.TAG_RX_DEC(fast)
# Loading work.TAG_REG_TX(fast)
# Loading work.TAG_DMA_TX(fast)
# Loading work.BIST_REG(fast)
# Loading work.RAM_BIST(fast)
# Loading work.sram_i64o64_d256(fast)
# Loading UNISIMS_VER.RAMB36E1(fast__2)
# Loading UNISIMS_VER.RB36_INTERNAL_VLOG(fast__2)
# Loading work.glbl(fast)
# ** Warning: (vsim-3015) [PCDPC] - Port size (32) does not match connection size (25) for port 'INI_WR_ADDR'. The port definition is at: ../rtl/03_srio/srio_top.v(55).
#    Time: 0 ps  Iteration: 0  Instance: /tb_top/U_SRIO_TOP File: sim_model/tb_top.v Line: 763
# ** Warning: (vsim-3015) [PCDPC] - Port size (8) does not match connection size (16) for port 'INI_WR_SIZE'. The port definition is at: ../rtl/03_srio/srio_top.v(56).
#    Time: 0 ps  Iteration: 0  Instance: /tb_top/U_SRIO_TOP File: sim_model/tb_top.v Line: 763
# ** Warning: (vsim-3015) [PCDPC] - Port size (8) does not match connection size (25) for port 'INI_RD_SIZE'. The port definition is at: ../rtl/03_srio/srio_top.v(64).
#    Time: 0 ps  Iteration: 0  Instance: /tb_top/U_SRIO_TOP File: sim_model/tb_top.v Line: 763
# ** Warning: (vsim-3015) [PCDPC] - Port size (32) does not match connection size (12) for port 'INI_RD_ADDR'. The port definition is at: ../rtl/03_srio/srio_top.v(65).
#    Time: 0 ps  Iteration: 0  Instance: /tb_top/U_SRIO_TOP File: sim_model/tb_top.v Line: 763
# ** Warning: (vsim-3015) [PCDPC] - Port size (32) does not match connection size (16) for port 'TAG_WR_ADDR'. The port definition is at: ../rtl/03_srio/srio_top.v(81).
#    Time: 0 ps  Iteration: 0  Instance: /tb_top/U_SRIO_TOP File: sim_model/tb_top.v Line: 763
# ** Warning: (vsim-3015) [PCDPC] - Port size (32) does not match connection size (8) for port 'TAG_RD_SIZE'. The port definition is at: ../rtl/03_srio/srio_top.v(90).
#    Time: 0 ps  Iteration: 0  Instance: /tb_top/U_SRIO_TOP File: sim_model/tb_top.v Line: 763
# ** Warning: (vsim-3015) [PCDPC] - Port size (8) does not match connection size (16) for port 'TAG_RD_ADDR'. The port definition is at: ../rtl/03_srio/srio_top.v(91).
#    Time: 0 ps  Iteration: 0  Instance: /tb_top/U_SRIO_TOP File: sim_model/tb_top.v Line: 763
# ** Warning: (vsim-3015) [PCDPC] - Port size (1) does not match connection size (32) for port 'DMA_RD_ADDR'. The port definition is at: ../rtl/03_srio/ini_dma_rd.v(23).
#    Time: 0 ps  Iteration: 0  Instance: /tb_top/U_SRIO_TOP/U_INI_DMA_RD File: ../rtl/03_srio/srio_top.v Line: 338
# ** Warning: (vsim-3015) [PCDPC] - Port size (32) does not match connection size (1) for port 'REG_RD_DATA'. The port definition is at: ../rtl/03_srio/ini_rx_dec.v(27).
#    Time: 0 ps  Iteration: 0  Instance: /tb_top/U_SRIO_TOP/U_INI_RX_DEC File: ../rtl/03_srio/srio_top.v Line: 454
# ** Warning: (vsim-3015) [PCDPC] - Port size (9) does not match connection size (8) for port 'DMA_WR_SIZE'. The port definition is at: ../rtl/03_srio/tag_rx_dec.v(36).
#    Time: 0 ps  Iteration: 0  Instance: /tb_top/U_SRIO_TOP/U_TAG_RX_DEC File: ../rtl/03_srio/srio_top.v Line: 497
# ** Warning: (vsim-3015) [PCDPC] - Port size (9) does not match connection size (32) for port 'DMA_RD_SIZE'. The port definition is at: ../rtl/03_srio/tag_rx_dec.v(43).
#    Time: 0 ps  Iteration: 0  Instance: /tb_top/U_SRIO_TOP/U_TAG_RX_DEC File: ../rtl/03_srio/srio_top.v Line: 497
# ** Warning: (vsim-3015) [PCDPC] - Port size (32) does not match connection size (8) for port 'DMA_RD_ADDR'. The port definition is at: ../rtl/03_srio/tag_rx_dec.v(44).
#    Time: 0 ps  Iteration: 0  Instance: /tb_top/U_SRIO_TOP/U_TAG_RX_DEC File: ../rtl/03_srio/srio_top.v Line: 497
# ** Warning: (vsim-3015) [PCDPC] - Port size (9) does not match connection size (32) for port 'DMA_RD_SIZE'. The port definition is at: ../rtl/03_srio/tag_dma_tx.v(24).
#    Time: 0 ps  Iteration: 0  Instance: /tb_top/U_SRIO_TOP/U_TAG_DMA_TX File: ../rtl/03_srio/srio_top.v Line: 549
# ** Warning: (vsim-3015) [PCDPC] - Port size (32) does not match connection size (8) for port 'DMA_RD_ADDR'. The port definition is at: ../rtl/03_srio/tag_dma_tx.v(25).
#    Time: 0 ps  Iteration: 0  Instance: /tb_top/U_SRIO_TOP/U_TAG_DMA_TX File: ../rtl/03_srio/srio_top.v Line: 549
# ** Warning: (vsim-3015) [PCDPC] - Port size (6) does not match connection size (8) for port 'addra'. The port definition is at: ../rtl/00_xilinx_ip/03_ram/sram_i64o64_d256/sram_i64o64_d256_sim_netlist.V(20).
#    Time: 0 ps  Iteration: 0  Instance: /tb_top/U_RAM_BIST/U_BIST_BRAM File: ../rtl/04_bist/ram_bist.v Line: 113
# ** Warning: (vsim-3015) [PCDPC] - Port size (6) does not match connection size (8) for port 'addrb'. The port definition is at: ../rtl/00_xilinx_ip/03_ram/sram_i64o64_d256/sram_i64o64_d256_sim_netlist.V(23).
#    Time: 0 ps  Iteration: 0  Instance: /tb_top/U_RAM_BIST/U_BIST_BRAM File: ../rtl/04_bist/ram_bist.v Line: 113
#  
# ******<<<<<<<<<<<<<<<<<<<<<<Simulation tb_00 start>>>>>>>>>>>>>>>>>>>>>>> ******
#  
# ---- Initial simulation
# ---- clock ---- 1111 ---- enable
# ---- Wait for  64 cycles
# ---- Wait for  64 cycles end
# ---- Wait for  16 cycles
# ---- Wait for  16 cycles end
# ---- reseting by cycle
# ---- reset0   64 cycle end
# ---- Wait for  16 cycles
# ---- Wait for  16 cycles end
# ---- reseting by ns
# ---- reset1  255 ns end
# ---- Write register   PORT :0x0    ADD :0x200    DATA :0x89abcd0e
# ---- Wait for  16 cycles
# ---- Wait for  16 cycles end
# ---- [Success  ]Read register   PORT :0x0    ADD :0x200    EDAT :0x89abcd0e    RDAT :0xzzzzzzzz
# ---- Wait for  16 cycles
# ---- Wait for  16 cycles end
# ---- Wait for 255 cycles
# ---- Wait for 255 cycles end
# ---- tb_00 test completed !
#  
# ******<<<<<<<<<<<<<<<<<<<<Simulation tb_00 Successful End>>>>>>>>>>>>>>>>>>> ******
#  
do do/compile_all.do
# ** Warning: (vlib-34) Library already exists at "work".
# Errors: 0, Warnings: 1
# Model Technology ModelSim SE-64 vmap 2020.4 Lib Mapping Utility 2020.10 Oct 13 2020
# vmap work 
# Reading C:/modeltech64_2020.4/win64/../modelsim.ini
# "work" maps to directory ./work. (Default mapping)
# Model Technology ModelSim SE-64 vlog 2020.4 Compiler 2020.10 Oct 13 2020
# Start time: 15:15:38 on Apr 22,2025
# vlog -reportprogress 300 -work work sim_model/lib/glbl.v 
# -- Compiling module glbl
# 
# Top level modules:
# 	glbl
# End time: 15:15:39 on Apr 22,2025, Elapsed time: 0:00:01
# Errors: 0, Warnings: 0
# ** Warning: (vlib-34) Library already exists at "work".
# Errors: 0, Warnings: 1
# Model Technology ModelSim SE-64 vmap 2020.4 Lib Mapping Utility 2020.10 Oct 13 2020
# vmap work 
# Reading C:/modeltech64_2020.4/win64/../modelsim.ini
# "work" maps to directory ./work. (Default mapping)
# Model Technology ModelSim SE-64 vlog 2020.4 Compiler 2020.10 Oct 13 2020
# Start time: 15:15:39 on Apr 22,2025
# vlog -reportprogress 300 -work work ../rtl/00_xilinx_ip/00_afifo/afifo_i72o72_d2048/afifo_i72o72_d2048_sim_netlist.V 
# -- Compiling module afifo_i72o72_d2048
# -- Compiling module afifo_i72o72_d2048_xpm_cdc_gray
# -- Compiling module afifo_i72o72_d2048_xpm_cdc_gray__2
# -- Compiling module afifo_i72o72_d2048_xpm_cdc_single
# -- Compiling module afifo_i72o72_d2048_xpm_cdc_single__2
# -- Compiling module afifo_i72o72_d2048_xpm_cdc_sync_rst
# -- Compiling module afifo_i72o72_d2048_xpm_cdc_sync_rst__2
# -- Compiling module glbl
# 
# Top level modules:
# 	afifo_i72o72_d2048
# 	glbl
# End time: 15:15:39 on Apr 22,2025, Elapsed time: 0:00:00
# Errors: 0, Warnings: 0
# Model Technology ModelSim SE-64 vlog 2020.4 Compiler 2020.10 Oct 13 2020
# Start time: 15:15:39 on Apr 22,2025
# vlog -reportprogress 300 -work work ../rtl/00_xilinx_ip/01_sfifo/sfifo_i32o32_d1024/sfifo_i32o32_d1024_sim_netlist.V 
# -- Compiling module sfifo_i32o32_d1024
# -- Compiling module glbl
# 
# Top level modules:
# 	sfifo_i32o32_d1024
# 	glbl
# End time: 15:15:39 on Apr 22,2025, Elapsed time: 0:00:00
# Errors: 0, Warnings: 0
# Model Technology ModelSim SE-64 vlog 2020.4 Compiler 2020.10 Oct 13 2020
# Start time: 15:15:40 on Apr 22,2025
# vlog -reportprogress 300 -work work ../rtl/00_xilinx_ip/01_sfifo/sfifo_i64o64_d512/sfifo_i64o64_d512_sim_netlist.V 
# -- Compiling module sfifo_i64o64_d512
# -- Compiling module glbl
# 
# Top level modules:
# 	sfifo_i64o64_d512
# 	glbl
# End time: 15:15:40 on Apr 22,2025, Elapsed time: 0:00:00
# Errors: 0, Warnings: 0
# Model Technology ModelSim SE-64 vlog 2020.4 Compiler 2020.10 Oct 13 2020
# Start time: 15:15:40 on Apr 22,2025
# vlog -reportprogress 300 -work work ../rtl/00_xilinx_ip/01_sfifo/sfifo_i72o72_d512/sfifo_i72o72_d512_sim_netlist.V 
# -- Compiling module sfifo_i72o72_d512
# -- Compiling module glbl
# 
# Top level modules:
# 	sfifo_i72o72_d512
# 	glbl
# End time: 15:15:40 on Apr 22,2025, Elapsed time: 0:00:00
# Errors: 0, Warnings: 0
# Model Technology ModelSim SE-64 vlog 2020.4 Compiler 2020.10 Oct 13 2020
# Start time: 15:15:40 on Apr 22,2025
# vlog -reportprogress 300 -work work ../rtl/00_xilinx_ip/03_ram/sram_i64o64_d256/sram_i64o64_d256_sim_netlist.V 
# -- Compiling module sram_i64o64_d256
# -- Compiling module glbl
# 
# Top level modules:
# 	sram_i64o64_d256
# 	glbl
# End time: 15:15:40 on Apr 22,2025, Elapsed time: 0:00:00
# Errors: 0, Warnings: 0
# Model Technology ModelSim SE-64 vlog 2020.4 Compiler 2020.10 Oct 13 2020
# Start time: 15:15:40 on Apr 22,2025
# vlog -reportprogress 300 -work work ../rtl/01_user_ip/arbita_ch6.v ../rtl/01_user_ip/pulse_gen.v 
# -- Compiling module ARBITA_CH6
# -- Compiling module PULSE_GEN
# 
# Top level modules:
# 	ARBITA_CH6
# 	PULSE_GEN
# End time: 15:15:40 on Apr 22,2025, Elapsed time: 0:00:00
# Errors: 0, Warnings: 0
# Model Technology ModelSim SE-64 vlog 2020.4 Compiler 2020.10 Oct 13 2020
# Start time: 15:15:41 on Apr 22,2025
# vlog -reportprogress 300 -work work ../rtl/03_srio/ini_dma_rd.v ../rtl/03_srio/ini_dma_wr.v ../rtl/03_srio/ini_reg_tx.v ../rtl/03_srio/ini_rx_dec.v ../rtl/03_srio/srio_rx.v ../rtl/03_srio/srio_top.v ../rtl/03_srio/srio_tx.v ../rtl/03_srio/tag_dma_tx.v ../rtl/03_srio/tag_reg_tx.v ../rtl/03_srio/tag_rx_dec.v 
# -- Compiling module INI_DMA_RD
# -- Compiling module INI_DMA_WR
# -- Compiling module INI_REG_TX
# -- Compiling module INI_RX_DEC
# -- Compiling module SRIO_RX
# -- Compiling module SRIO_TOP
# -- Compiling module SRIO_TX
# -- Compiling module TAG_DMA_TX
# -- Compiling module TAG_REG_TX
# -- Compiling module TAG_RX_DEC
# 
# Top level modules:
# 	SRIO_TOP
# End time: 15:15:41 on Apr 22,2025, Elapsed time: 0:00:00
# Errors: 0, Warnings: 0
# Model Technology ModelSim SE-64 vlog 2020.4 Compiler 2020.10 Oct 13 2020
# Start time: 15:15:41 on Apr 22,2025
# vlog -reportprogress 300 -work work ../rtl/04_bist/bist_reg.v ../rtl/04_bist/ram_bist.v 
# -- Compiling module BIST_REG
# -- Compiling module RAM_BIST
# 
# Top level modules:
# 	BIST_REG
# 	RAM_BIST
# End time: 15:15:41 on Apr 22,2025, Elapsed time: 0:00:00
# Errors: 0, Warnings: 0
# ** Warning: (vlib-34) Library already exists at "work".
# Errors: 0, Warnings: 1
# Model Technology ModelSim SE-64 vmap 2020.4 Lib Mapping Utility 2020.10 Oct 13 2020
# vmap work 
# Reading C:/modeltech64_2020.4/win64/../modelsim.ini
# "work" maps to directory ./work. (Default mapping)
# Model Technology ModelSim SE-64 vlog 2020.4 Compiler 2020.10 Oct 13 2020
# Start time: 15:15:41 on Apr 22,2025
# vlog -reportprogress 300 -work work sim_model/define/define.v 
# End time: 15:15:41 on Apr 22,2025, Elapsed time: 0:00:00
# Errors: 0, Warnings: 0
# Model Technology ModelSim SE-64 vlog 2020.4 Compiler 2020.10 Oct 13 2020
# Start time: 15:15:41 on Apr 22,2025
# vlog -reportprogress 300 "+define+tb_00=1" -work work "+incdir+{sim_model/define}" sim_model/sim_model.v 
# -- Compiling module SIM_MODEL
# 
# Top level modules:
# 	SIM_MODEL
# End time: 15:15:41 on Apr 22,2025, Elapsed time: 0:00:00
# Errors: 0, Warnings: 0
# Model Technology ModelSim SE-64 vlog 2020.4 Compiler 2020.10 Oct 13 2020
# Start time: 15:15:41 on Apr 22,2025
# vlog -reportprogress 300 "+define+tb_00=1" -work work "+incdir+{sim_model/define}" sim_model/tb_top.v 
# -- Compiling module tb_top
# 
# Top level modules:
# 	tb_top
# End time: 15:15:42 on Apr 22,2025, Elapsed time: 0:00:01
# Errors: 0, Warnings: 0
do do/tb_00.do
# Model Technology ModelSim SE-64 vlog 2020.4 Compiler 2020.10 Oct 13 2020
# Start time: 15:15:44 on Apr 22,2025
# vlog -reportprogress 300 "+define+tb_00=1" -work work sim_model\define\define.v 
# End time: 15:15:44 on Apr 22,2025, Elapsed time: 0:00:00
# Errors: 0, Warnings: 0
# Model Technology ModelSim SE-64 vlog 2020.4 Compiler 2020.10 Oct 13 2020
# Start time: 15:15:44 on Apr 22,2025
# vlog -reportprogress 300 "+define+tb_00=1" -work work "+incdir+{sim_modeldefine}" sim_model\tb_top.v 
# -- Compiling module tb_top
# 
# Top level modules:
# 	tb_top
# End time: 15:15:44 on Apr 22,2025, Elapsed time: 0:00:00
# Errors: 0, Warnings: 0
# End time: 15:15:48 on Apr 22,2025, Elapsed time: 0:05:44
# Errors: 0, Warnings: 16
# vsim -t 1ps -c -l ./log/vsim_tb_00_report.log work.tb_top -L UNISIMS_VER -L SECUREIP -L SIMPRIMS_VER -L work -voptargs="+acc" work.glbl -wav ./wave/tb_00.wlf 
# Start time: 15:15:48 on Apr 22,2025
# ** Note: (vsim-3813) Design is being optimized due to module recompilation...
# ** Warning: ../rtl/03_srio/srio_top.v(454): (vopt-2685) [TFMPC] - Too few port connections for 'U_INI_RX_DEC'.  Expected 13, found 12.
# ** Warning: ../rtl/03_srio/srio_top.v(454): (vopt-2718) [TFMPC] - Missing connection for port 'INI_RDY'.
# ** Warning: ../rtl/03_srio/srio_top.v(497): (vopt-2685) [TFMPC] - Too few port connections for 'U_TAG_RX_DEC'.  Expected 24, found 23.
# ** Warning: ../rtl/03_srio/srio_top.v(497): (vopt-2718) [TFMPC] - Missing connection for port 'TAG_RDY'.
# ** Note: (vsim-12126) Error and warning message counts have been restored: Errors=0, Warnings=4.
# Loading work.tb_top(fast)
# Loading work.SIM_MODEL(fast)
# Loading work.SRIO_TOP(fast)
# Loading work.INI_REG_TX(fast)
# Loading work.sfifo_i72o72_d512(fast)
# Loading UNISIMS_VER.GND(fast)
# Loading UNISIMS_VER.LUT1(fast)
# Loading UNISIMS_VER.LUT2(fast)
# Loading UNISIMS_VER.LUT3(fast)
# Loading UNISIMS_VER.FDRE(fast)
# Loading UNISIMS_VER.CARRY4(fast)
# Loading UNISIMS_VER.LUT5(fast)
# Loading UNISIMS_VER.LUT5(fast__1)
# Loading UNISIMS_VER.FDSE(fast)
# Loading UNISIMS_VER.LUT4(fast)
# Loading UNISIMS_VER.LUT4(fast__1)
# Loading UNISIMS_VER.LUT3(fast__1)
# Loading UNISIMS_VER.LUT3(fast__2)
# Loading UNISIMS_VER.LUT4(fast__2)
# Loading UNISIMS_VER.LUT6(fast)
# Loading UNISIMS_VER.LUT2(fast__1)
# Loading UNISIMS_VER.LUT3(fast__3)
# Loading UNISIMS_VER.LUT4(fast__3)
# Loading UNISIMS_VER.LUT5(fast__2)
# Loading UNISIMS_VER.LUT6(fast__1)
# Loading UNISIMS_VER.LUT6(fast__2)
# Loading UNISIMS_VER.LUT4(fast__4)
# Loading UNISIMS_VER.LUT2(fast__2)
# Loading UNISIMS_VER.LUT5(fast__3)
# Loading UNISIMS_VER.LUT4(fast__5)
# Loading UNISIMS_VER.LUT1(fast__1)
# Loading UNISIMS_VER.RAMB36E1(fast)
# Loading UNISIMS_VER.RB36_INTERNAL_VLOG(fast)
# Loading work.INI_DMA_WR(fast)
# Loading work.sfifo_i64o64_d512(fast)
# Loading work.INI_DMA_RD(fast)
# Loading work.ARBITA_CH6(fast)
# Loading work.SRIO_TX(fast)
# Loading work.afifo_i72o72_d2048(fast)
# Loading work.afifo_i72o72_d2048_xpm_cdc_gray(fast)
# Loading UNISIMS_VER.LUT6(fast__3)
# Loading UNISIMS_VER.LUT5(fast__4)
# Loading UNISIMS_VER.LUT4(fast__6)
# Loading UNISIMS_VER.LUT3(fast__4)
# Loading work.afifo_i72o72_d2048_xpm_cdc_gray__2(fast)
# Loading UNISIMS_VER.LUT6(fast__4)
# Loading UNISIMS_VER.LUT4(fast__7)
# Loading UNISIMS_VER.LUT6(fast__5)
# Loading UNISIMS_VER.LUT5(fast__5)
# Loading UNISIMS_VER.LUT6(fast__6)
# Loading UNISIMS_VER.FDSE(fast__1)
# Loading UNISIMS_VER.RAMB36E1(fast__1)
# Loading UNISIMS_VER.RB36_INTERNAL_VLOG(fast__1)
# Loading UNISIMS_VER.SRL16E(fast)
# Loading UNISIMS_VER.LUT2(fast__3)
# Loading UNISIMS_VER.FDRE(fast__1)
# Loading UNISIMS_VER.LUT3(fast__5)
# Loading UNISIMS_VER.LUT4(fast__8)
# Loading UNISIMS_VER.LUT6(fast__7)
# Loading work.afifo_i72o72_d2048_xpm_cdc_single(fast)
# Loading work.afifo_i72o72_d2048_xpm_cdc_single__2(fast)
# Loading work.afifo_i72o72_d2048_xpm_cdc_sync_rst(fast)
# Loading work.afifo_i72o72_d2048_xpm_cdc_sync_rst__2(fast)
# Loading work.SRIO_RX(fast)
# Loading work.INI_RX_DEC(fast)
# Loading work.TAG_RX_DEC(fast)
# Loading work.TAG_REG_TX(fast)
# Loading work.TAG_DMA_TX(fast)
# Loading work.BIST_REG(fast)
# Loading work.RAM_BIST(fast)
# Loading work.sram_i64o64_d256(fast)
# Loading UNISIMS_VER.RAMB36E1(fast__2)
# Loading UNISIMS_VER.RB36_INTERNAL_VLOG(fast__2)
# Loading work.glbl(fast)
# ** Warning: (vsim-3015) [PCDPC] - Port size (32) does not match connection size (25) for port 'INI_WR_ADDR'. The port definition is at: ../rtl/03_srio/srio_top.v(55).
#    Time: 0 ps  Iteration: 0  Instance: /tb_top/U_SRIO_TOP File: sim_model/tb_top.v Line: 763
# ** Warning: (vsim-3015) [PCDPC] - Port size (8) does not match connection size (16) for port 'INI_WR_SIZE'. The port definition is at: ../rtl/03_srio/srio_top.v(56).
#    Time: 0 ps  Iteration: 0  Instance: /tb_top/U_SRIO_TOP File: sim_model/tb_top.v Line: 763
# ** Warning: (vsim-3015) [PCDPC] - Port size (8) does not match connection size (25) for port 'INI_RD_SIZE'. The port definition is at: ../rtl/03_srio/srio_top.v(64).
#    Time: 0 ps  Iteration: 0  Instance: /tb_top/U_SRIO_TOP File: sim_model/tb_top.v Line: 763
# ** Warning: (vsim-3015) [PCDPC] - Port size (32) does not match connection size (12) for port 'INI_RD_ADDR'. The port definition is at: ../rtl/03_srio/srio_top.v(65).
#    Time: 0 ps  Iteration: 0  Instance: /tb_top/U_SRIO_TOP File: sim_model/tb_top.v Line: 763
# ** Warning: (vsim-3015) [PCDPC] - Port size (32) does not match connection size (16) for port 'TAG_WR_ADDR'. The port definition is at: ../rtl/03_srio/srio_top.v(81).
#    Time: 0 ps  Iteration: 0  Instance: /tb_top/U_SRIO_TOP File: sim_model/tb_top.v Line: 763
# ** Warning: (vsim-3015) [PCDPC] - Port size (32) does not match connection size (8) for port 'TAG_RD_SIZE'. The port definition is at: ../rtl/03_srio/srio_top.v(90).
#    Time: 0 ps  Iteration: 0  Instance: /tb_top/U_SRIO_TOP File: sim_model/tb_top.v Line: 763
# ** Warning: (vsim-3015) [PCDPC] - Port size (8) does not match connection size (16) for port 'TAG_RD_ADDR'. The port definition is at: ../rtl/03_srio/srio_top.v(91).
#    Time: 0 ps  Iteration: 0  Instance: /tb_top/U_SRIO_TOP File: sim_model/tb_top.v Line: 763
# ** Warning: (vsim-3015) [PCDPC] - Port size (1) does not match connection size (32) for port 'DMA_RD_ADDR'. The port definition is at: ../rtl/03_srio/ini_dma_rd.v(23).
#    Time: 0 ps  Iteration: 0  Instance: /tb_top/U_SRIO_TOP/U_INI_DMA_RD File: ../rtl/03_srio/srio_top.v Line: 338
# ** Warning: (vsim-3015) [PCDPC] - Port size (9) does not match connection size (8) for port 'DMA_WR_SIZE'. The port definition is at: ../rtl/03_srio/tag_rx_dec.v(36).
#    Time: 0 ps  Iteration: 0  Instance: /tb_top/U_SRIO_TOP/U_TAG_RX_DEC File: ../rtl/03_srio/srio_top.v Line: 497
# ** Warning: (vsim-3015) [PCDPC] - Port size (9) does not match connection size (32) for port 'DMA_RD_SIZE'. The port definition is at: ../rtl/03_srio/tag_rx_dec.v(43).
#    Time: 0 ps  Iteration: 0  Instance: /tb_top/U_SRIO_TOP/U_TAG_RX_DEC File: ../rtl/03_srio/srio_top.v Line: 497
# ** Warning: (vsim-3015) [PCDPC] - Port size (32) does not match connection size (8) for port 'DMA_RD_ADDR'. The port definition is at: ../rtl/03_srio/tag_rx_dec.v(44).
#    Time: 0 ps  Iteration: 0  Instance: /tb_top/U_SRIO_TOP/U_TAG_RX_DEC File: ../rtl/03_srio/srio_top.v Line: 497
# ** Warning: (vsim-3015) [PCDPC] - Port size (9) does not match connection size (32) for port 'DMA_RD_SIZE'. The port definition is at: ../rtl/03_srio/tag_dma_tx.v(24).
#    Time: 0 ps  Iteration: 0  Instance: /tb_top/U_SRIO_TOP/U_TAG_DMA_TX File: ../rtl/03_srio/srio_top.v Line: 549
# ** Warning: (vsim-3015) [PCDPC] - Port size (32) does not match connection size (8) for port 'DMA_RD_ADDR'. The port definition is at: ../rtl/03_srio/tag_dma_tx.v(25).
#    Time: 0 ps  Iteration: 0  Instance: /tb_top/U_SRIO_TOP/U_TAG_DMA_TX File: ../rtl/03_srio/srio_top.v Line: 549
# ** Warning: (vsim-3015) [PCDPC] - Port size (6) does not match connection size (8) for port 'addra'. The port definition is at: ../rtl/00_xilinx_ip/03_ram/sram_i64o64_d256/sram_i64o64_d256_sim_netlist.V(20).
#    Time: 0 ps  Iteration: 0  Instance: /tb_top/U_RAM_BIST/U_BIST_BRAM File: ../rtl/04_bist/ram_bist.v Line: 113
# ** Warning: (vsim-3015) [PCDPC] - Port size (6) does not match connection size (8) for port 'addrb'. The port definition is at: ../rtl/00_xilinx_ip/03_ram/sram_i64o64_d256/sram_i64o64_d256_sim_netlist.V(23).
#    Time: 0 ps  Iteration: 0  Instance: /tb_top/U_RAM_BIST/U_BIST_BRAM File: ../rtl/04_bist/ram_bist.v Line: 113
#  
# ******<<<<<<<<<<<<<<<<<<<<<<Simulation tb_00 start>>>>>>>>>>>>>>>>>>>>>>> ******
#  
# ---- Initial simulation
# ---- clock ---- 1111 ---- enable
# ---- Wait for  64 cycles
# ---- Wait for  64 cycles end
# ---- Wait for  16 cycles
# ---- Wait for  16 cycles end
# ---- reseting by cycle
# ---- reset0   64 cycle end
# ---- Wait for  16 cycles
# ---- Wait for  16 cycles end
# ---- reseting by ns
# ---- reset1  255 ns end
# ---- Write register   PORT :0x0    ADD :0x200    DATA :0x89abcd0e
# ---- Wait for  16 cycles
# ---- Wait for  16 cycles end
# ---- [Error      ]Read register timeout ADD :0x200
# ---- [Error      ]Read register timeout ADD :0x200
# ---- [Error      ]Read register   PORT :0x0    ADD :0x200    EDAT :0x89abcd0e    RDAT :0x00000000
# ---- Wait for  16 cycles
# ---- Wait for  16 cycles end
# ---- Wait for 255 cycles
# ---- Wait for 255 cycles end
# ---- tb_00 test completed !
#  
# ******<<<<<<<<<<<<<<<<<<<<<<Simulation tb_00 Fail End>>>>>>>>>>>>>>>>>>>>>>> ******
#  
do do/compile_all.do
# ** Warning: (vlib-34) Library already exists at "work".
# Errors: 0, Warnings: 1
# Model Technology ModelSim SE-64 vmap 2020.4 Lib Mapping Utility 2020.10 Oct 13 2020
# vmap work 
# Reading C:/modeltech64_2020.4/win64/../modelsim.ini
# "work" maps to directory ./work. (Default mapping)
# Model Technology ModelSim SE-64 vlog 2020.4 Compiler 2020.10 Oct 13 2020
# Start time: 15:19:59 on Apr 22,2025
# vlog -reportprogress 300 -work work sim_model/lib/glbl.v 
# -- Compiling module glbl
# 
# Top level modules:
# 	glbl
# End time: 15:19:59 on Apr 22,2025, Elapsed time: 0:00:00
# Errors: 0, Warnings: 0
# ** Warning: (vlib-34) Library already exists at "work".
# Errors: 0, Warnings: 1
# Model Technology ModelSim SE-64 vmap 2020.4 Lib Mapping Utility 2020.10 Oct 13 2020
# vmap work 
# Reading C:/modeltech64_2020.4/win64/../modelsim.ini
# "work" maps to directory ./work. (Default mapping)
# Model Technology ModelSim SE-64 vlog 2020.4 Compiler 2020.10 Oct 13 2020
# Start time: 15:19:59 on Apr 22,2025
# vlog -reportprogress 300 -work work ../rtl/00_xilinx_ip/00_afifo/afifo_i72o72_d2048/afifo_i72o72_d2048_sim_netlist.V 
# -- Compiling module afifo_i72o72_d2048
# -- Compiling module afifo_i72o72_d2048_xpm_cdc_gray
# -- Compiling module afifo_i72o72_d2048_xpm_cdc_gray__2
# -- Compiling module afifo_i72o72_d2048_xpm_cdc_single
# -- Compiling module afifo_i72o72_d2048_xpm_cdc_single__2
# -- Compiling module afifo_i72o72_d2048_xpm_cdc_sync_rst
# -- Compiling module afifo_i72o72_d2048_xpm_cdc_sync_rst__2
# -- Compiling module glbl
# 
# Top level modules:
# 	afifo_i72o72_d2048
# 	glbl
# End time: 15:20:00 on Apr 22,2025, Elapsed time: 0:00:01
# Errors: 0, Warnings: 0
# Model Technology ModelSim SE-64 vlog 2020.4 Compiler 2020.10 Oct 13 2020
# Start time: 15:20:00 on Apr 22,2025
# vlog -reportprogress 300 -work work ../rtl/00_xilinx_ip/01_sfifo/sfifo_i32o32_d1024/sfifo_i32o32_d1024_sim_netlist.V 
# -- Compiling module sfifo_i32o32_d1024
# -- Compiling module glbl
# 
# Top level modules:
# 	sfifo_i32o32_d1024
# 	glbl
# End time: 15:20:00 on Apr 22,2025, Elapsed time: 0:00:00
# Errors: 0, Warnings: 0
# Model Technology ModelSim SE-64 vlog 2020.4 Compiler 2020.10 Oct 13 2020
# Start time: 15:20:00 on Apr 22,2025
# vlog -reportprogress 300 -work work ../rtl/00_xilinx_ip/01_sfifo/sfifo_i64o64_d512/sfifo_i64o64_d512_sim_netlist.V 
# -- Compiling module sfifo_i64o64_d512
# -- Compiling module glbl
# 
# Top level modules:
# 	sfifo_i64o64_d512
# 	glbl
# End time: 15:20:00 on Apr 22,2025, Elapsed time: 0:00:00
# Errors: 0, Warnings: 0
# Model Technology ModelSim SE-64 vlog 2020.4 Compiler 2020.10 Oct 13 2020
# Start time: 15:20:00 on Apr 22,2025
# vlog -reportprogress 300 -work work ../rtl/00_xilinx_ip/01_sfifo/sfifo_i72o72_d512/sfifo_i72o72_d512_sim_netlist.V 
# -- Compiling module sfifo_i72o72_d512
# -- Compiling module glbl
# 
# Top level modules:
# 	sfifo_i72o72_d512
# 	glbl
# End time: 15:20:01 on Apr 22,2025, Elapsed time: 0:00:01
# Errors: 0, Warnings: 0
# Model Technology ModelSim SE-64 vlog 2020.4 Compiler 2020.10 Oct 13 2020
# Start time: 15:20:01 on Apr 22,2025
# vlog -reportprogress 300 -work work ../rtl/00_xilinx_ip/03_ram/sram_i64o64_d256/sram_i64o64_d256_sim_netlist.V 
# -- Compiling module sram_i64o64_d256
# -- Compiling module glbl
# 
# Top level modules:
# 	sram_i64o64_d256
# 	glbl
# End time: 15:20:01 on Apr 22,2025, Elapsed time: 0:00:00
# Errors: 0, Warnings: 0
# Model Technology ModelSim SE-64 vlog 2020.4 Compiler 2020.10 Oct 13 2020
# Start time: 15:20:01 on Apr 22,2025
# vlog -reportprogress 300 -work work ../rtl/01_user_ip/arbita_ch6.v ../rtl/01_user_ip/pulse_gen.v 
# -- Compiling module ARBITA_CH6
# -- Compiling module PULSE_GEN
# 
# Top level modules:
# 	ARBITA_CH6
# 	PULSE_GEN
# End time: 15:20:01 on Apr 22,2025, Elapsed time: 0:00:00
# Errors: 0, Warnings: 0
# Model Technology ModelSim SE-64 vlog 2020.4 Compiler 2020.10 Oct 13 2020
# Start time: 15:20:01 on Apr 22,2025
# vlog -reportprogress 300 -work work ../rtl/03_srio/ini_dma_rd.v ../rtl/03_srio/ini_dma_wr.v ../rtl/03_srio/ini_reg_tx.v ../rtl/03_srio/ini_rx_dec.v ../rtl/03_srio/srio_rx.v ../rtl/03_srio/srio_top.v ../rtl/03_srio/srio_tx.v ../rtl/03_srio/tag_dma_tx.v ../rtl/03_srio/tag_reg_tx.v ../rtl/03_srio/tag_rx_dec.v 
# -- Compiling module INI_DMA_RD
# -- Compiling module INI_DMA_WR
# -- Compiling module INI_REG_TX
# -- Compiling module INI_RX_DEC
# -- Compiling module SRIO_RX
# -- Compiling module SRIO_TOP
# -- Compiling module SRIO_TX
# -- Compiling module TAG_DMA_TX
# -- Compiling module TAG_REG_TX
# -- Compiling module TAG_RX_DEC
# 
# Top level modules:
# 	SRIO_TOP
# End time: 15:20:01 on Apr 22,2025, Elapsed time: 0:00:00
# Errors: 0, Warnings: 0
# Model Technology ModelSim SE-64 vlog 2020.4 Compiler 2020.10 Oct 13 2020
# Start time: 15:20:01 on Apr 22,2025
# vlog -reportprogress 300 -work work ../rtl/04_bist/bist_reg.v ../rtl/04_bist/ram_bist.v 
# -- Compiling module BIST_REG
# -- Compiling module RAM_BIST
# 
# Top level modules:
# 	BIST_REG
# 	RAM_BIST
# End time: 15:20:02 on Apr 22,2025, Elapsed time: 0:00:01
# Errors: 0, Warnings: 0
# ** Warning: (vlib-34) Library already exists at "work".
# Errors: 0, Warnings: 1
# Model Technology ModelSim SE-64 vmap 2020.4 Lib Mapping Utility 2020.10 Oct 13 2020
# vmap work 
# Reading C:/modeltech64_2020.4/win64/../modelsim.ini
# "work" maps to directory ./work. (Default mapping)
# Model Technology ModelSim SE-64 vlog 2020.4 Compiler 2020.10 Oct 13 2020
# Start time: 15:20:02 on Apr 22,2025
# vlog -reportprogress 300 -work work sim_model/define/define.v 
# End time: 15:20:02 on Apr 22,2025, Elapsed time: 0:00:00
# Errors: 0, Warnings: 0
# Model Technology ModelSim SE-64 vlog 2020.4 Compiler 2020.10 Oct 13 2020
# Start time: 15:20:02 on Apr 22,2025
# vlog -reportprogress 300 "+define+tb_00=1" -work work "+incdir+{sim_model/define}" sim_model/sim_model.v 
# -- Compiling module SIM_MODEL
# 
# Top level modules:
# 	SIM_MODEL
# End time: 15:20:02 on Apr 22,2025, Elapsed time: 0:00:00
# Errors: 0, Warnings: 0
# Model Technology ModelSim SE-64 vlog 2020.4 Compiler 2020.10 Oct 13 2020
# Start time: 15:20:02 on Apr 22,2025
# vlog -reportprogress 300 "+define+tb_00=1" -work work "+incdir+{sim_model/define}" sim_model/tb_top.v 
# -- Compiling module tb_top
# 
# Top level modules:
# 	tb_top
# End time: 15:20:02 on Apr 22,2025, Elapsed time: 0:00:00
# Errors: 0, Warnings: 0
do do/tb_00.do
# Model Technology ModelSim SE-64 vlog 2020.4 Compiler 2020.10 Oct 13 2020
# Start time: 15:20:04 on Apr 22,2025
# vlog -reportprogress 300 "+define+tb_00=1" -work work sim_model\define\define.v 
# End time: 15:20:04 on Apr 22,2025, Elapsed time: 0:00:00
# Errors: 0, Warnings: 0
# Model Technology ModelSim SE-64 vlog 2020.4 Compiler 2020.10 Oct 13 2020
# Start time: 15:20:04 on Apr 22,2025
# vlog -reportprogress 300 "+define+tb_00=1" -work work "+incdir+{sim_modeldefine}" sim_model\tb_top.v 
# -- Compiling module tb_top
# 
# Top level modules:
# 	tb_top
# End time: 15:20:05 on Apr 22,2025, Elapsed time: 0:00:01
# Errors: 0, Warnings: 0
# End time: 15:20:08 on Apr 22,2025, Elapsed time: 0:04:20
# Errors: 0, Warnings: 19
# vsim -t 1ps -c -l ./log/vsim_tb_00_report.log work.tb_top -L UNISIMS_VER -L SECUREIP -L SIMPRIMS_VER -L work -voptargs="+acc" work.glbl -wav ./wave/tb_00.wlf 
# Start time: 15:20:08 on Apr 22,2025
# ** Note: (vsim-3813) Design is being optimized due to module recompilation...
# Loading work.tb_top(fast)
# Loading work.SIM_MODEL(fast)
# Loading work.SRIO_TOP(fast)
# Loading work.INI_REG_TX(fast)
# Loading work.sfifo_i72o72_d512(fast)
# Loading UNISIMS_VER.GND(fast)
# Loading UNISIMS_VER.LUT1(fast)
# Loading UNISIMS_VER.LUT2(fast)
# Loading UNISIMS_VER.LUT3(fast)
# Loading UNISIMS_VER.FDRE(fast)
# Loading UNISIMS_VER.CARRY4(fast)
# Loading UNISIMS_VER.LUT5(fast)
# Loading UNISIMS_VER.LUT5(fast__1)
# Loading UNISIMS_VER.FDSE(fast)
# Loading UNISIMS_VER.LUT4(fast)
# Loading UNISIMS_VER.LUT4(fast__1)
# Loading UNISIMS_VER.LUT3(fast__1)
# Loading UNISIMS_VER.LUT3(fast__2)
# Loading UNISIMS_VER.LUT4(fast__2)
# Loading UNISIMS_VER.LUT6(fast)
# Loading UNISIMS_VER.LUT2(fast__1)
# Loading UNISIMS_VER.LUT3(fast__3)
# Loading UNISIMS_VER.LUT4(fast__3)
# Loading UNISIMS_VER.LUT5(fast__2)
# Loading UNISIMS_VER.LUT6(fast__1)
# Loading UNISIMS_VER.LUT6(fast__2)
# Loading UNISIMS_VER.LUT4(fast__4)
# Loading UNISIMS_VER.LUT2(fast__2)
# Loading UNISIMS_VER.LUT5(fast__3)
# Loading UNISIMS_VER.LUT4(fast__5)
# Loading UNISIMS_VER.LUT1(fast__1)
# Loading UNISIMS_VER.RAMB36E1(fast)
# Loading UNISIMS_VER.RB36_INTERNAL_VLOG(fast)
# Loading work.INI_DMA_WR(fast)
# Loading work.sfifo_i64o64_d512(fast)
# Loading work.INI_DMA_RD(fast)
# Loading work.ARBITA_CH6(fast)
# Loading work.SRIO_TX(fast)
# Loading work.afifo_i72o72_d2048(fast)
# Loading work.afifo_i72o72_d2048_xpm_cdc_gray(fast)
# Loading UNISIMS_VER.LUT6(fast__3)
# Loading UNISIMS_VER.LUT5(fast__4)
# Loading UNISIMS_VER.LUT4(fast__6)
# Loading UNISIMS_VER.LUT3(fast__4)
# Loading work.afifo_i72o72_d2048_xpm_cdc_gray__2(fast)
# Loading UNISIMS_VER.LUT6(fast__4)
# Loading UNISIMS_VER.LUT4(fast__7)
# Loading UNISIMS_VER.LUT6(fast__5)
# Loading UNISIMS_VER.LUT5(fast__5)
# Loading UNISIMS_VER.LUT6(fast__6)
# Loading UNISIMS_VER.FDSE(fast__1)
# Loading UNISIMS_VER.RAMB36E1(fast__1)
# Loading UNISIMS_VER.RB36_INTERNAL_VLOG(fast__1)
# Loading UNISIMS_VER.SRL16E(fast)
# Loading UNISIMS_VER.LUT2(fast__3)
# Loading UNISIMS_VER.FDRE(fast__1)
# Loading UNISIMS_VER.LUT3(fast__5)
# Loading UNISIMS_VER.LUT4(fast__8)
# Loading UNISIMS_VER.LUT6(fast__7)
# Loading work.afifo_i72o72_d2048_xpm_cdc_single(fast)
# Loading work.afifo_i72o72_d2048_xpm_cdc_single__2(fast)
# Loading work.afifo_i72o72_d2048_xpm_cdc_sync_rst(fast)
# Loading work.afifo_i72o72_d2048_xpm_cdc_sync_rst__2(fast)
# Loading work.SRIO_RX(fast)
# Loading work.INI_RX_DEC(fast)
# Loading work.TAG_RX_DEC(fast)
# Loading work.TAG_REG_TX(fast)
# Loading work.TAG_DMA_TX(fast)
# Loading work.BIST_REG(fast)
# Loading work.RAM_BIST(fast)
# Loading work.sram_i64o64_d256(fast)
# Loading UNISIMS_VER.RAMB36E1(fast__2)
# Loading UNISIMS_VER.RB36_INTERNAL_VLOG(fast__2)
# Loading work.glbl(fast)
# ** Warning: (vsim-3015) [PCDPC] - Port size (32) does not match connection size (25) for port 'INI_WR_ADDR'. The port definition is at: ../rtl/03_srio/srio_top.v(55).
#    Time: 0 ps  Iteration: 0  Instance: /tb_top/U_SRIO_TOP File: sim_model/tb_top.v Line: 763
# ** Warning: (vsim-3015) [PCDPC] - Port size (8) does not match connection size (16) for port 'INI_WR_SIZE'. The port definition is at: ../rtl/03_srio/srio_top.v(56).
#    Time: 0 ps  Iteration: 0  Instance: /tb_top/U_SRIO_TOP File: sim_model/tb_top.v Line: 763
# ** Warning: (vsim-3015) [PCDPC] - Port size (8) does not match connection size (25) for port 'INI_RD_SIZE'. The port definition is at: ../rtl/03_srio/srio_top.v(64).
#    Time: 0 ps  Iteration: 0  Instance: /tb_top/U_SRIO_TOP File: sim_model/tb_top.v Line: 763
# ** Warning: (vsim-3015) [PCDPC] - Port size (32) does not match connection size (12) for port 'INI_RD_ADDR'. The port definition is at: ../rtl/03_srio/srio_top.v(65).
#    Time: 0 ps  Iteration: 0  Instance: /tb_top/U_SRIO_TOP File: sim_model/tb_top.v Line: 763
# ** Warning: (vsim-3015) [PCDPC] - Port size (32) does not match connection size (16) for port 'TAG_WR_ADDR'. The port definition is at: ../rtl/03_srio/srio_top.v(81).
#    Time: 0 ps  Iteration: 0  Instance: /tb_top/U_SRIO_TOP File: sim_model/tb_top.v Line: 763
# ** Warning: (vsim-3015) [PCDPC] - Port size (32) does not match connection size (8) for port 'TAG_RD_SIZE'. The port definition is at: ../rtl/03_srio/srio_top.v(90).
#    Time: 0 ps  Iteration: 0  Instance: /tb_top/U_SRIO_TOP File: sim_model/tb_top.v Line: 763
# ** Warning: (vsim-3015) [PCDPC] - Port size (8) does not match connection size (16) for port 'TAG_RD_ADDR'. The port definition is at: ../rtl/03_srio/srio_top.v(91).
#    Time: 0 ps  Iteration: 0  Instance: /tb_top/U_SRIO_TOP File: sim_model/tb_top.v Line: 763
# ** Warning: (vsim-3015) [PCDPC] - Port size (1) does not match connection size (32) for port 'DMA_RD_ADDR'. The port definition is at: ../rtl/03_srio/ini_dma_rd.v(23).
#    Time: 0 ps  Iteration: 0  Instance: /tb_top/U_SRIO_TOP/U_INI_DMA_RD File: ../rtl/03_srio/srio_top.v Line: 338
# ** Warning: (vsim-3015) [PCDPC] - Port size (9) does not match connection size (8) for port 'DMA_WR_SIZE'. The port definition is at: ../rtl/03_srio/tag_rx_dec.v(36).
#    Time: 0 ps  Iteration: 0  Instance: /tb_top/U_SRIO_TOP/U_TAG_RX_DEC File: ../rtl/03_srio/srio_top.v Line: 497
# ** Warning: (vsim-3015) [PCDPC] - Port size (9) does not match connection size (32) for port 'DMA_RD_SIZE'. The port definition is at: ../rtl/03_srio/tag_rx_dec.v(43).
#    Time: 0 ps  Iteration: 0  Instance: /tb_top/U_SRIO_TOP/U_TAG_RX_DEC File: ../rtl/03_srio/srio_top.v Line: 497
# ** Warning: (vsim-3015) [PCDPC] - Port size (32) does not match connection size (8) for port 'DMA_RD_ADDR'. The port definition is at: ../rtl/03_srio/tag_rx_dec.v(44).
#    Time: 0 ps  Iteration: 0  Instance: /tb_top/U_SRIO_TOP/U_TAG_RX_DEC File: ../rtl/03_srio/srio_top.v Line: 497
# ** Warning: (vsim-3015) [PCDPC] - Port size (9) does not match connection size (32) for port 'DMA_RD_SIZE'. The port definition is at: ../rtl/03_srio/tag_dma_tx.v(24).
#    Time: 0 ps  Iteration: 0  Instance: /tb_top/U_SRIO_TOP/U_TAG_DMA_TX File: ../rtl/03_srio/srio_top.v Line: 549
# ** Warning: (vsim-3015) [PCDPC] - Port size (32) does not match connection size (8) for port 'DMA_RD_ADDR'. The port definition is at: ../rtl/03_srio/tag_dma_tx.v(25).
#    Time: 0 ps  Iteration: 0  Instance: /tb_top/U_SRIO_TOP/U_TAG_DMA_TX File: ../rtl/03_srio/srio_top.v Line: 549
# ** Warning: (vsim-3015) [PCDPC] - Port size (6) does not match connection size (8) for port 'addra'. The port definition is at: ../rtl/00_xilinx_ip/03_ram/sram_i64o64_d256/sram_i64o64_d256_sim_netlist.V(20).
#    Time: 0 ps  Iteration: 0  Instance: /tb_top/U_RAM_BIST/U_BIST_BRAM File: ../rtl/04_bist/ram_bist.v Line: 113
# ** Warning: (vsim-3015) [PCDPC] - Port size (6) does not match connection size (8) for port 'addrb'. The port definition is at: ../rtl/00_xilinx_ip/03_ram/sram_i64o64_d256/sram_i64o64_d256_sim_netlist.V(23).
#    Time: 0 ps  Iteration: 0  Instance: /tb_top/U_RAM_BIST/U_BIST_BRAM File: ../rtl/04_bist/ram_bist.v Line: 113
#  
# ******<<<<<<<<<<<<<<<<<<<<<<Simulation tb_00 start>>>>>>>>>>>>>>>>>>>>>>> ******
#  
# ---- Initial simulation
# ---- clock ---- 1111 ---- enable
# ---- Wait for  64 cycles
# ---- Wait for  64 cycles end
# ---- Wait for  16 cycles
# ---- Wait for  16 cycles end
# ---- reseting by cycle
# ---- reset0   64 cycle end
# ---- Wait for  16 cycles
# ---- Wait for  16 cycles end
# ---- reseting by ns
# ---- reset1  255 ns end
# ---- Write register   PORT :0x0    ADD :0x200    DATA :0x89abcd0e
# ---- Wait for  16 cycles
# ---- Wait for  16 cycles end
# ---- [Success  ]Read register   PORT :0x0    ADD :0x200    EDAT :0x89abcd0e    RDAT :0x89abcd0e
# ---- Wait for  16 cycles
# ---- Wait for  16 cycles end
# ---- Wait for 255 cycles
# ---- Wait for 255 cycles end
# ---- tb_00 test completed !
#  
# ******<<<<<<<<<<<<<<<<<<<<Simulation tb_00 Successful End>>>>>>>>>>>>>>>>>>> ******
#  
do do/compile_all.do
# ** Warning: (vlib-34) Library already exists at "work".
# Errors: 0, Warnings: 1
# Model Technology ModelSim SE-64 vmap 2020.4 Lib Mapping Utility 2020.10 Oct 13 2020
# vmap work 
# Reading C:/modeltech64_2020.4/win64/../modelsim.ini
# "work" maps to directory ./work. (Default mapping)
# Model Technology ModelSim SE-64 vlog 2020.4 Compiler 2020.10 Oct 13 2020
# Start time: 15:44:44 on Apr 22,2025
# vlog -reportprogress 300 -work work sim_model/lib/glbl.v 
# -- Compiling module glbl
# 
# Top level modules:
# 	glbl
# End time: 15:44:44 on Apr 22,2025, Elapsed time: 0:00:00
# Errors: 0, Warnings: 0
# ** Warning: (vlib-34) Library already exists at "work".
# Errors: 0, Warnings: 1
# Model Technology ModelSim SE-64 vmap 2020.4 Lib Mapping Utility 2020.10 Oct 13 2020
# vmap work 
# Reading C:/modeltech64_2020.4/win64/../modelsim.ini
# "work" maps to directory ./work. (Default mapping)
# Model Technology ModelSim SE-64 vlog 2020.4 Compiler 2020.10 Oct 13 2020
# Start time: 15:44:45 on Apr 22,2025
# vlog -reportprogress 300 -work work ../rtl/00_xilinx_ip/00_afifo/afifo_i72o72_d2048/afifo_i72o72_d2048_sim_netlist.V 
# -- Compiling module afifo_i72o72_d2048
# -- Compiling module afifo_i72o72_d2048_xpm_cdc_gray
# -- Compiling module afifo_i72o72_d2048_xpm_cdc_gray__2
# -- Compiling module afifo_i72o72_d2048_xpm_cdc_single
# -- Compiling module afifo_i72o72_d2048_xpm_cdc_single__2
# -- Compiling module afifo_i72o72_d2048_xpm_cdc_sync_rst
# -- Compiling module afifo_i72o72_d2048_xpm_cdc_sync_rst__2
# -- Compiling module glbl
# 
# Top level modules:
# 	afifo_i72o72_d2048
# 	glbl
# End time: 15:44:45 on Apr 22,2025, Elapsed time: 0:00:00
# Errors: 0, Warnings: 0
# Model Technology ModelSim SE-64 vlog 2020.4 Compiler 2020.10 Oct 13 2020
# Start time: 15:44:45 on Apr 22,2025
# vlog -reportprogress 300 -work work ../rtl/00_xilinx_ip/01_sfifo/sfifo_i32o32_d1024/sfifo_i32o32_d1024_sim_netlist.V 
# -- Compiling module sfifo_i32o32_d1024
# -- Compiling module glbl
# 
# Top level modules:
# 	sfifo_i32o32_d1024
# 	glbl
# End time: 15:44:45 on Apr 22,2025, Elapsed time: 0:00:00
# Errors: 0, Warnings: 0
# Model Technology ModelSim SE-64 vlog 2020.4 Compiler 2020.10 Oct 13 2020
# Start time: 15:44:45 on Apr 22,2025
# vlog -reportprogress 300 -work work ../rtl/00_xilinx_ip/01_sfifo/sfifo_i64o64_d512/sfifo_i64o64_d512_sim_netlist.V 
# -- Compiling module sfifo_i64o64_d512
# -- Compiling module glbl
# 
# Top level modules:
# 	sfifo_i64o64_d512
# 	glbl
# End time: 15:44:46 on Apr 22,2025, Elapsed time: 0:00:01
# Errors: 0, Warnings: 0
# Model Technology ModelSim SE-64 vlog 2020.4 Compiler 2020.10 Oct 13 2020
# Start time: 15:44:46 on Apr 22,2025
# vlog -reportprogress 300 -work work ../rtl/00_xilinx_ip/01_sfifo/sfifo_i72o72_d512/sfifo_i72o72_d512_sim_netlist.V 
# -- Compiling module sfifo_i72o72_d512
# -- Compiling module glbl
# 
# Top level modules:
# 	sfifo_i72o72_d512
# 	glbl
# End time: 15:44:46 on Apr 22,2025, Elapsed time: 0:00:00
# Errors: 0, Warnings: 0
# Model Technology ModelSim SE-64 vlog 2020.4 Compiler 2020.10 Oct 13 2020
# Start time: 15:44:46 on Apr 22,2025
# vlog -reportprogress 300 -work work ../rtl/00_xilinx_ip/03_ram/sram_i64o64_d256/sram_i64o64_d256_sim_netlist.V 
# -- Compiling module sram_i64o64_d256
# -- Compiling module glbl
# 
# Top level modules:
# 	sram_i64o64_d256
# 	glbl
# End time: 15:44:46 on Apr 22,2025, Elapsed time: 0:00:00
# Errors: 0, Warnings: 0
# Model Technology ModelSim SE-64 vlog 2020.4 Compiler 2020.10 Oct 13 2020
# Start time: 15:44:46 on Apr 22,2025
# vlog -reportprogress 300 -work work ../rtl/01_user_ip/arbita_ch6.v ../rtl/01_user_ip/pulse_gen.v 
# -- Compiling module ARBITA_CH6
# -- Compiling module PULSE_GEN
# 
# Top level modules:
# 	ARBITA_CH6
# 	PULSE_GEN
# End time: 15:44:46 on Apr 22,2025, Elapsed time: 0:00:00
# Errors: 0, Warnings: 0
# Model Technology ModelSim SE-64 vlog 2020.4 Compiler 2020.10 Oct 13 2020
# Start time: 15:44:46 on Apr 22,2025
# vlog -reportprogress 300 -work work ../rtl/03_srio/ini_dma_rd.v ../rtl/03_srio/ini_dma_wr.v ../rtl/03_srio/ini_reg_tx.v ../rtl/03_srio/ini_rx_dec.v ../rtl/03_srio/srio_rx.v ../rtl/03_srio/srio_top.v ../rtl/03_srio/srio_tx.v ../rtl/03_srio/tag_dma_tx.v ../rtl/03_srio/tag_reg_tx.v ../rtl/03_srio/tag_rx_dec.v 
# -- Compiling module INI_DMA_RD
# -- Compiling module INI_DMA_WR
# -- Compiling module INI_REG_TX
# -- Compiling module INI_RX_DEC
# -- Compiling module SRIO_RX
# -- Compiling module SRIO_TOP
# -- Compiling module SRIO_TX
# -- Compiling module TAG_DMA_TX
# -- Compiling module TAG_REG_TX
# -- Compiling module TAG_RX_DEC
# 
# Top level modules:
# 	SRIO_TOP
# End time: 15:44:47 on Apr 22,2025, Elapsed time: 0:00:01
# Errors: 0, Warnings: 0
# Model Technology ModelSim SE-64 vlog 2020.4 Compiler 2020.10 Oct 13 2020
# Start time: 15:44:47 on Apr 22,2025
# vlog -reportprogress 300 -work work ../rtl/04_bist/bist_reg.v ../rtl/04_bist/ram_bist.v 
# -- Compiling module BIST_REG
# -- Compiling module RAM_BIST
# 
# Top level modules:
# 	BIST_REG
# 	RAM_BIST
# End time: 15:44:47 on Apr 22,2025, Elapsed time: 0:00:00
# Errors: 0, Warnings: 0
# ** Warning: (vlib-34) Library already exists at "work".
# Errors: 0, Warnings: 1
# Model Technology ModelSim SE-64 vmap 2020.4 Lib Mapping Utility 2020.10 Oct 13 2020
# vmap work 
# Reading C:/modeltech64_2020.4/win64/../modelsim.ini
# "work" maps to directory ./work. (Default mapping)
# Model Technology ModelSim SE-64 vlog 2020.4 Compiler 2020.10 Oct 13 2020
# Start time: 15:44:47 on Apr 22,2025
# vlog -reportprogress 300 -work work sim_model/define/define.v 
# End time: 15:44:47 on Apr 22,2025, Elapsed time: 0:00:00
# Errors: 0, Warnings: 0
# Model Technology ModelSim SE-64 vlog 2020.4 Compiler 2020.10 Oct 13 2020
# Start time: 15:44:47 on Apr 22,2025
# vlog -reportprogress 300 "+define+tb_00=1" -work work "+incdir+{sim_model/define}" sim_model/sim_model.v 
# -- Compiling module SIM_MODEL
# 
# Top level modules:
# 	SIM_MODEL
# End time: 15:44:47 on Apr 22,2025, Elapsed time: 0:00:00
# Errors: 0, Warnings: 0
# Model Technology ModelSim SE-64 vlog 2020.4 Compiler 2020.10 Oct 13 2020
# Start time: 15:44:47 on Apr 22,2025
# vlog -reportprogress 300 "+define+tb_00=1" -work work "+incdir+{sim_model/define}" sim_model/tb_top.v 
# -- Compiling module tb_top
# 
# Top level modules:
# 	tb_top
# End time: 15:44:47 on Apr 22,2025, Elapsed time: 0:00:00
# Errors: 0, Warnings: 0
do do/tb_00.do
# Model Technology ModelSim SE-64 vlog 2020.4 Compiler 2020.10 Oct 13 2020
# Start time: 15:44:51 on Apr 22,2025
# vlog -reportprogress 300 "+define+tb_00=1" -work work sim_model\define\define.v 
# End time: 15:44:51 on Apr 22,2025, Elapsed time: 0:00:00
# Errors: 0, Warnings: 0
# Model Technology ModelSim SE-64 vlog 2020.4 Compiler 2020.10 Oct 13 2020
# Start time: 15:44:51 on Apr 22,2025
# vlog -reportprogress 300 "+define+tb_00=1" -work work "+incdir+{sim_modeldefine}" sim_model\tb_top.v 
# -- Compiling module tb_top
# 
# Top level modules:
# 	tb_top
# End time: 15:44:51 on Apr 22,2025, Elapsed time: 0:00:00
# Errors: 0, Warnings: 0
# End time: 15:44:54 on Apr 22,2025, Elapsed time: 0:24:46
# Errors: 0, Warnings: 15
# vsim -t 1ps -c -l ./log/vsim_tb_00_report.log work.tb_top -L UNISIMS_VER -L SECUREIP -L SIMPRIMS_VER -L work -voptargs="+acc" work.glbl -wav ./wave/tb_00.wlf 
# Start time: 15:44:54 on Apr 22,2025
# ** Note: (vsim-3813) Design is being optimized due to module recompilation...
# ** Warning: ../rtl/03_srio/srio_top.v(454): (vopt-2685) [TFMPC] - Too few port connections for 'U_INI_RX_DEC'.  Expected 13, found 12.
# ** Warning: ../rtl/03_srio/srio_top.v(454): (vopt-2718) [TFMPC] - Missing connection for port 'INI_RDY'.
# ** Warning: ../rtl/03_srio/srio_top.v(497): (vopt-2685) [TFMPC] - Too few port connections for 'U_TAG_RX_DEC'.  Expected 24, found 23.
# ** Warning: ../rtl/03_srio/srio_top.v(497): (vopt-2718) [TFMPC] - Missing connection for port 'TAG_RDY'.
# ** Note: (vopt-143) Recognized 1 FSM in module "INI_DMA_WR(fast)".
# ** Note: (vsim-12126) Error and warning message counts have been restored: Errors=0, Warnings=4.
# Loading work.tb_top(fast)
# Loading work.SIM_MODEL(fast)
# Loading work.SRIO_TOP(fast)
# Loading work.INI_REG_TX(fast)
# Loading work.sfifo_i72o72_d512(fast)
# Loading UNISIMS_VER.GND(fast)
# Loading UNISIMS_VER.LUT1(fast)
# Loading UNISIMS_VER.LUT2(fast)
# Loading UNISIMS_VER.LUT3(fast)
# Loading UNISIMS_VER.FDRE(fast)
# Loading UNISIMS_VER.CARRY4(fast)
# Loading UNISIMS_VER.LUT5(fast)
# Loading UNISIMS_VER.LUT5(fast__1)
# Loading UNISIMS_VER.FDSE(fast)
# Loading UNISIMS_VER.LUT4(fast)
# Loading UNISIMS_VER.LUT4(fast__1)
# Loading UNISIMS_VER.LUT3(fast__1)
# Loading UNISIMS_VER.LUT3(fast__2)
# Loading UNISIMS_VER.LUT4(fast__2)
# Loading UNISIMS_VER.LUT6(fast)
# Loading UNISIMS_VER.LUT2(fast__1)
# Loading UNISIMS_VER.LUT3(fast__3)
# Loading UNISIMS_VER.LUT4(fast__3)
# Loading UNISIMS_VER.LUT5(fast__2)
# Loading UNISIMS_VER.LUT6(fast__1)
# Loading UNISIMS_VER.LUT6(fast__2)
# Loading UNISIMS_VER.LUT4(fast__4)
# Loading UNISIMS_VER.LUT2(fast__2)
# Loading UNISIMS_VER.LUT5(fast__3)
# Loading UNISIMS_VER.LUT4(fast__5)
# Loading UNISIMS_VER.LUT1(fast__1)
# Loading UNISIMS_VER.RAMB36E1(fast)
# Loading UNISIMS_VER.RB36_INTERNAL_VLOG(fast)
# Loading work.INI_DMA_WR(fast)
# Loading work.sfifo_i64o64_d512(fast)
# Loading work.INI_DMA_RD(fast)
# Loading work.ARBITA_CH6(fast)
# Loading work.SRIO_TX(fast)
# Loading work.afifo_i72o72_d2048(fast)
# Loading work.afifo_i72o72_d2048_xpm_cdc_gray(fast)
# Loading UNISIMS_VER.LUT6(fast__3)
# Loading UNISIMS_VER.LUT5(fast__4)
# Loading UNISIMS_VER.LUT4(fast__6)
# Loading UNISIMS_VER.LUT3(fast__4)
# Loading work.afifo_i72o72_d2048_xpm_cdc_gray__2(fast)
# Loading UNISIMS_VER.LUT6(fast__4)
# Loading UNISIMS_VER.LUT4(fast__7)
# Loading UNISIMS_VER.LUT6(fast__5)
# Loading UNISIMS_VER.LUT5(fast__5)
# Loading UNISIMS_VER.LUT6(fast__6)
# Loading UNISIMS_VER.FDSE(fast__1)
# Loading UNISIMS_VER.RAMB36E1(fast__1)
# Loading UNISIMS_VER.RB36_INTERNAL_VLOG(fast__1)
# Loading UNISIMS_VER.SRL16E(fast)
# Loading UNISIMS_VER.LUT2(fast__3)
# Loading UNISIMS_VER.FDRE(fast__1)
# Loading UNISIMS_VER.LUT3(fast__5)
# Loading UNISIMS_VER.LUT4(fast__8)
# Loading UNISIMS_VER.LUT6(fast__7)
# Loading work.afifo_i72o72_d2048_xpm_cdc_single(fast)
# Loading work.afifo_i72o72_d2048_xpm_cdc_single__2(fast)
# Loading work.afifo_i72o72_d2048_xpm_cdc_sync_rst(fast)
# Loading work.afifo_i72o72_d2048_xpm_cdc_sync_rst__2(fast)
# Loading work.SRIO_RX(fast)
# Loading work.INI_RX_DEC(fast)
# Loading work.TAG_RX_DEC(fast)
# Loading work.TAG_REG_TX(fast)
# Loading work.TAG_DMA_TX(fast)
# Loading work.BIST_REG(fast)
# Loading work.RAM_BIST(fast)
# Loading work.sram_i64o64_d256(fast)
# Loading UNISIMS_VER.RAMB36E1(fast__2)
# Loading UNISIMS_VER.RB36_INTERNAL_VLOG(fast__2)
# Loading work.glbl(fast)
# ** Warning: (vsim-3015) [PCDPC] - Port size (8) does not match connection size (9) for port 'INI_WR_SIZE'. The port definition is at: ../rtl/03_srio/srio_top.v(56).
#    Time: 0 ps  Iteration: 0  Instance: /tb_top/U_SRIO_TOP File: sim_model/tb_top.v Line: 763
# ** Warning: (vsim-3015) [PCDPC] - Port size (8) does not match connection size (32) for port 'INI_RD_SIZE'. The port definition is at: ../rtl/03_srio/srio_top.v(64).
#    Time: 0 ps  Iteration: 0  Instance: /tb_top/U_SRIO_TOP File: sim_model/tb_top.v Line: 763
# ** Warning: (vsim-3015) [PCDPC] - Port size (32) does not match connection size (9) for port 'INI_RD_ADDR'. The port definition is at: ../rtl/03_srio/srio_top.v(65).
#    Time: 0 ps  Iteration: 0  Instance: /tb_top/U_SRIO_TOP File: sim_model/tb_top.v Line: 763
# ** Warning: (vsim-3015) [PCDPC] - Port size (32) does not match connection size (16) for port 'TAG_WR_ADDR'. The port definition is at: ../rtl/03_srio/srio_top.v(81).
#    Time: 0 ps  Iteration: 0  Instance: /tb_top/U_SRIO_TOP File: sim_model/tb_top.v Line: 763
# ** Warning: (vsim-3015) [PCDPC] - Port size (9) does not match connection size (8) for port 'TAG_RD_SIZE'. The port definition is at: ../rtl/03_srio/srio_top.v(90).
#    Time: 0 ps  Iteration: 0  Instance: /tb_top/U_SRIO_TOP File: sim_model/tb_top.v Line: 763
# ** Warning: (vsim-3015) [PCDPC] - Port size (32) does not match connection size (16) for port 'TAG_RD_ADDR'. The port definition is at: ../rtl/03_srio/srio_top.v(91).
#    Time: 0 ps  Iteration: 0  Instance: /tb_top/U_SRIO_TOP File: sim_model/tb_top.v Line: 763
# ** Warning: (vsim-3015) [PCDPC] - Port size (1) does not match connection size (32) for port 'DMA_RD_ADDR'. The port definition is at: ../rtl/03_srio/ini_dma_rd.v(23).
#    Time: 0 ps  Iteration: 0  Instance: /tb_top/U_SRIO_TOP/U_INI_DMA_RD File: ../rtl/03_srio/srio_top.v Line: 338
# ** Warning: (vsim-3015) [PCDPC] - Port size (9) does not match connection size (8) for port 'DMA_WR_SIZE'. The port definition is at: ../rtl/03_srio/tag_rx_dec.v(36).
#    Time: 0 ps  Iteration: 0  Instance: /tb_top/U_SRIO_TOP/U_TAG_RX_DEC File: ../rtl/03_srio/srio_top.v Line: 497
# ** Warning: (vsim-3015) [PCDPC] - Port size (6) does not match connection size (8) for port 'addra'. The port definition is at: ../rtl/00_xilinx_ip/03_ram/sram_i64o64_d256/sram_i64o64_d256_sim_netlist.V(20).
#    Time: 0 ps  Iteration: 0  Instance: /tb_top/U_RAM_BIST/U_BIST_BRAM File: ../rtl/04_bist/ram_bist.v Line: 113
# ** Warning: (vsim-3015) [PCDPC] - Port size (6) does not match connection size (8) for port 'addrb'. The port definition is at: ../rtl/00_xilinx_ip/03_ram/sram_i64o64_d256/sram_i64o64_d256_sim_netlist.V(23).
#    Time: 0 ps  Iteration: 0  Instance: /tb_top/U_RAM_BIST/U_BIST_BRAM File: ../rtl/04_bist/ram_bist.v Line: 113
#  
# ******<<<<<<<<<<<<<<<<<<<<<<Simulation tb_00 start>>>>>>>>>>>>>>>>>>>>>>> ******
#  
# ---- Initial simulation
# ---- clock ---- 1111 ---- enable
# ---- Wait for  64 cycles
# ---- Wait for  64 cycles end
# ---- Wait for  16 cycles
# ---- Wait for  16 cycles end
# ---- reseting by cycle
# ---- reset0   64 cycle end
# ---- Wait for  16 cycles
# ---- Wait for  16 cycles end
# ---- reseting by ns
# ---- reset1  255 ns end
# ---- Write register   PORT :0x0    ADD :0x200    DATA :0x89abcd0e
# ---- Wait for  16 cycles
# ---- Wait for  16 cycles end
# ---- [Success  ]Read register   PORT :0x0    ADD :0x200    EDAT :0x89abcd0e    RDAT :0x89abcd0e
# ---- Wait for  16 cycles
# ---- Wait for  16 cycles end
# ---- DRAM write PORT :0x01    ADD :0x0000001    SIZE :0x010
# ---- DRAM write end
# ---- Wait for  16 cycles
# ---- Wait for  16 cycles end
# ---- Wait for 255 cycles
# ---- Wait for 255 cycles end
# ---- tb_00 test completed !
#  
# ******<<<<<<<<<<<<<<<<<<<<Simulation tb_00 Successful End>>>>>>>>>>>>>>>>>>> ******
#  
do do/compile_all.do
# ** Warning: (vlib-34) Library already exists at "work".
# Errors: 0, Warnings: 1
# Model Technology ModelSim SE-64 vmap 2020.4 Lib Mapping Utility 2020.10 Oct 13 2020
# vmap work 
# Reading C:/modeltech64_2020.4/win64/../modelsim.ini
# "work" maps to directory ./work. (Default mapping)
# Model Technology ModelSim SE-64 vlog 2020.4 Compiler 2020.10 Oct 13 2020
# Start time: 15:50:44 on Apr 22,2025
# vlog -reportprogress 300 -work work sim_model/lib/glbl.v 
# -- Compiling module glbl
# 
# Top level modules:
# 	glbl
# End time: 15:50:44 on Apr 22,2025, Elapsed time: 0:00:00
# Errors: 0, Warnings: 0
# ** Warning: (vlib-34) Library already exists at "work".
# Errors: 0, Warnings: 1
# Model Technology ModelSim SE-64 vmap 2020.4 Lib Mapping Utility 2020.10 Oct 13 2020
# vmap work 
# Reading C:/modeltech64_2020.4/win64/../modelsim.ini
# "work" maps to directory ./work. (Default mapping)
# Model Technology ModelSim SE-64 vlog 2020.4 Compiler 2020.10 Oct 13 2020
# Start time: 15:50:45 on Apr 22,2025
# vlog -reportprogress 300 -work work ../rtl/00_xilinx_ip/00_afifo/afifo_i72o72_d2048/afifo_i72o72_d2048_sim_netlist.V 
# -- Compiling module afifo_i72o72_d2048
# -- Compiling module afifo_i72o72_d2048_xpm_cdc_gray
# -- Compiling module afifo_i72o72_d2048_xpm_cdc_gray__2
# -- Compiling module afifo_i72o72_d2048_xpm_cdc_single
# -- Compiling module afifo_i72o72_d2048_xpm_cdc_single__2
# -- Compiling module afifo_i72o72_d2048_xpm_cdc_sync_rst
# -- Compiling module afifo_i72o72_d2048_xpm_cdc_sync_rst__2
# -- Compiling module glbl
# 
# Top level modules:
# 	afifo_i72o72_d2048
# 	glbl
# End time: 15:50:45 on Apr 22,2025, Elapsed time: 0:00:00
# Errors: 0, Warnings: 0
# Model Technology ModelSim SE-64 vlog 2020.4 Compiler 2020.10 Oct 13 2020
# Start time: 15:50:45 on Apr 22,2025
# vlog -reportprogress 300 -work work ../rtl/00_xilinx_ip/01_sfifo/sfifo_i32o32_d1024/sfifo_i32o32_d1024_sim_netlist.V 
# -- Compiling module sfifo_i32o32_d1024
# -- Compiling module glbl
# 
# Top level modules:
# 	sfifo_i32o32_d1024
# 	glbl
# End time: 15:50:45 on Apr 22,2025, Elapsed time: 0:00:00
# Errors: 0, Warnings: 0
# Model Technology ModelSim SE-64 vlog 2020.4 Compiler 2020.10 Oct 13 2020
# Start time: 15:50:45 on Apr 22,2025
# vlog -reportprogress 300 -work work ../rtl/00_xilinx_ip/01_sfifo/sfifo_i64o64_d512/sfifo_i64o64_d512_sim_netlist.V 
# -- Compiling module sfifo_i64o64_d512
# -- Compiling module glbl
# 
# Top level modules:
# 	sfifo_i64o64_d512
# 	glbl
# End time: 15:50:46 on Apr 22,2025, Elapsed time: 0:00:01
# Errors: 0, Warnings: 0
# Model Technology ModelSim SE-64 vlog 2020.4 Compiler 2020.10 Oct 13 2020
# Start time: 15:50:46 on Apr 22,2025
# vlog -reportprogress 300 -work work ../rtl/00_xilinx_ip/01_sfifo/sfifo_i72o72_d512/sfifo_i72o72_d512_sim_netlist.V 
# -- Compiling module sfifo_i72o72_d512
# -- Compiling module glbl
# 
# Top level modules:
# 	sfifo_i72o72_d512
# 	glbl
# End time: 15:50:46 on Apr 22,2025, Elapsed time: 0:00:00
# Errors: 0, Warnings: 0
# Model Technology ModelSim SE-64 vlog 2020.4 Compiler 2020.10 Oct 13 2020
# Start time: 15:50:46 on Apr 22,2025
# vlog -reportprogress 300 -work work ../rtl/00_xilinx_ip/03_ram/sram_i64o64_d256/sram_i64o64_d256_sim_netlist.V 
# -- Compiling module sram_i64o64_d256
# -- Compiling module glbl
# 
# Top level modules:
# 	sram_i64o64_d256
# 	glbl
# End time: 15:50:46 on Apr 22,2025, Elapsed time: 0:00:00
# Errors: 0, Warnings: 0
# Model Technology ModelSim SE-64 vlog 2020.4 Compiler 2020.10 Oct 13 2020
# Start time: 15:50:46 on Apr 22,2025
# vlog -reportprogress 300 -work work ../rtl/01_user_ip/arbita_ch6.v ../rtl/01_user_ip/pulse_gen.v 
# -- Compiling module ARBITA_CH6
# -- Compiling module PULSE_GEN
# 
# Top level modules:
# 	ARBITA_CH6
# 	PULSE_GEN
# End time: 15:50:46 on Apr 22,2025, Elapsed time: 0:00:00
# Errors: 0, Warnings: 0
# Model Technology ModelSim SE-64 vlog 2020.4 Compiler 2020.10 Oct 13 2020
# Start time: 15:50:46 on Apr 22,2025
# vlog -reportprogress 300 -work work ../rtl/03_srio/ini_dma_rd.v ../rtl/03_srio/ini_dma_wr.v ../rtl/03_srio/ini_reg_tx.v ../rtl/03_srio/ini_rx_dec.v ../rtl/03_srio/srio_rx.v ../rtl/03_srio/srio_top.v ../rtl/03_srio/srio_tx.v ../rtl/03_srio/tag_dma_tx.v ../rtl/03_srio/tag_reg_tx.v ../rtl/03_srio/tag_rx_dec.v 
# -- Compiling module INI_DMA_RD
# -- Compiling module INI_DMA_WR
# -- Compiling module INI_REG_TX
# -- Compiling module INI_RX_DEC
# -- Compiling module SRIO_RX
# -- Compiling module SRIO_TOP
# -- Compiling module SRIO_TX
# -- Compiling module TAG_DMA_TX
# -- Compiling module TAG_REG_TX
# -- Compiling module TAG_RX_DEC
# 
# Top level modules:
# 	SRIO_TOP
# End time: 15:50:46 on Apr 22,2025, Elapsed time: 0:00:00
# Errors: 0, Warnings: 0
# Model Technology ModelSim SE-64 vlog 2020.4 Compiler 2020.10 Oct 13 2020
# Start time: 15:50:47 on Apr 22,2025
# vlog -reportprogress 300 -work work ../rtl/04_bist/bist_reg.v ../rtl/04_bist/ram_bist.v 
# -- Compiling module BIST_REG
# -- Compiling module RAM_BIST
# 
# Top level modules:
# 	BIST_REG
# 	RAM_BIST
# End time: 15:50:47 on Apr 22,2025, Elapsed time: 0:00:00
# Errors: 0, Warnings: 0
# ** Warning: (vlib-34) Library already exists at "work".
# Errors: 0, Warnings: 1
# Model Technology ModelSim SE-64 vmap 2020.4 Lib Mapping Utility 2020.10 Oct 13 2020
# vmap work 
# Reading C:/modeltech64_2020.4/win64/../modelsim.ini
# "work" maps to directory ./work. (Default mapping)
# Model Technology ModelSim SE-64 vlog 2020.4 Compiler 2020.10 Oct 13 2020
# Start time: 15:50:47 on Apr 22,2025
# vlog -reportprogress 300 -work work sim_model/define/define.v 
# End time: 15:50:47 on Apr 22,2025, Elapsed time: 0:00:00
# Errors: 0, Warnings: 0
# Model Technology ModelSim SE-64 vlog 2020.4 Compiler 2020.10 Oct 13 2020
# Start time: 15:50:47 on Apr 22,2025
# vlog -reportprogress 300 "+define+tb_00=1" -work work "+incdir+{sim_model/define}" sim_model/sim_model.v 
# -- Compiling module SIM_MODEL
# 
# Top level modules:
# 	SIM_MODEL
# End time: 15:50:47 on Apr 22,2025, Elapsed time: 0:00:00
# Errors: 0, Warnings: 0
# Model Technology ModelSim SE-64 vlog 2020.4 Compiler 2020.10 Oct 13 2020
# Start time: 15:50:47 on Apr 22,2025
# vlog -reportprogress 300 "+define+tb_00=1" -work work "+incdir+{sim_model/define}" sim_model/tb_top.v 
# -- Compiling module tb_top
# 
# Top level modules:
# 	tb_top
# End time: 15:50:47 on Apr 22,2025, Elapsed time: 0:00:00
# Errors: 0, Warnings: 0
do do/tb_00.do
# Model Technology ModelSim SE-64 vlog 2020.4 Compiler 2020.10 Oct 13 2020
# Start time: 15:50:49 on Apr 22,2025
# vlog -reportprogress 300 "+define+tb_00=1" -work work sim_model\define\define.v 
# End time: 15:50:50 on Apr 22,2025, Elapsed time: 0:00:01
# Errors: 0, Warnings: 0
# Model Technology ModelSim SE-64 vlog 2020.4 Compiler 2020.10 Oct 13 2020
# Start time: 15:50:50 on Apr 22,2025
# vlog -reportprogress 300 "+define+tb_00=1" -work work "+incdir+{sim_modeldefine}" sim_model\tb_top.v 
# -- Compiling module tb_top
# 
# Top level modules:
# 	tb_top
# End time: 15:50:50 on Apr 22,2025, Elapsed time: 0:00:00
# Errors: 0, Warnings: 0
# End time: 15:50:53 on Apr 22,2025, Elapsed time: 0:05:59
# Errors: 0, Warnings: 14
# vsim -t 1ps -c -l ./log/vsim_tb_00_report.log work.tb_top -L UNISIMS_VER -L SECUREIP -L SIMPRIMS_VER -L work -voptargs="+acc" work.glbl -wav ./wave/tb_00.wlf 
# Start time: 15:50:53 on Apr 22,2025
# ** Note: (vsim-3813) Design is being optimized due to module recompilation...
# Loading work.tb_top(fast)
# Loading work.SIM_MODEL(fast)
# Loading work.SRIO_TOP(fast)
# Loading work.INI_REG_TX(fast)
# Loading work.sfifo_i72o72_d512(fast)
# Loading UNISIMS_VER.GND(fast)
# Loading UNISIMS_VER.LUT1(fast)
# Loading UNISIMS_VER.LUT2(fast)
# Loading UNISIMS_VER.LUT3(fast)
# Loading UNISIMS_VER.FDRE(fast)
# Loading UNISIMS_VER.CARRY4(fast)
# Loading UNISIMS_VER.LUT5(fast)
# Loading UNISIMS_VER.LUT5(fast__1)
# Loading UNISIMS_VER.FDSE(fast)
# Loading UNISIMS_VER.LUT4(fast)
# Loading UNISIMS_VER.LUT4(fast__1)
# Loading UNISIMS_VER.LUT3(fast__1)
# Loading UNISIMS_VER.LUT3(fast__2)
# Loading UNISIMS_VER.LUT4(fast__2)
# Loading UNISIMS_VER.LUT6(fast)
# Loading UNISIMS_VER.LUT2(fast__1)
# Loading UNISIMS_VER.LUT3(fast__3)
# Loading UNISIMS_VER.LUT4(fast__3)
# Loading UNISIMS_VER.LUT5(fast__2)
# Loading UNISIMS_VER.LUT6(fast__1)
# Loading UNISIMS_VER.LUT6(fast__2)
# Loading UNISIMS_VER.LUT4(fast__4)
# Loading UNISIMS_VER.LUT2(fast__2)
# Loading UNISIMS_VER.LUT5(fast__3)
# Loading UNISIMS_VER.LUT4(fast__5)
# Loading UNISIMS_VER.LUT1(fast__1)
# Loading UNISIMS_VER.RAMB36E1(fast)
# Loading UNISIMS_VER.RB36_INTERNAL_VLOG(fast)
# Loading work.INI_DMA_WR(fast)
# Loading work.sfifo_i64o64_d512(fast)
# Loading work.INI_DMA_RD(fast)
# Loading work.ARBITA_CH6(fast)
# Loading work.SRIO_TX(fast)
# Loading work.afifo_i72o72_d2048(fast)
# Loading work.afifo_i72o72_d2048_xpm_cdc_gray(fast)
# Loading UNISIMS_VER.LUT6(fast__3)
# Loading UNISIMS_VER.LUT5(fast__4)
# Loading UNISIMS_VER.LUT4(fast__6)
# Loading UNISIMS_VER.LUT3(fast__4)
# Loading work.afifo_i72o72_d2048_xpm_cdc_gray__2(fast)
# Loading UNISIMS_VER.LUT6(fast__4)
# Loading UNISIMS_VER.LUT4(fast__7)
# Loading UNISIMS_VER.LUT6(fast__5)
# Loading UNISIMS_VER.LUT5(fast__5)
# Loading UNISIMS_VER.LUT6(fast__6)
# Loading UNISIMS_VER.FDSE(fast__1)
# Loading UNISIMS_VER.RAMB36E1(fast__1)
# Loading UNISIMS_VER.RB36_INTERNAL_VLOG(fast__1)
# Loading UNISIMS_VER.SRL16E(fast)
# Loading UNISIMS_VER.LUT2(fast__3)
# Loading UNISIMS_VER.FDRE(fast__1)
# Loading UNISIMS_VER.LUT3(fast__5)
# Loading UNISIMS_VER.LUT4(fast__8)
# Loading UNISIMS_VER.LUT6(fast__7)
# Loading work.afifo_i72o72_d2048_xpm_cdc_single(fast)
# Loading work.afifo_i72o72_d2048_xpm_cdc_single__2(fast)
# Loading work.afifo_i72o72_d2048_xpm_cdc_sync_rst(fast)
# Loading work.afifo_i72o72_d2048_xpm_cdc_sync_rst__2(fast)
# Loading work.SRIO_RX(fast)
# Loading work.INI_RX_DEC(fast)
# Loading work.TAG_RX_DEC(fast)
# Loading work.TAG_REG_TX(fast)
# Loading work.TAG_DMA_TX(fast)
# Loading work.BIST_REG(fast)
# Loading work.RAM_BIST(fast)
# Loading work.sram_i64o64_d256(fast)
# Loading UNISIMS_VER.RAMB36E1(fast__2)
# Loading UNISIMS_VER.RB36_INTERNAL_VLOG(fast__2)
# Loading work.glbl(fast)
# ** Warning: (vsim-3015) [PCDPC] - Port size (8) does not match connection size (9) for port 'INI_WR_SIZE'. The port definition is at: ../rtl/03_srio/srio_top.v(56).
#    Time: 0 ps  Iteration: 0  Instance: /tb_top/U_SRIO_TOP File: sim_model/tb_top.v Line: 763
# ** Warning: (vsim-3015) [PCDPC] - Port size (8) does not match connection size (9) for port 'INI_RD_SIZE'. The port definition is at: ../rtl/03_srio/srio_top.v(64).
#    Time: 0 ps  Iteration: 0  Instance: /tb_top/U_SRIO_TOP File: sim_model/tb_top.v Line: 763
# ** Warning: (vsim-3015) [PCDPC] - Port size (32) does not match connection size (16) for port 'TAG_WR_ADDR'. The port definition is at: ../rtl/03_srio/srio_top.v(81).
#    Time: 0 ps  Iteration: 0  Instance: /tb_top/U_SRIO_TOP File: sim_model/tb_top.v Line: 763
# ** Warning: (vsim-3015) [PCDPC] - Port size (9) does not match connection size (8) for port 'TAG_RD_SIZE'. The port definition is at: ../rtl/03_srio/srio_top.v(90).
#    Time: 0 ps  Iteration: 0  Instance: /tb_top/U_SRIO_TOP File: sim_model/tb_top.v Line: 763
# ** Warning: (vsim-3015) [PCDPC] - Port size (32) does not match connection size (16) for port 'TAG_RD_ADDR'. The port definition is at: ../rtl/03_srio/srio_top.v(91).
#    Time: 0 ps  Iteration: 0  Instance: /tb_top/U_SRIO_TOP File: sim_model/tb_top.v Line: 763
# ** Warning: (vsim-3015) [PCDPC] - Port size (1) does not match connection size (32) for port 'DMA_RD_ADDR'. The port definition is at: ../rtl/03_srio/ini_dma_rd.v(23).
#    Time: 0 ps  Iteration: 0  Instance: /tb_top/U_SRIO_TOP/U_INI_DMA_RD File: ../rtl/03_srio/srio_top.v Line: 338
# ** Warning: (vsim-3015) [PCDPC] - Port size (9) does not match connection size (8) for port 'DMA_WR_SIZE'. The port definition is at: ../rtl/03_srio/tag_rx_dec.v(36).
#    Time: 0 ps  Iteration: 0  Instance: /tb_top/U_SRIO_TOP/U_TAG_RX_DEC File: ../rtl/03_srio/srio_top.v Line: 497
# ** Warning: (vsim-3015) [PCDPC] - Port size (6) does not match connection size (8) for port 'addra'. The port definition is at: ../rtl/00_xilinx_ip/03_ram/sram_i64o64_d256/sram_i64o64_d256_sim_netlist.V(20).
#    Time: 0 ps  Iteration: 0  Instance: /tb_top/U_RAM_BIST/U_BIST_BRAM File: ../rtl/04_bist/ram_bist.v Line: 113
# ** Warning: (vsim-3015) [PCDPC] - Port size (6) does not match connection size (8) for port 'addrb'. The port definition is at: ../rtl/00_xilinx_ip/03_ram/sram_i64o64_d256/sram_i64o64_d256_sim_netlist.V(23).
#    Time: 0 ps  Iteration: 0  Instance: /tb_top/U_RAM_BIST/U_BIST_BRAM File: ../rtl/04_bist/ram_bist.v Line: 113
#  
# ******<<<<<<<<<<<<<<<<<<<<<<Simulation tb_00 start>>>>>>>>>>>>>>>>>>>>>>> ******
#  
# ---- Initial simulation
# ---- clock ---- 1111 ---- enable
# ---- Wait for  64 cycles
# ---- Wait for  64 cycles end
# ---- Wait for  16 cycles
# ---- Wait for  16 cycles end
# ---- reseting by cycle
# ---- reset0   64 cycle end
# ---- Wait for  16 cycles
# ---- Wait for  16 cycles end
# ---- reseting by ns
# ---- reset1  255 ns end
# ---- Write register   PORT :0x0    ADD :0x200    DATA :0x89abcd0e
# ---- Wait for  16 cycles
# ---- Wait for  16 cycles end
# ---- [Success  ]Read register   PORT :0x0    ADD :0x200    EDAT :0x89abcd0e    RDAT :0x89abcd0e
# ---- Wait for  16 cycles
# ---- Wait for  16 cycles end
# ---- DRAM write PORT :0x01    ADD :0x0000001    SIZE :0x010
# ---- DRAM write end
# ---- Wait for  16 cycles
# ---- Wait for  16 cycles end
# ---- Wait for 255 cycles
# ---- Wait for 255 cycles end
# ---- tb_00 test completed !
#  
# ******<<<<<<<<<<<<<<<<<<<<Simulation tb_00 Successful End>>>>>>>>>>>>>>>>>>> ******
#  
do do/compile_all.do
# ** Warning: (vlib-34) Library already exists at "work".
# Errors: 0, Warnings: 1
# Model Technology ModelSim SE-64 vmap 2020.4 Lib Mapping Utility 2020.10 Oct 13 2020
# vmap work 
# Reading C:/modeltech64_2020.4/win64/../modelsim.ini
# "work" maps to directory ./work. (Default mapping)
# Model Technology ModelSim SE-64 vlog 2020.4 Compiler 2020.10 Oct 13 2020
# Start time: 15:52:23 on Apr 22,2025
# vlog -reportprogress 300 -work work sim_model/lib/glbl.v 
# -- Compiling module glbl
# 
# Top level modules:
# 	glbl
# End time: 15:52:23 on Apr 22,2025, Elapsed time: 0:00:00
# Errors: 0, Warnings: 0
# ** Warning: (vlib-34) Library already exists at "work".
# Errors: 0, Warnings: 1
# Model Technology ModelSim SE-64 vmap 2020.4 Lib Mapping Utility 2020.10 Oct 13 2020
# vmap work 
# Reading C:/modeltech64_2020.4/win64/../modelsim.ini
# "work" maps to directory ./work. (Default mapping)
# Model Technology ModelSim SE-64 vlog 2020.4 Compiler 2020.10 Oct 13 2020
# Start time: 15:52:23 on Apr 22,2025
# vlog -reportprogress 300 -work work ../rtl/00_xilinx_ip/00_afifo/afifo_i72o72_d2048/afifo_i72o72_d2048_sim_netlist.V 
# -- Compiling module afifo_i72o72_d2048
# -- Compiling module afifo_i72o72_d2048_xpm_cdc_gray
# -- Compiling module afifo_i72o72_d2048_xpm_cdc_gray__2
# -- Compiling module afifo_i72o72_d2048_xpm_cdc_single
# -- Compiling module afifo_i72o72_d2048_xpm_cdc_single__2
# -- Compiling module afifo_i72o72_d2048_xpm_cdc_sync_rst
# -- Compiling module afifo_i72o72_d2048_xpm_cdc_sync_rst__2
# -- Compiling module glbl
# 
# Top level modules:
# 	afifo_i72o72_d2048
# 	glbl
# End time: 15:52:24 on Apr 22,2025, Elapsed time: 0:00:01
# Errors: 0, Warnings: 0
# Model Technology ModelSim SE-64 vlog 2020.4 Compiler 2020.10 Oct 13 2020
# Start time: 15:52:24 on Apr 22,2025
# vlog -reportprogress 300 -work work ../rtl/00_xilinx_ip/01_sfifo/sfifo_i32o32_d1024/sfifo_i32o32_d1024_sim_netlist.V 
# -- Compiling module sfifo_i32o32_d1024
# -- Compiling module glbl
# 
# Top level modules:
# 	sfifo_i32o32_d1024
# 	glbl
# End time: 15:52:24 on Apr 22,2025, Elapsed time: 0:00:00
# Errors: 0, Warnings: 0
# Model Technology ModelSim SE-64 vlog 2020.4 Compiler 2020.10 Oct 13 2020
# Start time: 15:52:24 on Apr 22,2025
# vlog -reportprogress 300 -work work ../rtl/00_xilinx_ip/01_sfifo/sfifo_i64o64_d512/sfifo_i64o64_d512_sim_netlist.V 
# -- Compiling module sfifo_i64o64_d512
# -- Compiling module glbl
# 
# Top level modules:
# 	sfifo_i64o64_d512
# 	glbl
# End time: 15:52:25 on Apr 22,2025, Elapsed time: 0:00:01
# Errors: 0, Warnings: 0
# Model Technology ModelSim SE-64 vlog 2020.4 Compiler 2020.10 Oct 13 2020
# Start time: 15:52:25 on Apr 22,2025
# vlog -reportprogress 300 -work work ../rtl/00_xilinx_ip/01_sfifo/sfifo_i72o72_d512/sfifo_i72o72_d512_sim_netlist.V 
# -- Compiling module sfifo_i72o72_d512
# -- Compiling module glbl
# 
# Top level modules:
# 	sfifo_i72o72_d512
# 	glbl
# End time: 15:52:25 on Apr 22,2025, Elapsed time: 0:00:00
# Errors: 0, Warnings: 0
# Model Technology ModelSim SE-64 vlog 2020.4 Compiler 2020.10 Oct 13 2020
# Start time: 15:52:25 on Apr 22,2025
# vlog -reportprogress 300 -work work ../rtl/00_xilinx_ip/03_ram/sram_i64o64_d256/sram_i64o64_d256_sim_netlist.V 
# -- Compiling module sram_i64o64_d256
# -- Compiling module glbl
# 
# Top level modules:
# 	sram_i64o64_d256
# 	glbl
# End time: 15:52:25 on Apr 22,2025, Elapsed time: 0:00:00
# Errors: 0, Warnings: 0
# Model Technology ModelSim SE-64 vlog 2020.4 Compiler 2020.10 Oct 13 2020
# Start time: 15:52:25 on Apr 22,2025
# vlog -reportprogress 300 -work work ../rtl/01_user_ip/arbita_ch6.v ../rtl/01_user_ip/pulse_gen.v 
# -- Compiling module ARBITA_CH6
# -- Compiling module PULSE_GEN
# 
# Top level modules:
# 	ARBITA_CH6
# 	PULSE_GEN
# End time: 15:52:25 on Apr 22,2025, Elapsed time: 0:00:00
# Errors: 0, Warnings: 0
# Model Technology ModelSim SE-64 vlog 2020.4 Compiler 2020.10 Oct 13 2020
# Start time: 15:52:25 on Apr 22,2025
# vlog -reportprogress 300 -work work ../rtl/03_srio/ini_dma_rd.v ../rtl/03_srio/ini_dma_wr.v ../rtl/03_srio/ini_reg_tx.v ../rtl/03_srio/ini_rx_dec.v ../rtl/03_srio/srio_rx.v ../rtl/03_srio/srio_top.v ../rtl/03_srio/srio_tx.v ../rtl/03_srio/tag_dma_tx.v ../rtl/03_srio/tag_reg_tx.v ../rtl/03_srio/tag_rx_dec.v 
# -- Compiling module INI_DMA_RD
# -- Compiling module INI_DMA_WR
# -- Compiling module INI_REG_TX
# -- Compiling module INI_RX_DEC
# -- Compiling module SRIO_RX
# -- Compiling module SRIO_TOP
# -- Compiling module SRIO_TX
# -- Compiling module TAG_DMA_TX
# -- Compiling module TAG_REG_TX
# -- Compiling module TAG_RX_DEC
# 
# Top level modules:
# 	SRIO_TOP
# End time: 15:52:25 on Apr 22,2025, Elapsed time: 0:00:00
# Errors: 0, Warnings: 0
# Model Technology ModelSim SE-64 vlog 2020.4 Compiler 2020.10 Oct 13 2020
# Start time: 15:52:26 on Apr 22,2025
# vlog -reportprogress 300 -work work ../rtl/04_bist/bist_reg.v ../rtl/04_bist/ram_bist.v 
# -- Compiling module BIST_REG
# -- Compiling module RAM_BIST
# 
# Top level modules:
# 	BIST_REG
# 	RAM_BIST
# End time: 15:52:26 on Apr 22,2025, Elapsed time: 0:00:00
# Errors: 0, Warnings: 0
# ** Warning: (vlib-34) Library already exists at "work".
# Errors: 0, Warnings: 1
# Model Technology ModelSim SE-64 vmap 2020.4 Lib Mapping Utility 2020.10 Oct 13 2020
# vmap work 
# Reading C:/modeltech64_2020.4/win64/../modelsim.ini
# "work" maps to directory ./work. (Default mapping)
# Model Technology ModelSim SE-64 vlog 2020.4 Compiler 2020.10 Oct 13 2020
# Start time: 15:52:26 on Apr 22,2025
# vlog -reportprogress 300 -work work sim_model/define/define.v 
# End time: 15:52:26 on Apr 22,2025, Elapsed time: 0:00:00
# Errors: 0, Warnings: 0
# Model Technology ModelSim SE-64 vlog 2020.4 Compiler 2020.10 Oct 13 2020
# Start time: 15:52:26 on Apr 22,2025
# vlog -reportprogress 300 "+define+tb_00=1" -work work "+incdir+{sim_model/define}" sim_model/sim_model.v 
# -- Compiling module SIM_MODEL
# 
# Top level modules:
# 	SIM_MODEL
# End time: 15:52:26 on Apr 22,2025, Elapsed time: 0:00:00
# Errors: 0, Warnings: 0
# Model Technology ModelSim SE-64 vlog 2020.4 Compiler 2020.10 Oct 13 2020
# Start time: 15:52:26 on Apr 22,2025
# vlog -reportprogress 300 "+define+tb_00=1" -work work "+incdir+{sim_model/define}" sim_model/tb_top.v 
# -- Compiling module tb_top
# 
# Top level modules:
# 	tb_top
# End time: 15:52:26 on Apr 22,2025, Elapsed time: 0:00:00
# Errors: 0, Warnings: 0
do do/tb_00.do
# Model Technology ModelSim SE-64 vlog 2020.4 Compiler 2020.10 Oct 13 2020
# Start time: 15:52:28 on Apr 22,2025
# vlog -reportprogress 300 "+define+tb_00=1" -work work sim_model\define\define.v 
# End time: 15:52:29 on Apr 22,2025, Elapsed time: 0:00:01
# Errors: 0, Warnings: 0
# Model Technology ModelSim SE-64 vlog 2020.4 Compiler 2020.10 Oct 13 2020
# Start time: 15:52:29 on Apr 22,2025
# vlog -reportprogress 300 "+define+tb_00=1" -work work "+incdir+{sim_modeldefine}" sim_model\tb_top.v 
# -- Compiling module tb_top
# 
# Top level modules:
# 	tb_top
# End time: 15:52:29 on Apr 22,2025, Elapsed time: 0:00:00
# Errors: 0, Warnings: 0
# End time: 15:52:32 on Apr 22,2025, Elapsed time: 0:01:39
# Errors: 0, Warnings: 9
# vsim -t 1ps -c -l ./log/vsim_tb_00_report.log work.tb_top -L UNISIMS_VER -L SECUREIP -L SIMPRIMS_VER -L work -voptargs="+acc" work.glbl -wav ./wave/tb_00.wlf 
# Start time: 15:52:32 on Apr 22,2025
# ** Note: (vsim-3813) Design is being optimized due to module recompilation...
# ** Warning: ../rtl/03_srio/srio_top.v(454): (vopt-2685) [TFMPC] - Too few port connections for 'U_INI_RX_DEC'.  Expected 13, found 12.
# ** Warning: ../rtl/03_srio/srio_top.v(454): (vopt-2718) [TFMPC] - Missing connection for port 'INI_RDY'.
# ** Warning: ../rtl/03_srio/srio_top.v(497): (vopt-2685) [TFMPC] - Too few port connections for 'U_TAG_RX_DEC'.  Expected 24, found 23.
# ** Warning: ../rtl/03_srio/srio_top.v(497): (vopt-2718) [TFMPC] - Missing connection for port 'TAG_RDY'.
# ** Note: (vopt-143) Recognized 1 FSM in module "INI_DMA_WR(fast)".
# ** Note: (vsim-12126) Error and warning message counts have been restored: Errors=0, Warnings=4.
# Loading work.tb_top(fast)
# Loading work.SIM_MODEL(fast)
# Loading work.SRIO_TOP(fast)
# Loading work.INI_REG_TX(fast)
# Loading work.sfifo_i72o72_d512(fast)
# Loading UNISIMS_VER.GND(fast)
# Loading UNISIMS_VER.LUT1(fast)
# Loading UNISIMS_VER.LUT2(fast)
# Loading UNISIMS_VER.LUT3(fast)
# Loading UNISIMS_VER.FDRE(fast)
# Loading UNISIMS_VER.CARRY4(fast)
# Loading UNISIMS_VER.LUT5(fast)
# Loading UNISIMS_VER.LUT5(fast__1)
# Loading UNISIMS_VER.FDSE(fast)
# Loading UNISIMS_VER.LUT4(fast)
# Loading UNISIMS_VER.LUT4(fast__1)
# Loading UNISIMS_VER.LUT3(fast__1)
# Loading UNISIMS_VER.LUT3(fast__2)
# Loading UNISIMS_VER.LUT4(fast__2)
# Loading UNISIMS_VER.LUT6(fast)
# Loading UNISIMS_VER.LUT2(fast__1)
# Loading UNISIMS_VER.LUT3(fast__3)
# Loading UNISIMS_VER.LUT4(fast__3)
# Loading UNISIMS_VER.LUT5(fast__2)
# Loading UNISIMS_VER.LUT6(fast__1)
# Loading UNISIMS_VER.LUT6(fast__2)
# Loading UNISIMS_VER.LUT4(fast__4)
# Loading UNISIMS_VER.LUT2(fast__2)
# Loading UNISIMS_VER.LUT5(fast__3)
# Loading UNISIMS_VER.LUT4(fast__5)
# Loading UNISIMS_VER.LUT1(fast__1)
# Loading UNISIMS_VER.RAMB36E1(fast)
# Loading UNISIMS_VER.RB36_INTERNAL_VLOG(fast)
# Loading work.INI_DMA_WR(fast)
# Loading work.sfifo_i64o64_d512(fast)
# Loading work.INI_DMA_RD(fast)
# Loading work.ARBITA_CH6(fast)
# Loading work.SRIO_TX(fast)
# Loading work.afifo_i72o72_d2048(fast)
# Loading work.afifo_i72o72_d2048_xpm_cdc_gray(fast)
# Loading UNISIMS_VER.LUT6(fast__3)
# Loading UNISIMS_VER.LUT5(fast__4)
# Loading UNISIMS_VER.LUT4(fast__6)
# Loading UNISIMS_VER.LUT3(fast__4)
# Loading work.afifo_i72o72_d2048_xpm_cdc_gray__2(fast)
# Loading UNISIMS_VER.LUT6(fast__4)
# Loading UNISIMS_VER.LUT4(fast__7)
# Loading UNISIMS_VER.LUT6(fast__5)
# Loading UNISIMS_VER.LUT5(fast__5)
# Loading UNISIMS_VER.LUT6(fast__6)
# Loading UNISIMS_VER.FDSE(fast__1)
# Loading UNISIMS_VER.RAMB36E1(fast__1)
# Loading UNISIMS_VER.RB36_INTERNAL_VLOG(fast__1)
# Loading UNISIMS_VER.SRL16E(fast)
# Loading UNISIMS_VER.LUT2(fast__3)
# Loading UNISIMS_VER.FDRE(fast__1)
# Loading UNISIMS_VER.LUT3(fast__5)
# Loading UNISIMS_VER.LUT4(fast__8)
# Loading UNISIMS_VER.LUT6(fast__7)
# Loading work.afifo_i72o72_d2048_xpm_cdc_single(fast)
# Loading work.afifo_i72o72_d2048_xpm_cdc_single__2(fast)
# Loading work.afifo_i72o72_d2048_xpm_cdc_sync_rst(fast)
# Loading work.afifo_i72o72_d2048_xpm_cdc_sync_rst__2(fast)
# Loading work.SRIO_RX(fast)
# Loading work.INI_RX_DEC(fast)
# Loading work.TAG_RX_DEC(fast)
# Loading work.TAG_REG_TX(fast)
# Loading work.TAG_DMA_TX(fast)
# Loading work.BIST_REG(fast)
# Loading work.RAM_BIST(fast)
# Loading work.sram_i64o64_d256(fast)
# Loading UNISIMS_VER.RAMB36E1(fast__2)
# Loading UNISIMS_VER.RB36_INTERNAL_VLOG(fast__2)
# Loading work.glbl(fast)
# ** Warning: (vsim-3015) [PCDPC] - Port size (8) does not match connection size (9) for port 'INI_RD_SIZE'. The port definition is at: ../rtl/03_srio/srio_top.v(64).
#    Time: 0 ps  Iteration: 0  Instance: /tb_top/U_SRIO_TOP File: sim_model/tb_top.v Line: 763
# ** Warning: (vsim-3015) [PCDPC] - Port size (32) does not match connection size (16) for port 'TAG_WR_ADDR'. The port definition is at: ../rtl/03_srio/srio_top.v(81).
#    Time: 0 ps  Iteration: 0  Instance: /tb_top/U_SRIO_TOP File: sim_model/tb_top.v Line: 763
# ** Warning: (vsim-3015) [PCDPC] - Port size (9) does not match connection size (8) for port 'TAG_RD_SIZE'. The port definition is at: ../rtl/03_srio/srio_top.v(90).
#    Time: 0 ps  Iteration: 0  Instance: /tb_top/U_SRIO_TOP File: sim_model/tb_top.v Line: 763
# ** Warning: (vsim-3015) [PCDPC] - Port size (32) does not match connection size (16) for port 'TAG_RD_ADDR'. The port definition is at: ../rtl/03_srio/srio_top.v(91).
#    Time: 0 ps  Iteration: 0  Instance: /tb_top/U_SRIO_TOP File: sim_model/tb_top.v Line: 763
# ** Warning: (vsim-3015) [PCDPC] - Port size (1) does not match connection size (32) for port 'DMA_RD_ADDR'. The port definition is at: ../rtl/03_srio/ini_dma_rd.v(23).
#    Time: 0 ps  Iteration: 0  Instance: /tb_top/U_SRIO_TOP/U_INI_DMA_RD File: ../rtl/03_srio/srio_top.v Line: 338
# ** Warning: (vsim-3015) [PCDPC] - Port size (9) does not match connection size (8) for port 'DMA_WR_SIZE'. The port definition is at: ../rtl/03_srio/tag_rx_dec.v(36).
#    Time: 0 ps  Iteration: 0  Instance: /tb_top/U_SRIO_TOP/U_TAG_RX_DEC File: ../rtl/03_srio/srio_top.v Line: 497
# ** Warning: (vsim-3015) [PCDPC] - Port size (6) does not match connection size (8) for port 'addra'. The port definition is at: ../rtl/00_xilinx_ip/03_ram/sram_i64o64_d256/sram_i64o64_d256_sim_netlist.V(20).
#    Time: 0 ps  Iteration: 0  Instance: /tb_top/U_RAM_BIST/U_BIST_BRAM File: ../rtl/04_bist/ram_bist.v Line: 113
# ** Warning: (vsim-3015) [PCDPC] - Port size (6) does not match connection size (8) for port 'addrb'. The port definition is at: ../rtl/00_xilinx_ip/03_ram/sram_i64o64_d256/sram_i64o64_d256_sim_netlist.V(23).
#    Time: 0 ps  Iteration: 0  Instance: /tb_top/U_RAM_BIST/U_BIST_BRAM File: ../rtl/04_bist/ram_bist.v Line: 113
#  
# ******<<<<<<<<<<<<<<<<<<<<<<Simulation tb_00 start>>>>>>>>>>>>>>>>>>>>>>> ******
#  
# ---- Initial simulation
# ---- clock ---- 1111 ---- enable
# ---- Wait for  64 cycles
# ---- Wait for  64 cycles end
# ---- Wait for  16 cycles
# ---- Wait for  16 cycles end
# ---- reseting by cycle
# ---- reset0   64 cycle end
# ---- Wait for  16 cycles
# ---- Wait for  16 cycles end
# ---- reseting by ns
# ---- reset1  255 ns end
# ---- Write register   PORT :0x0    ADD :0x200    DATA :0x89abcd0e
# ---- Wait for  16 cycles
# ---- Wait for  16 cycles end
# ---- [Success  ]Read register   PORT :0x0    ADD :0x200    EDAT :0x89abcd0e    RDAT :0x89abcd0e
# ---- Wait for  16 cycles
# ---- Wait for  16 cycles end
# ---- DRAM write PORT :0x01    ADD :0x0000001    SIZE :0x010
# ---- DRAM write end
# ---- Wait for  16 cycles
# ---- Wait for  16 cycles end
# ---- Wait for 255 cycles
# ---- Wait for 255 cycles end
# ---- tb_00 test completed !
#  
# ******<<<<<<<<<<<<<<<<<<<<Simulation tb_00 Successful End>>>>>>>>>>>>>>>>>>> ******
#  
do do/tb_00.do
# Model Technology ModelSim SE-64 vlog 2020.4 Compiler 2020.10 Oct 13 2020
# Start time: 15:55:50 on Apr 22,2025
# vlog -reportprogress 300 "+define+tb_00=1" -work work sim_model\define\define.v 
# End time: 15:55:50 on Apr 22,2025, Elapsed time: 0:00:00
# Errors: 0, Warnings: 0
# Model Technology ModelSim SE-64 vlog 2020.4 Compiler 2020.10 Oct 13 2020
# Start time: 15:55:50 on Apr 22,2025
# vlog -reportprogress 300 "+define+tb_00=1" -work work "+incdir+{sim_modeldefine}" sim_model\tb_top.v 
# -- Compiling module tb_top
# 
# Top level modules:
# 	tb_top
# End time: 15:55:50 on Apr 22,2025, Elapsed time: 0:00:00
# Errors: 0, Warnings: 0
# End time: 15:55:53 on Apr 22,2025, Elapsed time: 0:03:21
# Errors: 0, Warnings: 12
# vsim -t 1ps -c -l ./log/vsim_tb_00_report.log work.tb_top -L UNISIMS_VER -L SECUREIP -L SIMPRIMS_VER -L work -voptargs="+acc" work.glbl -wav ./wave/tb_00.wlf 
# Start time: 15:55:53 on Apr 22,2025
# ** Note: (vsim-8009) Loading existing optimized design _opt
# Loading work.tb_top(fast)
# Loading work.SIM_MODEL(fast)
# Loading work.SRIO_TOP(fast)
# Loading work.INI_REG_TX(fast)
# Loading work.sfifo_i72o72_d512(fast)
# Loading UNISIMS_VER.GND(fast)
# Loading UNISIMS_VER.LUT1(fast)
# Loading UNISIMS_VER.LUT2(fast)
# Loading UNISIMS_VER.LUT3(fast)
# Loading UNISIMS_VER.FDRE(fast)
# Loading UNISIMS_VER.CARRY4(fast)
# Loading UNISIMS_VER.LUT5(fast)
# Loading UNISIMS_VER.LUT5(fast__1)
# Loading UNISIMS_VER.FDSE(fast)
# Loading UNISIMS_VER.LUT4(fast)
# Loading UNISIMS_VER.LUT4(fast__1)
# Loading UNISIMS_VER.LUT3(fast__1)
# Loading UNISIMS_VER.LUT3(fast__2)
# Loading UNISIMS_VER.LUT4(fast__2)
# Loading UNISIMS_VER.LUT6(fast)
# Loading UNISIMS_VER.LUT2(fast__1)
# Loading UNISIMS_VER.LUT3(fast__3)
# Loading UNISIMS_VER.LUT4(fast__3)
# Loading UNISIMS_VER.LUT5(fast__2)
# Loading UNISIMS_VER.LUT6(fast__1)
# Loading UNISIMS_VER.LUT6(fast__2)
# Loading UNISIMS_VER.LUT4(fast__4)
# Loading UNISIMS_VER.LUT2(fast__2)
# Loading UNISIMS_VER.LUT5(fast__3)
# Loading UNISIMS_VER.LUT4(fast__5)
# Loading UNISIMS_VER.LUT1(fast__1)
# Loading UNISIMS_VER.RAMB36E1(fast)
# Loading UNISIMS_VER.RB36_INTERNAL_VLOG(fast)
# Loading work.INI_DMA_WR(fast)
# Loading work.sfifo_i64o64_d512(fast)
# Loading work.INI_DMA_RD(fast)
# Loading work.ARBITA_CH6(fast)
# Loading work.SRIO_TX(fast)
# Loading work.afifo_i72o72_d2048(fast)
# Loading work.afifo_i72o72_d2048_xpm_cdc_gray(fast)
# Loading UNISIMS_VER.LUT6(fast__3)
# Loading UNISIMS_VER.LUT5(fast__4)
# Loading UNISIMS_VER.LUT4(fast__6)
# Loading UNISIMS_VER.LUT3(fast__4)
# Loading work.afifo_i72o72_d2048_xpm_cdc_gray__2(fast)
# Loading UNISIMS_VER.LUT6(fast__4)
# Loading UNISIMS_VER.LUT4(fast__7)
# Loading UNISIMS_VER.LUT6(fast__5)
# Loading UNISIMS_VER.LUT5(fast__5)
# Loading UNISIMS_VER.LUT6(fast__6)
# Loading UNISIMS_VER.FDSE(fast__1)
# Loading UNISIMS_VER.RAMB36E1(fast__1)
# Loading UNISIMS_VER.RB36_INTERNAL_VLOG(fast__1)
# Loading UNISIMS_VER.SRL16E(fast)
# Loading UNISIMS_VER.LUT2(fast__3)
# Loading UNISIMS_VER.FDRE(fast__1)
# Loading UNISIMS_VER.LUT3(fast__5)
# Loading UNISIMS_VER.LUT4(fast__8)
# Loading UNISIMS_VER.LUT6(fast__7)
# Loading work.afifo_i72o72_d2048_xpm_cdc_single(fast)
# Loading work.afifo_i72o72_d2048_xpm_cdc_single__2(fast)
# Loading work.afifo_i72o72_d2048_xpm_cdc_sync_rst(fast)
# Loading work.afifo_i72o72_d2048_xpm_cdc_sync_rst__2(fast)
# Loading work.SRIO_RX(fast)
# Loading work.INI_RX_DEC(fast)
# Loading work.TAG_RX_DEC(fast)
# Loading work.TAG_REG_TX(fast)
# Loading work.TAG_DMA_TX(fast)
# Loading work.BIST_REG(fast)
# Loading work.RAM_BIST(fast)
# Loading work.sram_i64o64_d256(fast)
# Loading UNISIMS_VER.RAMB36E1(fast__2)
# Loading UNISIMS_VER.RB36_INTERNAL_VLOG(fast__2)
# Loading work.glbl(fast)
# ** Warning: (vsim-3015) [PCDPC] - Port size (8) does not match connection size (9) for port 'INI_RD_SIZE'. The port definition is at: ../rtl/03_srio/srio_top.v(64).
#    Time: 0 ps  Iteration: 0  Instance: /tb_top/U_SRIO_TOP File: sim_model/tb_top.v Line: 763
# ** Warning: (vsim-3015) [PCDPC] - Port size (32) does not match connection size (16) for port 'TAG_WR_ADDR'. The port definition is at: ../rtl/03_srio/srio_top.v(81).
#    Time: 0 ps  Iteration: 0  Instance: /tb_top/U_SRIO_TOP File: sim_model/tb_top.v Line: 763
# ** Warning: (vsim-3015) [PCDPC] - Port size (9) does not match connection size (8) for port 'TAG_RD_SIZE'. The port definition is at: ../rtl/03_srio/srio_top.v(90).
#    Time: 0 ps  Iteration: 0  Instance: /tb_top/U_SRIO_TOP File: sim_model/tb_top.v Line: 763
# ** Warning: (vsim-3015) [PCDPC] - Port size (32) does not match connection size (16) for port 'TAG_RD_ADDR'. The port definition is at: ../rtl/03_srio/srio_top.v(91).
#    Time: 0 ps  Iteration: 0  Instance: /tb_top/U_SRIO_TOP File: sim_model/tb_top.v Line: 763
# ** Warning: (vsim-3015) [PCDPC] - Port size (1) does not match connection size (32) for port 'DMA_RD_ADDR'. The port definition is at: ../rtl/03_srio/ini_dma_rd.v(23).
#    Time: 0 ps  Iteration: 0  Instance: /tb_top/U_SRIO_TOP/U_INI_DMA_RD File: ../rtl/03_srio/srio_top.v Line: 338
# ** Warning: (vsim-3015) [PCDPC] - Port size (9) does not match connection size (8) for port 'DMA_WR_SIZE'. The port definition is at: ../rtl/03_srio/tag_rx_dec.v(36).
#    Time: 0 ps  Iteration: 0  Instance: /tb_top/U_SRIO_TOP/U_TAG_RX_DEC File: ../rtl/03_srio/srio_top.v Line: 497
# ** Warning: (vsim-3015) [PCDPC] - Port size (6) does not match connection size (8) for port 'addra'. The port definition is at: ../rtl/00_xilinx_ip/03_ram/sram_i64o64_d256/sram_i64o64_d256_sim_netlist.V(20).
#    Time: 0 ps  Iteration: 0  Instance: /tb_top/U_RAM_BIST/U_BIST_BRAM File: ../rtl/04_bist/ram_bist.v Line: 113
# ** Warning: (vsim-3015) [PCDPC] - Port size (6) does not match connection size (8) for port 'addrb'. The port definition is at: ../rtl/00_xilinx_ip/03_ram/sram_i64o64_d256/sram_i64o64_d256_sim_netlist.V(23).
#    Time: 0 ps  Iteration: 0  Instance: /tb_top/U_RAM_BIST/U_BIST_BRAM File: ../rtl/04_bist/ram_bist.v Line: 113
#  
# ******<<<<<<<<<<<<<<<<<<<<<<Simulation tb_00 start>>>>>>>>>>>>>>>>>>>>>>> ******
#  
# ---- Initial simulation
# ---- clock ---- 1111 ---- enable
# ---- Wait for  64 cycles
# ---- Wait for  64 cycles end
# ---- Wait for  16 cycles
# ---- Wait for  16 cycles end
# ---- reseting by cycle
# ---- reset0   64 cycle end
# ---- Wait for  16 cycles
# ---- Wait for  16 cycles end
# ---- reseting by ns
# ---- reset1  255 ns end
# ---- Write register   PORT :0x0    ADD :0x200    DATA :0x89abcd0e
# ---- Wait for  16 cycles
# ---- Wait for  16 cycles end
# ---- [Success  ]Read register   PORT :0x0    ADD :0x200    EDAT :0x89abcd0e    RDAT :0x89abcd0e
# ---- Wait for  16 cycles
# ---- Wait for  16 cycles end
# ---- DRAM write PORT :0x01    ADD :0x0000001    SIZE :0x010
# ---- DRAM write end
# ---- Wait for  16 cycles
# ---- Wait for  16 cycles end
# ---- Wait for 255 cycles
# ---- Wait for 255 cycles end
# ---- tb_00 test completed !
#  
# ******<<<<<<<<<<<<<<<<<<<<Simulation tb_00 Successful End>>>>>>>>>>>>>>>>>>> ******
#  
do do/compile_all.do
# ** Warning: (vlib-34) Library already exists at "work".
# Errors: 0, Warnings: 1
# Model Technology ModelSim SE-64 vmap 2020.4 Lib Mapping Utility 2020.10 Oct 13 2020
# vmap work 
# Reading C:/modeltech64_2020.4/win64/../modelsim.ini
# "work" maps to directory ./work. (Default mapping)
# Model Technology ModelSim SE-64 vlog 2020.4 Compiler 2020.10 Oct 13 2020
# Start time: 16:05:44 on Apr 22,2025
# vlog -reportprogress 300 -work work sim_model/lib/glbl.v 
# -- Compiling module glbl
# 
# Top level modules:
# 	glbl
# End time: 16:05:45 on Apr 22,2025, Elapsed time: 0:00:01
# Errors: 0, Warnings: 0
# ** Warning: (vlib-34) Library already exists at "work".
# Errors: 0, Warnings: 1
# Model Technology ModelSim SE-64 vmap 2020.4 Lib Mapping Utility 2020.10 Oct 13 2020
# vmap work 
# Reading C:/modeltech64_2020.4/win64/../modelsim.ini
# "work" maps to directory ./work. (Default mapping)
# Model Technology ModelSim SE-64 vlog 2020.4 Compiler 2020.10 Oct 13 2020
# Start time: 16:05:45 on Apr 22,2025
# vlog -reportprogress 300 -work work ../rtl/00_xilinx_ip/00_afifo/afifo_i72o72_d2048/afifo_i72o72_d2048_sim_netlist.V 
# -- Compiling module afifo_i72o72_d2048
# -- Compiling module afifo_i72o72_d2048_xpm_cdc_gray
# -- Compiling module afifo_i72o72_d2048_xpm_cdc_gray__2
# -- Compiling module afifo_i72o72_d2048_xpm_cdc_single
# -- Compiling module afifo_i72o72_d2048_xpm_cdc_single__2
# -- Compiling module afifo_i72o72_d2048_xpm_cdc_sync_rst
# -- Compiling module afifo_i72o72_d2048_xpm_cdc_sync_rst__2
# -- Compiling module glbl
# 
# Top level modules:
# 	afifo_i72o72_d2048
# 	glbl
# End time: 16:05:45 on Apr 22,2025, Elapsed time: 0:00:00
# Errors: 0, Warnings: 0
# Model Technology ModelSim SE-64 vlog 2020.4 Compiler 2020.10 Oct 13 2020
# Start time: 16:05:45 on Apr 22,2025
# vlog -reportprogress 300 -work work ../rtl/00_xilinx_ip/01_sfifo/sfifo_i32o32_d1024/sfifo_i32o32_d1024_sim_netlist.V 
# -- Compiling module sfifo_i32o32_d1024
# -- Compiling module glbl
# 
# Top level modules:
# 	sfifo_i32o32_d1024
# 	glbl
# End time: 16:05:46 on Apr 22,2025, Elapsed time: 0:00:01
# Errors: 0, Warnings: 0
# Model Technology ModelSim SE-64 vlog 2020.4 Compiler 2020.10 Oct 13 2020
# Start time: 16:05:46 on Apr 22,2025
# vlog -reportprogress 300 -work work ../rtl/00_xilinx_ip/01_sfifo/sfifo_i64o64_d512/sfifo_i64o64_d512_sim_netlist.V 
# -- Compiling module sfifo_i64o64_d512
# -- Compiling module glbl
# 
# Top level modules:
# 	sfifo_i64o64_d512
# 	glbl
# End time: 16:05:46 on Apr 22,2025, Elapsed time: 0:00:00
# Errors: 0, Warnings: 0
# Model Technology ModelSim SE-64 vlog 2020.4 Compiler 2020.10 Oct 13 2020
# Start time: 16:05:46 on Apr 22,2025
# vlog -reportprogress 300 -work work ../rtl/00_xilinx_ip/01_sfifo/sfifo_i72o72_d512/sfifo_i72o72_d512_sim_netlist.V 
# -- Compiling module sfifo_i72o72_d512
# -- Compiling module glbl
# 
# Top level modules:
# 	sfifo_i72o72_d512
# 	glbl
# End time: 16:05:46 on Apr 22,2025, Elapsed time: 0:00:00
# Errors: 0, Warnings: 0
# Model Technology ModelSim SE-64 vlog 2020.4 Compiler 2020.10 Oct 13 2020
# Start time: 16:05:46 on Apr 22,2025
# vlog -reportprogress 300 -work work ../rtl/00_xilinx_ip/03_ram/sram_i64o64_d256/sram_i64o64_d256_sim_netlist.V 
# -- Compiling module sram_i64o64_d256
# -- Compiling module glbl
# 
# Top level modules:
# 	sram_i64o64_d256
# 	glbl
# End time: 16:05:46 on Apr 22,2025, Elapsed time: 0:00:00
# Errors: 0, Warnings: 0
# Model Technology ModelSim SE-64 vlog 2020.4 Compiler 2020.10 Oct 13 2020
# Start time: 16:05:47 on Apr 22,2025
# vlog -reportprogress 300 -work work ../rtl/01_user_ip/arbita_ch6.v ../rtl/01_user_ip/pulse_gen.v 
# -- Compiling module ARBITA_CH6
# -- Compiling module PULSE_GEN
# 
# Top level modules:
# 	ARBITA_CH6
# 	PULSE_GEN
# End time: 16:05:47 on Apr 22,2025, Elapsed time: 0:00:00
# Errors: 0, Warnings: 0
# Model Technology ModelSim SE-64 vlog 2020.4 Compiler 2020.10 Oct 13 2020
# Start time: 16:05:47 on Apr 22,2025
# vlog -reportprogress 300 -work work ../rtl/03_srio/ini_dma_rd.v ../rtl/03_srio/ini_dma_wr.v ../rtl/03_srio/ini_reg_tx.v ../rtl/03_srio/ini_rx_dec.v ../rtl/03_srio/srio_rx.v ../rtl/03_srio/srio_top.v ../rtl/03_srio/srio_tx.v ../rtl/03_srio/tag_dma_tx.v ../rtl/03_srio/tag_reg_tx.v ../rtl/03_srio/tag_rx_dec.v 
# -- Compiling module INI_DMA_RD
# -- Compiling module INI_DMA_WR
# -- Compiling module INI_REG_TX
# -- Compiling module INI_RX_DEC
# -- Compiling module SRIO_RX
# -- Compiling module SRIO_TOP
# -- Compiling module SRIO_TX
# -- Compiling module TAG_DMA_TX
# -- Compiling module TAG_REG_TX
# -- Compiling module TAG_RX_DEC
# 
# Top level modules:
# 	SRIO_TOP
# End time: 16:05:47 on Apr 22,2025, Elapsed time: 0:00:00
# Errors: 0, Warnings: 0
# Model Technology ModelSim SE-64 vlog 2020.4 Compiler 2020.10 Oct 13 2020
# Start time: 16:05:47 on Apr 22,2025
# vlog -reportprogress 300 -work work ../rtl/04_bist/bist_reg.v ../rtl/04_bist/ram_bist.v 
# -- Compiling module BIST_REG
# -- Compiling module RAM_BIST
# 
# Top level modules:
# 	BIST_REG
# 	RAM_BIST
# End time: 16:05:47 on Apr 22,2025, Elapsed time: 0:00:00
# Errors: 0, Warnings: 0
# ** Warning: (vlib-34) Library already exists at "work".
# Errors: 0, Warnings: 1
# Model Technology ModelSim SE-64 vmap 2020.4 Lib Mapping Utility 2020.10 Oct 13 2020
# vmap work 
# Reading C:/modeltech64_2020.4/win64/../modelsim.ini
# "work" maps to directory ./work. (Default mapping)
# Model Technology ModelSim SE-64 vlog 2020.4 Compiler 2020.10 Oct 13 2020
# Start time: 16:05:47 on Apr 22,2025
# vlog -reportprogress 300 -work work sim_model/define/define.v 
# End time: 16:05:47 on Apr 22,2025, Elapsed time: 0:00:00
# Errors: 0, Warnings: 0
# Model Technology ModelSim SE-64 vlog 2020.4 Compiler 2020.10 Oct 13 2020
# Start time: 16:05:47 on Apr 22,2025
# vlog -reportprogress 300 "+define+tb_00=1" -work work "+incdir+{sim_model/define}" sim_model/sim_model.v 
# -- Compiling module SIM_MODEL
# 
# Top level modules:
# 	SIM_MODEL
# End time: 16:05:47 on Apr 22,2025, Elapsed time: 0:00:00
# Errors: 0, Warnings: 0
# Model Technology ModelSim SE-64 vlog 2020.4 Compiler 2020.10 Oct 13 2020
# Start time: 16:05:48 on Apr 22,2025
# vlog -reportprogress 300 "+define+tb_00=1" -work work "+incdir+{sim_model/define}" sim_model/tb_top.v 
# -- Compiling module tb_top
# 
# Top level modules:
# 	tb_top
# End time: 16:05:48 on Apr 22,2025, Elapsed time: 0:00:00
# Errors: 0, Warnings: 0
do do/tb_00.do
# Model Technology ModelSim SE-64 vlog 2020.4 Compiler 2020.10 Oct 13 2020
# Start time: 16:05:50 on Apr 22,2025
# vlog -reportprogress 300 "+define+tb_00=1" -work work sim_model\define\define.v 
# End time: 16:05:50 on Apr 22,2025, Elapsed time: 0:00:00
# Errors: 0, Warnings: 0
# Model Technology ModelSim SE-64 vlog 2020.4 Compiler 2020.10 Oct 13 2020
# Start time: 16:05:50 on Apr 22,2025
# vlog -reportprogress 300 "+define+tb_00=1" -work work "+incdir+{sim_modeldefine}" sim_model\tb_top.v 
# -- Compiling module tb_top
# 
# Top level modules:
# 	tb_top
# End time: 16:05:50 on Apr 22,2025, Elapsed time: 0:00:00
# Errors: 0, Warnings: 0
# End time: 16:05:53 on Apr 22,2025, Elapsed time: 0:10:00
# Errors: 0, Warnings: 8
# vsim -t 1ps -c -l ./log/vsim_tb_00_report.log work.tb_top -L UNISIMS_VER -L SECUREIP -L SIMPRIMS_VER -L work -voptargs="+acc" work.glbl -wav ./wave/tb_00.wlf 
# Start time: 16:05:54 on Apr 22,2025
# ** Note: (vsim-3813) Design is being optimized due to module recompilation...
# Loading work.tb_top(fast)
# Loading work.SIM_MODEL(fast)
# Loading work.SRIO_TOP(fast)
# Loading work.INI_REG_TX(fast)
# Loading work.sfifo_i72o72_d512(fast)
# Loading UNISIMS_VER.GND(fast)
# Loading UNISIMS_VER.LUT1(fast)
# Loading UNISIMS_VER.LUT2(fast)
# Loading UNISIMS_VER.LUT3(fast)
# Loading UNISIMS_VER.FDRE(fast)
# Loading UNISIMS_VER.CARRY4(fast)
# Loading UNISIMS_VER.LUT5(fast)
# Loading UNISIMS_VER.LUT5(fast__1)
# Loading UNISIMS_VER.FDSE(fast)
# Loading UNISIMS_VER.LUT4(fast)
# Loading UNISIMS_VER.LUT4(fast__1)
# Loading UNISIMS_VER.LUT3(fast__1)
# Loading UNISIMS_VER.LUT3(fast__2)
# Loading UNISIMS_VER.LUT4(fast__2)
# Loading UNISIMS_VER.LUT6(fast)
# Loading UNISIMS_VER.LUT2(fast__1)
# Loading UNISIMS_VER.LUT3(fast__3)
# Loading UNISIMS_VER.LUT4(fast__3)
# Loading UNISIMS_VER.LUT5(fast__2)
# Loading UNISIMS_VER.LUT6(fast__1)
# Loading UNISIMS_VER.LUT6(fast__2)
# Loading UNISIMS_VER.LUT4(fast__4)
# Loading UNISIMS_VER.LUT2(fast__2)
# Loading UNISIMS_VER.LUT5(fast__3)
# Loading UNISIMS_VER.LUT4(fast__5)
# Loading UNISIMS_VER.LUT1(fast__1)
# Loading UNISIMS_VER.RAMB36E1(fast)
# Loading UNISIMS_VER.RB36_INTERNAL_VLOG(fast)
# Loading work.INI_DMA_WR(fast)
# Loading work.sfifo_i64o64_d512(fast)
# Loading work.INI_DMA_RD(fast)
# Loading work.ARBITA_CH6(fast)
# Loading work.SRIO_TX(fast)
# Loading work.afifo_i72o72_d2048(fast)
# Loading work.afifo_i72o72_d2048_xpm_cdc_gray(fast)
# Loading UNISIMS_VER.LUT6(fast__3)
# Loading UNISIMS_VER.LUT5(fast__4)
# Loading UNISIMS_VER.LUT4(fast__6)
# Loading UNISIMS_VER.LUT3(fast__4)
# Loading work.afifo_i72o72_d2048_xpm_cdc_gray__2(fast)
# Loading UNISIMS_VER.LUT6(fast__4)
# Loading UNISIMS_VER.LUT4(fast__7)
# Loading UNISIMS_VER.LUT6(fast__5)
# Loading UNISIMS_VER.LUT5(fast__5)
# Loading UNISIMS_VER.LUT6(fast__6)
# Loading UNISIMS_VER.FDSE(fast__1)
# Loading UNISIMS_VER.RAMB36E1(fast__1)
# Loading UNISIMS_VER.RB36_INTERNAL_VLOG(fast__1)
# Loading UNISIMS_VER.SRL16E(fast)
# Loading UNISIMS_VER.LUT2(fast__3)
# Loading UNISIMS_VER.FDRE(fast__1)
# Loading UNISIMS_VER.LUT3(fast__5)
# Loading UNISIMS_VER.LUT4(fast__8)
# Loading UNISIMS_VER.LUT6(fast__7)
# Loading work.afifo_i72o72_d2048_xpm_cdc_single(fast)
# Loading work.afifo_i72o72_d2048_xpm_cdc_single__2(fast)
# Loading work.afifo_i72o72_d2048_xpm_cdc_sync_rst(fast)
# Loading work.afifo_i72o72_d2048_xpm_cdc_sync_rst__2(fast)
# Loading work.SRIO_RX(fast)
# Loading work.INI_RX_DEC(fast)
# Loading work.TAG_RX_DEC(fast)
# Loading work.TAG_REG_TX(fast)
# Loading work.TAG_DMA_TX(fast)
# Loading work.BIST_REG(fast)
# Loading work.RAM_BIST(fast)
# Loading work.sram_i64o64_d256(fast)
# Loading UNISIMS_VER.RAMB36E1(fast__2)
# Loading UNISIMS_VER.RB36_INTERNAL_VLOG(fast__2)
# Loading work.glbl(fast)
# ** Warning: (vsim-3015) [PCDPC] - Port size (8) does not match connection size (9) for port 'INI_RD_SIZE'. The port definition is at: ../rtl/03_srio/srio_top.v(64).
#    Time: 0 ps  Iteration: 0  Instance: /tb_top/U_SRIO_TOP File: sim_model/tb_top.v Line: 763
# ** Warning: (vsim-3015) [PCDPC] - Port size (32) does not match connection size (16) for port 'TAG_WR_ADDR'. The port definition is at: ../rtl/03_srio/srio_top.v(81).
#    Time: 0 ps  Iteration: 0  Instance: /tb_top/U_SRIO_TOP File: sim_model/tb_top.v Line: 763
# ** Warning: (vsim-3015) [PCDPC] - Port size (9) does not match connection size (8) for port 'TAG_RD_SIZE'. The port definition is at: ../rtl/03_srio/srio_top.v(90).
#    Time: 0 ps  Iteration: 0  Instance: /tb_top/U_SRIO_TOP File: sim_model/tb_top.v Line: 763
# ** Warning: (vsim-3015) [PCDPC] - Port size (32) does not match connection size (16) for port 'TAG_RD_ADDR'. The port definition is at: ../rtl/03_srio/srio_top.v(91).
#    Time: 0 ps  Iteration: 0  Instance: /tb_top/U_SRIO_TOP File: sim_model/tb_top.v Line: 763
# ** Warning: (vsim-3015) [PCDPC] - Port size (1) does not match connection size (32) for port 'DMA_RD_ADDR'. The port definition is at: ../rtl/03_srio/ini_dma_rd.v(23).
#    Time: 0 ps  Iteration: 0  Instance: /tb_top/U_SRIO_TOP/U_INI_DMA_RD File: ../rtl/03_srio/srio_top.v Line: 338
# ** Warning: (vsim-3015) [PCDPC] - Port size (9) does not match connection size (8) for port 'DMA_WR_SIZE'. The port definition is at: ../rtl/03_srio/tag_rx_dec.v(36).
#    Time: 0 ps  Iteration: 0  Instance: /tb_top/U_SRIO_TOP/U_TAG_RX_DEC File: ../rtl/03_srio/srio_top.v Line: 497
# ** Warning: (vsim-3015) [PCDPC] - Port size (6) does not match connection size (8) for port 'addra'. The port definition is at: ../rtl/00_xilinx_ip/03_ram/sram_i64o64_d256/sram_i64o64_d256_sim_netlist.V(20).
#    Time: 0 ps  Iteration: 0  Instance: /tb_top/U_RAM_BIST/U_BIST_BRAM File: ../rtl/04_bist/ram_bist.v Line: 113
# ** Warning: (vsim-3015) [PCDPC] - Port size (6) does not match connection size (8) for port 'addrb'. The port definition is at: ../rtl/00_xilinx_ip/03_ram/sram_i64o64_d256/sram_i64o64_d256_sim_netlist.V(23).
#    Time: 0 ps  Iteration: 0  Instance: /tb_top/U_RAM_BIST/U_BIST_BRAM File: ../rtl/04_bist/ram_bist.v Line: 113
#  
# ******<<<<<<<<<<<<<<<<<<<<<<Simulation tb_00 start>>>>>>>>>>>>>>>>>>>>>>> ******
#  
# ---- Initial simulation
# ---- clock ---- 1111 ---- enable
# ---- Wait for  64 cycles
# ---- Wait for  64 cycles end
# ---- Wait for  16 cycles
# ---- Wait for  16 cycles end
# ---- reseting by cycle
# ---- reset0   64 cycle end
# ---- Wait for  16 cycles
# ---- Wait for  16 cycles end
# ---- reseting by ns
# ---- reset1  255 ns end
# ---- Write register   PORT :0x0    ADD :0x200    DATA :0x89abcd0e
# ---- Wait for  16 cycles
# ---- Wait for  16 cycles end
# ---- [Success  ]Read register   PORT :0x0    ADD :0x200    EDAT :0x89abcd0e    RDAT :0x89abcd0e
# ---- Wait for  16 cycles
# ---- Wait for  16 cycles end
# ---- DRAM write PORT :0x01    ADD :0x0000001    SIZE :0x010
# ---- DRAM write end
# ---- Wait for  16 cycles
# ---- Wait for  16 cycles end
# ---- Wait for 255 cycles
# ---- Wait for 255 cycles end
# ---- tb_00 test completed !
#  
# ******<<<<<<<<<<<<<<<<<<<<Simulation tb_00 Successful End>>>>>>>>>>>>>>>>>>> ******
#  
do do/compile_all.do
# ** Warning: (vlib-34) Library already exists at "work".
# Errors: 0, Warnings: 1
# Model Technology ModelSim SE-64 vmap 2020.4 Lib Mapping Utility 2020.10 Oct 13 2020
# vmap work 
# Reading C:/modeltech64_2020.4/win64/../modelsim.ini
# "work" maps to directory ./work. (Default mapping)
# Model Technology ModelSim SE-64 vlog 2020.4 Compiler 2020.10 Oct 13 2020
# Start time: 16:07:49 on Apr 22,2025
# vlog -reportprogress 300 -work work sim_model/lib/glbl.v 
# -- Compiling module glbl
# 
# Top level modules:
# 	glbl
# End time: 16:07:49 on Apr 22,2025, Elapsed time: 0:00:00
# Errors: 0, Warnings: 0
# ** Warning: (vlib-34) Library already exists at "work".
# Errors: 0, Warnings: 1
# Model Technology ModelSim SE-64 vmap 2020.4 Lib Mapping Utility 2020.10 Oct 13 2020
# vmap work 
# Reading C:/modeltech64_2020.4/win64/../modelsim.ini
# "work" maps to directory ./work. (Default mapping)
# Model Technology ModelSim SE-64 vlog 2020.4 Compiler 2020.10 Oct 13 2020
# Start time: 16:07:50 on Apr 22,2025
# vlog -reportprogress 300 -work work ../rtl/00_xilinx_ip/00_afifo/afifo_i72o72_d2048/afifo_i72o72_d2048_sim_netlist.V 
# -- Compiling module afifo_i72o72_d2048
# -- Compiling module afifo_i72o72_d2048_xpm_cdc_gray
# -- Compiling module afifo_i72o72_d2048_xpm_cdc_gray__2
# -- Compiling module afifo_i72o72_d2048_xpm_cdc_single
# -- Compiling module afifo_i72o72_d2048_xpm_cdc_single__2
# -- Compiling module afifo_i72o72_d2048_xpm_cdc_sync_rst
# -- Compiling module afifo_i72o72_d2048_xpm_cdc_sync_rst__2
# -- Compiling module glbl
# 
# Top level modules:
# 	afifo_i72o72_d2048
# 	glbl
# End time: 16:07:50 on Apr 22,2025, Elapsed time: 0:00:00
# Errors: 0, Warnings: 0
# Model Technology ModelSim SE-64 vlog 2020.4 Compiler 2020.10 Oct 13 2020
# Start time: 16:07:50 on Apr 22,2025
# vlog -reportprogress 300 -work work ../rtl/00_xilinx_ip/01_sfifo/sfifo_i32o32_d1024/sfifo_i32o32_d1024_sim_netlist.V 
# -- Compiling module sfifo_i32o32_d1024
# -- Compiling module glbl
# 
# Top level modules:
# 	sfifo_i32o32_d1024
# 	glbl
# End time: 16:07:50 on Apr 22,2025, Elapsed time: 0:00:00
# Errors: 0, Warnings: 0
# Model Technology ModelSim SE-64 vlog 2020.4 Compiler 2020.10 Oct 13 2020
# Start time: 16:07:51 on Apr 22,2025
# vlog -reportprogress 300 -work work ../rtl/00_xilinx_ip/01_sfifo/sfifo_i64o64_d512/sfifo_i64o64_d512_sim_netlist.V 
# -- Compiling module sfifo_i64o64_d512
# -- Compiling module glbl
# 
# Top level modules:
# 	sfifo_i64o64_d512
# 	glbl
# End time: 16:07:51 on Apr 22,2025, Elapsed time: 0:00:00
# Errors: 0, Warnings: 0
# Model Technology ModelSim SE-64 vlog 2020.4 Compiler 2020.10 Oct 13 2020
# Start time: 16:07:51 on Apr 22,2025
# vlog -reportprogress 300 -work work ../rtl/00_xilinx_ip/01_sfifo/sfifo_i72o72_d512/sfifo_i72o72_d512_sim_netlist.V 
# -- Compiling module sfifo_i72o72_d512
# -- Compiling module glbl
# 
# Top level modules:
# 	sfifo_i72o72_d512
# 	glbl
# End time: 16:07:51 on Apr 22,2025, Elapsed time: 0:00:00
# Errors: 0, Warnings: 0
# Model Technology ModelSim SE-64 vlog 2020.4 Compiler 2020.10 Oct 13 2020
# Start time: 16:07:51 on Apr 22,2025
# vlog -reportprogress 300 -work work ../rtl/00_xilinx_ip/03_ram/sram_i64o64_d256/sram_i64o64_d256_sim_netlist.V 
# -- Compiling module sram_i64o64_d256
# -- Compiling module glbl
# 
# Top level modules:
# 	sram_i64o64_d256
# 	glbl
# End time: 16:07:51 on Apr 22,2025, Elapsed time: 0:00:00
# Errors: 0, Warnings: 0
# Model Technology ModelSim SE-64 vlog 2020.4 Compiler 2020.10 Oct 13 2020
# Start time: 16:07:51 on Apr 22,2025
# vlog -reportprogress 300 -work work ../rtl/01_user_ip/arbita_ch6.v ../rtl/01_user_ip/pulse_gen.v 
# -- Compiling module ARBITA_CH6
# -- Compiling module PULSE_GEN
# 
# Top level modules:
# 	ARBITA_CH6
# 	PULSE_GEN
# End time: 16:07:51 on Apr 22,2025, Elapsed time: 0:00:00
# Errors: 0, Warnings: 0
# Model Technology ModelSim SE-64 vlog 2020.4 Compiler 2020.10 Oct 13 2020
# Start time: 16:07:52 on Apr 22,2025
# vlog -reportprogress 300 -work work ../rtl/03_srio/ini_dma_rd.v ../rtl/03_srio/ini_dma_wr.v ../rtl/03_srio/ini_reg_tx.v ../rtl/03_srio/ini_rx_dec.v ../rtl/03_srio/srio_rx.v ../rtl/03_srio/srio_top.v ../rtl/03_srio/srio_tx.v ../rtl/03_srio/tag_dma_tx.v ../rtl/03_srio/tag_reg_tx.v ../rtl/03_srio/tag_rx_dec.v 
# -- Compiling module INI_DMA_RD
# -- Compiling module INI_DMA_WR
# -- Compiling module INI_REG_TX
# -- Compiling module INI_RX_DEC
# -- Compiling module SRIO_RX
# -- Compiling module SRIO_TOP
# -- Compiling module SRIO_TX
# -- Compiling module TAG_DMA_TX
# -- Compiling module TAG_REG_TX
# -- Compiling module TAG_RX_DEC
# 
# Top level modules:
# 	SRIO_TOP
# End time: 16:07:52 on Apr 22,2025, Elapsed time: 0:00:00
# Errors: 0, Warnings: 0
# Model Technology ModelSim SE-64 vlog 2020.4 Compiler 2020.10 Oct 13 2020
# Start time: 16:07:52 on Apr 22,2025
# vlog -reportprogress 300 -work work ../rtl/04_bist/bist_reg.v ../rtl/04_bist/ram_bist.v 
# -- Compiling module BIST_REG
# -- Compiling module RAM_BIST
# 
# Top level modules:
# 	BIST_REG
# 	RAM_BIST
# End time: 16:07:52 on Apr 22,2025, Elapsed time: 0:00:00
# Errors: 0, Warnings: 0
# ** Warning: (vlib-34) Library already exists at "work".
# Errors: 0, Warnings: 1
# Model Technology ModelSim SE-64 vmap 2020.4 Lib Mapping Utility 2020.10 Oct 13 2020
# vmap work 
# Reading C:/modeltech64_2020.4/win64/../modelsim.ini
# "work" maps to directory ./work. (Default mapping)
# Model Technology ModelSim SE-64 vlog 2020.4 Compiler 2020.10 Oct 13 2020
# Start time: 16:07:52 on Apr 22,2025
# vlog -reportprogress 300 -work work sim_model/define/define.v 
# End time: 16:07:52 on Apr 22,2025, Elapsed time: 0:00:00
# Errors: 0, Warnings: 0
# Model Technology ModelSim SE-64 vlog 2020.4 Compiler 2020.10 Oct 13 2020
# Start time: 16:07:52 on Apr 22,2025
# vlog -reportprogress 300 "+define+tb_00=1" -work work "+incdir+{sim_model/define}" sim_model/sim_model.v 
# -- Compiling module SIM_MODEL
# 
# Top level modules:
# 	SIM_MODEL
# End time: 16:07:52 on Apr 22,2025, Elapsed time: 0:00:00
# Errors: 0, Warnings: 0
# Model Technology ModelSim SE-64 vlog 2020.4 Compiler 2020.10 Oct 13 2020
# Start time: 16:07:52 on Apr 22,2025
# vlog -reportprogress 300 "+define+tb_00=1" -work work "+incdir+{sim_model/define}" sim_model/tb_top.v 
# -- Compiling module tb_top
# ** Error: sim_model/tb_top.v(809): (vlog-2730) Undefined variable: 's_DRAM0__SIZE'.
# End time: 16:07:53 on Apr 22,2025, Elapsed time: 0:00:01
# Errors: 1, Warnings: 0
# ** Error: C:/modeltech64_2020.4/win64/vlog failed.
# Error in macro ./do/compile_sim.do line 17
# C:/modeltech64_2020.4/win64/vlog failed.
#     while executing
# "vlog -reportprogress 300 +define+tb_00=1 -work work  +incdir+{sim_model/define} sim_model/tb_top.v"
do do/compile_all.do
# ** Warning: (vlib-34) Library already exists at "work".
# Errors: 0, Warnings: 1
# Model Technology ModelSim SE-64 vmap 2020.4 Lib Mapping Utility 2020.10 Oct 13 2020
# vmap work 
# Reading C:/modeltech64_2020.4/win64/../modelsim.ini
# "work" maps to directory ./work. (Default mapping)
# Model Technology ModelSim SE-64 vlog 2020.4 Compiler 2020.10 Oct 13 2020
# Start time: 16:08:13 on Apr 22,2025
# vlog -reportprogress 300 -work work sim_model/lib/glbl.v 
# -- Compiling module glbl
# 
# Top level modules:
# 	glbl
# End time: 16:08:13 on Apr 22,2025, Elapsed time: 0:00:00
# Errors: 0, Warnings: 0
# ** Warning: (vlib-34) Library already exists at "work".
# Errors: 0, Warnings: 1
# Model Technology ModelSim SE-64 vmap 2020.4 Lib Mapping Utility 2020.10 Oct 13 2020
# vmap work 
# Reading C:/modeltech64_2020.4/win64/../modelsim.ini
# "work" maps to directory ./work. (Default mapping)
# Model Technology ModelSim SE-64 vlog 2020.4 Compiler 2020.10 Oct 13 2020
# Start time: 16:08:13 on Apr 22,2025
# vlog -reportprogress 300 -work work ../rtl/00_xilinx_ip/00_afifo/afifo_i72o72_d2048/afifo_i72o72_d2048_sim_netlist.V 
# -- Compiling module afifo_i72o72_d2048
# -- Compiling module afifo_i72o72_d2048_xpm_cdc_gray
# -- Compiling module afifo_i72o72_d2048_xpm_cdc_gray__2
# -- Compiling module afifo_i72o72_d2048_xpm_cdc_single
# -- Compiling module afifo_i72o72_d2048_xpm_cdc_single__2
# -- Compiling module afifo_i72o72_d2048_xpm_cdc_sync_rst
# -- Compiling module afifo_i72o72_d2048_xpm_cdc_sync_rst__2
# -- Compiling module glbl
# 
# Top level modules:
# 	afifo_i72o72_d2048
# 	glbl
# End time: 16:08:13 on Apr 22,2025, Elapsed time: 0:00:00
# Errors: 0, Warnings: 0
# Model Technology ModelSim SE-64 vlog 2020.4 Compiler 2020.10 Oct 13 2020
# Start time: 16:08:13 on Apr 22,2025
# vlog -reportprogress 300 -work work ../rtl/00_xilinx_ip/01_sfifo/sfifo_i32o32_d1024/sfifo_i32o32_d1024_sim_netlist.V 
# -- Compiling module sfifo_i32o32_d1024
# -- Compiling module glbl
# 
# Top level modules:
# 	sfifo_i32o32_d1024
# 	glbl
# End time: 16:08:14 on Apr 22,2025, Elapsed time: 0:00:01
# Errors: 0, Warnings: 0
# Model Technology ModelSim SE-64 vlog 2020.4 Compiler 2020.10 Oct 13 2020
# Start time: 16:08:14 on Apr 22,2025
# vlog -reportprogress 300 -work work ../rtl/00_xilinx_ip/01_sfifo/sfifo_i64o64_d512/sfifo_i64o64_d512_sim_netlist.V 
# -- Compiling module sfifo_i64o64_d512
# -- Compiling module glbl
# 
# Top level modules:
# 	sfifo_i64o64_d512
# 	glbl
# End time: 16:08:14 on Apr 22,2025, Elapsed time: 0:00:00
# Errors: 0, Warnings: 0
# Model Technology ModelSim SE-64 vlog 2020.4 Compiler 2020.10 Oct 13 2020
# Start time: 16:08:14 on Apr 22,2025
# vlog -reportprogress 300 -work work ../rtl/00_xilinx_ip/01_sfifo/sfifo_i72o72_d512/sfifo_i72o72_d512_sim_netlist.V 
# -- Compiling module sfifo_i72o72_d512
# -- Compiling module glbl
# 
# Top level modules:
# 	sfifo_i72o72_d512
# 	glbl
# End time: 16:08:14 on Apr 22,2025, Elapsed time: 0:00:00
# Errors: 0, Warnings: 0
# Model Technology ModelSim SE-64 vlog 2020.4 Compiler 2020.10 Oct 13 2020
# Start time: 16:08:15 on Apr 22,2025
# vlog -reportprogress 300 -work work ../rtl/00_xilinx_ip/03_ram/sram_i64o64_d256/sram_i64o64_d256_sim_netlist.V 
# -- Compiling module sram_i64o64_d256
# -- Compiling module glbl
# 
# Top level modules:
# 	sram_i64o64_d256
# 	glbl
# End time: 16:08:15 on Apr 22,2025, Elapsed time: 0:00:00
# Errors: 0, Warnings: 0
# Model Technology ModelSim SE-64 vlog 2020.4 Compiler 2020.10 Oct 13 2020
# Start time: 16:08:15 on Apr 22,2025
# vlog -reportprogress 300 -work work ../rtl/01_user_ip/arbita_ch6.v ../rtl/01_user_ip/pulse_gen.v 
# -- Compiling module ARBITA_CH6
# -- Compiling module PULSE_GEN
# 
# Top level modules:
# 	ARBITA_CH6
# 	PULSE_GEN
# End time: 16:08:15 on Apr 22,2025, Elapsed time: 0:00:00
# Errors: 0, Warnings: 0
# Model Technology ModelSim SE-64 vlog 2020.4 Compiler 2020.10 Oct 13 2020
# Start time: 16:08:15 on Apr 22,2025
# vlog -reportprogress 300 -work work ../rtl/03_srio/ini_dma_rd.v ../rtl/03_srio/ini_dma_wr.v ../rtl/03_srio/ini_reg_tx.v ../rtl/03_srio/ini_rx_dec.v ../rtl/03_srio/srio_rx.v ../rtl/03_srio/srio_top.v ../rtl/03_srio/srio_tx.v ../rtl/03_srio/tag_dma_tx.v ../rtl/03_srio/tag_reg_tx.v ../rtl/03_srio/tag_rx_dec.v 
# -- Compiling module INI_DMA_RD
# -- Compiling module INI_DMA_WR
# -- Compiling module INI_REG_TX
# -- Compiling module INI_RX_DEC
# -- Compiling module SRIO_RX
# -- Compiling module SRIO_TOP
# -- Compiling module SRIO_TX
# -- Compiling module TAG_DMA_TX
# -- Compiling module TAG_REG_TX
# -- Compiling module TAG_RX_DEC
# 
# Top level modules:
# 	SRIO_TOP
# End time: 16:08:15 on Apr 22,2025, Elapsed time: 0:00:00
# Errors: 0, Warnings: 0
# Model Technology ModelSim SE-64 vlog 2020.4 Compiler 2020.10 Oct 13 2020
# Start time: 16:08:15 on Apr 22,2025
# vlog -reportprogress 300 -work work ../rtl/04_bist/bist_reg.v ../rtl/04_bist/ram_bist.v 
# -- Compiling module BIST_REG
# -- Compiling module RAM_BIST
# 
# Top level modules:
# 	BIST_REG
# 	RAM_BIST
# End time: 16:08:15 on Apr 22,2025, Elapsed time: 0:00:00
# Errors: 0, Warnings: 0
# ** Warning: (vlib-34) Library already exists at "work".
# Errors: 0, Warnings: 1
# Model Technology ModelSim SE-64 vmap 2020.4 Lib Mapping Utility 2020.10 Oct 13 2020
# vmap work 
# Reading C:/modeltech64_2020.4/win64/../modelsim.ini
# "work" maps to directory ./work. (Default mapping)
# Model Technology ModelSim SE-64 vlog 2020.4 Compiler 2020.10 Oct 13 2020
# Start time: 16:08:16 on Apr 22,2025
# vlog -reportprogress 300 -work work sim_model/define/define.v 
# End time: 16:08:16 on Apr 22,2025, Elapsed time: 0:00:00
# Errors: 0, Warnings: 0
# Model Technology ModelSim SE-64 vlog 2020.4 Compiler 2020.10 Oct 13 2020
# Start time: 16:08:16 on Apr 22,2025
# vlog -reportprogress 300 "+define+tb_00=1" -work work "+incdir+{sim_model/define}" sim_model/sim_model.v 
# -- Compiling module SIM_MODEL
# 
# Top level modules:
# 	SIM_MODEL
# End time: 16:08:16 on Apr 22,2025, Elapsed time: 0:00:00
# Errors: 0, Warnings: 0
# Model Technology ModelSim SE-64 vlog 2020.4 Compiler 2020.10 Oct 13 2020
# Start time: 16:08:16 on Apr 22,2025
# vlog -reportprogress 300 "+define+tb_00=1" -work work "+incdir+{sim_model/define}" sim_model/tb_top.v 
# -- Compiling module tb_top
# ** Error: sim_model/tb_top.v(809): (vlog-2730) Undefined variable: 's_DRAM0_SIZE'.
# End time: 16:08:16 on Apr 22,2025, Elapsed time: 0:00:00
# Errors: 1, Warnings: 0
# ** Error: C:/modeltech64_2020.4/win64/vlog failed.
# Error in macro ./do/compile_sim.do line 17
# C:/modeltech64_2020.4/win64/vlog failed.
#     while executing
# "vlog -reportprogress 300 +define+tb_00=1 -work work  +incdir+{sim_model/define} sim_model/tb_top.v"
do do/compile_all.do
# ** Warning: (vlib-34) Library already exists at "work".
# Errors: 0, Warnings: 1
# Model Technology ModelSim SE-64 vmap 2020.4 Lib Mapping Utility 2020.10 Oct 13 2020
# vmap work 
# Reading C:/modeltech64_2020.4/win64/../modelsim.ini
# "work" maps to directory ./work. (Default mapping)
# Model Technology ModelSim SE-64 vlog 2020.4 Compiler 2020.10 Oct 13 2020
# Start time: 16:08:31 on Apr 22,2025
# vlog -reportprogress 300 -work work sim_model/lib/glbl.v 
# -- Compiling module glbl
# 
# Top level modules:
# 	glbl
# End time: 16:08:31 on Apr 22,2025, Elapsed time: 0:00:00
# Errors: 0, Warnings: 0
# ** Warning: (vlib-34) Library already exists at "work".
# Errors: 0, Warnings: 1
# Model Technology ModelSim SE-64 vmap 2020.4 Lib Mapping Utility 2020.10 Oct 13 2020
# vmap work 
# Reading C:/modeltech64_2020.4/win64/../modelsim.ini
# "work" maps to directory ./work. (Default mapping)
# Model Technology ModelSim SE-64 vlog 2020.4 Compiler 2020.10 Oct 13 2020
# Start time: 16:08:31 on Apr 22,2025
# vlog -reportprogress 300 -work work ../rtl/00_xilinx_ip/00_afifo/afifo_i72o72_d2048/afifo_i72o72_d2048_sim_netlist.V 
# -- Compiling module afifo_i72o72_d2048
# -- Compiling module afifo_i72o72_d2048_xpm_cdc_gray
# -- Compiling module afifo_i72o72_d2048_xpm_cdc_gray__2
# -- Compiling module afifo_i72o72_d2048_xpm_cdc_single
# -- Compiling module afifo_i72o72_d2048_xpm_cdc_single__2
# -- Compiling module afifo_i72o72_d2048_xpm_cdc_sync_rst
# -- Compiling module afifo_i72o72_d2048_xpm_cdc_sync_rst__2
# -- Compiling module glbl
# 
# Top level modules:
# 	afifo_i72o72_d2048
# 	glbl
# End time: 16:08:32 on Apr 22,2025, Elapsed time: 0:00:01
# Errors: 0, Warnings: 0
# Model Technology ModelSim SE-64 vlog 2020.4 Compiler 2020.10 Oct 13 2020
# Start time: 16:08:32 on Apr 22,2025
# vlog -reportprogress 300 -work work ../rtl/00_xilinx_ip/01_sfifo/sfifo_i32o32_d1024/sfifo_i32o32_d1024_sim_netlist.V 
# -- Compiling module sfifo_i32o32_d1024
# -- Compiling module glbl
# 
# Top level modules:
# 	sfifo_i32o32_d1024
# 	glbl
# End time: 16:08:32 on Apr 22,2025, Elapsed time: 0:00:00
# Errors: 0, Warnings: 0
# Model Technology ModelSim SE-64 vlog 2020.4 Compiler 2020.10 Oct 13 2020
# Start time: 16:08:33 on Apr 22,2025
# vlog -reportprogress 300 -work work ../rtl/00_xilinx_ip/01_sfifo/sfifo_i64o64_d512/sfifo_i64o64_d512_sim_netlist.V 
# -- Compiling module sfifo_i64o64_d512
# -- Compiling module glbl
# 
# Top level modules:
# 	sfifo_i64o64_d512
# 	glbl
# End time: 16:08:33 on Apr 22,2025, Elapsed time: 0:00:00
# Errors: 0, Warnings: 0
# Model Technology ModelSim SE-64 vlog 2020.4 Compiler 2020.10 Oct 13 2020
# Start time: 16:08:33 on Apr 22,2025
# vlog -reportprogress 300 -work work ../rtl/00_xilinx_ip/01_sfifo/sfifo_i72o72_d512/sfifo_i72o72_d512_sim_netlist.V 
# -- Compiling module sfifo_i72o72_d512
# -- Compiling module glbl
# 
# Top level modules:
# 	sfifo_i72o72_d512
# 	glbl
# End time: 16:08:33 on Apr 22,2025, Elapsed time: 0:00:00
# Errors: 0, Warnings: 0
# Model Technology ModelSim SE-64 vlog 2020.4 Compiler 2020.10 Oct 13 2020
# Start time: 16:08:33 on Apr 22,2025
# vlog -reportprogress 300 -work work ../rtl/00_xilinx_ip/03_ram/sram_i64o64_d256/sram_i64o64_d256_sim_netlist.V 
# -- Compiling module sram_i64o64_d256
# -- Compiling module glbl
# 
# Top level modules:
# 	sram_i64o64_d256
# 	glbl
# End time: 16:08:33 on Apr 22,2025, Elapsed time: 0:00:00
# Errors: 0, Warnings: 0
# Model Technology ModelSim SE-64 vlog 2020.4 Compiler 2020.10 Oct 13 2020
# Start time: 16:08:33 on Apr 22,2025
# vlog -reportprogress 300 -work work ../rtl/01_user_ip/arbita_ch6.v ../rtl/01_user_ip/pulse_gen.v 
# -- Compiling module ARBITA_CH6
# -- Compiling module PULSE_GEN
# 
# Top level modules:
# 	ARBITA_CH6
# 	PULSE_GEN
# End time: 16:08:33 on Apr 22,2025, Elapsed time: 0:00:00
# Errors: 0, Warnings: 0
# Model Technology ModelSim SE-64 vlog 2020.4 Compiler 2020.10 Oct 13 2020
# Start time: 16:08:34 on Apr 22,2025
# vlog -reportprogress 300 -work work ../rtl/03_srio/ini_dma_rd.v ../rtl/03_srio/ini_dma_wr.v ../rtl/03_srio/ini_reg_tx.v ../rtl/03_srio/ini_rx_dec.v ../rtl/03_srio/srio_rx.v ../rtl/03_srio/srio_top.v ../rtl/03_srio/srio_tx.v ../rtl/03_srio/tag_dma_tx.v ../rtl/03_srio/tag_reg_tx.v ../rtl/03_srio/tag_rx_dec.v 
# -- Compiling module INI_DMA_RD
# -- Compiling module INI_DMA_WR
# -- Compiling module INI_REG_TX
# -- Compiling module INI_RX_DEC
# -- Compiling module SRIO_RX
# -- Compiling module SRIO_TOP
# -- Compiling module SRIO_TX
# -- Compiling module TAG_DMA_TX
# -- Compiling module TAG_REG_TX
# -- Compiling module TAG_RX_DEC
# 
# Top level modules:
# 	SRIO_TOP
# End time: 16:08:34 on Apr 22,2025, Elapsed time: 0:00:00
# Errors: 0, Warnings: 0
# Model Technology ModelSim SE-64 vlog 2020.4 Compiler 2020.10 Oct 13 2020
# Start time: 16:08:34 on Apr 22,2025
# vlog -reportprogress 300 -work work ../rtl/04_bist/bist_reg.v ../rtl/04_bist/ram_bist.v 
# -- Compiling module BIST_REG
# -- Compiling module RAM_BIST
# 
# Top level modules:
# 	BIST_REG
# 	RAM_BIST
# End time: 16:08:34 on Apr 22,2025, Elapsed time: 0:00:00
# Errors: 0, Warnings: 0
# ** Warning: (vlib-34) Library already exists at "work".
# Errors: 0, Warnings: 1
# Model Technology ModelSim SE-64 vmap 2020.4 Lib Mapping Utility 2020.10 Oct 13 2020
# vmap work 
# Reading C:/modeltech64_2020.4/win64/../modelsim.ini
# "work" maps to directory ./work. (Default mapping)
# Model Technology ModelSim SE-64 vlog 2020.4 Compiler 2020.10 Oct 13 2020
# Start time: 16:08:34 on Apr 22,2025
# vlog -reportprogress 300 -work work sim_model/define/define.v 
# End time: 16:08:34 on Apr 22,2025, Elapsed time: 0:00:00
# Errors: 0, Warnings: 0
# Model Technology ModelSim SE-64 vlog 2020.4 Compiler 2020.10 Oct 13 2020
# Start time: 16:08:34 on Apr 22,2025
# vlog -reportprogress 300 "+define+tb_00=1" -work work "+incdir+{sim_model/define}" sim_model/sim_model.v 
# -- Compiling module SIM_MODEL
# 
# Top level modules:
# 	SIM_MODEL
# End time: 16:08:34 on Apr 22,2025, Elapsed time: 0:00:00
# Errors: 0, Warnings: 0
# Model Technology ModelSim SE-64 vlog 2020.4 Compiler 2020.10 Oct 13 2020
# Start time: 16:08:34 on Apr 22,2025
# vlog -reportprogress 300 "+define+tb_00=1" -work work "+incdir+{sim_model/define}" sim_model/tb_top.v 
# -- Compiling module tb_top
# 
# Top level modules:
# 	tb_top
# End time: 16:08:34 on Apr 22,2025, Elapsed time: 0:00:00
# Errors: 0, Warnings: 0
do do/tb_00.do
# Model Technology ModelSim SE-64 vlog 2020.4 Compiler 2020.10 Oct 13 2020
# Start time: 16:08:37 on Apr 22,2025
# vlog -reportprogress 300 "+define+tb_00=1" -work work sim_model\define\define.v 
# End time: 16:08:37 on Apr 22,2025, Elapsed time: 0:00:00
# Errors: 0, Warnings: 0
# Model Technology ModelSim SE-64 vlog 2020.4 Compiler 2020.10 Oct 13 2020
# Start time: 16:08:37 on Apr 22,2025
# vlog -reportprogress 300 "+define+tb_00=1" -work work "+incdir+{sim_modeldefine}" sim_model\tb_top.v 
# -- Compiling module tb_top
# 
# Top level modules:
# 	tb_top
# End time: 16:08:37 on Apr 22,2025, Elapsed time: 0:00:00
# Errors: 0, Warnings: 0
# End time: 16:08:40 on Apr 22,2025, Elapsed time: 0:02:46
# Errors: 2, Warnings: 8
# vsim -t 1ps -c -l ./log/vsim_tb_00_report.log work.tb_top -L UNISIMS_VER -L SECUREIP -L SIMPRIMS_VER -L work -voptargs="+acc" work.glbl -wav ./wave/tb_00.wlf 
# Start time: 16:08:40 on Apr 22,2025
# ** Note: (vsim-3813) Design is being optimized due to module recompilation...
# Loading work.tb_top(fast)
# Loading work.SIM_MODEL(fast)
# Loading work.SRIO_TOP(fast)
# Loading work.INI_REG_TX(fast)
# Loading work.sfifo_i72o72_d512(fast)
# Loading UNISIMS_VER.GND(fast)
# Loading UNISIMS_VER.LUT1(fast)
# Loading UNISIMS_VER.LUT2(fast)
# Loading UNISIMS_VER.LUT3(fast)
# Loading UNISIMS_VER.FDRE(fast)
# Loading UNISIMS_VER.CARRY4(fast)
# Loading UNISIMS_VER.LUT5(fast)
# Loading UNISIMS_VER.LUT5(fast__1)
# Loading UNISIMS_VER.FDSE(fast)
# Loading UNISIMS_VER.LUT4(fast)
# Loading UNISIMS_VER.LUT4(fast__1)
# Loading UNISIMS_VER.LUT3(fast__1)
# Loading UNISIMS_VER.LUT3(fast__2)
# Loading UNISIMS_VER.LUT4(fast__2)
# Loading UNISIMS_VER.LUT6(fast)
# Loading UNISIMS_VER.LUT2(fast__1)
# Loading UNISIMS_VER.LUT3(fast__3)
# Loading UNISIMS_VER.LUT4(fast__3)
# Loading UNISIMS_VER.LUT5(fast__2)
# Loading UNISIMS_VER.LUT6(fast__1)
# Loading UNISIMS_VER.LUT6(fast__2)
# Loading UNISIMS_VER.LUT4(fast__4)
# Loading UNISIMS_VER.LUT2(fast__2)
# Loading UNISIMS_VER.LUT5(fast__3)
# Loading UNISIMS_VER.LUT4(fast__5)
# Loading UNISIMS_VER.LUT1(fast__1)
# Loading UNISIMS_VER.RAMB36E1(fast)
# Loading UNISIMS_VER.RB36_INTERNAL_VLOG(fast)
# Loading work.INI_DMA_WR(fast)
# Loading work.sfifo_i64o64_d512(fast)
# Loading work.INI_DMA_RD(fast)
# Loading work.ARBITA_CH6(fast)
# Loading work.SRIO_TX(fast)
# Loading work.afifo_i72o72_d2048(fast)
# Loading work.afifo_i72o72_d2048_xpm_cdc_gray(fast)
# Loading UNISIMS_VER.LUT6(fast__3)
# Loading UNISIMS_VER.LUT5(fast__4)
# Loading UNISIMS_VER.LUT4(fast__6)
# Loading UNISIMS_VER.LUT3(fast__4)
# Loading work.afifo_i72o72_d2048_xpm_cdc_gray__2(fast)
# Loading UNISIMS_VER.LUT6(fast__4)
# Loading UNISIMS_VER.LUT4(fast__7)
# Loading UNISIMS_VER.LUT6(fast__5)
# Loading UNISIMS_VER.LUT5(fast__5)
# Loading UNISIMS_VER.LUT6(fast__6)
# Loading UNISIMS_VER.FDSE(fast__1)
# Loading UNISIMS_VER.RAMB36E1(fast__1)
# Loading UNISIMS_VER.RB36_INTERNAL_VLOG(fast__1)
# Loading UNISIMS_VER.SRL16E(fast)
# Loading UNISIMS_VER.LUT2(fast__3)
# Loading UNISIMS_VER.FDRE(fast__1)
# Loading UNISIMS_VER.LUT3(fast__5)
# Loading UNISIMS_VER.LUT4(fast__8)
# Loading UNISIMS_VER.LUT6(fast__7)
# Loading work.afifo_i72o72_d2048_xpm_cdc_single(fast)
# Loading work.afifo_i72o72_d2048_xpm_cdc_single__2(fast)
# Loading work.afifo_i72o72_d2048_xpm_cdc_sync_rst(fast)
# Loading work.afifo_i72o72_d2048_xpm_cdc_sync_rst__2(fast)
# Loading work.SRIO_RX(fast)
# Loading work.INI_RX_DEC(fast)
# Loading work.TAG_RX_DEC(fast)
# Loading work.TAG_REG_TX(fast)
# Loading work.TAG_DMA_TX(fast)
# Loading work.BIST_REG(fast)
# Loading work.RAM_BIST(fast)
# Loading work.sram_i64o64_d256(fast)
# Loading UNISIMS_VER.RAMB36E1(fast__2)
# Loading UNISIMS_VER.RB36_INTERNAL_VLOG(fast__2)
# Loading work.glbl(fast)
# ** Warning: (vsim-3015) [PCDPC] - Port size (8) does not match connection size (9) for port 'INI_RD_SIZE'. The port definition is at: ../rtl/03_srio/srio_top.v(64).
#    Time: 0 ps  Iteration: 0  Instance: /tb_top/U_SRIO_TOP File: sim_model/tb_top.v Line: 763
# ** Warning: (vsim-3015) [PCDPC] - Port size (32) does not match connection size (16) for port 'TAG_WR_ADDR'. The port definition is at: ../rtl/03_srio/srio_top.v(81).
#    Time: 0 ps  Iteration: 0  Instance: /tb_top/U_SRIO_TOP File: sim_model/tb_top.v Line: 763
# ** Warning: (vsim-3015) [PCDPC] - Port size (9) does not match connection size (8) for port 'TAG_RD_SIZE'. The port definition is at: ../rtl/03_srio/srio_top.v(90).
#    Time: 0 ps  Iteration: 0  Instance: /tb_top/U_SRIO_TOP File: sim_model/tb_top.v Line: 763
# ** Warning: (vsim-3015) [PCDPC] - Port size (32) does not match connection size (16) for port 'TAG_RD_ADDR'. The port definition is at: ../rtl/03_srio/srio_top.v(91).
#    Time: 0 ps  Iteration: 0  Instance: /tb_top/U_SRIO_TOP File: sim_model/tb_top.v Line: 763
# ** Warning: (vsim-3015) [PCDPC] - Port size (1) does not match connection size (32) for port 'DMA_RD_ADDR'. The port definition is at: ../rtl/03_srio/ini_dma_rd.v(23).
#    Time: 0 ps  Iteration: 0  Instance: /tb_top/U_SRIO_TOP/U_INI_DMA_RD File: ../rtl/03_srio/srio_top.v Line: 338
# ** Warning: (vsim-3015) [PCDPC] - Port size (9) does not match connection size (8) for port 'DMA_WR_SIZE'. The port definition is at: ../rtl/03_srio/tag_rx_dec.v(36).
#    Time: 0 ps  Iteration: 0  Instance: /tb_top/U_SRIO_TOP/U_TAG_RX_DEC File: ../rtl/03_srio/srio_top.v Line: 497
# ** Warning: (vsim-3015) [PCDPC] - Port size (6) does not match connection size (8) for port 'addra'. The port definition is at: ../rtl/00_xilinx_ip/03_ram/sram_i64o64_d256/sram_i64o64_d256_sim_netlist.V(20).
#    Time: 0 ps  Iteration: 0  Instance: /tb_top/U_RAM_BIST/U_BIST_BRAM File: ../rtl/04_bist/ram_bist.v Line: 113
# ** Warning: (vsim-3015) [PCDPC] - Port size (6) does not match connection size (8) for port 'addrb'. The port definition is at: ../rtl/00_xilinx_ip/03_ram/sram_i64o64_d256/sram_i64o64_d256_sim_netlist.V(23).
#    Time: 0 ps  Iteration: 0  Instance: /tb_top/U_RAM_BIST/U_BIST_BRAM File: ../rtl/04_bist/ram_bist.v Line: 113
#  
# ******<<<<<<<<<<<<<<<<<<<<<<Simulation tb_00 start>>>>>>>>>>>>>>>>>>>>>>> ******
#  
# ---- Initial simulation
# ---- clock ---- 1111 ---- enable
# ---- Wait for  64 cycles
# ---- Wait for  64 cycles end
# ---- Wait for  16 cycles
# ---- Wait for  16 cycles end
# ---- reseting by cycle
# ---- reset0   64 cycle end
# ---- Wait for  16 cycles
# ---- Wait for  16 cycles end
# ---- reseting by ns
# ---- reset1  255 ns end
# ---- Write register   PORT :0x0    ADD :0x200    DATA :0x89abcd0e
# ---- Wait for  16 cycles
# ---- Wait for  16 cycles end
# ---- [Success  ]Read register   PORT :0x0    ADD :0x200    EDAT :0x89abcd0e    RDAT :0x89abcd0e
# ---- Wait for  16 cycles
# ---- Wait for  16 cycles end
# ---- DRAM write PORT :0x01    ADD :0x0000001    SIZE :0x010
# ---- DRAM write end
# ---- Wait for  16 cycles
# ---- Wait for  16 cycles end
# ---- Wait for 255 cycles
# ---- Wait for 255 cycles end
# ---- tb_00 test completed !
#  
# ******<<<<<<<<<<<<<<<<<<<<Simulation tb_00 Successful End>>>>>>>>>>>>>>>>>>> ******
#  
do do/compile_all.do
# ** Warning: (vlib-34) Library already exists at "work".
# Errors: 0, Warnings: 1
# Model Technology ModelSim SE-64 vmap 2020.4 Lib Mapping Utility 2020.10 Oct 13 2020
# vmap work 
# Reading C:/modeltech64_2020.4/win64/../modelsim.ini
# "work" maps to directory ./work. (Default mapping)
# Model Technology ModelSim SE-64 vlog 2020.4 Compiler 2020.10 Oct 13 2020
# Start time: 16:12:52 on Apr 22,2025
# vlog -reportprogress 300 -work work sim_model/lib/glbl.v 
# -- Compiling module glbl
# 
# Top level modules:
# 	glbl
# End time: 16:12:52 on Apr 22,2025, Elapsed time: 0:00:00
# Errors: 0, Warnings: 0
# ** Warning: (vlib-34) Library already exists at "work".
# Errors: 0, Warnings: 1
# Model Technology ModelSim SE-64 vmap 2020.4 Lib Mapping Utility 2020.10 Oct 13 2020
# vmap work 
# Reading C:/modeltech64_2020.4/win64/../modelsim.ini
# "work" maps to directory ./work. (Default mapping)
# Model Technology ModelSim SE-64 vlog 2020.4 Compiler 2020.10 Oct 13 2020
# Start time: 16:12:52 on Apr 22,2025
# vlog -reportprogress 300 -work work ../rtl/00_xilinx_ip/00_afifo/afifo_i72o72_d2048/afifo_i72o72_d2048_sim_netlist.V 
# -- Compiling module afifo_i72o72_d2048
# -- Compiling module afifo_i72o72_d2048_xpm_cdc_gray
# -- Compiling module afifo_i72o72_d2048_xpm_cdc_gray__2
# -- Compiling module afifo_i72o72_d2048_xpm_cdc_single
# -- Compiling module afifo_i72o72_d2048_xpm_cdc_single__2
# -- Compiling module afifo_i72o72_d2048_xpm_cdc_sync_rst
# -- Compiling module afifo_i72o72_d2048_xpm_cdc_sync_rst__2
# -- Compiling module glbl
# 
# Top level modules:
# 	afifo_i72o72_d2048
# 	glbl
# End time: 16:12:53 on Apr 22,2025, Elapsed time: 0:00:01
# Errors: 0, Warnings: 0
# Model Technology ModelSim SE-64 vlog 2020.4 Compiler 2020.10 Oct 13 2020
# Start time: 16:12:53 on Apr 22,2025
# vlog -reportprogress 300 -work work ../rtl/00_xilinx_ip/01_sfifo/sfifo_i32o32_d1024/sfifo_i32o32_d1024_sim_netlist.V 
# -- Compiling module sfifo_i32o32_d1024
# -- Compiling module glbl
# 
# Top level modules:
# 	sfifo_i32o32_d1024
# 	glbl
# End time: 16:12:53 on Apr 22,2025, Elapsed time: 0:00:00
# Errors: 0, Warnings: 0
# Model Technology ModelSim SE-64 vlog 2020.4 Compiler 2020.10 Oct 13 2020
# Start time: 16:12:53 on Apr 22,2025
# vlog -reportprogress 300 -work work ../rtl/00_xilinx_ip/01_sfifo/sfifo_i64o64_d512/sfifo_i64o64_d512_sim_netlist.V 
# -- Compiling module sfifo_i64o64_d512
# -- Compiling module glbl
# 
# Top level modules:
# 	sfifo_i64o64_d512
# 	glbl
# End time: 16:12:53 on Apr 22,2025, Elapsed time: 0:00:00
# Errors: 0, Warnings: 0
# Model Technology ModelSim SE-64 vlog 2020.4 Compiler 2020.10 Oct 13 2020
# Start time: 16:12:54 on Apr 22,2025
# vlog -reportprogress 300 -work work ../rtl/00_xilinx_ip/01_sfifo/sfifo_i72o72_d512/sfifo_i72o72_d512_sim_netlist.V 
# -- Compiling module sfifo_i72o72_d512
# -- Compiling module glbl
# 
# Top level modules:
# 	sfifo_i72o72_d512
# 	glbl
# End time: 16:12:54 on Apr 22,2025, Elapsed time: 0:00:00
# Errors: 0, Warnings: 0
# Model Technology ModelSim SE-64 vlog 2020.4 Compiler 2020.10 Oct 13 2020
# Start time: 16:12:54 on Apr 22,2025
# vlog -reportprogress 300 -work work ../rtl/00_xilinx_ip/03_ram/sram_i64o64_d256/sram_i64o64_d256_sim_netlist.V 
# -- Compiling module sram_i64o64_d256
# -- Compiling module glbl
# 
# Top level modules:
# 	sram_i64o64_d256
# 	glbl
# End time: 16:12:54 on Apr 22,2025, Elapsed time: 0:00:00
# Errors: 0, Warnings: 0
# Model Technology ModelSim SE-64 vlog 2020.4 Compiler 2020.10 Oct 13 2020
# Start time: 16:12:54 on Apr 22,2025
# vlog -reportprogress 300 -work work ../rtl/01_user_ip/arbita_ch6.v ../rtl/01_user_ip/pulse_gen.v 
# -- Compiling module ARBITA_CH6
# -- Compiling module PULSE_GEN
# 
# Top level modules:
# 	ARBITA_CH6
# 	PULSE_GEN
# End time: 16:12:54 on Apr 22,2025, Elapsed time: 0:00:00
# Errors: 0, Warnings: 0
# Model Technology ModelSim SE-64 vlog 2020.4 Compiler 2020.10 Oct 13 2020
# Start time: 16:12:54 on Apr 22,2025
# vlog -reportprogress 300 -work work ../rtl/03_srio/ini_dma_rd.v ../rtl/03_srio/ini_dma_wr.v ../rtl/03_srio/ini_reg_tx.v ../rtl/03_srio/ini_rx_dec.v ../rtl/03_srio/srio_rx.v ../rtl/03_srio/srio_top.v ../rtl/03_srio/srio_tx.v ../rtl/03_srio/tag_dma_tx.v ../rtl/03_srio/tag_reg_tx.v ../rtl/03_srio/tag_rx_dec.v 
# -- Compiling module INI_DMA_RD
# -- Compiling module INI_DMA_WR
# -- Compiling module INI_REG_TX
# -- Compiling module INI_RX_DEC
# -- Compiling module SRIO_RX
# -- Compiling module SRIO_TOP
# -- Compiling module SRIO_TX
# -- Compiling module TAG_DMA_TX
# -- Compiling module TAG_REG_TX
# -- Compiling module TAG_RX_DEC
# 
# Top level modules:
# 	SRIO_TOP
# End time: 16:12:54 on Apr 22,2025, Elapsed time: 0:00:00
# Errors: 0, Warnings: 0
# Model Technology ModelSim SE-64 vlog 2020.4 Compiler 2020.10 Oct 13 2020
# Start time: 16:12:55 on Apr 22,2025
# vlog -reportprogress 300 -work work ../rtl/04_bist/bist_reg.v ../rtl/04_bist/ram_bist.v 
# -- Compiling module BIST_REG
# -- Compiling module RAM_BIST
# 
# Top level modules:
# 	BIST_REG
# 	RAM_BIST
# End time: 16:12:55 on Apr 22,2025, Elapsed time: 0:00:00
# Errors: 0, Warnings: 0
# ** Warning: (vlib-34) Library already exists at "work".
# Errors: 0, Warnings: 1
# Model Technology ModelSim SE-64 vmap 2020.4 Lib Mapping Utility 2020.10 Oct 13 2020
# vmap work 
# Reading C:/modeltech64_2020.4/win64/../modelsim.ini
# "work" maps to directory ./work. (Default mapping)
# Model Technology ModelSim SE-64 vlog 2020.4 Compiler 2020.10 Oct 13 2020
# Start time: 16:12:55 on Apr 22,2025
# vlog -reportprogress 300 -work work sim_model/define/define.v 
# End time: 16:12:55 on Apr 22,2025, Elapsed time: 0:00:00
# Errors: 0, Warnings: 0
# Model Technology ModelSim SE-64 vlog 2020.4 Compiler 2020.10 Oct 13 2020
# Start time: 16:12:55 on Apr 22,2025
# vlog -reportprogress 300 "+define+tb_00=1" -work work "+incdir+{sim_model/define}" sim_model/sim_model.v 
# -- Compiling module SIM_MODEL
# 
# Top level modules:
# 	SIM_MODEL
# End time: 16:12:55 on Apr 22,2025, Elapsed time: 0:00:00
# Errors: 0, Warnings: 0
# Model Technology ModelSim SE-64 vlog 2020.4 Compiler 2020.10 Oct 13 2020
# Start time: 16:12:55 on Apr 22,2025
# vlog -reportprogress 300 "+define+tb_00=1" -work work "+incdir+{sim_model/define}" sim_model/tb_top.v 
# -- Compiling module tb_top
# 
# Top level modules:
# 	tb_top
# End time: 16:12:55 on Apr 22,2025, Elapsed time: 0:00:00
# Errors: 0, Warnings: 0
do do/tb_00.do
# Model Technology ModelSim SE-64 vlog 2020.4 Compiler 2020.10 Oct 13 2020
# Start time: 16:12:57 on Apr 22,2025
# vlog -reportprogress 300 "+define+tb_00=1" -work work sim_model\define\define.v 
# End time: 16:12:57 on Apr 22,2025, Elapsed time: 0:00:00
# Errors: 0, Warnings: 0
# Model Technology ModelSim SE-64 vlog 2020.4 Compiler 2020.10 Oct 13 2020
# Start time: 16:12:58 on Apr 22,2025
# vlog -reportprogress 300 "+define+tb_00=1" -work work "+incdir+{sim_modeldefine}" sim_model\tb_top.v 
# -- Compiling module tb_top
# 
# Top level modules:
# 	tb_top
# End time: 16:12:58 on Apr 22,2025, Elapsed time: 0:00:00
# Errors: 0, Warnings: 0
# End time: 16:13:01 on Apr 22,2025, Elapsed time: 0:04:21
# Errors: 0, Warnings: 8
# vsim -t 1ps -c -l ./log/vsim_tb_00_report.log work.tb_top -L UNISIMS_VER -L SECUREIP -L SIMPRIMS_VER -L work -voptargs="+acc" work.glbl -wav ./wave/tb_00.wlf 
# Start time: 16:13:01 on Apr 22,2025
# ** Note: (vsim-3813) Design is being optimized due to module recompilation...
# ** Note: (vopt-143) Recognized 1 FSM in module "INI_DMA_WR(fast)".
# Loading work.tb_top(fast)
# Loading work.SIM_MODEL(fast)
# Loading work.SRIO_TOP(fast)
# Loading work.INI_REG_TX(fast)
# Loading work.sfifo_i72o72_d512(fast)
# Loading UNISIMS_VER.GND(fast)
# Loading UNISIMS_VER.LUT1(fast)
# Loading UNISIMS_VER.LUT2(fast)
# Loading UNISIMS_VER.LUT3(fast)
# Loading UNISIMS_VER.FDRE(fast)
# Loading UNISIMS_VER.CARRY4(fast)
# Loading UNISIMS_VER.LUT5(fast)
# Loading UNISIMS_VER.LUT5(fast__1)
# Loading UNISIMS_VER.FDSE(fast)
# Loading UNISIMS_VER.LUT4(fast)
# Loading UNISIMS_VER.LUT4(fast__1)
# Loading UNISIMS_VER.LUT3(fast__1)
# Loading UNISIMS_VER.LUT3(fast__2)
# Loading UNISIMS_VER.LUT4(fast__2)
# Loading UNISIMS_VER.LUT6(fast)
# Loading UNISIMS_VER.LUT2(fast__1)
# Loading UNISIMS_VER.LUT3(fast__3)
# Loading UNISIMS_VER.LUT4(fast__3)
# Loading UNISIMS_VER.LUT5(fast__2)
# Loading UNISIMS_VER.LUT6(fast__1)
# Loading UNISIMS_VER.LUT6(fast__2)
# Loading UNISIMS_VER.LUT4(fast__4)
# Loading UNISIMS_VER.LUT2(fast__2)
# Loading UNISIMS_VER.LUT5(fast__3)
# Loading UNISIMS_VER.LUT4(fast__5)
# Loading UNISIMS_VER.LUT1(fast__1)
# Loading UNISIMS_VER.RAMB36E1(fast)
# Loading UNISIMS_VER.RB36_INTERNAL_VLOG(fast)
# Loading work.INI_DMA_WR(fast)
# Loading work.sfifo_i64o64_d512(fast)
# Loading work.INI_DMA_RD(fast)
# Loading work.ARBITA_CH6(fast)
# Loading work.SRIO_TX(fast)
# Loading work.afifo_i72o72_d2048(fast)
# Loading work.afifo_i72o72_d2048_xpm_cdc_gray(fast)
# Loading UNISIMS_VER.LUT6(fast__3)
# Loading UNISIMS_VER.LUT5(fast__4)
# Loading UNISIMS_VER.LUT4(fast__6)
# Loading UNISIMS_VER.LUT3(fast__4)
# Loading work.afifo_i72o72_d2048_xpm_cdc_gray__2(fast)
# Loading UNISIMS_VER.LUT6(fast__4)
# Loading UNISIMS_VER.LUT4(fast__7)
# Loading UNISIMS_VER.LUT6(fast__5)
# Loading UNISIMS_VER.LUT5(fast__5)
# Loading UNISIMS_VER.LUT6(fast__6)
# Loading UNISIMS_VER.FDSE(fast__1)
# Loading UNISIMS_VER.RAMB36E1(fast__1)
# Loading UNISIMS_VER.RB36_INTERNAL_VLOG(fast__1)
# Loading UNISIMS_VER.SRL16E(fast)
# Loading UNISIMS_VER.LUT2(fast__3)
# Loading UNISIMS_VER.FDRE(fast__1)
# Loading UNISIMS_VER.LUT3(fast__5)
# Loading UNISIMS_VER.LUT4(fast__8)
# Loading UNISIMS_VER.LUT6(fast__7)
# Loading work.afifo_i72o72_d2048_xpm_cdc_single(fast)
# Loading work.afifo_i72o72_d2048_xpm_cdc_single__2(fast)
# Loading work.afifo_i72o72_d2048_xpm_cdc_sync_rst(fast)
# Loading work.afifo_i72o72_d2048_xpm_cdc_sync_rst__2(fast)
# Loading work.SRIO_RX(fast)
# Loading work.INI_RX_DEC(fast)
# Loading work.TAG_RX_DEC(fast)
# Loading work.TAG_REG_TX(fast)
# Loading work.TAG_DMA_TX(fast)
# Loading work.BIST_REG(fast)
# Loading work.RAM_BIST(fast)
# Loading work.sram_i64o64_d256(fast)
# Loading UNISIMS_VER.RAMB36E1(fast__2)
# Loading UNISIMS_VER.RB36_INTERNAL_VLOG(fast__2)
# Loading work.glbl(fast)
# ** Warning: (vsim-3015) [PCDPC] - Port size (8) does not match connection size (9) for port 'INI_RD_SIZE'. The port definition is at: ../rtl/03_srio/srio_top.v(64).
#    Time: 0 ps  Iteration: 0  Instance: /tb_top/U_SRIO_TOP File: sim_model/tb_top.v Line: 763
# ** Warning: (vsim-3015) [PCDPC] - Port size (32) does not match connection size (16) for port 'TAG_WR_ADDR'. The port definition is at: ../rtl/03_srio/srio_top.v(81).
#    Time: 0 ps  Iteration: 0  Instance: /tb_top/U_SRIO_TOP File: sim_model/tb_top.v Line: 763
# ** Warning: (vsim-3015) [PCDPC] - Port size (9) does not match connection size (8) for port 'TAG_RD_SIZE'. The port definition is at: ../rtl/03_srio/srio_top.v(90).
#    Time: 0 ps  Iteration: 0  Instance: /tb_top/U_SRIO_TOP File: sim_model/tb_top.v Line: 763
# ** Warning: (vsim-3015) [PCDPC] - Port size (32) does not match connection size (16) for port 'TAG_RD_ADDR'. The port definition is at: ../rtl/03_srio/srio_top.v(91).
#    Time: 0 ps  Iteration: 0  Instance: /tb_top/U_SRIO_TOP File: sim_model/tb_top.v Line: 763
# ** Warning: (vsim-3015) [PCDPC] - Port size (1) does not match connection size (32) for port 'DMA_RD_ADDR'. The port definition is at: ../rtl/03_srio/ini_dma_rd.v(23).
#    Time: 0 ps  Iteration: 0  Instance: /tb_top/U_SRIO_TOP/U_INI_DMA_RD File: ../rtl/03_srio/srio_top.v Line: 338
# ** Warning: (vsim-3015) [PCDPC] - Port size (9) does not match connection size (8) for port 'DMA_WR_SIZE'. The port definition is at: ../rtl/03_srio/tag_rx_dec.v(36).
#    Time: 0 ps  Iteration: 0  Instance: /tb_top/U_SRIO_TOP/U_TAG_RX_DEC File: ../rtl/03_srio/srio_top.v Line: 497
# ** Warning: (vsim-3015) [PCDPC] - Port size (6) does not match connection size (8) for port 'addra'. The port definition is at: ../rtl/00_xilinx_ip/03_ram/sram_i64o64_d256/sram_i64o64_d256_sim_netlist.V(20).
#    Time: 0 ps  Iteration: 0  Instance: /tb_top/U_RAM_BIST/U_BIST_BRAM File: ../rtl/04_bist/ram_bist.v Line: 113
# ** Warning: (vsim-3015) [PCDPC] - Port size (6) does not match connection size (8) for port 'addrb'. The port definition is at: ../rtl/00_xilinx_ip/03_ram/sram_i64o64_d256/sram_i64o64_d256_sim_netlist.V(23).
#    Time: 0 ps  Iteration: 0  Instance: /tb_top/U_RAM_BIST/U_BIST_BRAM File: ../rtl/04_bist/ram_bist.v Line: 113
#  
# ******<<<<<<<<<<<<<<<<<<<<<<Simulation tb_00 start>>>>>>>>>>>>>>>>>>>>>>> ******
#  
# ---- Initial simulation
# ---- clock ---- 1111 ---- enable
# ---- Wait for  64 cycles
# ---- Wait for  64 cycles end
# ---- Wait for  16 cycles
# ---- Wait for  16 cycles end
# ---- reseting by cycle
# ---- reset0   64 cycle end
# ---- Wait for  16 cycles
# ---- Wait for  16 cycles end
# ---- reseting by ns
# ---- reset1  255 ns end
# ---- Write register   PORT :0x0    ADD :0x200    DATA :0x89abcd0e
# ---- Wait for  16 cycles
# ---- Wait for  16 cycles end
# ---- [Success  ]Read register   PORT :0x0    ADD :0x200    EDAT :0x89abcd0e    RDAT :0x89abcd0e
# ---- Wait for  16 cycles
# ---- Wait for  16 cycles end
# ---- DRAM write PORT :0x01    ADD :0x0000001    SIZE :0x010
# ---- DRAM write end
# ---- Wait for  16 cycles
# ---- Wait for  16 cycles end
# ---- Wait for 255 cycles
# ---- Wait for 255 cycles end
# ---- tb_00 test completed !
#  
# ******<<<<<<<<<<<<<<<<<<<<Simulation tb_00 Successful End>>>>>>>>>>>>>>>>>>> ******
#  
do do/compile_all.do
# ** Warning: (vlib-34) Library already exists at "work".
# Errors: 0, Warnings: 1
# Model Technology ModelSim SE-64 vmap 2020.4 Lib Mapping Utility 2020.10 Oct 13 2020
# vmap work 
# Reading C:/modeltech64_2020.4/win64/../modelsim.ini
# "work" maps to directory ./work. (Default mapping)
# Model Technology ModelSim SE-64 vlog 2020.4 Compiler 2020.10 Oct 13 2020
# Start time: 16:15:18 on Apr 22,2025
# vlog -reportprogress 300 -work work sim_model/lib/glbl.v 
# -- Compiling module glbl
# 
# Top level modules:
# 	glbl
# End time: 16:15:18 on Apr 22,2025, Elapsed time: 0:00:00
# Errors: 0, Warnings: 0
# ** Warning: (vlib-34) Library already exists at "work".
# Errors: 0, Warnings: 1
# Model Technology ModelSim SE-64 vmap 2020.4 Lib Mapping Utility 2020.10 Oct 13 2020
# vmap work 
# Reading C:/modeltech64_2020.4/win64/../modelsim.ini
# "work" maps to directory ./work. (Default mapping)
# Model Technology ModelSim SE-64 vlog 2020.4 Compiler 2020.10 Oct 13 2020
# Start time: 16:15:18 on Apr 22,2025
# vlog -reportprogress 300 -work work ../rtl/00_xilinx_ip/00_afifo/afifo_i72o72_d2048/afifo_i72o72_d2048_sim_netlist.V 
# -- Compiling module afifo_i72o72_d2048
# -- Compiling module afifo_i72o72_d2048_xpm_cdc_gray
# -- Compiling module afifo_i72o72_d2048_xpm_cdc_gray__2
# -- Compiling module afifo_i72o72_d2048_xpm_cdc_single
# -- Compiling module afifo_i72o72_d2048_xpm_cdc_single__2
# -- Compiling module afifo_i72o72_d2048_xpm_cdc_sync_rst
# -- Compiling module afifo_i72o72_d2048_xpm_cdc_sync_rst__2
# -- Compiling module glbl
# 
# Top level modules:
# 	afifo_i72o72_d2048
# 	glbl
# End time: 16:15:18 on Apr 22,2025, Elapsed time: 0:00:00
# Errors: 0, Warnings: 0
# Model Technology ModelSim SE-64 vlog 2020.4 Compiler 2020.10 Oct 13 2020
# Start time: 16:15:18 on Apr 22,2025
# vlog -reportprogress 300 -work work ../rtl/00_xilinx_ip/01_sfifo/sfifo_i32o32_d1024/sfifo_i32o32_d1024_sim_netlist.V 
# -- Compiling module sfifo_i32o32_d1024
# -- Compiling module glbl
# 
# Top level modules:
# 	sfifo_i32o32_d1024
# 	glbl
# End time: 16:15:19 on Apr 22,2025, Elapsed time: 0:00:01
# Errors: 0, Warnings: 0
# Model Technology ModelSim SE-64 vlog 2020.4 Compiler 2020.10 Oct 13 2020
# Start time: 16:15:19 on Apr 22,2025
# vlog -reportprogress 300 -work work ../rtl/00_xilinx_ip/01_sfifo/sfifo_i64o64_d512/sfifo_i64o64_d512_sim_netlist.V 
# -- Compiling module sfifo_i64o64_d512
# -- Compiling module glbl
# 
# Top level modules:
# 	sfifo_i64o64_d512
# 	glbl
# End time: 16:15:19 on Apr 22,2025, Elapsed time: 0:00:00
# Errors: 0, Warnings: 0
# Model Technology ModelSim SE-64 vlog 2020.4 Compiler 2020.10 Oct 13 2020
# Start time: 16:15:19 on Apr 22,2025
# vlog -reportprogress 300 -work work ../rtl/00_xilinx_ip/01_sfifo/sfifo_i72o72_d512/sfifo_i72o72_d512_sim_netlist.V 
# -- Compiling module sfifo_i72o72_d512
# -- Compiling module glbl
# 
# Top level modules:
# 	sfifo_i72o72_d512
# 	glbl
# End time: 16:15:19 on Apr 22,2025, Elapsed time: 0:00:00
# Errors: 0, Warnings: 0
# Model Technology ModelSim SE-64 vlog 2020.4 Compiler 2020.10 Oct 13 2020
# Start time: 16:15:20 on Apr 22,2025
# vlog -reportprogress 300 -work work ../rtl/00_xilinx_ip/03_ram/sram_i64o64_d256/sram_i64o64_d256_sim_netlist.V 
# -- Compiling module sram_i64o64_d256
# -- Compiling module glbl
# 
# Top level modules:
# 	sram_i64o64_d256
# 	glbl
# End time: 16:15:20 on Apr 22,2025, Elapsed time: 0:00:00
# Errors: 0, Warnings: 0
# Model Technology ModelSim SE-64 vlog 2020.4 Compiler 2020.10 Oct 13 2020
# Start time: 16:15:20 on Apr 22,2025
# vlog -reportprogress 300 -work work ../rtl/01_user_ip/arbita_ch6.v ../rtl/01_user_ip/pulse_gen.v 
# -- Compiling module ARBITA_CH6
# -- Compiling module PULSE_GEN
# 
# Top level modules:
# 	ARBITA_CH6
# 	PULSE_GEN
# End time: 16:15:20 on Apr 22,2025, Elapsed time: 0:00:00
# Errors: 0, Warnings: 0
# Model Technology ModelSim SE-64 vlog 2020.4 Compiler 2020.10 Oct 13 2020
# Start time: 16:15:20 on Apr 22,2025
# vlog -reportprogress 300 -work work ../rtl/03_srio/ini_dma_rd.v ../rtl/03_srio/ini_dma_wr.v ../rtl/03_srio/ini_reg_tx.v ../rtl/03_srio/ini_rx_dec.v ../rtl/03_srio/srio_rx.v ../rtl/03_srio/srio_top.v ../rtl/03_srio/srio_tx.v ../rtl/03_srio/tag_dma_tx.v ../rtl/03_srio/tag_reg_tx.v ../rtl/03_srio/tag_rx_dec.v 
# -- Compiling module INI_DMA_RD
# -- Compiling module INI_DMA_WR
# -- Compiling module INI_REG_TX
# -- Compiling module INI_RX_DEC
# -- Compiling module SRIO_RX
# -- Compiling module SRIO_TOP
# -- Compiling module SRIO_TX
# -- Compiling module TAG_DMA_TX
# -- Compiling module TAG_REG_TX
# -- Compiling module TAG_RX_DEC
# 
# Top level modules:
# 	SRIO_TOP
# End time: 16:15:20 on Apr 22,2025, Elapsed time: 0:00:00
# Errors: 0, Warnings: 0
# Model Technology ModelSim SE-64 vlog 2020.4 Compiler 2020.10 Oct 13 2020
# Start time: 16:15:20 on Apr 22,2025
# vlog -reportprogress 300 -work work ../rtl/04_bist/bist_reg.v ../rtl/04_bist/ram_bist.v 
# -- Compiling module BIST_REG
# -- Compiling module RAM_BIST
# 
# Top level modules:
# 	BIST_REG
# 	RAM_BIST
# End time: 16:15:20 on Apr 22,2025, Elapsed time: 0:00:00
# Errors: 0, Warnings: 0
# ** Warning: (vlib-34) Library already exists at "work".
# Errors: 0, Warnings: 1
# Model Technology ModelSim SE-64 vmap 2020.4 Lib Mapping Utility 2020.10 Oct 13 2020
# vmap work 
# Reading C:/modeltech64_2020.4/win64/../modelsim.ini
# "work" maps to directory ./work. (Default mapping)
# Model Technology ModelSim SE-64 vlog 2020.4 Compiler 2020.10 Oct 13 2020
# Start time: 16:15:21 on Apr 22,2025
# vlog -reportprogress 300 -work work sim_model/define/define.v 
# End time: 16:15:21 on Apr 22,2025, Elapsed time: 0:00:00
# Errors: 0, Warnings: 0
# Model Technology ModelSim SE-64 vlog 2020.4 Compiler 2020.10 Oct 13 2020
# Start time: 16:15:21 on Apr 22,2025
# vlog -reportprogress 300 "+define+tb_00=1" -work work "+incdir+{sim_model/define}" sim_model/sim_model.v 
# -- Compiling module SIM_MODEL
# 
# Top level modules:
# 	SIM_MODEL
# End time: 16:15:21 on Apr 22,2025, Elapsed time: 0:00:00
# Errors: 0, Warnings: 0
# Model Technology ModelSim SE-64 vlog 2020.4 Compiler 2020.10 Oct 13 2020
# Start time: 16:15:21 on Apr 22,2025
# vlog -reportprogress 300 "+define+tb_00=1" -work work "+incdir+{sim_model/define}" sim_model/tb_top.v 
# -- Compiling module tb_top
# 
# Top level modules:
# 	tb_top
# End time: 16:15:21 on Apr 22,2025, Elapsed time: 0:00:00
# Errors: 0, Warnings: 0
do do/tb_00.do
# Model Technology ModelSim SE-64 vlog 2020.4 Compiler 2020.10 Oct 13 2020
# Start time: 16:15:25 on Apr 22,2025
# vlog -reportprogress 300 "+define+tb_00=1" -work work sim_model\define\define.v 
# End time: 16:15:25 on Apr 22,2025, Elapsed time: 0:00:00
# Errors: 0, Warnings: 0
# Model Technology ModelSim SE-64 vlog 2020.4 Compiler 2020.10 Oct 13 2020
# Start time: 16:15:25 on Apr 22,2025
# vlog -reportprogress 300 "+define+tb_00=1" -work work "+incdir+{sim_modeldefine}" sim_model\tb_top.v 
# -- Compiling module tb_top
# 
# Top level modules:
# 	tb_top
# End time: 16:15:25 on Apr 22,2025, Elapsed time: 0:00:00
# Errors: 0, Warnings: 0
# End time: 16:15:29 on Apr 22,2025, Elapsed time: 0:02:28
# Errors: 0, Warnings: 8
# vsim -t 1ps -c -l ./log/vsim_tb_00_report.log work.tb_top -L UNISIMS_VER -L SECUREIP -L SIMPRIMS_VER -L work -voptargs="+acc" work.glbl -wav ./wave/tb_00.wlf 
# Start time: 16:15:29 on Apr 22,2025
# ** Note: (vsim-3813) Design is being optimized due to module recompilation...
# ** Note: (vopt-143) Recognized 1 FSM in module "INI_DMA_WR(fast)".
# Loading work.tb_top(fast)
# Loading work.SIM_MODEL(fast)
# Loading work.SRIO_TOP(fast)
# Loading work.INI_REG_TX(fast)
# Loading work.sfifo_i72o72_d512(fast)
# Loading UNISIMS_VER.GND(fast)
# Loading UNISIMS_VER.LUT1(fast)
# Loading UNISIMS_VER.LUT2(fast)
# Loading UNISIMS_VER.LUT3(fast)
# Loading UNISIMS_VER.FDRE(fast)
# Loading UNISIMS_VER.CARRY4(fast)
# Loading UNISIMS_VER.LUT5(fast)
# Loading UNISIMS_VER.LUT5(fast__1)
# Loading UNISIMS_VER.FDSE(fast)
# Loading UNISIMS_VER.LUT4(fast)
# Loading UNISIMS_VER.LUT4(fast__1)
# Loading UNISIMS_VER.LUT3(fast__1)
# Loading UNISIMS_VER.LUT3(fast__2)
# Loading UNISIMS_VER.LUT4(fast__2)
# Loading UNISIMS_VER.LUT6(fast)
# Loading UNISIMS_VER.LUT2(fast__1)
# Loading UNISIMS_VER.LUT3(fast__3)
# Loading UNISIMS_VER.LUT4(fast__3)
# Loading UNISIMS_VER.LUT5(fast__2)
# Loading UNISIMS_VER.LUT6(fast__1)
# Loading UNISIMS_VER.LUT6(fast__2)
# Loading UNISIMS_VER.LUT4(fast__4)
# Loading UNISIMS_VER.LUT2(fast__2)
# Loading UNISIMS_VER.LUT5(fast__3)
# Loading UNISIMS_VER.LUT4(fast__5)
# Loading UNISIMS_VER.LUT1(fast__1)
# Loading UNISIMS_VER.RAMB36E1(fast)
# Loading UNISIMS_VER.RB36_INTERNAL_VLOG(fast)
# Loading work.INI_DMA_WR(fast)
# Loading work.sfifo_i64o64_d512(fast)
# Loading work.INI_DMA_RD(fast)
# Loading work.ARBITA_CH6(fast)
# Loading work.SRIO_TX(fast)
# Loading work.afifo_i72o72_d2048(fast)
# Loading work.afifo_i72o72_d2048_xpm_cdc_gray(fast)
# Loading UNISIMS_VER.LUT6(fast__3)
# Loading UNISIMS_VER.LUT5(fast__4)
# Loading UNISIMS_VER.LUT4(fast__6)
# Loading UNISIMS_VER.LUT3(fast__4)
# Loading work.afifo_i72o72_d2048_xpm_cdc_gray__2(fast)
# Loading UNISIMS_VER.LUT6(fast__4)
# Loading UNISIMS_VER.LUT4(fast__7)
# Loading UNISIMS_VER.LUT6(fast__5)
# Loading UNISIMS_VER.LUT5(fast__5)
# Loading UNISIMS_VER.LUT6(fast__6)
# Loading UNISIMS_VER.FDSE(fast__1)
# Loading UNISIMS_VER.RAMB36E1(fast__1)
# Loading UNISIMS_VER.RB36_INTERNAL_VLOG(fast__1)
# Loading UNISIMS_VER.SRL16E(fast)
# Loading UNISIMS_VER.LUT2(fast__3)
# Loading UNISIMS_VER.FDRE(fast__1)
# Loading UNISIMS_VER.LUT3(fast__5)
# Loading UNISIMS_VER.LUT4(fast__8)
# Loading UNISIMS_VER.LUT6(fast__7)
# Loading work.afifo_i72o72_d2048_xpm_cdc_single(fast)
# Loading work.afifo_i72o72_d2048_xpm_cdc_single__2(fast)
# Loading work.afifo_i72o72_d2048_xpm_cdc_sync_rst(fast)
# Loading work.afifo_i72o72_d2048_xpm_cdc_sync_rst__2(fast)
# Loading work.SRIO_RX(fast)
# Loading work.INI_RX_DEC(fast)
# Loading work.TAG_RX_DEC(fast)
# Loading work.TAG_REG_TX(fast)
# Loading work.TAG_DMA_TX(fast)
# Loading work.BIST_REG(fast)
# Loading work.RAM_BIST(fast)
# Loading work.sram_i64o64_d256(fast)
# Loading UNISIMS_VER.RAMB36E1(fast__2)
# Loading UNISIMS_VER.RB36_INTERNAL_VLOG(fast__2)
# Loading work.glbl(fast)
# ** Warning: (vsim-3015) [PCDPC] - Port size (8) does not match connection size (9) for port 'INI_RD_SIZE'. The port definition is at: ../rtl/03_srio/srio_top.v(64).
#    Time: 0 ps  Iteration: 0  Instance: /tb_top/U_SRIO_TOP File: sim_model/tb_top.v Line: 763
# ** Warning: (vsim-3015) [PCDPC] - Port size (32) does not match connection size (16) for port 'TAG_WR_ADDR'. The port definition is at: ../rtl/03_srio/srio_top.v(81).
#    Time: 0 ps  Iteration: 0  Instance: /tb_top/U_SRIO_TOP File: sim_model/tb_top.v Line: 763
# ** Warning: (vsim-3015) [PCDPC] - Port size (9) does not match connection size (8) for port 'TAG_RD_SIZE'. The port definition is at: ../rtl/03_srio/srio_top.v(90).
#    Time: 0 ps  Iteration: 0  Instance: /tb_top/U_SRIO_TOP File: sim_model/tb_top.v Line: 763
# ** Warning: (vsim-3015) [PCDPC] - Port size (32) does not match connection size (16) for port 'TAG_RD_ADDR'. The port definition is at: ../rtl/03_srio/srio_top.v(91).
#    Time: 0 ps  Iteration: 0  Instance: /tb_top/U_SRIO_TOP File: sim_model/tb_top.v Line: 763
# ** Warning: (vsim-3015) [PCDPC] - Port size (1) does not match connection size (32) for port 'DMA_RD_ADDR'. The port definition is at: ../rtl/03_srio/ini_dma_rd.v(23).
#    Time: 0 ps  Iteration: 0  Instance: /tb_top/U_SRIO_TOP/U_INI_DMA_RD File: ../rtl/03_srio/srio_top.v Line: 338
# ** Warning: (vsim-3015) [PCDPC] - Port size (9) does not match connection size (8) for port 'DMA_WR_SIZE'. The port definition is at: ../rtl/03_srio/tag_rx_dec.v(36).
#    Time: 0 ps  Iteration: 0  Instance: /tb_top/U_SRIO_TOP/U_TAG_RX_DEC File: ../rtl/03_srio/srio_top.v Line: 497
# ** Warning: (vsim-3015) [PCDPC] - Port size (6) does not match connection size (8) for port 'addra'. The port definition is at: ../rtl/00_xilinx_ip/03_ram/sram_i64o64_d256/sram_i64o64_d256_sim_netlist.V(20).
#    Time: 0 ps  Iteration: 0  Instance: /tb_top/U_RAM_BIST/U_BIST_BRAM File: ../rtl/04_bist/ram_bist.v Line: 113
# ** Warning: (vsim-3015) [PCDPC] - Port size (6) does not match connection size (8) for port 'addrb'. The port definition is at: ../rtl/00_xilinx_ip/03_ram/sram_i64o64_d256/sram_i64o64_d256_sim_netlist.V(23).
#    Time: 0 ps  Iteration: 0  Instance: /tb_top/U_RAM_BIST/U_BIST_BRAM File: ../rtl/04_bist/ram_bist.v Line: 113
#  
# ******<<<<<<<<<<<<<<<<<<<<<<Simulation tb_00 start>>>>>>>>>>>>>>>>>>>>>>> ******
#  
# ---- Initial simulation
# ---- clock ---- 1111 ---- enable
# ---- Wait for  64 cycles
# ---- Wait for  64 cycles end
# ---- Wait for  16 cycles
# ---- Wait for  16 cycles end
# ---- reseting by cycle
# ---- reset0   64 cycle end
# ---- Wait for  16 cycles
# ---- Wait for  16 cycles end
# ---- reseting by ns
# ---- reset1  255 ns end
# ---- Write register   PORT :0x0    ADD :0x200    DATA :0x89abcd0e
# ---- Wait for  16 cycles
# ---- Wait for  16 cycles end
# ---- [Success  ]Read register   PORT :0x0    ADD :0x200    EDAT :0x89abcd0e    RDAT :0x89abcd0e
# ---- Wait for  16 cycles
# ---- Wait for  16 cycles end
# ---- DRAM write PORT :0x01    ADD :0x0000001    SIZE :0x010
# ---- DRAM write end
# ---- Wait for  16 cycles
# ---- Wait for  16 cycles end
# ---- Wait for 255 cycles
# ---- Wait for 255 cycles end
# ---- tb_00 test completed !
#  
# ******<<<<<<<<<<<<<<<<<<<<Simulation tb_00 Successful End>>>>>>>>>>>>>>>>>>> ******
#  
do do/compile_all.do
# ** Warning: (vlib-34) Library already exists at "work".
# Errors: 0, Warnings: 1
# Model Technology ModelSim SE-64 vmap 2020.4 Lib Mapping Utility 2020.10 Oct 13 2020
# vmap work 
# Reading C:/modeltech64_2020.4/win64/../modelsim.ini
# "work" maps to directory ./work. (Default mapping)
# Model Technology ModelSim SE-64 vlog 2020.4 Compiler 2020.10 Oct 13 2020
# Start time: 16:26:27 on Apr 22,2025
# vlog -reportprogress 300 -work work sim_model/lib/glbl.v 
# -- Compiling module glbl
# 
# Top level modules:
# 	glbl
# End time: 16:26:27 on Apr 22,2025, Elapsed time: 0:00:00
# Errors: 0, Warnings: 0
# ** Warning: (vlib-34) Library already exists at "work".
# Errors: 0, Warnings: 1
# Model Technology ModelSim SE-64 vmap 2020.4 Lib Mapping Utility 2020.10 Oct 13 2020
# vmap work 
# Reading C:/modeltech64_2020.4/win64/../modelsim.ini
# "work" maps to directory ./work. (Default mapping)
# Model Technology ModelSim SE-64 vlog 2020.4 Compiler 2020.10 Oct 13 2020
# Start time: 16:26:27 on Apr 22,2025
# vlog -reportprogress 300 -work work ../rtl/00_xilinx_ip/00_afifo/afifo_i72o72_d2048/afifo_i72o72_d2048_sim_netlist.V 
# -- Compiling module afifo_i72o72_d2048
# -- Compiling module afifo_i72o72_d2048_xpm_cdc_gray
# -- Compiling module afifo_i72o72_d2048_xpm_cdc_gray__2
# -- Compiling module afifo_i72o72_d2048_xpm_cdc_single
# -- Compiling module afifo_i72o72_d2048_xpm_cdc_single__2
# -- Compiling module afifo_i72o72_d2048_xpm_cdc_sync_rst
# -- Compiling module afifo_i72o72_d2048_xpm_cdc_sync_rst__2
# -- Compiling module glbl
# 
# Top level modules:
# 	afifo_i72o72_d2048
# 	glbl
# End time: 16:26:27 on Apr 22,2025, Elapsed time: 0:00:00
# Errors: 0, Warnings: 0
# Model Technology ModelSim SE-64 vlog 2020.4 Compiler 2020.10 Oct 13 2020
# Start time: 16:26:28 on Apr 22,2025
# vlog -reportprogress 300 -work work ../rtl/00_xilinx_ip/01_sfifo/sfifo_i32o32_d1024/sfifo_i32o32_d1024_sim_netlist.V 
# -- Compiling module sfifo_i32o32_d1024
# -- Compiling module glbl
# 
# Top level modules:
# 	sfifo_i32o32_d1024
# 	glbl
# End time: 16:26:28 on Apr 22,2025, Elapsed time: 0:00:00
# Errors: 0, Warnings: 0
# Model Technology ModelSim SE-64 vlog 2020.4 Compiler 2020.10 Oct 13 2020
# Start time: 16:26:28 on Apr 22,2025
# vlog -reportprogress 300 -work work ../rtl/00_xilinx_ip/01_sfifo/sfifo_i64o64_d512/sfifo_i64o64_d512_sim_netlist.V 
# -- Compiling module sfifo_i64o64_d512
# -- Compiling module glbl
# 
# Top level modules:
# 	sfifo_i64o64_d512
# 	glbl
# End time: 16:26:28 on Apr 22,2025, Elapsed time: 0:00:00
# Errors: 0, Warnings: 0
# Model Technology ModelSim SE-64 vlog 2020.4 Compiler 2020.10 Oct 13 2020
# Start time: 16:26:28 on Apr 22,2025
# vlog -reportprogress 300 -work work ../rtl/00_xilinx_ip/01_sfifo/sfifo_i72o72_d512/sfifo_i72o72_d512_sim_netlist.V 
# -- Compiling module sfifo_i72o72_d512
# -- Compiling module glbl
# 
# Top level modules:
# 	sfifo_i72o72_d512
# 	glbl
# End time: 16:26:29 on Apr 22,2025, Elapsed time: 0:00:01
# Errors: 0, Warnings: 0
# Model Technology ModelSim SE-64 vlog 2020.4 Compiler 2020.10 Oct 13 2020
# Start time: 16:26:29 on Apr 22,2025
# vlog -reportprogress 300 -work work ../rtl/00_xilinx_ip/03_ram/sram_i64o64_d256/sram_i64o64_d256_sim_netlist.V 
# -- Compiling module sram_i64o64_d256
# -- Compiling module glbl
# 
# Top level modules:
# 	sram_i64o64_d256
# 	glbl
# End time: 16:26:29 on Apr 22,2025, Elapsed time: 0:00:00
# Errors: 0, Warnings: 0
# Model Technology ModelSim SE-64 vlog 2020.4 Compiler 2020.10 Oct 13 2020
# Start time: 16:26:29 on Apr 22,2025
# vlog -reportprogress 300 -work work ../rtl/01_user_ip/arbita_ch6.v ../rtl/01_user_ip/pulse_gen.v 
# -- Compiling module ARBITA_CH6
# -- Compiling module PULSE_GEN
# 
# Top level modules:
# 	ARBITA_CH6
# 	PULSE_GEN
# End time: 16:26:29 on Apr 22,2025, Elapsed time: 0:00:00
# Errors: 0, Warnings: 0
# Model Technology ModelSim SE-64 vlog 2020.4 Compiler 2020.10 Oct 13 2020
# Start time: 16:26:29 on Apr 22,2025
# vlog -reportprogress 300 -work work ../rtl/03_srio/ini_dma_rd.v ../rtl/03_srio/ini_dma_wr.v ../rtl/03_srio/ini_reg_tx.v ../rtl/03_srio/ini_rx_dec.v ../rtl/03_srio/srio_rx.v ../rtl/03_srio/srio_top.v ../rtl/03_srio/srio_tx.v ../rtl/03_srio/tag_dma_tx.v ../rtl/03_srio/tag_reg_tx.v ../rtl/03_srio/tag_rx_dec.v 
# -- Compiling module INI_DMA_RD
# -- Compiling module INI_DMA_WR
# -- Compiling module INI_REG_TX
# -- Compiling module INI_RX_DEC
# -- Compiling module SRIO_RX
# -- Compiling module SRIO_TOP
# -- Compiling module SRIO_TX
# -- Compiling module TAG_DMA_TX
# -- Compiling module TAG_REG_TX
# -- Compiling module TAG_RX_DEC
# 
# Top level modules:
# 	SRIO_TOP
# End time: 16:26:29 on Apr 22,2025, Elapsed time: 0:00:00
# Errors: 0, Warnings: 0
# Model Technology ModelSim SE-64 vlog 2020.4 Compiler 2020.10 Oct 13 2020
# Start time: 16:26:29 on Apr 22,2025
# vlog -reportprogress 300 -work work ../rtl/04_bist/bist_reg.v ../rtl/04_bist/ram_bist.v 
# -- Compiling module BIST_REG
# -- Compiling module RAM_BIST
# 
# Top level modules:
# 	BIST_REG
# 	RAM_BIST
# End time: 16:26:29 on Apr 22,2025, Elapsed time: 0:00:00
# Errors: 0, Warnings: 0
# ** Warning: (vlib-34) Library already exists at "work".
# Errors: 0, Warnings: 1
# Model Technology ModelSim SE-64 vmap 2020.4 Lib Mapping Utility 2020.10 Oct 13 2020
# vmap work 
# Reading C:/modeltech64_2020.4/win64/../modelsim.ini
# "work" maps to directory ./work. (Default mapping)
# Model Technology ModelSim SE-64 vlog 2020.4 Compiler 2020.10 Oct 13 2020
# Start time: 16:26:30 on Apr 22,2025
# vlog -reportprogress 300 -work work sim_model/define/define.v 
# End time: 16:26:30 on Apr 22,2025, Elapsed time: 0:00:00
# Errors: 0, Warnings: 0
# Model Technology ModelSim SE-64 vlog 2020.4 Compiler 2020.10 Oct 13 2020
# Start time: 16:26:30 on Apr 22,2025
# vlog -reportprogress 300 "+define+tb_00=1" -work work "+incdir+{sim_model/define}" sim_model/sim_model.v 
# -- Compiling module SIM_MODEL
# 
# Top level modules:
# 	SIM_MODEL
# End time: 16:26:30 on Apr 22,2025, Elapsed time: 0:00:00
# Errors: 0, Warnings: 0
# Model Technology ModelSim SE-64 vlog 2020.4 Compiler 2020.10 Oct 13 2020
# Start time: 16:26:30 on Apr 22,2025
# vlog -reportprogress 300 "+define+tb_00=1" -work work "+incdir+{sim_model/define}" sim_model/tb_top.v 
# -- Compiling module tb_top
# 
# Top level modules:
# 	tb_top
# End time: 16:26:30 on Apr 22,2025, Elapsed time: 0:00:00
# Errors: 0, Warnings: 0
do do/tb_00.do
# Model Technology ModelSim SE-64 vlog 2020.4 Compiler 2020.10 Oct 13 2020
# Start time: 16:26:33 on Apr 22,2025
# vlog -reportprogress 300 "+define+tb_00=1" -work work sim_model\define\define.v 
# End time: 16:26:33 on Apr 22,2025, Elapsed time: 0:00:00
# Errors: 0, Warnings: 0
# Model Technology ModelSim SE-64 vlog 2020.4 Compiler 2020.10 Oct 13 2020
# Start time: 16:26:33 on Apr 22,2025
# vlog -reportprogress 300 "+define+tb_00=1" -work work "+incdir+{sim_modeldefine}" sim_model\tb_top.v 
# -- Compiling module tb_top
# 
# Top level modules:
# 	tb_top
# End time: 16:26:33 on Apr 22,2025, Elapsed time: 0:00:00
# Errors: 0, Warnings: 0
# End time: 16:26:37 on Apr 22,2025, Elapsed time: 0:11:08
# Errors: 0, Warnings: 8
# vsim -t 1ps -c -l ./log/vsim_tb_00_report.log work.tb_top -L UNISIMS_VER -L SECUREIP -L SIMPRIMS_VER -L work -voptargs="+acc" work.glbl -wav ./wave/tb_00.wlf 
# Start time: 16:26:37 on Apr 22,2025
# ** Note: (vsim-3813) Design is being optimized due to module recompilation...
# ** Note: (vopt-143) Recognized 1 FSM in module "INI_DMA_WR(fast)".
# Loading work.tb_top(fast)
# Loading work.SIM_MODEL(fast)
# Loading work.SRIO_TOP(fast)
# Loading work.INI_REG_TX(fast)
# Loading work.sfifo_i72o72_d512(fast)
# Loading UNISIMS_VER.GND(fast)
# Loading UNISIMS_VER.LUT1(fast)
# Loading UNISIMS_VER.LUT2(fast)
# Loading UNISIMS_VER.LUT3(fast)
# Loading UNISIMS_VER.FDRE(fast)
# Loading UNISIMS_VER.CARRY4(fast)
# Loading UNISIMS_VER.LUT5(fast)
# Loading UNISIMS_VER.LUT5(fast__1)
# Loading UNISIMS_VER.FDSE(fast)
# Loading UNISIMS_VER.LUT4(fast)
# Loading UNISIMS_VER.LUT4(fast__1)
# Loading UNISIMS_VER.LUT3(fast__1)
# Loading UNISIMS_VER.LUT3(fast__2)
# Loading UNISIMS_VER.LUT4(fast__2)
# Loading UNISIMS_VER.LUT6(fast)
# Loading UNISIMS_VER.LUT2(fast__1)
# Loading UNISIMS_VER.LUT3(fast__3)
# Loading UNISIMS_VER.LUT4(fast__3)
# Loading UNISIMS_VER.LUT5(fast__2)
# Loading UNISIMS_VER.LUT6(fast__1)
# Loading UNISIMS_VER.LUT6(fast__2)
# Loading UNISIMS_VER.LUT4(fast__4)
# Loading UNISIMS_VER.LUT2(fast__2)
# Loading UNISIMS_VER.LUT5(fast__3)
# Loading UNISIMS_VER.LUT4(fast__5)
# Loading UNISIMS_VER.LUT1(fast__1)
# Loading UNISIMS_VER.RAMB36E1(fast)
# Loading UNISIMS_VER.RB36_INTERNAL_VLOG(fast)
# Loading work.INI_DMA_WR(fast)
# Loading work.sfifo_i64o64_d512(fast)
# Loading work.INI_DMA_RD(fast)
# Loading work.ARBITA_CH6(fast)
# Loading work.SRIO_TX(fast)
# Loading work.afifo_i72o72_d2048(fast)
# Loading work.afifo_i72o72_d2048_xpm_cdc_gray(fast)
# Loading UNISIMS_VER.LUT6(fast__3)
# Loading UNISIMS_VER.LUT5(fast__4)
# Loading UNISIMS_VER.LUT4(fast__6)
# Loading UNISIMS_VER.LUT3(fast__4)
# Loading work.afifo_i72o72_d2048_xpm_cdc_gray__2(fast)
# Loading UNISIMS_VER.LUT6(fast__4)
# Loading UNISIMS_VER.LUT4(fast__7)
# Loading UNISIMS_VER.LUT6(fast__5)
# Loading UNISIMS_VER.LUT5(fast__5)
# Loading UNISIMS_VER.LUT6(fast__6)
# Loading UNISIMS_VER.FDSE(fast__1)
# Loading UNISIMS_VER.RAMB36E1(fast__1)
# Loading UNISIMS_VER.RB36_INTERNAL_VLOG(fast__1)
# Loading UNISIMS_VER.SRL16E(fast)
# Loading UNISIMS_VER.LUT2(fast__3)
# Loading UNISIMS_VER.FDRE(fast__1)
# Loading UNISIMS_VER.LUT3(fast__5)
# Loading UNISIMS_VER.LUT4(fast__8)
# Loading UNISIMS_VER.LUT6(fast__7)
# Loading work.afifo_i72o72_d2048_xpm_cdc_single(fast)
# Loading work.afifo_i72o72_d2048_xpm_cdc_single__2(fast)
# Loading work.afifo_i72o72_d2048_xpm_cdc_sync_rst(fast)
# Loading work.afifo_i72o72_d2048_xpm_cdc_sync_rst__2(fast)
# Loading work.SRIO_RX(fast)
# Loading work.INI_RX_DEC(fast)
# Loading work.TAG_RX_DEC(fast)
# Loading work.TAG_REG_TX(fast)
# Loading work.TAG_DMA_TX(fast)
# Loading work.BIST_REG(fast)
# Loading work.RAM_BIST(fast)
# Loading work.sram_i64o64_d256(fast)
# Loading UNISIMS_VER.RAMB36E1(fast__2)
# Loading UNISIMS_VER.RB36_INTERNAL_VLOG(fast__2)
# Loading work.glbl(fast)
# ** Warning: (vsim-3015) [PCDPC] - Port size (8) does not match connection size (9) for port 'INI_RD_SIZE'. The port definition is at: ../rtl/03_srio/srio_top.v(64).
#    Time: 0 ps  Iteration: 0  Instance: /tb_top/U_SRIO_TOP File: sim_model/tb_top.v Line: 763
# ** Warning: (vsim-3015) [PCDPC] - Port size (32) does not match connection size (16) for port 'TAG_WR_ADDR'. The port definition is at: ../rtl/03_srio/srio_top.v(81).
#    Time: 0 ps  Iteration: 0  Instance: /tb_top/U_SRIO_TOP File: sim_model/tb_top.v Line: 763
# ** Warning: (vsim-3015) [PCDPC] - Port size (9) does not match connection size (8) for port 'TAG_RD_SIZE'. The port definition is at: ../rtl/03_srio/srio_top.v(90).
#    Time: 0 ps  Iteration: 0  Instance: /tb_top/U_SRIO_TOP File: sim_model/tb_top.v Line: 763
# ** Warning: (vsim-3015) [PCDPC] - Port size (32) does not match connection size (16) for port 'TAG_RD_ADDR'. The port definition is at: ../rtl/03_srio/srio_top.v(91).
#    Time: 0 ps  Iteration: 0  Instance: /tb_top/U_SRIO_TOP File: sim_model/tb_top.v Line: 763
# ** Warning: (vsim-3015) [PCDPC] - Port size (1) does not match connection size (32) for port 'DMA_RD_ADDR'. The port definition is at: ../rtl/03_srio/ini_dma_rd.v(23).
#    Time: 0 ps  Iteration: 0  Instance: /tb_top/U_SRIO_TOP/U_INI_DMA_RD File: ../rtl/03_srio/srio_top.v Line: 338
# ** Warning: (vsim-3015) [PCDPC] - Port size (9) does not match connection size (8) for port 'DMA_WR_SIZE'. The port definition is at: ../rtl/03_srio/tag_rx_dec.v(36).
#    Time: 0 ps  Iteration: 0  Instance: /tb_top/U_SRIO_TOP/U_TAG_RX_DEC File: ../rtl/03_srio/srio_top.v Line: 497
# ** Warning: (vsim-3015) [PCDPC] - Port size (6) does not match connection size (8) for port 'addra'. The port definition is at: ../rtl/00_xilinx_ip/03_ram/sram_i64o64_d256/sram_i64o64_d256_sim_netlist.V(20).
#    Time: 0 ps  Iteration: 0  Instance: /tb_top/U_RAM_BIST/U_BIST_BRAM File: ../rtl/04_bist/ram_bist.v Line: 113
# ** Warning: (vsim-3015) [PCDPC] - Port size (6) does not match connection size (8) for port 'addrb'. The port definition is at: ../rtl/00_xilinx_ip/03_ram/sram_i64o64_d256/sram_i64o64_d256_sim_netlist.V(23).
#    Time: 0 ps  Iteration: 0  Instance: /tb_top/U_RAM_BIST/U_BIST_BRAM File: ../rtl/04_bist/ram_bist.v Line: 113
#  
# ******<<<<<<<<<<<<<<<<<<<<<<Simulation tb_00 start>>>>>>>>>>>>>>>>>>>>>>> ******
#  
# ---- Initial simulation
# ---- clock ---- 1111 ---- enable
# ---- Wait for  64 cycles
# ---- Wait for  64 cycles end
# ---- Wait for  16 cycles
# ---- Wait for  16 cycles end
# ---- reseting by cycle
# ---- reset0   64 cycle end
# ---- Wait for  16 cycles
# ---- Wait for  16 cycles end
# ---- reseting by ns
# ---- reset1  255 ns end
# ---- Write register   PORT :0x0    ADD :0x200    DATA :0x89abcd0e
# ---- Wait for  16 cycles
# ---- Wait for  16 cycles end
# ---- [Success  ]Read register   PORT :0x0    ADD :0x200    EDAT :0x89abcd0e    RDAT :0x89abcd0e
# ---- Wait for  16 cycles
# ---- Wait for  16 cycles end
# ---- DRAM write PORT :0x01    ADD :0x0000001    SIZE :0x010
# ---- DRAM write end
# ---- Wait for  16 cycles
# ---- Wait for  16 cycles end
# ---- Wait for 255 cycles
# ---- Wait for 255 cycles end
# ---- tb_00 test completed !
#  
# ******<<<<<<<<<<<<<<<<<<<<Simulation tb_00 Successful End>>>>>>>>>>>>>>>>>>> ******
#  
do do/compile_all.do
# ** Warning: (vlib-34) Library already exists at "work".
# Errors: 0, Warnings: 1
# Model Technology ModelSim SE-64 vmap 2020.4 Lib Mapping Utility 2020.10 Oct 13 2020
# vmap work 
# Reading C:/modeltech64_2020.4/win64/../modelsim.ini
# "work" maps to directory ./work. (Default mapping)
# Model Technology ModelSim SE-64 vlog 2020.4 Compiler 2020.10 Oct 13 2020
# Start time: 16:30:31 on Apr 22,2025
# vlog -reportprogress 300 -work work sim_model/lib/glbl.v 
# -- Compiling module glbl
# 
# Top level modules:
# 	glbl
# End time: 16:30:31 on Apr 22,2025, Elapsed time: 0:00:00
# Errors: 0, Warnings: 0
# ** Warning: (vlib-34) Library already exists at "work".
# Errors: 0, Warnings: 1
# Model Technology ModelSim SE-64 vmap 2020.4 Lib Mapping Utility 2020.10 Oct 13 2020
# vmap work 
# Reading C:/modeltech64_2020.4/win64/../modelsim.ini
# "work" maps to directory ./work. (Default mapping)
# Model Technology ModelSim SE-64 vlog 2020.4 Compiler 2020.10 Oct 13 2020
# Start time: 16:30:31 on Apr 22,2025
# vlog -reportprogress 300 -work work ../rtl/00_xilinx_ip/00_afifo/afifo_i72o72_d2048/afifo_i72o72_d2048_sim_netlist.V 
# -- Compiling module afifo_i72o72_d2048
# -- Compiling module afifo_i72o72_d2048_xpm_cdc_gray
# -- Compiling module afifo_i72o72_d2048_xpm_cdc_gray__2
# -- Compiling module afifo_i72o72_d2048_xpm_cdc_single
# -- Compiling module afifo_i72o72_d2048_xpm_cdc_single__2
# -- Compiling module afifo_i72o72_d2048_xpm_cdc_sync_rst
# -- Compiling module afifo_i72o72_d2048_xpm_cdc_sync_rst__2
# -- Compiling module glbl
# 
# Top level modules:
# 	afifo_i72o72_d2048
# 	glbl
# End time: 16:30:31 on Apr 22,2025, Elapsed time: 0:00:00
# Errors: 0, Warnings: 0
# Model Technology ModelSim SE-64 vlog 2020.4 Compiler 2020.10 Oct 13 2020
# Start time: 16:30:32 on Apr 22,2025
# vlog -reportprogress 300 -work work ../rtl/00_xilinx_ip/01_sfifo/sfifo_i32o32_d1024/sfifo_i32o32_d1024_sim_netlist.V 
# -- Compiling module sfifo_i32o32_d1024
# -- Compiling module glbl
# 
# Top level modules:
# 	sfifo_i32o32_d1024
# 	glbl
# End time: 16:30:32 on Apr 22,2025, Elapsed time: 0:00:00
# Errors: 0, Warnings: 0
# Model Technology ModelSim SE-64 vlog 2020.4 Compiler 2020.10 Oct 13 2020
# Start time: 16:30:32 on Apr 22,2025
# vlog -reportprogress 300 -work work ../rtl/00_xilinx_ip/01_sfifo/sfifo_i64o64_d512/sfifo_i64o64_d512_sim_netlist.V 
# -- Compiling module sfifo_i64o64_d512
# -- Compiling module glbl
# 
# Top level modules:
# 	sfifo_i64o64_d512
# 	glbl
# End time: 16:30:32 on Apr 22,2025, Elapsed time: 0:00:00
# Errors: 0, Warnings: 0
# Model Technology ModelSim SE-64 vlog 2020.4 Compiler 2020.10 Oct 13 2020
# Start time: 16:30:32 on Apr 22,2025
# vlog -reportprogress 300 -work work ../rtl/00_xilinx_ip/01_sfifo/sfifo_i72o72_d512/sfifo_i72o72_d512_sim_netlist.V 
# -- Compiling module sfifo_i72o72_d512
# -- Compiling module glbl
# 
# Top level modules:
# 	sfifo_i72o72_d512
# 	glbl
# End time: 16:30:33 on Apr 22,2025, Elapsed time: 0:00:01
# Errors: 0, Warnings: 0
# Model Technology ModelSim SE-64 vlog 2020.4 Compiler 2020.10 Oct 13 2020
# Start time: 16:30:33 on Apr 22,2025
# vlog -reportprogress 300 -work work ../rtl/00_xilinx_ip/03_ram/sram_i64o64_d256/sram_i64o64_d256_sim_netlist.V 
# -- Compiling module sram_i64o64_d256
# -- Compiling module glbl
# 
# Top level modules:
# 	sram_i64o64_d256
# 	glbl
# End time: 16:30:33 on Apr 22,2025, Elapsed time: 0:00:00
# Errors: 0, Warnings: 0
# Model Technology ModelSim SE-64 vlog 2020.4 Compiler 2020.10 Oct 13 2020
# Start time: 16:30:33 on Apr 22,2025
# vlog -reportprogress 300 -work work ../rtl/01_user_ip/arbita_ch6.v ../rtl/01_user_ip/pulse_gen.v 
# -- Compiling module ARBITA_CH6
# -- Compiling module PULSE_GEN
# 
# Top level modules:
# 	ARBITA_CH6
# 	PULSE_GEN
# End time: 16:30:33 on Apr 22,2025, Elapsed time: 0:00:00
# Errors: 0, Warnings: 0
# Model Technology ModelSim SE-64 vlog 2020.4 Compiler 2020.10 Oct 13 2020
# Start time: 16:30:33 on Apr 22,2025
# vlog -reportprogress 300 -work work ../rtl/03_srio/ini_dma_rd.v ../rtl/03_srio/ini_dma_wr.v ../rtl/03_srio/ini_reg_tx.v ../rtl/03_srio/ini_rx_dec.v ../rtl/03_srio/srio_rx.v ../rtl/03_srio/srio_top.v ../rtl/03_srio/srio_tx.v ../rtl/03_srio/tag_dma_tx.v ../rtl/03_srio/tag_reg_tx.v ../rtl/03_srio/tag_rx_dec.v 
# -- Compiling module INI_DMA_RD
# -- Compiling module INI_DMA_WR
# -- Compiling module INI_REG_TX
# -- Compiling module INI_RX_DEC
# -- Compiling module SRIO_RX
# -- Compiling module SRIO_TOP
# -- Compiling module SRIO_TX
# -- Compiling module TAG_DMA_TX
# -- Compiling module TAG_REG_TX
# -- Compiling module TAG_RX_DEC
# 
# Top level modules:
# 	SRIO_TOP
# End time: 16:30:33 on Apr 22,2025, Elapsed time: 0:00:00
# Errors: 0, Warnings: 0
# Model Technology ModelSim SE-64 vlog 2020.4 Compiler 2020.10 Oct 13 2020
# Start time: 16:30:33 on Apr 22,2025
# vlog -reportprogress 300 -work work ../rtl/04_bist/bist_reg.v ../rtl/04_bist/ram_bist.v 
# -- Compiling module BIST_REG
# -- Compiling module RAM_BIST
# 
# Top level modules:
# 	BIST_REG
# 	RAM_BIST
# End time: 16:30:33 on Apr 22,2025, Elapsed time: 0:00:00
# Errors: 0, Warnings: 0
# ** Warning: (vlib-34) Library already exists at "work".
# Errors: 0, Warnings: 1
# Model Technology ModelSim SE-64 vmap 2020.4 Lib Mapping Utility 2020.10 Oct 13 2020
# vmap work 
# Reading C:/modeltech64_2020.4/win64/../modelsim.ini
# "work" maps to directory ./work. (Default mapping)
# Model Technology ModelSim SE-64 vlog 2020.4 Compiler 2020.10 Oct 13 2020
# Start time: 16:30:34 on Apr 22,2025
# vlog -reportprogress 300 -work work sim_model/define/define.v 
# End time: 16:30:34 on Apr 22,2025, Elapsed time: 0:00:00
# Errors: 0, Warnings: 0
# Model Technology ModelSim SE-64 vlog 2020.4 Compiler 2020.10 Oct 13 2020
# Start time: 16:30:34 on Apr 22,2025
# vlog -reportprogress 300 "+define+tb_00=1" -work work "+incdir+{sim_model/define}" sim_model/sim_model.v 
# -- Compiling module SIM_MODEL
# 
# Top level modules:
# 	SIM_MODEL
# End time: 16:30:34 on Apr 22,2025, Elapsed time: 0:00:00
# Errors: 0, Warnings: 0
# Model Technology ModelSim SE-64 vlog 2020.4 Compiler 2020.10 Oct 13 2020
# Start time: 16:30:34 on Apr 22,2025
# vlog -reportprogress 300 "+define+tb_00=1" -work work "+incdir+{sim_model/define}" sim_model/tb_top.v 
# -- Compiling module tb_top
# 
# Top level modules:
# 	tb_top
# End time: 16:30:34 on Apr 22,2025, Elapsed time: 0:00:00
# Errors: 0, Warnings: 0
do do/tb_00.do
# Model Technology ModelSim SE-64 vlog 2020.4 Compiler 2020.10 Oct 13 2020
# Start time: 16:30:36 on Apr 22,2025
# vlog -reportprogress 300 "+define+tb_00=1" -work work sim_model\define\define.v 
# End time: 16:30:36 on Apr 22,2025, Elapsed time: 0:00:00
# Errors: 0, Warnings: 0
# Model Technology ModelSim SE-64 vlog 2020.4 Compiler 2020.10 Oct 13 2020
# Start time: 16:30:36 on Apr 22,2025
# vlog -reportprogress 300 "+define+tb_00=1" -work work "+incdir+{sim_modeldefine}" sim_model\tb_top.v 
# -- Compiling module tb_top
# 
# Top level modules:
# 	tb_top
# End time: 16:30:36 on Apr 22,2025, Elapsed time: 0:00:00
# Errors: 0, Warnings: 0
# End time: 16:30:40 on Apr 22,2025, Elapsed time: 0:04:03
# Errors: 0, Warnings: 8
# vsim -t 1ps -c -l ./log/vsim_tb_00_report.log work.tb_top -L UNISIMS_VER -L SECUREIP -L SIMPRIMS_VER -L work -voptargs="+acc" work.glbl -wav ./wave/tb_00.wlf 
# Start time: 16:30:40 on Apr 22,2025
# ** Note: (vsim-3813) Design is being optimized due to module recompilation...
# ** Note: (vopt-143) Recognized 1 FSM in module "INI_DMA_WR(fast)".
# Loading work.tb_top(fast)
# Loading work.SIM_MODEL(fast)
# Loading work.SRIO_TOP(fast)
# Loading work.INI_REG_TX(fast)
# Loading work.sfifo_i72o72_d512(fast)
# Loading UNISIMS_VER.GND(fast)
# Loading UNISIMS_VER.LUT1(fast)
# Loading UNISIMS_VER.LUT2(fast)
# Loading UNISIMS_VER.LUT3(fast)
# Loading UNISIMS_VER.FDRE(fast)
# Loading UNISIMS_VER.CARRY4(fast)
# Loading UNISIMS_VER.LUT5(fast)
# Loading UNISIMS_VER.LUT5(fast__1)
# Loading UNISIMS_VER.FDSE(fast)
# Loading UNISIMS_VER.LUT4(fast)
# Loading UNISIMS_VER.LUT4(fast__1)
# Loading UNISIMS_VER.LUT3(fast__1)
# Loading UNISIMS_VER.LUT3(fast__2)
# Loading UNISIMS_VER.LUT4(fast__2)
# Loading UNISIMS_VER.LUT6(fast)
# Loading UNISIMS_VER.LUT2(fast__1)
# Loading UNISIMS_VER.LUT3(fast__3)
# Loading UNISIMS_VER.LUT4(fast__3)
# Loading UNISIMS_VER.LUT5(fast__2)
# Loading UNISIMS_VER.LUT6(fast__1)
# Loading UNISIMS_VER.LUT6(fast__2)
# Loading UNISIMS_VER.LUT4(fast__4)
# Loading UNISIMS_VER.LUT2(fast__2)
# Loading UNISIMS_VER.LUT5(fast__3)
# Loading UNISIMS_VER.LUT4(fast__5)
# Loading UNISIMS_VER.LUT1(fast__1)
# Loading UNISIMS_VER.RAMB36E1(fast)
# Loading UNISIMS_VER.RB36_INTERNAL_VLOG(fast)
# Loading work.INI_DMA_WR(fast)
# Loading work.sfifo_i64o64_d512(fast)
# Loading work.INI_DMA_RD(fast)
# Loading work.ARBITA_CH6(fast)
# Loading work.SRIO_TX(fast)
# Loading work.afifo_i72o72_d2048(fast)
# Loading work.afifo_i72o72_d2048_xpm_cdc_gray(fast)
# Loading UNISIMS_VER.LUT6(fast__3)
# Loading UNISIMS_VER.LUT5(fast__4)
# Loading UNISIMS_VER.LUT4(fast__6)
# Loading UNISIMS_VER.LUT3(fast__4)
# Loading work.afifo_i72o72_d2048_xpm_cdc_gray__2(fast)
# Loading UNISIMS_VER.LUT6(fast__4)
# Loading UNISIMS_VER.LUT4(fast__7)
# Loading UNISIMS_VER.LUT6(fast__5)
# Loading UNISIMS_VER.LUT5(fast__5)
# Loading UNISIMS_VER.LUT6(fast__6)
# Loading UNISIMS_VER.FDSE(fast__1)
# Loading UNISIMS_VER.RAMB36E1(fast__1)
# Loading UNISIMS_VER.RB36_INTERNAL_VLOG(fast__1)
# Loading UNISIMS_VER.SRL16E(fast)
# Loading UNISIMS_VER.LUT2(fast__3)
# Loading UNISIMS_VER.FDRE(fast__1)
# Loading UNISIMS_VER.LUT3(fast__5)
# Loading UNISIMS_VER.LUT4(fast__8)
# Loading UNISIMS_VER.LUT6(fast__7)
# Loading work.afifo_i72o72_d2048_xpm_cdc_single(fast)
# Loading work.afifo_i72o72_d2048_xpm_cdc_single__2(fast)
# Loading work.afifo_i72o72_d2048_xpm_cdc_sync_rst(fast)
# Loading work.afifo_i72o72_d2048_xpm_cdc_sync_rst__2(fast)
# Loading work.SRIO_RX(fast)
# Loading work.INI_RX_DEC(fast)
# Loading work.TAG_RX_DEC(fast)
# Loading work.TAG_REG_TX(fast)
# Loading work.TAG_DMA_TX(fast)
# Loading work.BIST_REG(fast)
# Loading work.RAM_BIST(fast)
# Loading work.sram_i64o64_d256(fast)
# Loading UNISIMS_VER.RAMB36E1(fast__2)
# Loading UNISIMS_VER.RB36_INTERNAL_VLOG(fast__2)
# Loading work.glbl(fast)
# ** Warning: (vsim-3015) [PCDPC] - Port size (8) does not match connection size (9) for port 'INI_RD_SIZE'. The port definition is at: ../rtl/03_srio/srio_top.v(64).
#    Time: 0 ps  Iteration: 0  Instance: /tb_top/U_SRIO_TOP File: sim_model/tb_top.v Line: 763
# ** Warning: (vsim-3015) [PCDPC] - Port size (32) does not match connection size (16) for port 'TAG_WR_ADDR'. The port definition is at: ../rtl/03_srio/srio_top.v(81).
#    Time: 0 ps  Iteration: 0  Instance: /tb_top/U_SRIO_TOP File: sim_model/tb_top.v Line: 763
# ** Warning: (vsim-3015) [PCDPC] - Port size (9) does not match connection size (8) for port 'TAG_RD_SIZE'. The port definition is at: ../rtl/03_srio/srio_top.v(90).
#    Time: 0 ps  Iteration: 0  Instance: /tb_top/U_SRIO_TOP File: sim_model/tb_top.v Line: 763
# ** Warning: (vsim-3015) [PCDPC] - Port size (32) does not match connection size (16) for port 'TAG_RD_ADDR'. The port definition is at: ../rtl/03_srio/srio_top.v(91).
#    Time: 0 ps  Iteration: 0  Instance: /tb_top/U_SRIO_TOP File: sim_model/tb_top.v Line: 763
# ** Warning: (vsim-3015) [PCDPC] - Port size (1) does not match connection size (32) for port 'DMA_RD_ADDR'. The port definition is at: ../rtl/03_srio/ini_dma_rd.v(23).
#    Time: 0 ps  Iteration: 0  Instance: /tb_top/U_SRIO_TOP/U_INI_DMA_RD File: ../rtl/03_srio/srio_top.v Line: 338
# ** Warning: (vsim-3015) [PCDPC] - Port size (9) does not match connection size (8) for port 'DMA_WR_SIZE'. The port definition is at: ../rtl/03_srio/tag_rx_dec.v(36).
#    Time: 0 ps  Iteration: 0  Instance: /tb_top/U_SRIO_TOP/U_TAG_RX_DEC File: ../rtl/03_srio/srio_top.v Line: 497
# ** Warning: (vsim-3015) [PCDPC] - Port size (6) does not match connection size (8) for port 'addra'. The port definition is at: ../rtl/00_xilinx_ip/03_ram/sram_i64o64_d256/sram_i64o64_d256_sim_netlist.V(20).
#    Time: 0 ps  Iteration: 0  Instance: /tb_top/U_RAM_BIST/U_BIST_BRAM File: ../rtl/04_bist/ram_bist.v Line: 113
# ** Warning: (vsim-3015) [PCDPC] - Port size (6) does not match connection size (8) for port 'addrb'. The port definition is at: ../rtl/00_xilinx_ip/03_ram/sram_i64o64_d256/sram_i64o64_d256_sim_netlist.V(23).
#    Time: 0 ps  Iteration: 0  Instance: /tb_top/U_RAM_BIST/U_BIST_BRAM File: ../rtl/04_bist/ram_bist.v Line: 113
#  
# ******<<<<<<<<<<<<<<<<<<<<<<Simulation tb_00 start>>>>>>>>>>>>>>>>>>>>>>> ******
#  
# ---- Initial simulation
# ---- clock ---- 1111 ---- enable
# ---- Wait for  64 cycles
# ---- Wait for  64 cycles end
# ---- Wait for  16 cycles
# ---- Wait for  16 cycles end
# ---- reseting by cycle
# ---- reset0   64 cycle end
# ---- Wait for  16 cycles
# ---- Wait for  16 cycles end
# ---- reseting by ns
# ---- reset1  255 ns end
# ---- Write register   PORT :0x0    ADD :0x200    DATA :0x89abcd0e
# ---- Wait for  16 cycles
# ---- Wait for  16 cycles end
# ---- [Success  ]Read register   PORT :0x0    ADD :0x200    EDAT :0x89abcd0e    RDAT :0x89abcd0e
# ---- Wait for  16 cycles
# ---- Wait for  16 cycles end
# ---- DRAM write PORT :0x01    ADD :0x0000001    SIZE :0x010
# ---- DRAM write end
# ---- Wait for  16 cycles
# ---- Wait for  16 cycles end
# ---- Wait for 255 cycles
# ---- Wait for 255 cycles end
# ---- tb_00 test completed !
#  
# ******<<<<<<<<<<<<<<<<<<<<Simulation tb_00 Successful End>>>>>>>>>>>>>>>>>>> ******
#  
do do/compile_all.do
# ** Warning: (vlib-34) Library already exists at "work".
# Errors: 0, Warnings: 1
# Model Technology ModelSim SE-64 vmap 2020.4 Lib Mapping Utility 2020.10 Oct 13 2020
# vmap work 
# Reading C:/modeltech64_2020.4/win64/../modelsim.ini
# "work" maps to directory ./work. (Default mapping)
# Model Technology ModelSim SE-64 vlog 2020.4 Compiler 2020.10 Oct 13 2020
# Start time: 16:34:45 on Apr 22,2025
# vlog -reportprogress 300 -work work sim_model/lib/glbl.v 
# -- Compiling module glbl
# 
# Top level modules:
# 	glbl
# End time: 16:34:45 on Apr 22,2025, Elapsed time: 0:00:00
# Errors: 0, Warnings: 0
# ** Warning: (vlib-34) Library already exists at "work".
# Errors: 0, Warnings: 1
# Model Technology ModelSim SE-64 vmap 2020.4 Lib Mapping Utility 2020.10 Oct 13 2020
# vmap work 
# Reading C:/modeltech64_2020.4/win64/../modelsim.ini
# "work" maps to directory ./work. (Default mapping)
# Model Technology ModelSim SE-64 vlog 2020.4 Compiler 2020.10 Oct 13 2020
# Start time: 16:34:45 on Apr 22,2025
# vlog -reportprogress 300 -work work ../rtl/00_xilinx_ip/00_afifo/afifo_i72o72_d2048/afifo_i72o72_d2048_sim_netlist.V 
# -- Compiling module afifo_i72o72_d2048
# -- Compiling module afifo_i72o72_d2048_xpm_cdc_gray
# -- Compiling module afifo_i72o72_d2048_xpm_cdc_gray__2
# -- Compiling module afifo_i72o72_d2048_xpm_cdc_single
# -- Compiling module afifo_i72o72_d2048_xpm_cdc_single__2
# -- Compiling module afifo_i72o72_d2048_xpm_cdc_sync_rst
# -- Compiling module afifo_i72o72_d2048_xpm_cdc_sync_rst__2
# -- Compiling module glbl
# 
# Top level modules:
# 	afifo_i72o72_d2048
# 	glbl
# End time: 16:34:45 on Apr 22,2025, Elapsed time: 0:00:00
# Errors: 0, Warnings: 0
# Model Technology ModelSim SE-64 vlog 2020.4 Compiler 2020.10 Oct 13 2020
# Start time: 16:34:45 on Apr 22,2025
# vlog -reportprogress 300 -work work ../rtl/00_xilinx_ip/01_sfifo/sfifo_i32o32_d1024/sfifo_i32o32_d1024_sim_netlist.V 
# -- Compiling module sfifo_i32o32_d1024
# -- Compiling module glbl
# 
# Top level modules:
# 	sfifo_i32o32_d1024
# 	glbl
# End time: 16:34:46 on Apr 22,2025, Elapsed time: 0:00:01
# Errors: 0, Warnings: 0
# Model Technology ModelSim SE-64 vlog 2020.4 Compiler 2020.10 Oct 13 2020
# Start time: 16:34:46 on Apr 22,2025
# vlog -reportprogress 300 -work work ../rtl/00_xilinx_ip/01_sfifo/sfifo_i64o64_d512/sfifo_i64o64_d512_sim_netlist.V 
# -- Compiling module sfifo_i64o64_d512
# -- Compiling module glbl
# 
# Top level modules:
# 	sfifo_i64o64_d512
# 	glbl
# End time: 16:34:46 on Apr 22,2025, Elapsed time: 0:00:00
# Errors: 0, Warnings: 0
# Model Technology ModelSim SE-64 vlog 2020.4 Compiler 2020.10 Oct 13 2020
# Start time: 16:34:46 on Apr 22,2025
# vlog -reportprogress 300 -work work ../rtl/00_xilinx_ip/01_sfifo/sfifo_i72o72_d512/sfifo_i72o72_d512_sim_netlist.V 
# -- Compiling module sfifo_i72o72_d512
# -- Compiling module glbl
# 
# Top level modules:
# 	sfifo_i72o72_d512
# 	glbl
# End time: 16:34:46 on Apr 22,2025, Elapsed time: 0:00:00
# Errors: 0, Warnings: 0
# Model Technology ModelSim SE-64 vlog 2020.4 Compiler 2020.10 Oct 13 2020
# Start time: 16:34:47 on Apr 22,2025
# vlog -reportprogress 300 -work work ../rtl/00_xilinx_ip/03_ram/sram_i64o64_d256/sram_i64o64_d256_sim_netlist.V 
# -- Compiling module sram_i64o64_d256
# -- Compiling module glbl
# 
# Top level modules:
# 	sram_i64o64_d256
# 	glbl
# End time: 16:34:47 on Apr 22,2025, Elapsed time: 0:00:00
# Errors: 0, Warnings: 0
# Model Technology ModelSim SE-64 vlog 2020.4 Compiler 2020.10 Oct 13 2020
# Start time: 16:34:47 on Apr 22,2025
# vlog -reportprogress 300 -work work ../rtl/01_user_ip/arbita_ch6.v ../rtl/01_user_ip/pulse_gen.v 
# -- Compiling module ARBITA_CH6
# -- Compiling module PULSE_GEN
# 
# Top level modules:
# 	ARBITA_CH6
# 	PULSE_GEN
# End time: 16:34:47 on Apr 22,2025, Elapsed time: 0:00:00
# Errors: 0, Warnings: 0
# Model Technology ModelSim SE-64 vlog 2020.4 Compiler 2020.10 Oct 13 2020
# Start time: 16:34:47 on Apr 22,2025
# vlog -reportprogress 300 -work work ../rtl/03_srio/ini_dma_rd.v ../rtl/03_srio/ini_dma_wr.v ../rtl/03_srio/ini_reg_tx.v ../rtl/03_srio/ini_rx_dec.v ../rtl/03_srio/srio_rx.v ../rtl/03_srio/srio_top.v ../rtl/03_srio/srio_tx.v ../rtl/03_srio/tag_dma_tx.v ../rtl/03_srio/tag_reg_tx.v ../rtl/03_srio/tag_rx_dec.v 
# -- Compiling module INI_DMA_RD
# -- Compiling module INI_DMA_WR
# -- Compiling module INI_REG_TX
# -- Compiling module INI_RX_DEC
# -- Compiling module SRIO_RX
# -- Compiling module SRIO_TOP
# -- Compiling module SRIO_TX
# -- Compiling module TAG_DMA_TX
# -- Compiling module TAG_REG_TX
# -- Compiling module TAG_RX_DEC
# 
# Top level modules:
# 	SRIO_TOP
# End time: 16:34:47 on Apr 22,2025, Elapsed time: 0:00:00
# Errors: 0, Warnings: 0
# Model Technology ModelSim SE-64 vlog 2020.4 Compiler 2020.10 Oct 13 2020
# Start time: 16:34:47 on Apr 22,2025
# vlog -reportprogress 300 -work work ../rtl/04_bist/bist_reg.v ../rtl/04_bist/ram_bist.v 
# -- Compiling module BIST_REG
# -- Compiling module RAM_BIST
# 
# Top level modules:
# 	BIST_REG
# 	RAM_BIST
# End time: 16:34:47 on Apr 22,2025, Elapsed time: 0:00:00
# Errors: 0, Warnings: 0
# ** Warning: (vlib-34) Library already exists at "work".
# Errors: 0, Warnings: 1
# Model Technology ModelSim SE-64 vmap 2020.4 Lib Mapping Utility 2020.10 Oct 13 2020
# vmap work 
# Reading C:/modeltech64_2020.4/win64/../modelsim.ini
# "work" maps to directory ./work. (Default mapping)
# Model Technology ModelSim SE-64 vlog 2020.4 Compiler 2020.10 Oct 13 2020
# Start time: 16:34:48 on Apr 22,2025
# vlog -reportprogress 300 -work work sim_model/define/define.v 
# End time: 16:34:48 on Apr 22,2025, Elapsed time: 0:00:00
# Errors: 0, Warnings: 0
# Model Technology ModelSim SE-64 vlog 2020.4 Compiler 2020.10 Oct 13 2020
# Start time: 16:34:48 on Apr 22,2025
# vlog -reportprogress 300 "+define+tb_00=1" -work work "+incdir+{sim_model/define}" sim_model/sim_model.v 
# -- Compiling module SIM_MODEL
# 
# Top level modules:
# 	SIM_MODEL
# End time: 16:34:48 on Apr 22,2025, Elapsed time: 0:00:00
# Errors: 0, Warnings: 0
# Model Technology ModelSim SE-64 vlog 2020.4 Compiler 2020.10 Oct 13 2020
# Start time: 16:34:48 on Apr 22,2025
# vlog -reportprogress 300 "+define+tb_00=1" -work work "+incdir+{sim_model/define}" sim_model/tb_top.v 
# -- Compiling module tb_top
# 
# Top level modules:
# 	tb_top
# End time: 16:34:48 on Apr 22,2025, Elapsed time: 0:00:00
# Errors: 0, Warnings: 0
do do/tb_00.do
# Model Technology ModelSim SE-64 vlog 2020.4 Compiler 2020.10 Oct 13 2020
# Start time: 16:34:50 on Apr 22,2025
# vlog -reportprogress 300 "+define+tb_00=1" -work work sim_model\define\define.v 
# End time: 16:34:50 on Apr 22,2025, Elapsed time: 0:00:00
# Errors: 0, Warnings: 0
# Model Technology ModelSim SE-64 vlog 2020.4 Compiler 2020.10 Oct 13 2020
# Start time: 16:34:50 on Apr 22,2025
# vlog -reportprogress 300 "+define+tb_00=1" -work work "+incdir+{sim_modeldefine}" sim_model\tb_top.v 
# -- Compiling module tb_top
# 
# Top level modules:
# 	tb_top
# End time: 16:34:50 on Apr 22,2025, Elapsed time: 0:00:00
# Errors: 0, Warnings: 0
# End time: 16:34:54 on Apr 22,2025, Elapsed time: 0:04:14
# Errors: 0, Warnings: 8
# vsim -t 1ps -c -l ./log/vsim_tb_00_report.log work.tb_top -L UNISIMS_VER -L SECUREIP -L SIMPRIMS_VER -L work -voptargs="+acc" work.glbl -wav ./wave/tb_00.wlf 
# Start time: 16:34:54 on Apr 22,2025
# ** Note: (vsim-3813) Design is being optimized due to module recompilation...
# ** Note: (vopt-143) Recognized 1 FSM in module "INI_DMA_WR(fast)".
# Loading work.tb_top(fast)
# Loading work.SIM_MODEL(fast)
# Loading work.SRIO_TOP(fast)
# Loading work.INI_REG_TX(fast)
# Loading work.sfifo_i72o72_d512(fast)
# Loading UNISIMS_VER.GND(fast)
# Loading UNISIMS_VER.LUT1(fast)
# Loading UNISIMS_VER.LUT2(fast)
# Loading UNISIMS_VER.LUT3(fast)
# Loading UNISIMS_VER.FDRE(fast)
# Loading UNISIMS_VER.CARRY4(fast)
# Loading UNISIMS_VER.LUT5(fast)
# Loading UNISIMS_VER.LUT5(fast__1)
# Loading UNISIMS_VER.FDSE(fast)
# Loading UNISIMS_VER.LUT4(fast)
# Loading UNISIMS_VER.LUT4(fast__1)
# Loading UNISIMS_VER.LUT3(fast__1)
# Loading UNISIMS_VER.LUT3(fast__2)
# Loading UNISIMS_VER.LUT4(fast__2)
# Loading UNISIMS_VER.LUT6(fast)
# Loading UNISIMS_VER.LUT2(fast__1)
# Loading UNISIMS_VER.LUT3(fast__3)
# Loading UNISIMS_VER.LUT4(fast__3)
# Loading UNISIMS_VER.LUT5(fast__2)
# Loading UNISIMS_VER.LUT6(fast__1)
# Loading UNISIMS_VER.LUT6(fast__2)
# Loading UNISIMS_VER.LUT4(fast__4)
# Loading UNISIMS_VER.LUT2(fast__2)
# Loading UNISIMS_VER.LUT5(fast__3)
# Loading UNISIMS_VER.LUT4(fast__5)
# Loading UNISIMS_VER.LUT1(fast__1)
# Loading UNISIMS_VER.RAMB36E1(fast)
# Loading UNISIMS_VER.RB36_INTERNAL_VLOG(fast)
# Loading work.INI_DMA_WR(fast)
# Loading work.sfifo_i64o64_d512(fast)
# Loading work.INI_DMA_RD(fast)
# Loading work.ARBITA_CH6(fast)
# Loading work.SRIO_TX(fast)
# Loading work.afifo_i72o72_d2048(fast)
# Loading work.afifo_i72o72_d2048_xpm_cdc_gray(fast)
# Loading UNISIMS_VER.LUT6(fast__3)
# Loading UNISIMS_VER.LUT5(fast__4)
# Loading UNISIMS_VER.LUT4(fast__6)
# Loading UNISIMS_VER.LUT3(fast__4)
# Loading work.afifo_i72o72_d2048_xpm_cdc_gray__2(fast)
# Loading UNISIMS_VER.LUT6(fast__4)
# Loading UNISIMS_VER.LUT4(fast__7)
# Loading UNISIMS_VER.LUT6(fast__5)
# Loading UNISIMS_VER.LUT5(fast__5)
# Loading UNISIMS_VER.LUT6(fast__6)
# Loading UNISIMS_VER.FDSE(fast__1)
# Loading UNISIMS_VER.RAMB36E1(fast__1)
# Loading UNISIMS_VER.RB36_INTERNAL_VLOG(fast__1)
# Loading UNISIMS_VER.SRL16E(fast)
# Loading UNISIMS_VER.LUT2(fast__3)
# Loading UNISIMS_VER.FDRE(fast__1)
# Loading UNISIMS_VER.LUT3(fast__5)
# Loading UNISIMS_VER.LUT4(fast__8)
# Loading UNISIMS_VER.LUT6(fast__7)
# Loading work.afifo_i72o72_d2048_xpm_cdc_single(fast)
# Loading work.afifo_i72o72_d2048_xpm_cdc_single__2(fast)
# Loading work.afifo_i72o72_d2048_xpm_cdc_sync_rst(fast)
# Loading work.afifo_i72o72_d2048_xpm_cdc_sync_rst__2(fast)
# Loading work.SRIO_RX(fast)
# Loading work.INI_RX_DEC(fast)
# Loading work.TAG_RX_DEC(fast)
# Loading work.TAG_REG_TX(fast)
# Loading work.TAG_DMA_TX(fast)
# Loading work.BIST_REG(fast)
# Loading work.RAM_BIST(fast)
# Loading work.sram_i64o64_d256(fast)
# Loading UNISIMS_VER.RAMB36E1(fast__2)
# Loading UNISIMS_VER.RB36_INTERNAL_VLOG(fast__2)
# Loading work.glbl(fast)
# ** Warning: (vsim-3015) [PCDPC] - Port size (8) does not match connection size (9) for port 'INI_RD_SIZE'. The port definition is at: ../rtl/03_srio/srio_top.v(64).
#    Time: 0 ps  Iteration: 0  Instance: /tb_top/U_SRIO_TOP File: sim_model/tb_top.v Line: 763
# ** Warning: (vsim-3015) [PCDPC] - Port size (32) does not match connection size (16) for port 'TAG_WR_ADDR'. The port definition is at: ../rtl/03_srio/srio_top.v(81).
#    Time: 0 ps  Iteration: 0  Instance: /tb_top/U_SRIO_TOP File: sim_model/tb_top.v Line: 763
# ** Warning: (vsim-3015) [PCDPC] - Port size (9) does not match connection size (8) for port 'TAG_RD_SIZE'. The port definition is at: ../rtl/03_srio/srio_top.v(90).
#    Time: 0 ps  Iteration: 0  Instance: /tb_top/U_SRIO_TOP File: sim_model/tb_top.v Line: 763
# ** Warning: (vsim-3015) [PCDPC] - Port size (32) does not match connection size (16) for port 'TAG_RD_ADDR'. The port definition is at: ../rtl/03_srio/srio_top.v(91).
#    Time: 0 ps  Iteration: 0  Instance: /tb_top/U_SRIO_TOP File: sim_model/tb_top.v Line: 763
# ** Warning: (vsim-3015) [PCDPC] - Port size (1) does not match connection size (32) for port 'DMA_RD_ADDR'. The port definition is at: ../rtl/03_srio/ini_dma_rd.v(23).
#    Time: 0 ps  Iteration: 0  Instance: /tb_top/U_SRIO_TOP/U_INI_DMA_RD File: ../rtl/03_srio/srio_top.v Line: 338
# ** Warning: (vsim-3015) [PCDPC] - Port size (9) does not match connection size (8) for port 'DMA_WR_SIZE'. The port definition is at: ../rtl/03_srio/tag_rx_dec.v(36).
#    Time: 0 ps  Iteration: 0  Instance: /tb_top/U_SRIO_TOP/U_TAG_RX_DEC File: ../rtl/03_srio/srio_top.v Line: 497
# ** Warning: (vsim-3015) [PCDPC] - Port size (6) does not match connection size (8) for port 'addra'. The port definition is at: ../rtl/00_xilinx_ip/03_ram/sram_i64o64_d256/sram_i64o64_d256_sim_netlist.V(20).
#    Time: 0 ps  Iteration: 0  Instance: /tb_top/U_RAM_BIST/U_BIST_BRAM File: ../rtl/04_bist/ram_bist.v Line: 113
# ** Warning: (vsim-3015) [PCDPC] - Port size (6) does not match connection size (8) for port 'addrb'. The port definition is at: ../rtl/00_xilinx_ip/03_ram/sram_i64o64_d256/sram_i64o64_d256_sim_netlist.V(23).
#    Time: 0 ps  Iteration: 0  Instance: /tb_top/U_RAM_BIST/U_BIST_BRAM File: ../rtl/04_bist/ram_bist.v Line: 113
#  
# ******<<<<<<<<<<<<<<<<<<<<<<Simulation tb_00 start>>>>>>>>>>>>>>>>>>>>>>> ******
#  
# ---- Initial simulation
# ---- clock ---- 1111 ---- enable
# ---- Wait for  64 cycles
# ---- Wait for  64 cycles end
# ---- Wait for  16 cycles
# ---- Wait for  16 cycles end
# ---- reseting by cycle
# ---- reset0   64 cycle end
# ---- Wait for  16 cycles
# ---- Wait for  16 cycles end
# ---- reseting by ns
# ---- reset1  255 ns end
# ---- Write register   PORT :0x0    ADD :0x200    DATA :0x89abcd0e
# ---- Wait for  16 cycles
# ---- Wait for  16 cycles end
# ---- [Success  ]Read register   PORT :0x0    ADD :0x200    EDAT :0x89abcd0e    RDAT :0x89abcd0e
# ---- Wait for  16 cycles
# ---- Wait for  16 cycles end
# ---- DRAM write PORT :0x01    ADD :0x0000001    SIZE :0x010
# ---- DRAM write end
# ---- Wait for  16 cycles
# ---- Wait for  16 cycles end
# ---- Wait for 255 cycles
# ---- Wait for 255 cycles end
# ---- tb_00 test completed !
#  
# ******<<<<<<<<<<<<<<<<<<<<Simulation tb_00 Successful End>>>>>>>>>>>>>>>>>>> ******
#  
do do/compile_all.do
# ** Warning: (vlib-34) Library already exists at "work".
# Errors: 0, Warnings: 1
# Model Technology ModelSim SE-64 vmap 2020.4 Lib Mapping Utility 2020.10 Oct 13 2020
# vmap work 
# Reading C:/modeltech64_2020.4/win64/../modelsim.ini
# "work" maps to directory ./work. (Default mapping)
# Model Technology ModelSim SE-64 vlog 2020.4 Compiler 2020.10 Oct 13 2020
# Start time: 16:36:27 on Apr 22,2025
# vlog -reportprogress 300 -work work sim_model/lib/glbl.v 
# -- Compiling module glbl
# 
# Top level modules:
# 	glbl
# End time: 16:36:27 on Apr 22,2025, Elapsed time: 0:00:00
# Errors: 0, Warnings: 0
# ** Warning: (vlib-34) Library already exists at "work".
# Errors: 0, Warnings: 1
# Model Technology ModelSim SE-64 vmap 2020.4 Lib Mapping Utility 2020.10 Oct 13 2020
# vmap work 
# Reading C:/modeltech64_2020.4/win64/../modelsim.ini
# "work" maps to directory ./work. (Default mapping)
# Model Technology ModelSim SE-64 vlog 2020.4 Compiler 2020.10 Oct 13 2020
# Start time: 16:36:28 on Apr 22,2025
# vlog -reportprogress 300 -work work ../rtl/00_xilinx_ip/00_afifo/afifo_i72o72_d2048/afifo_i72o72_d2048_sim_netlist.V 
# -- Compiling module afifo_i72o72_d2048
# -- Compiling module afifo_i72o72_d2048_xpm_cdc_gray
# -- Compiling module afifo_i72o72_d2048_xpm_cdc_gray__2
# -- Compiling module afifo_i72o72_d2048_xpm_cdc_single
# -- Compiling module afifo_i72o72_d2048_xpm_cdc_single__2
# -- Compiling module afifo_i72o72_d2048_xpm_cdc_sync_rst
# -- Compiling module afifo_i72o72_d2048_xpm_cdc_sync_rst__2
# -- Compiling module glbl
# 
# Top level modules:
# 	afifo_i72o72_d2048
# 	glbl
# End time: 16:36:28 on Apr 22,2025, Elapsed time: 0:00:00
# Errors: 0, Warnings: 0
# Model Technology ModelSim SE-64 vlog 2020.4 Compiler 2020.10 Oct 13 2020
# Start time: 16:36:28 on Apr 22,2025
# vlog -reportprogress 300 -work work ../rtl/00_xilinx_ip/01_sfifo/sfifo_i32o32_d1024/sfifo_i32o32_d1024_sim_netlist.V 
# -- Compiling module sfifo_i32o32_d1024
# -- Compiling module glbl
# 
# Top level modules:
# 	sfifo_i32o32_d1024
# 	glbl
# End time: 16:36:28 on Apr 22,2025, Elapsed time: 0:00:00
# Errors: 0, Warnings: 0
# Model Technology ModelSim SE-64 vlog 2020.4 Compiler 2020.10 Oct 13 2020
# Start time: 16:36:29 on Apr 22,2025
# vlog -reportprogress 300 -work work ../rtl/00_xilinx_ip/01_sfifo/sfifo_i64o64_d512/sfifo_i64o64_d512_sim_netlist.V 
# -- Compiling module sfifo_i64o64_d512
# -- Compiling module glbl
# 
# Top level modules:
# 	sfifo_i64o64_d512
# 	glbl
# End time: 16:36:29 on Apr 22,2025, Elapsed time: 0:00:00
# Errors: 0, Warnings: 0
# Model Technology ModelSim SE-64 vlog 2020.4 Compiler 2020.10 Oct 13 2020
# Start time: 16:36:29 on Apr 22,2025
# vlog -reportprogress 300 -work work ../rtl/00_xilinx_ip/01_sfifo/sfifo_i72o72_d512/sfifo_i72o72_d512_sim_netlist.V 
# -- Compiling module sfifo_i72o72_d512
# -- Compiling module glbl
# 
# Top level modules:
# 	sfifo_i72o72_d512
# 	glbl
# End time: 16:36:29 on Apr 22,2025, Elapsed time: 0:00:00
# Errors: 0, Warnings: 0
# Model Technology ModelSim SE-64 vlog 2020.4 Compiler 2020.10 Oct 13 2020
# Start time: 16:36:29 on Apr 22,2025
# vlog -reportprogress 300 -work work ../rtl/00_xilinx_ip/03_ram/sram_i64o64_d256/sram_i64o64_d256_sim_netlist.V 
# -- Compiling module sram_i64o64_d256
# -- Compiling module glbl
# 
# Top level modules:
# 	sram_i64o64_d256
# 	glbl
# End time: 16:36:29 on Apr 22,2025, Elapsed time: 0:00:00
# Errors: 0, Warnings: 0
# Model Technology ModelSim SE-64 vlog 2020.4 Compiler 2020.10 Oct 13 2020
# Start time: 16:36:29 on Apr 22,2025
# vlog -reportprogress 300 -work work ../rtl/01_user_ip/arbita_ch6.v ../rtl/01_user_ip/pulse_gen.v 
# -- Compiling module ARBITA_CH6
# -- Compiling module PULSE_GEN
# 
# Top level modules:
# 	ARBITA_CH6
# 	PULSE_GEN
# End time: 16:36:29 on Apr 22,2025, Elapsed time: 0:00:00
# Errors: 0, Warnings: 0
# Model Technology ModelSim SE-64 vlog 2020.4 Compiler 2020.10 Oct 13 2020
# Start time: 16:36:30 on Apr 22,2025
# vlog -reportprogress 300 -work work ../rtl/03_srio/ini_dma_rd.v ../rtl/03_srio/ini_dma_wr.v ../rtl/03_srio/ini_reg_tx.v ../rtl/03_srio/ini_rx_dec.v ../rtl/03_srio/srio_rx.v ../rtl/03_srio/srio_top.v ../rtl/03_srio/srio_tx.v ../rtl/03_srio/tag_dma_tx.v ../rtl/03_srio/tag_reg_tx.v ../rtl/03_srio/tag_rx_dec.v 
# -- Compiling module INI_DMA_RD
# -- Compiling module INI_DMA_WR
# -- Compiling module INI_REG_TX
# -- Compiling module INI_RX_DEC
# -- Compiling module SRIO_RX
# -- Compiling module SRIO_TOP
# -- Compiling module SRIO_TX
# -- Compiling module TAG_DMA_TX
# -- Compiling module TAG_REG_TX
# -- Compiling module TAG_RX_DEC
# 
# Top level modules:
# 	SRIO_TOP
# End time: 16:36:30 on Apr 22,2025, Elapsed time: 0:00:00
# Errors: 0, Warnings: 0
# Model Technology ModelSim SE-64 vlog 2020.4 Compiler 2020.10 Oct 13 2020
# Start time: 16:36:30 on Apr 22,2025
# vlog -reportprogress 300 -work work ../rtl/04_bist/bist_reg.v ../rtl/04_bist/ram_bist.v 
# -- Compiling module BIST_REG
# -- Compiling module RAM_BIST
# 
# Top level modules:
# 	BIST_REG
# 	RAM_BIST
# End time: 16:36:30 on Apr 22,2025, Elapsed time: 0:00:00
# Errors: 0, Warnings: 0
# ** Warning: (vlib-34) Library already exists at "work".
# Errors: 0, Warnings: 1
# Model Technology ModelSim SE-64 vmap 2020.4 Lib Mapping Utility 2020.10 Oct 13 2020
# vmap work 
# Reading C:/modeltech64_2020.4/win64/../modelsim.ini
# "work" maps to directory ./work. (Default mapping)
# Model Technology ModelSim SE-64 vlog 2020.4 Compiler 2020.10 Oct 13 2020
# Start time: 16:36:30 on Apr 22,2025
# vlog -reportprogress 300 -work work sim_model/define/define.v 
# End time: 16:36:30 on Apr 22,2025, Elapsed time: 0:00:00
# Errors: 0, Warnings: 0
# Model Technology ModelSim SE-64 vlog 2020.4 Compiler 2020.10 Oct 13 2020
# Start time: 16:36:30 on Apr 22,2025
# vlog -reportprogress 300 "+define+tb_00=1" -work work "+incdir+{sim_model/define}" sim_model/sim_model.v 
# -- Compiling module SIM_MODEL
# 
# Top level modules:
# 	SIM_MODEL
# End time: 16:36:30 on Apr 22,2025, Elapsed time: 0:00:00
# Errors: 0, Warnings: 0
# Model Technology ModelSim SE-64 vlog 2020.4 Compiler 2020.10 Oct 13 2020
# Start time: 16:36:30 on Apr 22,2025
# vlog -reportprogress 300 "+define+tb_00=1" -work work "+incdir+{sim_model/define}" sim_model/tb_top.v 
# -- Compiling module tb_top
# 
# Top level modules:
# 	tb_top
# End time: 16:36:30 on Apr 22,2025, Elapsed time: 0:00:00
# Errors: 0, Warnings: 0
do do/tb_00.do
# Model Technology ModelSim SE-64 vlog 2020.4 Compiler 2020.10 Oct 13 2020
# Start time: 16:36:32 on Apr 22,2025
# vlog -reportprogress 300 "+define+tb_00=1" -work work sim_model\define\define.v 
# End time: 16:36:32 on Apr 22,2025, Elapsed time: 0:00:00
# Errors: 0, Warnings: 0
# Model Technology ModelSim SE-64 vlog 2020.4 Compiler 2020.10 Oct 13 2020
# Start time: 16:36:33 on Apr 22,2025
# vlog -reportprogress 300 "+define+tb_00=1" -work work "+incdir+{sim_modeldefine}" sim_model\tb_top.v 
# -- Compiling module tb_top
# 
# Top level modules:
# 	tb_top
# End time: 16:36:33 on Apr 22,2025, Elapsed time: 0:00:00
# Errors: 0, Warnings: 0
# End time: 16:36:36 on Apr 22,2025, Elapsed time: 0:01:42
# Errors: 0, Warnings: 8
# vsim -t 1ps -c -l ./log/vsim_tb_00_report.log work.tb_top -L UNISIMS_VER -L SECUREIP -L SIMPRIMS_VER -L work -voptargs="+acc" work.glbl -wav ./wave/tb_00.wlf 
# Start time: 16:36:36 on Apr 22,2025
# ** Note: (vsim-3813) Design is being optimized due to module recompilation...
# ** Note: (vopt-143) Recognized 1 FSM in module "INI_DMA_WR(fast)".
# Loading work.tb_top(fast)
# Loading work.SIM_MODEL(fast)
# Loading work.SRIO_TOP(fast)
# Loading work.INI_REG_TX(fast)
# Loading work.sfifo_i72o72_d512(fast)
# Loading UNISIMS_VER.GND(fast)
# Loading UNISIMS_VER.LUT1(fast)
# Loading UNISIMS_VER.LUT2(fast)
# Loading UNISIMS_VER.LUT3(fast)
# Loading UNISIMS_VER.FDRE(fast)
# Loading UNISIMS_VER.CARRY4(fast)
# Loading UNISIMS_VER.LUT5(fast)
# Loading UNISIMS_VER.LUT5(fast__1)
# Loading UNISIMS_VER.FDSE(fast)
# Loading UNISIMS_VER.LUT4(fast)
# Loading UNISIMS_VER.LUT4(fast__1)
# Loading UNISIMS_VER.LUT3(fast__1)
# Loading UNISIMS_VER.LUT3(fast__2)
# Loading UNISIMS_VER.LUT4(fast__2)
# Loading UNISIMS_VER.LUT6(fast)
# Loading UNISIMS_VER.LUT2(fast__1)
# Loading UNISIMS_VER.LUT3(fast__3)
# Loading UNISIMS_VER.LUT4(fast__3)
# Loading UNISIMS_VER.LUT5(fast__2)
# Loading UNISIMS_VER.LUT6(fast__1)
# Loading UNISIMS_VER.LUT6(fast__2)
# Loading UNISIMS_VER.LUT4(fast__4)
# Loading UNISIMS_VER.LUT2(fast__2)
# Loading UNISIMS_VER.LUT5(fast__3)
# Loading UNISIMS_VER.LUT4(fast__5)
# Loading UNISIMS_VER.LUT1(fast__1)
# Loading UNISIMS_VER.RAMB36E1(fast)
# Loading UNISIMS_VER.RB36_INTERNAL_VLOG(fast)
# Loading work.INI_DMA_WR(fast)
# Loading work.sfifo_i64o64_d512(fast)
# Loading work.INI_DMA_RD(fast)
# Loading work.ARBITA_CH6(fast)
# Loading work.SRIO_TX(fast)
# Loading work.afifo_i72o72_d2048(fast)
# Loading work.afifo_i72o72_d2048_xpm_cdc_gray(fast)
# Loading UNISIMS_VER.LUT6(fast__3)
# Loading UNISIMS_VER.LUT5(fast__4)
# Loading UNISIMS_VER.LUT4(fast__6)
# Loading UNISIMS_VER.LUT3(fast__4)
# Loading work.afifo_i72o72_d2048_xpm_cdc_gray__2(fast)
# Loading UNISIMS_VER.LUT6(fast__4)
# Loading UNISIMS_VER.LUT4(fast__7)
# Loading UNISIMS_VER.LUT6(fast__5)
# Loading UNISIMS_VER.LUT5(fast__5)
# Loading UNISIMS_VER.LUT6(fast__6)
# Loading UNISIMS_VER.FDSE(fast__1)
# Loading UNISIMS_VER.RAMB36E1(fast__1)
# Loading UNISIMS_VER.RB36_INTERNAL_VLOG(fast__1)
# Loading UNISIMS_VER.SRL16E(fast)
# Loading UNISIMS_VER.LUT2(fast__3)
# Loading UNISIMS_VER.FDRE(fast__1)
# Loading UNISIMS_VER.LUT3(fast__5)
# Loading UNISIMS_VER.LUT4(fast__8)
# Loading UNISIMS_VER.LUT6(fast__7)
# Loading work.afifo_i72o72_d2048_xpm_cdc_single(fast)
# Loading work.afifo_i72o72_d2048_xpm_cdc_single__2(fast)
# Loading work.afifo_i72o72_d2048_xpm_cdc_sync_rst(fast)
# Loading work.afifo_i72o72_d2048_xpm_cdc_sync_rst__2(fast)
# Loading work.SRIO_RX(fast)
# Loading work.INI_RX_DEC(fast)
# Loading work.TAG_RX_DEC(fast)
# Loading work.TAG_REG_TX(fast)
# Loading work.TAG_DMA_TX(fast)
# Loading work.BIST_REG(fast)
# Loading work.RAM_BIST(fast)
# Loading work.sram_i64o64_d256(fast)
# Loading UNISIMS_VER.RAMB36E1(fast__2)
# Loading UNISIMS_VER.RB36_INTERNAL_VLOG(fast__2)
# Loading work.glbl(fast)
# ** Warning: (vsim-3015) [PCDPC] - Port size (8) does not match connection size (9) for port 'INI_RD_SIZE'. The port definition is at: ../rtl/03_srio/srio_top.v(64).
#    Time: 0 ps  Iteration: 0  Instance: /tb_top/U_SRIO_TOP File: sim_model/tb_top.v Line: 763
# ** Warning: (vsim-3015) [PCDPC] - Port size (32) does not match connection size (16) for port 'TAG_WR_ADDR'. The port definition is at: ../rtl/03_srio/srio_top.v(81).
#    Time: 0 ps  Iteration: 0  Instance: /tb_top/U_SRIO_TOP File: sim_model/tb_top.v Line: 763
# ** Warning: (vsim-3015) [PCDPC] - Port size (9) does not match connection size (8) for port 'TAG_RD_SIZE'. The port definition is at: ../rtl/03_srio/srio_top.v(90).
#    Time: 0 ps  Iteration: 0  Instance: /tb_top/U_SRIO_TOP File: sim_model/tb_top.v Line: 763
# ** Warning: (vsim-3015) [PCDPC] - Port size (32) does not match connection size (16) for port 'TAG_RD_ADDR'. The port definition is at: ../rtl/03_srio/srio_top.v(91).
#    Time: 0 ps  Iteration: 0  Instance: /tb_top/U_SRIO_TOP File: sim_model/tb_top.v Line: 763
# ** Warning: (vsim-3015) [PCDPC] - Port size (1) does not match connection size (32) for port 'DMA_RD_ADDR'. The port definition is at: ../rtl/03_srio/ini_dma_rd.v(23).
#    Time: 0 ps  Iteration: 0  Instance: /tb_top/U_SRIO_TOP/U_INI_DMA_RD File: ../rtl/03_srio/srio_top.v Line: 338
# ** Warning: (vsim-3015) [PCDPC] - Port size (9) does not match connection size (8) for port 'DMA_WR_SIZE'. The port definition is at: ../rtl/03_srio/tag_rx_dec.v(36).
#    Time: 0 ps  Iteration: 0  Instance: /tb_top/U_SRIO_TOP/U_TAG_RX_DEC File: ../rtl/03_srio/srio_top.v Line: 497
# ** Warning: (vsim-3015) [PCDPC] - Port size (6) does not match connection size (8) for port 'addra'. The port definition is at: ../rtl/00_xilinx_ip/03_ram/sram_i64o64_d256/sram_i64o64_d256_sim_netlist.V(20).
#    Time: 0 ps  Iteration: 0  Instance: /tb_top/U_RAM_BIST/U_BIST_BRAM File: ../rtl/04_bist/ram_bist.v Line: 113
# ** Warning: (vsim-3015) [PCDPC] - Port size (6) does not match connection size (8) for port 'addrb'. The port definition is at: ../rtl/00_xilinx_ip/03_ram/sram_i64o64_d256/sram_i64o64_d256_sim_netlist.V(23).
#    Time: 0 ps  Iteration: 0  Instance: /tb_top/U_RAM_BIST/U_BIST_BRAM File: ../rtl/04_bist/ram_bist.v Line: 113
#  
# ******<<<<<<<<<<<<<<<<<<<<<<Simulation tb_00 start>>>>>>>>>>>>>>>>>>>>>>> ******
#  
# ---- Initial simulation
# ---- clock ---- 1111 ---- enable
# ---- Wait for  64 cycles
# ---- Wait for  64 cycles end
# ---- Wait for  16 cycles
# ---- Wait for  16 cycles end
# ---- reseting by cycle
# ---- reset0   64 cycle end
# ---- Wait for  16 cycles
# ---- Wait for  16 cycles end
# ---- reseting by ns
# ---- reset1  255 ns end
# ---- Write register   PORT :0x0    ADD :0x200    DATA :0x89abcd0e
# ---- Wait for  16 cycles
# ---- Wait for  16 cycles end
# ---- [Success  ]Read register   PORT :0x0    ADD :0x200    EDAT :0x89abcd0e    RDAT :0x89abcd0e
# ---- Wait for  16 cycles
# ---- Wait for  16 cycles end
# ---- DRAM write PORT :0x01    ADD :0x0000001    SIZE :0x010
# ---- DRAM write end
# ---- Wait for  16 cycles
# ---- Wait for  16 cycles end
# ---- Wait for 255 cycles
# ---- Wait for 255 cycles end
# ---- tb_00 test completed !
#  
# ******<<<<<<<<<<<<<<<<<<<<Simulation tb_00 Successful End>>>>>>>>>>>>>>>>>>> ******
#  
do do/compile_all.do
# ** Warning: (vlib-34) Library already exists at "work".
# Errors: 0, Warnings: 1
# Model Technology ModelSim SE-64 vmap 2020.4 Lib Mapping Utility 2020.10 Oct 13 2020
# vmap work 
# Reading C:/modeltech64_2020.4/win64/../modelsim.ini
# "work" maps to directory ./work. (Default mapping)
# Model Technology ModelSim SE-64 vlog 2020.4 Compiler 2020.10 Oct 13 2020
# Start time: 16:39:58 on Apr 22,2025
# vlog -reportprogress 300 -work work sim_model/lib/glbl.v 
# -- Compiling module glbl
# 
# Top level modules:
# 	glbl
# End time: 16:39:58 on Apr 22,2025, Elapsed time: 0:00:00
# Errors: 0, Warnings: 0
# ** Warning: (vlib-34) Library already exists at "work".
# Errors: 0, Warnings: 1
# Model Technology ModelSim SE-64 vmap 2020.4 Lib Mapping Utility 2020.10 Oct 13 2020
# vmap work 
# Reading C:/modeltech64_2020.4/win64/../modelsim.ini
# "work" maps to directory ./work. (Default mapping)
# Model Technology ModelSim SE-64 vlog 2020.4 Compiler 2020.10 Oct 13 2020
# Start time: 16:39:58 on Apr 22,2025
# vlog -reportprogress 300 -work work ../rtl/00_xilinx_ip/00_afifo/afifo_i72o72_d2048/afifo_i72o72_d2048_sim_netlist.V 
# -- Compiling module afifo_i72o72_d2048
# -- Compiling module afifo_i72o72_d2048_xpm_cdc_gray
# -- Compiling module afifo_i72o72_d2048_xpm_cdc_gray__2
# -- Compiling module afifo_i72o72_d2048_xpm_cdc_single
# -- Compiling module afifo_i72o72_d2048_xpm_cdc_single__2
# -- Compiling module afifo_i72o72_d2048_xpm_cdc_sync_rst
# -- Compiling module afifo_i72o72_d2048_xpm_cdc_sync_rst__2
# -- Compiling module glbl
# 
# Top level modules:
# 	afifo_i72o72_d2048
# 	glbl
# End time: 16:39:59 on Apr 22,2025, Elapsed time: 0:00:01
# Errors: 0, Warnings: 0
# Model Technology ModelSim SE-64 vlog 2020.4 Compiler 2020.10 Oct 13 2020
# Start time: 16:39:59 on Apr 22,2025
# vlog -reportprogress 300 -work work ../rtl/00_xilinx_ip/01_sfifo/sfifo_i32o32_d1024/sfifo_i32o32_d1024_sim_netlist.V 
# -- Compiling module sfifo_i32o32_d1024
# -- Compiling module glbl
# 
# Top level modules:
# 	sfifo_i32o32_d1024
# 	glbl
# End time: 16:39:59 on Apr 22,2025, Elapsed time: 0:00:00
# Errors: 0, Warnings: 0
# Model Technology ModelSim SE-64 vlog 2020.4 Compiler 2020.10 Oct 13 2020
# Start time: 16:39:59 on Apr 22,2025
# vlog -reportprogress 300 -work work ../rtl/00_xilinx_ip/01_sfifo/sfifo_i64o64_d512/sfifo_i64o64_d512_sim_netlist.V 
# -- Compiling module sfifo_i64o64_d512
# -- Compiling module glbl
# 
# Top level modules:
# 	sfifo_i64o64_d512
# 	glbl
# End time: 16:40:00 on Apr 22,2025, Elapsed time: 0:00:01
# Errors: 0, Warnings: 0
# Model Technology ModelSim SE-64 vlog 2020.4 Compiler 2020.10 Oct 13 2020
# Start time: 16:40:00 on Apr 22,2025
# vlog -reportprogress 300 -work work ../rtl/00_xilinx_ip/01_sfifo/sfifo_i72o72_d512/sfifo_i72o72_d512_sim_netlist.V 
# -- Compiling module sfifo_i72o72_d512
# -- Compiling module glbl
# 
# Top level modules:
# 	sfifo_i72o72_d512
# 	glbl
# End time: 16:40:00 on Apr 22,2025, Elapsed time: 0:00:00
# Errors: 0, Warnings: 0
# Model Technology ModelSim SE-64 vlog 2020.4 Compiler 2020.10 Oct 13 2020
# Start time: 16:40:00 on Apr 22,2025
# vlog -reportprogress 300 -work work ../rtl/00_xilinx_ip/03_ram/sram_i64o64_d256/sram_i64o64_d256_sim_netlist.V 
# -- Compiling module sram_i64o64_d256
# -- Compiling module glbl
# 
# Top level modules:
# 	sram_i64o64_d256
# 	glbl
# End time: 16:40:00 on Apr 22,2025, Elapsed time: 0:00:00
# Errors: 0, Warnings: 0
# Model Technology ModelSim SE-64 vlog 2020.4 Compiler 2020.10 Oct 13 2020
# Start time: 16:40:00 on Apr 22,2025
# vlog -reportprogress 300 -work work ../rtl/01_user_ip/arbita_ch6.v ../rtl/01_user_ip/pulse_gen.v 
# -- Compiling module ARBITA_CH6
# -- Compiling module PULSE_GEN
# 
# Top level modules:
# 	ARBITA_CH6
# 	PULSE_GEN
# End time: 16:40:00 on Apr 22,2025, Elapsed time: 0:00:00
# Errors: 0, Warnings: 0
# Model Technology ModelSim SE-64 vlog 2020.4 Compiler 2020.10 Oct 13 2020
# Start time: 16:40:00 on Apr 22,2025
# vlog -reportprogress 300 -work work ../rtl/03_srio/ini_dma_rd.v ../rtl/03_srio/ini_dma_wr.v ../rtl/03_srio/ini_reg_tx.v ../rtl/03_srio/ini_rx_dec.v ../rtl/03_srio/srio_rx.v ../rtl/03_srio/srio_top.v ../rtl/03_srio/srio_tx.v ../rtl/03_srio/tag_dma_tx.v ../rtl/03_srio/tag_reg_tx.v ../rtl/03_srio/tag_rx_dec.v 
# -- Compiling module INI_DMA_RD
# -- Compiling module INI_DMA_WR
# -- Compiling module INI_REG_TX
# -- Compiling module INI_RX_DEC
# -- Compiling module SRIO_RX
# -- Compiling module SRIO_TOP
# -- Compiling module SRIO_TX
# -- Compiling module TAG_DMA_TX
# -- Compiling module TAG_REG_TX
# -- Compiling module TAG_RX_DEC
# 
# Top level modules:
# 	SRIO_TOP
# End time: 16:40:00 on Apr 22,2025, Elapsed time: 0:00:00
# Errors: 0, Warnings: 0
# Model Technology ModelSim SE-64 vlog 2020.4 Compiler 2020.10 Oct 13 2020
# Start time: 16:40:01 on Apr 22,2025
# vlog -reportprogress 300 -work work ../rtl/04_bist/bist_reg.v ../rtl/04_bist/ram_bist.v 
# -- Compiling module BIST_REG
# -- Compiling module RAM_BIST
# 
# Top level modules:
# 	BIST_REG
# 	RAM_BIST
# End time: 16:40:01 on Apr 22,2025, Elapsed time: 0:00:00
# Errors: 0, Warnings: 0
# ** Warning: (vlib-34) Library already exists at "work".
# Errors: 0, Warnings: 1
# Model Technology ModelSim SE-64 vmap 2020.4 Lib Mapping Utility 2020.10 Oct 13 2020
# vmap work 
# Reading C:/modeltech64_2020.4/win64/../modelsim.ini
# "work" maps to directory ./work. (Default mapping)
# Model Technology ModelSim SE-64 vlog 2020.4 Compiler 2020.10 Oct 13 2020
# Start time: 16:40:01 on Apr 22,2025
# vlog -reportprogress 300 -work work sim_model/define/define.v 
# End time: 16:40:01 on Apr 22,2025, Elapsed time: 0:00:00
# Errors: 0, Warnings: 0
# Model Technology ModelSim SE-64 vlog 2020.4 Compiler 2020.10 Oct 13 2020
# Start time: 16:40:01 on Apr 22,2025
# vlog -reportprogress 300 "+define+tb_00=1" -work work "+incdir+{sim_model/define}" sim_model/sim_model.v 
# -- Compiling module SIM_MODEL
# 
# Top level modules:
# 	SIM_MODEL
# End time: 16:40:01 on Apr 22,2025, Elapsed time: 0:00:00
# Errors: 0, Warnings: 0
# Model Technology ModelSim SE-64 vlog 2020.4 Compiler 2020.10 Oct 13 2020
# Start time: 16:40:01 on Apr 22,2025
# vlog -reportprogress 300 "+define+tb_00=1" -work work "+incdir+{sim_model/define}" sim_model/tb_top.v 
# -- Compiling module tb_top
# 
# Top level modules:
# 	tb_top
# End time: 16:40:01 on Apr 22,2025, Elapsed time: 0:00:00
# Errors: 0, Warnings: 0
do do/tb_00.do
# Model Technology ModelSim SE-64 vlog 2020.4 Compiler 2020.10 Oct 13 2020
# Start time: 16:40:07 on Apr 22,2025
# vlog -reportprogress 300 "+define+tb_00=1" -work work sim_model\define\define.v 
# End time: 16:40:07 on Apr 22,2025, Elapsed time: 0:00:00
# Errors: 0, Warnings: 0
# Model Technology ModelSim SE-64 vlog 2020.4 Compiler 2020.10 Oct 13 2020
# Start time: 16:40:07 on Apr 22,2025
# vlog -reportprogress 300 "+define+tb_00=1" -work work "+incdir+{sim_modeldefine}" sim_model\tb_top.v 
# -- Compiling module tb_top
# 
# Top level modules:
# 	tb_top
# End time: 16:40:07 on Apr 22,2025, Elapsed time: 0:00:00
# Errors: 0, Warnings: 0
# End time: 16:40:11 on Apr 22,2025, Elapsed time: 0:03:35
# Errors: 0, Warnings: 8
# vsim -t 1ps -c -l ./log/vsim_tb_00_report.log work.tb_top -L UNISIMS_VER -L SECUREIP -L SIMPRIMS_VER -L work -voptargs="+acc" work.glbl -wav ./wave/tb_00.wlf 
# Start time: 16:40:11 on Apr 22,2025
# ** Note: (vsim-3813) Design is being optimized due to module recompilation...
# Loading work.tb_top(fast)
# Loading work.SIM_MODEL(fast)
# Loading work.SRIO_TOP(fast)
# Loading work.INI_REG_TX(fast)
# Loading work.sfifo_i72o72_d512(fast)
# Loading UNISIMS_VER.GND(fast)
# Loading UNISIMS_VER.LUT1(fast)
# Loading UNISIMS_VER.LUT2(fast)
# Loading UNISIMS_VER.LUT3(fast)
# Loading UNISIMS_VER.FDRE(fast)
# Loading UNISIMS_VER.CARRY4(fast)
# Loading UNISIMS_VER.LUT5(fast)
# Loading UNISIMS_VER.LUT5(fast__1)
# Loading UNISIMS_VER.FDSE(fast)
# Loading UNISIMS_VER.LUT4(fast)
# Loading UNISIMS_VER.LUT4(fast__1)
# Loading UNISIMS_VER.LUT3(fast__1)
# Loading UNISIMS_VER.LUT3(fast__2)
# Loading UNISIMS_VER.LUT4(fast__2)
# Loading UNISIMS_VER.LUT6(fast)
# Loading UNISIMS_VER.LUT2(fast__1)
# Loading UNISIMS_VER.LUT3(fast__3)
# Loading UNISIMS_VER.LUT4(fast__3)
# Loading UNISIMS_VER.LUT5(fast__2)
# Loading UNISIMS_VER.LUT6(fast__1)
# Loading UNISIMS_VER.LUT6(fast__2)
# Loading UNISIMS_VER.LUT4(fast__4)
# Loading UNISIMS_VER.LUT2(fast__2)
# Loading UNISIMS_VER.LUT5(fast__3)
# Loading UNISIMS_VER.LUT4(fast__5)
# Loading UNISIMS_VER.LUT1(fast__1)
# Loading UNISIMS_VER.RAMB36E1(fast)
# Loading UNISIMS_VER.RB36_INTERNAL_VLOG(fast)
# Loading work.INI_DMA_WR(fast)
# Loading work.sfifo_i64o64_d512(fast)
# Loading work.INI_DMA_RD(fast)
# Loading work.ARBITA_CH6(fast)
# Loading work.SRIO_TX(fast)
# Loading work.afifo_i72o72_d2048(fast)
# Loading work.afifo_i72o72_d2048_xpm_cdc_gray(fast)
# Loading UNISIMS_VER.LUT6(fast__3)
# Loading UNISIMS_VER.LUT5(fast__4)
# Loading UNISIMS_VER.LUT4(fast__6)
# Loading UNISIMS_VER.LUT3(fast__4)
# Loading work.afifo_i72o72_d2048_xpm_cdc_gray__2(fast)
# Loading UNISIMS_VER.LUT6(fast__4)
# Loading UNISIMS_VER.LUT4(fast__7)
# Loading UNISIMS_VER.LUT6(fast__5)
# Loading UNISIMS_VER.LUT5(fast__5)
# Loading UNISIMS_VER.LUT6(fast__6)
# Loading UNISIMS_VER.FDSE(fast__1)
# Loading UNISIMS_VER.RAMB36E1(fast__1)
# Loading UNISIMS_VER.RB36_INTERNAL_VLOG(fast__1)
# Loading UNISIMS_VER.SRL16E(fast)
# Loading UNISIMS_VER.LUT2(fast__3)
# Loading UNISIMS_VER.FDRE(fast__1)
# Loading UNISIMS_VER.LUT3(fast__5)
# Loading UNISIMS_VER.LUT4(fast__8)
# Loading UNISIMS_VER.LUT6(fast__7)
# Loading work.afifo_i72o72_d2048_xpm_cdc_single(fast)
# Loading work.afifo_i72o72_d2048_xpm_cdc_single__2(fast)
# Loading work.afifo_i72o72_d2048_xpm_cdc_sync_rst(fast)
# Loading work.afifo_i72o72_d2048_xpm_cdc_sync_rst__2(fast)
# Loading work.SRIO_RX(fast)
# Loading work.INI_RX_DEC(fast)
# Loading work.TAG_RX_DEC(fast)
# Loading work.TAG_REG_TX(fast)
# Loading work.TAG_DMA_TX(fast)
# Loading work.BIST_REG(fast)
# Loading work.RAM_BIST(fast)
# Loading work.sram_i64o64_d256(fast)
# Loading UNISIMS_VER.RAMB36E1(fast__2)
# Loading UNISIMS_VER.RB36_INTERNAL_VLOG(fast__2)
# Loading work.glbl(fast)
# ** Warning: (vsim-3015) [PCDPC] - Port size (8) does not match connection size (9) for port 'INI_RD_SIZE'. The port definition is at: ../rtl/03_srio/srio_top.v(64).
#    Time: 0 ps  Iteration: 0  Instance: /tb_top/U_SRIO_TOP File: sim_model/tb_top.v Line: 763
# ** Warning: (vsim-3015) [PCDPC] - Port size (32) does not match connection size (16) for port 'TAG_WR_ADDR'. The port definition is at: ../rtl/03_srio/srio_top.v(81).
#    Time: 0 ps  Iteration: 0  Instance: /tb_top/U_SRIO_TOP File: sim_model/tb_top.v Line: 763
# ** Warning: (vsim-3015) [PCDPC] - Port size (9) does not match connection size (8) for port 'TAG_RD_SIZE'. The port definition is at: ../rtl/03_srio/srio_top.v(90).
#    Time: 0 ps  Iteration: 0  Instance: /tb_top/U_SRIO_TOP File: sim_model/tb_top.v Line: 763
# ** Warning: (vsim-3015) [PCDPC] - Port size (32) does not match connection size (16) for port 'TAG_RD_ADDR'. The port definition is at: ../rtl/03_srio/srio_top.v(91).
#    Time: 0 ps  Iteration: 0  Instance: /tb_top/U_SRIO_TOP File: sim_model/tb_top.v Line: 763
# ** Warning: (vsim-3015) [PCDPC] - Port size (1) does not match connection size (32) for port 'DMA_RD_ADDR'. The port definition is at: ../rtl/03_srio/ini_dma_rd.v(23).
#    Time: 0 ps  Iteration: 0  Instance: /tb_top/U_SRIO_TOP/U_INI_DMA_RD File: ../rtl/03_srio/srio_top.v Line: 338
# ** Warning: (vsim-3015) [PCDPC] - Port size (9) does not match connection size (8) for port 'DMA_WR_SIZE'. The port definition is at: ../rtl/03_srio/tag_rx_dec.v(36).
#    Time: 0 ps  Iteration: 0  Instance: /tb_top/U_SRIO_TOP/U_TAG_RX_DEC File: ../rtl/03_srio/srio_top.v Line: 497
# ** Warning: (vsim-3015) [PCDPC] - Port size (6) does not match connection size (8) for port 'addra'. The port definition is at: ../rtl/00_xilinx_ip/03_ram/sram_i64o64_d256/sram_i64o64_d256_sim_netlist.V(20).
#    Time: 0 ps  Iteration: 0  Instance: /tb_top/U_RAM_BIST/U_BIST_BRAM File: ../rtl/04_bist/ram_bist.v Line: 113
# ** Warning: (vsim-3015) [PCDPC] - Port size (6) does not match connection size (8) for port 'addrb'. The port definition is at: ../rtl/00_xilinx_ip/03_ram/sram_i64o64_d256/sram_i64o64_d256_sim_netlist.V(23).
#    Time: 0 ps  Iteration: 0  Instance: /tb_top/U_RAM_BIST/U_BIST_BRAM File: ../rtl/04_bist/ram_bist.v Line: 113
#  
# ******<<<<<<<<<<<<<<<<<<<<<<Simulation tb_00 start>>>>>>>>>>>>>>>>>>>>>>> ******
#  
# ---- Initial simulation
# ---- clock ---- 1111 ---- enable
# ---- Wait for  64 cycles
# ---- Wait for  64 cycles end
# ---- Wait for  16 cycles
# ---- Wait for  16 cycles end
# ---- reseting by cycle
# ---- reset0   64 cycle end
# ---- Wait for  16 cycles
# ---- Wait for  16 cycles end
# ---- reseting by ns
# ---- reset1  255 ns end
# ---- Write register   PORT :0x0    ADD :0x200    DATA :0x89abcd0e
# ---- Wait for  16 cycles
# ---- Wait for  16 cycles end
# ---- [Success  ]Read register   PORT :0x0    ADD :0x200    EDAT :0x89abcd0e    RDAT :0x89abcd0e
# ---- Wait for  16 cycles
# ---- Wait for  16 cycles end
# ---- DRAM write PORT :0x01    ADD :0x0000001    SIZE :0x010
# ---- DRAM write end
# ---- Wait for  16 cycles
# ---- Wait for  16 cycles end
# ---- Wait for 255 cycles
# ---- Wait for 255 cycles end
# ---- tb_00 test completed !
#  
# ******<<<<<<<<<<<<<<<<<<<<Simulation tb_00 Successful End>>>>>>>>>>>>>>>>>>> ******
#  
do do/tb_00.do
# Model Technology ModelSim SE-64 vlog 2020.4 Compiler 2020.10 Oct 13 2020
# Start time: 16:43:13 on Apr 22,2025
# vlog -reportprogress 300 "+define+tb_00=1" -work work sim_model\define\define.v 
# End time: 16:43:13 on Apr 22,2025, Elapsed time: 0:00:00
# Errors: 0, Warnings: 0
# Model Technology ModelSim SE-64 vlog 2020.4 Compiler 2020.10 Oct 13 2020
# Start time: 16:43:13 on Apr 22,2025
# vlog -reportprogress 300 "+define+tb_00=1" -work work "+incdir+{sim_modeldefine}" sim_model\tb_top.v 
# -- Compiling module tb_top
# 
# Top level modules:
# 	tb_top
# End time: 16:43:13 on Apr 22,2025, Elapsed time: 0:00:00
# Errors: 0, Warnings: 0
# End time: 16:43:17 on Apr 22,2025, Elapsed time: 0:03:06
# Errors: 0, Warnings: 8
# vsim -t 1ps -c -l ./log/vsim_tb_00_report.log work.tb_top -L UNISIMS_VER -L SECUREIP -L SIMPRIMS_VER -L work -voptargs="+acc" work.glbl -wav ./wave/tb_00.wlf 
# Start time: 16:43:17 on Apr 22,2025
# ** Note: (vsim-8009) Loading existing optimized design _opt
# Loading work.tb_top(fast)
# Loading work.SIM_MODEL(fast)
# Loading work.SRIO_TOP(fast)
# Loading work.INI_REG_TX(fast)
# Loading work.sfifo_i72o72_d512(fast)
# Loading UNISIMS_VER.GND(fast)
# Loading UNISIMS_VER.LUT1(fast)
# Loading UNISIMS_VER.LUT2(fast)
# Loading UNISIMS_VER.LUT3(fast)
# Loading UNISIMS_VER.FDRE(fast)
# Loading UNISIMS_VER.CARRY4(fast)
# Loading UNISIMS_VER.LUT5(fast)
# Loading UNISIMS_VER.LUT5(fast__1)
# Loading UNISIMS_VER.FDSE(fast)
# Loading UNISIMS_VER.LUT4(fast)
# Loading UNISIMS_VER.LUT4(fast__1)
# Loading UNISIMS_VER.LUT3(fast__1)
# Loading UNISIMS_VER.LUT3(fast__2)
# Loading UNISIMS_VER.LUT4(fast__2)
# Loading UNISIMS_VER.LUT6(fast)
# Loading UNISIMS_VER.LUT2(fast__1)
# Loading UNISIMS_VER.LUT3(fast__3)
# Loading UNISIMS_VER.LUT4(fast__3)
# Loading UNISIMS_VER.LUT5(fast__2)
# Loading UNISIMS_VER.LUT6(fast__1)
# Loading UNISIMS_VER.LUT6(fast__2)
# Loading UNISIMS_VER.LUT4(fast__4)
# Loading UNISIMS_VER.LUT2(fast__2)
# Loading UNISIMS_VER.LUT5(fast__3)
# Loading UNISIMS_VER.LUT4(fast__5)
# Loading UNISIMS_VER.LUT1(fast__1)
# Loading UNISIMS_VER.RAMB36E1(fast)
# Loading UNISIMS_VER.RB36_INTERNAL_VLOG(fast)
# Loading work.INI_DMA_WR(fast)
# Loading work.sfifo_i64o64_d512(fast)
# Loading work.INI_DMA_RD(fast)
# Loading work.ARBITA_CH6(fast)
# Loading work.SRIO_TX(fast)
# Loading work.afifo_i72o72_d2048(fast)
# Loading work.afifo_i72o72_d2048_xpm_cdc_gray(fast)
# Loading UNISIMS_VER.LUT6(fast__3)
# Loading UNISIMS_VER.LUT5(fast__4)
# Loading UNISIMS_VER.LUT4(fast__6)
# Loading UNISIMS_VER.LUT3(fast__4)
# Loading work.afifo_i72o72_d2048_xpm_cdc_gray__2(fast)
# Loading UNISIMS_VER.LUT6(fast__4)
# Loading UNISIMS_VER.LUT4(fast__7)
# Loading UNISIMS_VER.LUT6(fast__5)
# Loading UNISIMS_VER.LUT5(fast__5)
# Loading UNISIMS_VER.LUT6(fast__6)
# Loading UNISIMS_VER.FDSE(fast__1)
# Loading UNISIMS_VER.RAMB36E1(fast__1)
# Loading UNISIMS_VER.RB36_INTERNAL_VLOG(fast__1)
# Loading UNISIMS_VER.SRL16E(fast)
# Loading UNISIMS_VER.LUT2(fast__3)
# Loading UNISIMS_VER.FDRE(fast__1)
# Loading UNISIMS_VER.LUT3(fast__5)
# Loading UNISIMS_VER.LUT4(fast__8)
# Loading UNISIMS_VER.LUT6(fast__7)
# Loading work.afifo_i72o72_d2048_xpm_cdc_single(fast)
# Loading work.afifo_i72o72_d2048_xpm_cdc_single__2(fast)
# Loading work.afifo_i72o72_d2048_xpm_cdc_sync_rst(fast)
# Loading work.afifo_i72o72_d2048_xpm_cdc_sync_rst__2(fast)
# Loading work.SRIO_RX(fast)
# Loading work.INI_RX_DEC(fast)
# Loading work.TAG_RX_DEC(fast)
# Loading work.TAG_REG_TX(fast)
# Loading work.TAG_DMA_TX(fast)
# Loading work.BIST_REG(fast)
# Loading work.RAM_BIST(fast)
# Loading work.sram_i64o64_d256(fast)
# Loading UNISIMS_VER.RAMB36E1(fast__2)
# Loading UNISIMS_VER.RB36_INTERNAL_VLOG(fast__2)
# Loading work.glbl(fast)
# ** Warning: (vsim-3015) [PCDPC] - Port size (8) does not match connection size (9) for port 'INI_RD_SIZE'. The port definition is at: ../rtl/03_srio/srio_top.v(64).
#    Time: 0 ps  Iteration: 0  Instance: /tb_top/U_SRIO_TOP File: sim_model/tb_top.v Line: 763
# ** Warning: (vsim-3015) [PCDPC] - Port size (32) does not match connection size (16) for port 'TAG_WR_ADDR'. The port definition is at: ../rtl/03_srio/srio_top.v(81).
#    Time: 0 ps  Iteration: 0  Instance: /tb_top/U_SRIO_TOP File: sim_model/tb_top.v Line: 763
# ** Warning: (vsim-3015) [PCDPC] - Port size (9) does not match connection size (8) for port 'TAG_RD_SIZE'. The port definition is at: ../rtl/03_srio/srio_top.v(90).
#    Time: 0 ps  Iteration: 0  Instance: /tb_top/U_SRIO_TOP File: sim_model/tb_top.v Line: 763
# ** Warning: (vsim-3015) [PCDPC] - Port size (32) does not match connection size (16) for port 'TAG_RD_ADDR'. The port definition is at: ../rtl/03_srio/srio_top.v(91).
#    Time: 0 ps  Iteration: 0  Instance: /tb_top/U_SRIO_TOP File: sim_model/tb_top.v Line: 763
# ** Warning: (vsim-3015) [PCDPC] - Port size (1) does not match connection size (32) for port 'DMA_RD_ADDR'. The port definition is at: ../rtl/03_srio/ini_dma_rd.v(23).
#    Time: 0 ps  Iteration: 0  Instance: /tb_top/U_SRIO_TOP/U_INI_DMA_RD File: ../rtl/03_srio/srio_top.v Line: 338
# ** Warning: (vsim-3015) [PCDPC] - Port size (9) does not match connection size (8) for port 'DMA_WR_SIZE'. The port definition is at: ../rtl/03_srio/tag_rx_dec.v(36).
#    Time: 0 ps  Iteration: 0  Instance: /tb_top/U_SRIO_TOP/U_TAG_RX_DEC File: ../rtl/03_srio/srio_top.v Line: 497
# ** Warning: (vsim-3015) [PCDPC] - Port size (6) does not match connection size (8) for port 'addra'. The port definition is at: ../rtl/00_xilinx_ip/03_ram/sram_i64o64_d256/sram_i64o64_d256_sim_netlist.V(20).
#    Time: 0 ps  Iteration: 0  Instance: /tb_top/U_RAM_BIST/U_BIST_BRAM File: ../rtl/04_bist/ram_bist.v Line: 113
# ** Warning: (vsim-3015) [PCDPC] - Port size (6) does not match connection size (8) for port 'addrb'. The port definition is at: ../rtl/00_xilinx_ip/03_ram/sram_i64o64_d256/sram_i64o64_d256_sim_netlist.V(23).
#    Time: 0 ps  Iteration: 0  Instance: /tb_top/U_RAM_BIST/U_BIST_BRAM File: ../rtl/04_bist/ram_bist.v Line: 113
#  
# ******<<<<<<<<<<<<<<<<<<<<<<Simulation tb_00 start>>>>>>>>>>>>>>>>>>>>>>> ******
#  
# ---- Initial simulation
# ---- clock ---- 1111 ---- enable
# ---- Wait for  64 cycles
# ---- Wait for  64 cycles end
# ---- Wait for  16 cycles
# ---- Wait for  16 cycles end
# ---- reseting by cycle
# ---- reset0   64 cycle end
# ---- Wait for  16 cycles
# ---- Wait for  16 cycles end
# ---- reseting by ns
# ---- reset1  255 ns end
# ---- Write register   PORT :0x0    ADD :0x200    DATA :0x89abcd0e
# ---- Wait for  16 cycles
# ---- Wait for  16 cycles end
# ---- [Success  ]Read register   PORT :0x0    ADD :0x200    EDAT :0x89abcd0e    RDAT :0x89abcd0e
# ---- Wait for  16 cycles
# ---- Wait for  16 cycles end
# ---- DRAM write PORT :0x01    ADD :0x0000001    SIZE :0x010
# ---- DRAM write end
# ---- Wait for  16 cycles
# ---- Wait for  16 cycles end
# ---- DRAM read PORT :0x01    ADD :0x0000001    SIZE :0x010
# ---- [Error      ]read dram wait acknowledge timeout
# ---- [Error      ]read dram wait acknowledge timeout
# ---- [Error      ]DRAM  PORT :0x01    ADD :0x0000001    SIZE :0x010    faild read end
# ---- Wait for  16 cycles
# ---- Wait for  16 cycles end
# ---- Wait for 255 cycles
# ---- Wait for 255 cycles end
# ---- tb_00 test completed !
#  
# ******<<<<<<<<<<<<<<<<<<<<<<Simulation tb_00 Fail End>>>>>>>>>>>>>>>>>>>>>>> ******
#  
do do/compile_all.do
# ** Warning: (vlib-34) Library already exists at "work".
# Errors: 0, Warnings: 1
# Model Technology ModelSim SE-64 vmap 2020.4 Lib Mapping Utility 2020.10 Oct 13 2020
# vmap work 
# Reading C:/modeltech64_2020.4/win64/../modelsim.ini
# "work" maps to directory ./work. (Default mapping)
# Model Technology ModelSim SE-64 vlog 2020.4 Compiler 2020.10 Oct 13 2020
# Start time: 16:59:43 on Apr 22,2025
# vlog -reportprogress 300 -work work sim_model/lib/glbl.v 
# -- Compiling module glbl
# 
# Top level modules:
# 	glbl
# End time: 16:59:43 on Apr 22,2025, Elapsed time: 0:00:00
# Errors: 0, Warnings: 0
# ** Warning: (vlib-34) Library already exists at "work".
# Errors: 0, Warnings: 1
# Model Technology ModelSim SE-64 vmap 2020.4 Lib Mapping Utility 2020.10 Oct 13 2020
# vmap work 
# Reading C:/modeltech64_2020.4/win64/../modelsim.ini
# "work" maps to directory ./work. (Default mapping)
# Model Technology ModelSim SE-64 vlog 2020.4 Compiler 2020.10 Oct 13 2020
# Start time: 16:59:43 on Apr 22,2025
# vlog -reportprogress 300 -work work ../rtl/00_xilinx_ip/00_afifo/afifo_i72o72_d2048/afifo_i72o72_d2048_sim_netlist.V 
# -- Compiling module afifo_i72o72_d2048
# -- Compiling module afifo_i72o72_d2048_xpm_cdc_gray
# -- Compiling module afifo_i72o72_d2048_xpm_cdc_gray__2
# -- Compiling module afifo_i72o72_d2048_xpm_cdc_single
# -- Compiling module afifo_i72o72_d2048_xpm_cdc_single__2
# -- Compiling module afifo_i72o72_d2048_xpm_cdc_sync_rst
# -- Compiling module afifo_i72o72_d2048_xpm_cdc_sync_rst__2
# -- Compiling module glbl
# 
# Top level modules:
# 	afifo_i72o72_d2048
# 	glbl
# End time: 16:59:44 on Apr 22,2025, Elapsed time: 0:00:01
# Errors: 0, Warnings: 0
# Model Technology ModelSim SE-64 vlog 2020.4 Compiler 2020.10 Oct 13 2020
# Start time: 16:59:44 on Apr 22,2025
# vlog -reportprogress 300 -work work ../rtl/00_xilinx_ip/01_sfifo/sfifo_i32o32_d1024/sfifo_i32o32_d1024_sim_netlist.V 
# -- Compiling module sfifo_i32o32_d1024
# -- Compiling module glbl
# 
# Top level modules:
# 	sfifo_i32o32_d1024
# 	glbl
# End time: 16:59:44 on Apr 22,2025, Elapsed time: 0:00:00
# Errors: 0, Warnings: 0
# Model Technology ModelSim SE-64 vlog 2020.4 Compiler 2020.10 Oct 13 2020
# Start time: 16:59:44 on Apr 22,2025
# vlog -reportprogress 300 -work work ../rtl/00_xilinx_ip/01_sfifo/sfifo_i64o64_d512/sfifo_i64o64_d512_sim_netlist.V 
# -- Compiling module sfifo_i64o64_d512
# -- Compiling module glbl
# 
# Top level modules:
# 	sfifo_i64o64_d512
# 	glbl
# End time: 16:59:45 on Apr 22,2025, Elapsed time: 0:00:01
# Errors: 0, Warnings: 0
# Model Technology ModelSim SE-64 vlog 2020.4 Compiler 2020.10 Oct 13 2020
# Start time: 16:59:45 on Apr 22,2025
# vlog -reportprogress 300 -work work ../rtl/00_xilinx_ip/01_sfifo/sfifo_i72o72_d512/sfifo_i72o72_d512_sim_netlist.V 
# -- Compiling module sfifo_i72o72_d512
# -- Compiling module glbl
# 
# Top level modules:
# 	sfifo_i72o72_d512
# 	glbl
# End time: 16:59:45 on Apr 22,2025, Elapsed time: 0:00:00
# Errors: 0, Warnings: 0
# Model Technology ModelSim SE-64 vlog 2020.4 Compiler 2020.10 Oct 13 2020
# Start time: 16:59:45 on Apr 22,2025
# vlog -reportprogress 300 -work work ../rtl/00_xilinx_ip/03_ram/sram_i64o64_d256/sram_i64o64_d256_sim_netlist.V 
# -- Compiling module sram_i64o64_d256
# -- Compiling module glbl
# 
# Top level modules:
# 	sram_i64o64_d256
# 	glbl
# End time: 16:59:45 on Apr 22,2025, Elapsed time: 0:00:00
# Errors: 0, Warnings: 0
# Model Technology ModelSim SE-64 vlog 2020.4 Compiler 2020.10 Oct 13 2020
# Start time: 16:59:45 on Apr 22,2025
# vlog -reportprogress 300 -work work ../rtl/01_user_ip/arbita_ch6.v ../rtl/01_user_ip/pulse_gen.v 
# -- Compiling module ARBITA_CH6
# -- Compiling module PULSE_GEN
# 
# Top level modules:
# 	ARBITA_CH6
# 	PULSE_GEN
# End time: 16:59:45 on Apr 22,2025, Elapsed time: 0:00:00
# Errors: 0, Warnings: 0
# Model Technology ModelSim SE-64 vlog 2020.4 Compiler 2020.10 Oct 13 2020
# Start time: 16:59:45 on Apr 22,2025
# vlog -reportprogress 300 -work work ../rtl/03_srio/ini_dma_rd.v ../rtl/03_srio/ini_dma_wr.v ../rtl/03_srio/ini_reg_tx.v ../rtl/03_srio/ini_rx_dec.v ../rtl/03_srio/srio_rx.v ../rtl/03_srio/srio_top.v ../rtl/03_srio/srio_tx.v ../rtl/03_srio/tag_dma_tx.v ../rtl/03_srio/tag_reg_tx.v ../rtl/03_srio/tag_rx_dec.v 
# -- Compiling module INI_DMA_RD
# -- Compiling module INI_DMA_WR
# -- Compiling module INI_REG_TX
# -- Compiling module INI_RX_DEC
# -- Compiling module SRIO_RX
# -- Compiling module SRIO_TOP
# -- Compiling module SRIO_TX
# -- Compiling module TAG_DMA_TX
# -- Compiling module TAG_REG_TX
# -- Compiling module TAG_RX_DEC
# 
# Top level modules:
# 	SRIO_TOP
# End time: 16:59:45 on Apr 22,2025, Elapsed time: 0:00:00
# Errors: 0, Warnings: 0
# Model Technology ModelSim SE-64 vlog 2020.4 Compiler 2020.10 Oct 13 2020
# Start time: 16:59:46 on Apr 22,2025
# vlog -reportprogress 300 -work work ../rtl/04_bist/bist_reg.v ../rtl/04_bist/ram_bist.v 
# -- Compiling module BIST_REG
# -- Compiling module RAM_BIST
# 
# Top level modules:
# 	BIST_REG
# 	RAM_BIST
# End time: 16:59:46 on Apr 22,2025, Elapsed time: 0:00:00
# Errors: 0, Warnings: 0
# ** Warning: (vlib-34) Library already exists at "work".
# Errors: 0, Warnings: 1
# Model Technology ModelSim SE-64 vmap 2020.4 Lib Mapping Utility 2020.10 Oct 13 2020
# vmap work 
# Reading C:/modeltech64_2020.4/win64/../modelsim.ini
# "work" maps to directory ./work. (Default mapping)
# Model Technology ModelSim SE-64 vlog 2020.4 Compiler 2020.10 Oct 13 2020
# Start time: 16:59:46 on Apr 22,2025
# vlog -reportprogress 300 -work work sim_model/define/define.v 
# End time: 16:59:46 on Apr 22,2025, Elapsed time: 0:00:00
# Errors: 0, Warnings: 0
# Model Technology ModelSim SE-64 vlog 2020.4 Compiler 2020.10 Oct 13 2020
# Start time: 16:59:46 on Apr 22,2025
# vlog -reportprogress 300 "+define+tb_00=1" -work work "+incdir+{sim_model/define}" sim_model/sim_model.v 
# -- Compiling module SIM_MODEL
# 
# Top level modules:
# 	SIM_MODEL
# End time: 16:59:46 on Apr 22,2025, Elapsed time: 0:00:00
# Errors: 0, Warnings: 0
# Model Technology ModelSim SE-64 vlog 2020.4 Compiler 2020.10 Oct 13 2020
# Start time: 16:59:46 on Apr 22,2025
# vlog -reportprogress 300 "+define+tb_00=1" -work work "+incdir+{sim_model/define}" sim_model/tb_top.v 
# -- Compiling module tb_top
# 
# Top level modules:
# 	tb_top
# End time: 16:59:46 on Apr 22,2025, Elapsed time: 0:00:00
# Errors: 0, Warnings: 0
do do/tb_00.do
# Model Technology ModelSim SE-64 vlog 2020.4 Compiler 2020.10 Oct 13 2020
# Start time: 16:59:48 on Apr 22,2025
# vlog -reportprogress 300 "+define+tb_00=1" -work work sim_model\define\define.v 
# End time: 16:59:49 on Apr 22,2025, Elapsed time: 0:00:01
# Errors: 0, Warnings: 0
# Model Technology ModelSim SE-64 vlog 2020.4 Compiler 2020.10 Oct 13 2020
# Start time: 16:59:49 on Apr 22,2025
# vlog -reportprogress 300 "+define+tb_00=1" -work work "+incdir+{sim_modeldefine}" sim_model\tb_top.v 
# -- Compiling module tb_top
# 
# Top level modules:
# 	tb_top
# End time: 16:59:49 on Apr 22,2025, Elapsed time: 0:00:00
# Errors: 0, Warnings: 0
# End time: 16:59:52 on Apr 22,2025, Elapsed time: 0:16:35
# Errors: 0, Warnings: 8
# vsim -t 1ps -c -l ./log/vsim_tb_00_report.log work.tb_top -L UNISIMS_VER -L SECUREIP -L SIMPRIMS_VER -L work -voptargs="+acc" work.glbl -wav ./wave/tb_00.wlf 
# Start time: 16:59:52 on Apr 22,2025
# ** Note: (vsim-3813) Design is being optimized due to module recompilation...
# Loading work.tb_top(fast)
# Loading work.SIM_MODEL(fast)
# Loading work.SRIO_TOP(fast)
# Loading work.INI_REG_TX(fast)
# Loading work.sfifo_i72o72_d512(fast)
# Loading UNISIMS_VER.GND(fast)
# Loading UNISIMS_VER.LUT1(fast)
# Loading UNISIMS_VER.LUT2(fast)
# Loading UNISIMS_VER.LUT3(fast)
# Loading UNISIMS_VER.FDRE(fast)
# Loading UNISIMS_VER.CARRY4(fast)
# Loading UNISIMS_VER.LUT5(fast)
# Loading UNISIMS_VER.LUT5(fast__1)
# Loading UNISIMS_VER.FDSE(fast)
# Loading UNISIMS_VER.LUT4(fast)
# Loading UNISIMS_VER.LUT4(fast__1)
# Loading UNISIMS_VER.LUT3(fast__1)
# Loading UNISIMS_VER.LUT3(fast__2)
# Loading UNISIMS_VER.LUT4(fast__2)
# Loading UNISIMS_VER.LUT6(fast)
# Loading UNISIMS_VER.LUT2(fast__1)
# Loading UNISIMS_VER.LUT3(fast__3)
# Loading UNISIMS_VER.LUT4(fast__3)
# Loading UNISIMS_VER.LUT5(fast__2)
# Loading UNISIMS_VER.LUT6(fast__1)
# Loading UNISIMS_VER.LUT6(fast__2)
# Loading UNISIMS_VER.LUT4(fast__4)
# Loading UNISIMS_VER.LUT2(fast__2)
# Loading UNISIMS_VER.LUT5(fast__3)
# Loading UNISIMS_VER.LUT4(fast__5)
# Loading UNISIMS_VER.LUT1(fast__1)
# Loading UNISIMS_VER.RAMB36E1(fast)
# Loading UNISIMS_VER.RB36_INTERNAL_VLOG(fast)
# Loading work.INI_DMA_WR(fast)
# Loading work.sfifo_i64o64_d512(fast)
# Loading work.INI_DMA_RD(fast)
# Loading work.ARBITA_CH6(fast)
# Loading work.SRIO_TX(fast)
# Loading work.afifo_i72o72_d2048(fast)
# Loading work.afifo_i72o72_d2048_xpm_cdc_gray(fast)
# Loading UNISIMS_VER.LUT6(fast__3)
# Loading UNISIMS_VER.LUT5(fast__4)
# Loading UNISIMS_VER.LUT4(fast__6)
# Loading UNISIMS_VER.LUT3(fast__4)
# Loading work.afifo_i72o72_d2048_xpm_cdc_gray__2(fast)
# Loading UNISIMS_VER.LUT6(fast__4)
# Loading UNISIMS_VER.LUT4(fast__7)
# Loading UNISIMS_VER.LUT6(fast__5)
# Loading UNISIMS_VER.LUT5(fast__5)
# Loading UNISIMS_VER.LUT6(fast__6)
# Loading UNISIMS_VER.FDSE(fast__1)
# Loading UNISIMS_VER.RAMB36E1(fast__1)
# Loading UNISIMS_VER.RB36_INTERNAL_VLOG(fast__1)
# Loading UNISIMS_VER.SRL16E(fast)
# Loading UNISIMS_VER.LUT2(fast__3)
# Loading UNISIMS_VER.FDRE(fast__1)
# Loading UNISIMS_VER.LUT3(fast__5)
# Loading UNISIMS_VER.LUT4(fast__8)
# Loading UNISIMS_VER.LUT6(fast__7)
# Loading work.afifo_i72o72_d2048_xpm_cdc_single(fast)
# Loading work.afifo_i72o72_d2048_xpm_cdc_single__2(fast)
# Loading work.afifo_i72o72_d2048_xpm_cdc_sync_rst(fast)
# Loading work.afifo_i72o72_d2048_xpm_cdc_sync_rst__2(fast)
# Loading work.SRIO_RX(fast)
# Loading work.INI_RX_DEC(fast)
# Loading work.TAG_RX_DEC(fast)
# Loading work.TAG_REG_TX(fast)
# Loading work.TAG_DMA_TX(fast)
# Loading work.BIST_REG(fast)
# Loading work.RAM_BIST(fast)
# Loading work.sram_i64o64_d256(fast)
# Loading UNISIMS_VER.RAMB36E1(fast__2)
# Loading UNISIMS_VER.RB36_INTERNAL_VLOG(fast__2)
# Loading work.glbl(fast)
# ** Warning: (vsim-3015) [PCDPC] - Port size (8) does not match connection size (9) for port 'INI_RD_SIZE'. The port definition is at: ../rtl/03_srio/srio_top.v(64).
#    Time: 0 ps  Iteration: 0  Instance: /tb_top/U_SRIO_TOP File: sim_model/tb_top.v Line: 763
# ** Warning: (vsim-3015) [PCDPC] - Port size (32) does not match connection size (16) for port 'TAG_WR_ADDR'. The port definition is at: ../rtl/03_srio/srio_top.v(81).
#    Time: 0 ps  Iteration: 0  Instance: /tb_top/U_SRIO_TOP File: sim_model/tb_top.v Line: 763
# ** Warning: (vsim-3015) [PCDPC] - Port size (9) does not match connection size (8) for port 'TAG_RD_SIZE'. The port definition is at: ../rtl/03_srio/srio_top.v(90).
#    Time: 0 ps  Iteration: 0  Instance: /tb_top/U_SRIO_TOP File: sim_model/tb_top.v Line: 763
# ** Warning: (vsim-3015) [PCDPC] - Port size (32) does not match connection size (16) for port 'TAG_RD_ADDR'. The port definition is at: ../rtl/03_srio/srio_top.v(91).
#    Time: 0 ps  Iteration: 0  Instance: /tb_top/U_SRIO_TOP File: sim_model/tb_top.v Line: 763
# ** Warning: (vsim-3015) [PCDPC] - Port size (1) does not match connection size (32) for port 'DMA_RD_ADDR'. The port definition is at: ../rtl/03_srio/ini_dma_rd.v(23).
#    Time: 0 ps  Iteration: 0  Instance: /tb_top/U_SRIO_TOP/U_INI_DMA_RD File: ../rtl/03_srio/srio_top.v Line: 338
# ** Warning: (vsim-3015) [PCDPC] - Port size (9) does not match connection size (8) for port 'DMA_WR_SIZE'. The port definition is at: ../rtl/03_srio/tag_rx_dec.v(36).
#    Time: 0 ps  Iteration: 0  Instance: /tb_top/U_SRIO_TOP/U_TAG_RX_DEC File: ../rtl/03_srio/srio_top.v Line: 497
# ** Warning: (vsim-3015) [PCDPC] - Port size (6) does not match connection size (8) for port 'addra'. The port definition is at: ../rtl/00_xilinx_ip/03_ram/sram_i64o64_d256/sram_i64o64_d256_sim_netlist.V(20).
#    Time: 0 ps  Iteration: 0  Instance: /tb_top/U_RAM_BIST/U_BIST_BRAM File: ../rtl/04_bist/ram_bist.v Line: 113
# ** Warning: (vsim-3015) [PCDPC] - Port size (6) does not match connection size (8) for port 'addrb'. The port definition is at: ../rtl/00_xilinx_ip/03_ram/sram_i64o64_d256/sram_i64o64_d256_sim_netlist.V(23).
#    Time: 0 ps  Iteration: 0  Instance: /tb_top/U_RAM_BIST/U_BIST_BRAM File: ../rtl/04_bist/ram_bist.v Line: 113
#  
# ******<<<<<<<<<<<<<<<<<<<<<<Simulation tb_00 start>>>>>>>>>>>>>>>>>>>>>>> ******
#  
# ---- Initial simulation
# ---- clock ---- 1111 ---- enable
# ---- Wait for  64 cycles
# ---- Wait for  64 cycles end
# ---- Wait for  16 cycles
# ---- Wait for  16 cycles end
# ---- reseting by cycle
# ---- reset0   64 cycle end
# ---- Wait for  16 cycles
# ---- Wait for  16 cycles end
# ---- reseting by ns
# ---- reset1  255 ns end
# ---- Write register   PORT :0x0    ADD :0x200    DATA :0x89abcd0e
# ---- Wait for  16 cycles
# ---- Wait for  16 cycles end
# ---- [Success  ]Read register   PORT :0x0    ADD :0x200    EDAT :0x89abcd0e    RDAT :0x89abcd0e
# ---- Wait for  16 cycles
# ---- Wait for  16 cycles end
# ---- DRAM write PORT :0x01    ADD :0x0000001    SIZE :0x010
# ---- DRAM write end
# ---- Wait for  16 cycles
# ---- Wait for  16 cycles end
# ---- DRAM read PORT :0x01    ADD :0x0000001    SIZE :0x010
# ---- [Error      ]Read dram wait data timeout
# ---- [Error      ]DRAM  PORT :0x01    ADD :0x0000001    SIZE :0x010    faild read end
# ---- Wait for  16 cycles
# ---- Wait for  16 cycles end
# ---- Wait for 255 cycles
# ---- Wait for 255 cycles end
# ---- tb_00 test completed !
#  
# ******<<<<<<<<<<<<<<<<<<<<<<Simulation tb_00 Fail End>>>>>>>>>>>>>>>>>>>>>>> ******
#  
do do/compile_all.do
# ** Warning: (vlib-34) Library already exists at "work".
# Errors: 0, Warnings: 1
# Model Technology ModelSim SE-64 vmap 2020.4 Lib Mapping Utility 2020.10 Oct 13 2020
# vmap work 
# Reading C:/modeltech64_2020.4/win64/../modelsim.ini
# "work" maps to directory ./work. (Default mapping)
# Model Technology ModelSim SE-64 vlog 2020.4 Compiler 2020.10 Oct 13 2020
# Start time: 17:00:57 on Apr 22,2025
# vlog -reportprogress 300 -work work sim_model/lib/glbl.v 
# -- Compiling module glbl
# 
# Top level modules:
# 	glbl
# End time: 17:00:57 on Apr 22,2025, Elapsed time: 0:00:00
# Errors: 0, Warnings: 0
# ** Warning: (vlib-34) Library already exists at "work".
# Errors: 0, Warnings: 1
# Model Technology ModelSim SE-64 vmap 2020.4 Lib Mapping Utility 2020.10 Oct 13 2020
# vmap work 
# Reading C:/modeltech64_2020.4/win64/../modelsim.ini
# "work" maps to directory ./work. (Default mapping)
# Model Technology ModelSim SE-64 vlog 2020.4 Compiler 2020.10 Oct 13 2020
# Start time: 17:00:57 on Apr 22,2025
# vlog -reportprogress 300 -work work ../rtl/00_xilinx_ip/00_afifo/afifo_i72o72_d2048/afifo_i72o72_d2048_sim_netlist.V 
# -- Compiling module afifo_i72o72_d2048
# -- Compiling module afifo_i72o72_d2048_xpm_cdc_gray
# -- Compiling module afifo_i72o72_d2048_xpm_cdc_gray__2
# -- Compiling module afifo_i72o72_d2048_xpm_cdc_single
# -- Compiling module afifo_i72o72_d2048_xpm_cdc_single__2
# -- Compiling module afifo_i72o72_d2048_xpm_cdc_sync_rst
# -- Compiling module afifo_i72o72_d2048_xpm_cdc_sync_rst__2
# -- Compiling module glbl
# 
# Top level modules:
# 	afifo_i72o72_d2048
# 	glbl
# End time: 17:00:57 on Apr 22,2025, Elapsed time: 0:00:00
# Errors: 0, Warnings: 0
# Model Technology ModelSim SE-64 vlog 2020.4 Compiler 2020.10 Oct 13 2020
# Start time: 17:00:57 on Apr 22,2025
# vlog -reportprogress 300 -work work ../rtl/00_xilinx_ip/01_sfifo/sfifo_i32o32_d1024/sfifo_i32o32_d1024_sim_netlist.V 
# -- Compiling module sfifo_i32o32_d1024
# -- Compiling module glbl
# 
# Top level modules:
# 	sfifo_i32o32_d1024
# 	glbl
# End time: 17:00:58 on Apr 22,2025, Elapsed time: 0:00:01
# Errors: 0, Warnings: 0
# Model Technology ModelSim SE-64 vlog 2020.4 Compiler 2020.10 Oct 13 2020
# Start time: 17:00:58 on Apr 22,2025
# vlog -reportprogress 300 -work work ../rtl/00_xilinx_ip/01_sfifo/sfifo_i64o64_d512/sfifo_i64o64_d512_sim_netlist.V 
# -- Compiling module sfifo_i64o64_d512
# -- Compiling module glbl
# 
# Top level modules:
# 	sfifo_i64o64_d512
# 	glbl
# End time: 17:00:58 on Apr 22,2025, Elapsed time: 0:00:00
# Errors: 0, Warnings: 0
# Model Technology ModelSim SE-64 vlog 2020.4 Compiler 2020.10 Oct 13 2020
# Start time: 17:00:58 on Apr 22,2025
# vlog -reportprogress 300 -work work ../rtl/00_xilinx_ip/01_sfifo/sfifo_i72o72_d512/sfifo_i72o72_d512_sim_netlist.V 
# -- Compiling module sfifo_i72o72_d512
# -- Compiling module glbl
# 
# Top level modules:
# 	sfifo_i72o72_d512
# 	glbl
# End time: 17:00:59 on Apr 22,2025, Elapsed time: 0:00:01
# Errors: 0, Warnings: 0
# Model Technology ModelSim SE-64 vlog 2020.4 Compiler 2020.10 Oct 13 2020
# Start time: 17:00:59 on Apr 22,2025
# vlog -reportprogress 300 -work work ../rtl/00_xilinx_ip/03_ram/sram_i64o64_d256/sram_i64o64_d256_sim_netlist.V 
# -- Compiling module sram_i64o64_d256
# -- Compiling module glbl
# 
# Top level modules:
# 	sram_i64o64_d256
# 	glbl
# End time: 17:00:59 on Apr 22,2025, Elapsed time: 0:00:00
# Errors: 0, Warnings: 0
# Model Technology ModelSim SE-64 vlog 2020.4 Compiler 2020.10 Oct 13 2020
# Start time: 17:00:59 on Apr 22,2025
# vlog -reportprogress 300 -work work ../rtl/01_user_ip/arbita_ch6.v ../rtl/01_user_ip/pulse_gen.v 
# -- Compiling module ARBITA_CH6
# -- Compiling module PULSE_GEN
# 
# Top level modules:
# 	ARBITA_CH6
# 	PULSE_GEN
# End time: 17:00:59 on Apr 22,2025, Elapsed time: 0:00:00
# Errors: 0, Warnings: 0
# Model Technology ModelSim SE-64 vlog 2020.4 Compiler 2020.10 Oct 13 2020
# Start time: 17:00:59 on Apr 22,2025
# vlog -reportprogress 300 -work work ../rtl/03_srio/ini_dma_rd.v ../rtl/03_srio/ini_dma_wr.v ../rtl/03_srio/ini_reg_tx.v ../rtl/03_srio/ini_rx_dec.v ../rtl/03_srio/srio_rx.v ../rtl/03_srio/srio_top.v ../rtl/03_srio/srio_tx.v ../rtl/03_srio/tag_dma_tx.v ../rtl/03_srio/tag_reg_tx.v ../rtl/03_srio/tag_rx_dec.v 
# -- Compiling module INI_DMA_RD
# -- Compiling module INI_DMA_WR
# -- Compiling module INI_REG_TX
# -- Compiling module INI_RX_DEC
# -- Compiling module SRIO_RX
# -- Compiling module SRIO_TOP
# -- Compiling module SRIO_TX
# -- Compiling module TAG_DMA_TX
# -- Compiling module TAG_REG_TX
# -- Compiling module TAG_RX_DEC
# 
# Top level modules:
# 	SRIO_TOP
# End time: 17:00:59 on Apr 22,2025, Elapsed time: 0:00:00
# Errors: 0, Warnings: 0
# Model Technology ModelSim SE-64 vlog 2020.4 Compiler 2020.10 Oct 13 2020
# Start time: 17:00:59 on Apr 22,2025
# vlog -reportprogress 300 -work work ../rtl/04_bist/bist_reg.v ../rtl/04_bist/ram_bist.v 
# -- Compiling module BIST_REG
# -- Compiling module RAM_BIST
# 
# Top level modules:
# 	BIST_REG
# 	RAM_BIST
# End time: 17:00:59 on Apr 22,2025, Elapsed time: 0:00:00
# Errors: 0, Warnings: 0
# ** Warning: (vlib-34) Library already exists at "work".
# Errors: 0, Warnings: 1
# Model Technology ModelSim SE-64 vmap 2020.4 Lib Mapping Utility 2020.10 Oct 13 2020
# vmap work 
# Reading C:/modeltech64_2020.4/win64/../modelsim.ini
# "work" maps to directory ./work. (Default mapping)
# Model Technology ModelSim SE-64 vlog 2020.4 Compiler 2020.10 Oct 13 2020
# Start time: 17:01:00 on Apr 22,2025
# vlog -reportprogress 300 -work work sim_model/define/define.v 
# End time: 17:01:00 on Apr 22,2025, Elapsed time: 0:00:00
# Errors: 0, Warnings: 0
# Model Technology ModelSim SE-64 vlog 2020.4 Compiler 2020.10 Oct 13 2020
# Start time: 17:01:00 on Apr 22,2025
# vlog -reportprogress 300 "+define+tb_00=1" -work work "+incdir+{sim_model/define}" sim_model/sim_model.v 
# -- Compiling module SIM_MODEL
# 
# Top level modules:
# 	SIM_MODEL
# End time: 17:01:00 on Apr 22,2025, Elapsed time: 0:00:00
# Errors: 0, Warnings: 0
# Model Technology ModelSim SE-64 vlog 2020.4 Compiler 2020.10 Oct 13 2020
# Start time: 17:01:00 on Apr 22,2025
# vlog -reportprogress 300 "+define+tb_00=1" -work work "+incdir+{sim_model/define}" sim_model/tb_top.v 
# -- Compiling module tb_top
# 
# Top level modules:
# 	tb_top
# End time: 17:01:00 on Apr 22,2025, Elapsed time: 0:00:00
# Errors: 0, Warnings: 0
do do/tb_00.do
# Model Technology ModelSim SE-64 vlog 2020.4 Compiler 2020.10 Oct 13 2020
# Start time: 17:01:02 on Apr 22,2025
# vlog -reportprogress 300 "+define+tb_00=1" -work work sim_model\define\define.v 
# End time: 17:01:02 on Apr 22,2025, Elapsed time: 0:00:00
# Errors: 0, Warnings: 0
# Model Technology ModelSim SE-64 vlog 2020.4 Compiler 2020.10 Oct 13 2020
# Start time: 17:01:02 on Apr 22,2025
# vlog -reportprogress 300 "+define+tb_00=1" -work work "+incdir+{sim_modeldefine}" sim_model\tb_top.v 
# -- Compiling module tb_top
# 
# Top level modules:
# 	tb_top
# End time: 17:01:03 on Apr 22,2025, Elapsed time: 0:00:01
# Errors: 0, Warnings: 0
# End time: 17:01:07 on Apr 22,2025, Elapsed time: 0:01:15
# Errors: 0, Warnings: 8
# vsim -t 1ps -c -l ./log/vsim_tb_00_report.log work.tb_top -L UNISIMS_VER -L SECUREIP -L SIMPRIMS_VER -L work -voptargs="+acc" work.glbl -wav ./wave/tb_00.wlf 
# Start time: 17:01:07 on Apr 22,2025
# ** Note: (vsim-3813) Design is being optimized due to module recompilation...
# ** Note: (vopt-143) Recognized 1 FSM in module "INI_DMA_RD(fast)".
# Loading work.tb_top(fast)
# Loading work.SIM_MODEL(fast)
# Loading work.SRIO_TOP(fast)
# Loading work.INI_REG_TX(fast)
# Loading work.sfifo_i72o72_d512(fast)
# Loading UNISIMS_VER.GND(fast)
# Loading UNISIMS_VER.LUT1(fast)
# Loading UNISIMS_VER.LUT2(fast)
# Loading UNISIMS_VER.LUT3(fast)
# Loading UNISIMS_VER.FDRE(fast)
# Loading UNISIMS_VER.CARRY4(fast)
# Loading UNISIMS_VER.LUT5(fast)
# Loading UNISIMS_VER.LUT5(fast__1)
# Loading UNISIMS_VER.FDSE(fast)
# Loading UNISIMS_VER.LUT4(fast)
# Loading UNISIMS_VER.LUT4(fast__1)
# Loading UNISIMS_VER.LUT3(fast__1)
# Loading UNISIMS_VER.LUT3(fast__2)
# Loading UNISIMS_VER.LUT4(fast__2)
# Loading UNISIMS_VER.LUT6(fast)
# Loading UNISIMS_VER.LUT2(fast__1)
# Loading UNISIMS_VER.LUT3(fast__3)
# Loading UNISIMS_VER.LUT4(fast__3)
# Loading UNISIMS_VER.LUT5(fast__2)
# Loading UNISIMS_VER.LUT6(fast__1)
# Loading UNISIMS_VER.LUT6(fast__2)
# Loading UNISIMS_VER.LUT4(fast__4)
# Loading UNISIMS_VER.LUT2(fast__2)
# Loading UNISIMS_VER.LUT5(fast__3)
# Loading UNISIMS_VER.LUT4(fast__5)
# Loading UNISIMS_VER.LUT1(fast__1)
# Loading UNISIMS_VER.RAMB36E1(fast)
# Loading UNISIMS_VER.RB36_INTERNAL_VLOG(fast)
# Loading work.INI_DMA_WR(fast)
# Loading work.sfifo_i64o64_d512(fast)
# Loading work.INI_DMA_RD(fast)
# Loading work.ARBITA_CH6(fast)
# Loading work.SRIO_TX(fast)
# Loading work.afifo_i72o72_d2048(fast)
# Loading work.afifo_i72o72_d2048_xpm_cdc_gray(fast)
# Loading UNISIMS_VER.LUT6(fast__3)
# Loading UNISIMS_VER.LUT5(fast__4)
# Loading UNISIMS_VER.LUT4(fast__6)
# Loading UNISIMS_VER.LUT3(fast__4)
# Loading work.afifo_i72o72_d2048_xpm_cdc_gray__2(fast)
# Loading UNISIMS_VER.LUT6(fast__4)
# Loading UNISIMS_VER.LUT4(fast__7)
# Loading UNISIMS_VER.LUT6(fast__5)
# Loading UNISIMS_VER.LUT5(fast__5)
# Loading UNISIMS_VER.LUT6(fast__6)
# Loading UNISIMS_VER.FDSE(fast__1)
# Loading UNISIMS_VER.RAMB36E1(fast__1)
# Loading UNISIMS_VER.RB36_INTERNAL_VLOG(fast__1)
# Loading UNISIMS_VER.SRL16E(fast)
# Loading UNISIMS_VER.LUT2(fast__3)
# Loading UNISIMS_VER.FDRE(fast__1)
# Loading UNISIMS_VER.LUT3(fast__5)
# Loading UNISIMS_VER.LUT4(fast__8)
# Loading UNISIMS_VER.LUT6(fast__7)
# Loading work.afifo_i72o72_d2048_xpm_cdc_single(fast)
# Loading work.afifo_i72o72_d2048_xpm_cdc_single__2(fast)
# Loading work.afifo_i72o72_d2048_xpm_cdc_sync_rst(fast)
# Loading work.afifo_i72o72_d2048_xpm_cdc_sync_rst__2(fast)
# Loading work.SRIO_RX(fast)
# Loading work.INI_RX_DEC(fast)
# Loading work.TAG_RX_DEC(fast)
# Loading work.TAG_REG_TX(fast)
# Loading work.TAG_DMA_TX(fast)
# Loading work.BIST_REG(fast)
# Loading work.RAM_BIST(fast)
# Loading work.sram_i64o64_d256(fast)
# Loading UNISIMS_VER.RAMB36E1(fast__2)
# Loading UNISIMS_VER.RB36_INTERNAL_VLOG(fast__2)
# Loading work.glbl(fast)
# ** Warning: (vsim-3015) [PCDPC] - Port size (8) does not match connection size (9) for port 'INI_RD_SIZE'. The port definition is at: ../rtl/03_srio/srio_top.v(64).
#    Time: 0 ps  Iteration: 0  Instance: /tb_top/U_SRIO_TOP File: sim_model/tb_top.v Line: 763
# ** Warning: (vsim-3015) [PCDPC] - Port size (32) does not match connection size (16) for port 'TAG_WR_ADDR'. The port definition is at: ../rtl/03_srio/srio_top.v(81).
#    Time: 0 ps  Iteration: 0  Instance: /tb_top/U_SRIO_TOP File: sim_model/tb_top.v Line: 763
# ** Warning: (vsim-3015) [PCDPC] - Port size (9) does not match connection size (8) for port 'TAG_RD_SIZE'. The port definition is at: ../rtl/03_srio/srio_top.v(90).
#    Time: 0 ps  Iteration: 0  Instance: /tb_top/U_SRIO_TOP File: sim_model/tb_top.v Line: 763
# ** Warning: (vsim-3015) [PCDPC] - Port size (32) does not match connection size (16) for port 'TAG_RD_ADDR'. The port definition is at: ../rtl/03_srio/srio_top.v(91).
#    Time: 0 ps  Iteration: 0  Instance: /tb_top/U_SRIO_TOP File: sim_model/tb_top.v Line: 763
# ** Warning: (vsim-3015) [PCDPC] - Port size (9) does not match connection size (8) for port 'DMA_RD_SIZE'. The port definition is at: ../rtl/03_srio/ini_dma_rd.v(24).
#    Time: 0 ps  Iteration: 0  Instance: /tb_top/U_SRIO_TOP/U_INI_DMA_RD File: ../rtl/03_srio/srio_top.v Line: 338
# ** Warning: (vsim-3015) [PCDPC] - Port size (9) does not match connection size (8) for port 'DMA_WR_SIZE'. The port definition is at: ../rtl/03_srio/tag_rx_dec.v(36).
#    Time: 0 ps  Iteration: 0  Instance: /tb_top/U_SRIO_TOP/U_TAG_RX_DEC File: ../rtl/03_srio/srio_top.v Line: 497
# ** Warning: (vsim-3015) [PCDPC] - Port size (6) does not match connection size (8) for port 'addra'. The port definition is at: ../rtl/00_xilinx_ip/03_ram/sram_i64o64_d256/sram_i64o64_d256_sim_netlist.V(20).
#    Time: 0 ps  Iteration: 0  Instance: /tb_top/U_RAM_BIST/U_BIST_BRAM File: ../rtl/04_bist/ram_bist.v Line: 113
# ** Warning: (vsim-3015) [PCDPC] - Port size (6) does not match connection size (8) for port 'addrb'. The port definition is at: ../rtl/00_xilinx_ip/03_ram/sram_i64o64_d256/sram_i64o64_d256_sim_netlist.V(23).
#    Time: 0 ps  Iteration: 0  Instance: /tb_top/U_RAM_BIST/U_BIST_BRAM File: ../rtl/04_bist/ram_bist.v Line: 113
#  
# ******<<<<<<<<<<<<<<<<<<<<<<Simulation tb_00 start>>>>>>>>>>>>>>>>>>>>>>> ******
#  
# ---- Initial simulation
# ---- clock ---- 1111 ---- enable
# ---- Wait for  64 cycles
# ---- Wait for  64 cycles end
# ---- Wait for  16 cycles
# ---- Wait for  16 cycles end
# ---- reseting by cycle
# ---- reset0   64 cycle end
# ---- Wait for  16 cycles
# ---- Wait for  16 cycles end
# ---- reseting by ns
# ---- reset1  255 ns end
# ---- Write register   PORT :0x0    ADD :0x200    DATA :0x89abcd0e
# ---- Wait for  16 cycles
# ---- Wait for  16 cycles end
# ---- [Success  ]Read register   PORT :0x0    ADD :0x200    EDAT :0x89abcd0e    RDAT :0x89abcd0e
# ---- Wait for  16 cycles
# ---- Wait for  16 cycles end
# ---- DRAM write PORT :0x01    ADD :0x0000001    SIZE :0x010
# ---- DRAM write end
# ---- Wait for  16 cycles
# ---- Wait for  16 cycles end
# ---- DRAM read PORT :0x01    ADD :0x0000001    SIZE :0x010
# ---- [Error      ]Read dram wait data timeout
# ---- [Error      ]DRAM  PORT :0x01    ADD :0x0000001    SIZE :0x010    faild read end
# ---- Wait for  16 cycles
# ---- Wait for  16 cycles end
# ---- Wait for 255 cycles
# ---- Wait for 255 cycles end
# ---- tb_00 test completed !
#  
# ******<<<<<<<<<<<<<<<<<<<<<<Simulation tb_00 Fail End>>>>>>>>>>>>>>>>>>>>>>> ******
#  
do do/compile_all.do
# ** Warning: (vlib-34) Library already exists at "work".
# Errors: 0, Warnings: 1
# Model Technology ModelSim SE-64 vmap 2020.4 Lib Mapping Utility 2020.10 Oct 13 2020
# vmap work 
# Reading C:/modeltech64_2020.4/win64/../modelsim.ini
# "work" maps to directory ./work. (Default mapping)
# Model Technology ModelSim SE-64 vlog 2020.4 Compiler 2020.10 Oct 13 2020
# Start time: 17:03:23 on Apr 22,2025
# vlog -reportprogress 300 -work work sim_model/lib/glbl.v 
# -- Compiling module glbl
# 
# Top level modules:
# 	glbl
# End time: 17:03:23 on Apr 22,2025, Elapsed time: 0:00:00
# Errors: 0, Warnings: 0
# ** Warning: (vlib-34) Library already exists at "work".
# Errors: 0, Warnings: 1
# Model Technology ModelSim SE-64 vmap 2020.4 Lib Mapping Utility 2020.10 Oct 13 2020
# vmap work 
# Reading C:/modeltech64_2020.4/win64/../modelsim.ini
# "work" maps to directory ./work. (Default mapping)
# Model Technology ModelSim SE-64 vlog 2020.4 Compiler 2020.10 Oct 13 2020
# Start time: 17:03:24 on Apr 22,2025
# vlog -reportprogress 300 -work work ../rtl/00_xilinx_ip/00_afifo/afifo_i72o72_d2048/afifo_i72o72_d2048_sim_netlist.V 
# -- Compiling module afifo_i72o72_d2048
# -- Compiling module afifo_i72o72_d2048_xpm_cdc_gray
# -- Compiling module afifo_i72o72_d2048_xpm_cdc_gray__2
# -- Compiling module afifo_i72o72_d2048_xpm_cdc_single
# -- Compiling module afifo_i72o72_d2048_xpm_cdc_single__2
# -- Compiling module afifo_i72o72_d2048_xpm_cdc_sync_rst
# -- Compiling module afifo_i72o72_d2048_xpm_cdc_sync_rst__2
# -- Compiling module glbl
# 
# Top level modules:
# 	afifo_i72o72_d2048
# 	glbl
# End time: 17:03:24 on Apr 22,2025, Elapsed time: 0:00:00
# Errors: 0, Warnings: 0
# Model Technology ModelSim SE-64 vlog 2020.4 Compiler 2020.10 Oct 13 2020
# Start time: 17:03:24 on Apr 22,2025
# vlog -reportprogress 300 -work work ../rtl/00_xilinx_ip/01_sfifo/sfifo_i32o32_d1024/sfifo_i32o32_d1024_sim_netlist.V 
# -- Compiling module sfifo_i32o32_d1024
# -- Compiling module glbl
# 
# Top level modules:
# 	sfifo_i32o32_d1024
# 	glbl
# End time: 17:03:24 on Apr 22,2025, Elapsed time: 0:00:00
# Errors: 0, Warnings: 0
# Model Technology ModelSim SE-64 vlog 2020.4 Compiler 2020.10 Oct 13 2020
# Start time: 17:03:24 on Apr 22,2025
# vlog -reportprogress 300 -work work ../rtl/00_xilinx_ip/01_sfifo/sfifo_i64o64_d512/sfifo_i64o64_d512_sim_netlist.V 
# -- Compiling module sfifo_i64o64_d512
# -- Compiling module glbl
# 
# Top level modules:
# 	sfifo_i64o64_d512
# 	glbl
# End time: 17:03:25 on Apr 22,2025, Elapsed time: 0:00:01
# Errors: 0, Warnings: 0
# Model Technology ModelSim SE-64 vlog 2020.4 Compiler 2020.10 Oct 13 2020
# Start time: 17:03:25 on Apr 22,2025
# vlog -reportprogress 300 -work work ../rtl/00_xilinx_ip/01_sfifo/sfifo_i72o72_d512/sfifo_i72o72_d512_sim_netlist.V 
# -- Compiling module sfifo_i72o72_d512
# -- Compiling module glbl
# 
# Top level modules:
# 	sfifo_i72o72_d512
# 	glbl
# End time: 17:03:25 on Apr 22,2025, Elapsed time: 0:00:00
# Errors: 0, Warnings: 0
# Model Technology ModelSim SE-64 vlog 2020.4 Compiler 2020.10 Oct 13 2020
# Start time: 17:03:25 on Apr 22,2025
# vlog -reportprogress 300 -work work ../rtl/00_xilinx_ip/03_ram/sram_i64o64_d256/sram_i64o64_d256_sim_netlist.V 
# -- Compiling module sram_i64o64_d256
# -- Compiling module glbl
# 
# Top level modules:
# 	sram_i64o64_d256
# 	glbl
# End time: 17:03:25 on Apr 22,2025, Elapsed time: 0:00:00
# Errors: 0, Warnings: 0
# Model Technology ModelSim SE-64 vlog 2020.4 Compiler 2020.10 Oct 13 2020
# Start time: 17:03:25 on Apr 22,2025
# vlog -reportprogress 300 -work work ../rtl/01_user_ip/arbita_ch6.v ../rtl/01_user_ip/pulse_gen.v 
# -- Compiling module ARBITA_CH6
# -- Compiling module PULSE_GEN
# 
# Top level modules:
# 	ARBITA_CH6
# 	PULSE_GEN
# End time: 17:03:25 on Apr 22,2025, Elapsed time: 0:00:00
# Errors: 0, Warnings: 0
# Model Technology ModelSim SE-64 vlog 2020.4 Compiler 2020.10 Oct 13 2020
# Start time: 17:03:25 on Apr 22,2025
# vlog -reportprogress 300 -work work ../rtl/03_srio/ini_dma_rd.v ../rtl/03_srio/ini_dma_wr.v ../rtl/03_srio/ini_reg_tx.v ../rtl/03_srio/ini_rx_dec.v ../rtl/03_srio/srio_rx.v ../rtl/03_srio/srio_top.v ../rtl/03_srio/srio_tx.v ../rtl/03_srio/tag_dma_tx.v ../rtl/03_srio/tag_reg_tx.v ../rtl/03_srio/tag_rx_dec.v 
# -- Compiling module INI_DMA_RD
# -- Compiling module INI_DMA_WR
# -- Compiling module INI_REG_TX
# -- Compiling module INI_RX_DEC
# -- Compiling module SRIO_RX
# -- Compiling module SRIO_TOP
# -- Compiling module SRIO_TX
# -- Compiling module TAG_DMA_TX
# -- Compiling module TAG_REG_TX
# -- Compiling module TAG_RX_DEC
# 
# Top level modules:
# 	SRIO_TOP
# End time: 17:03:26 on Apr 22,2025, Elapsed time: 0:00:01
# Errors: 0, Warnings: 0
# Model Technology ModelSim SE-64 vlog 2020.4 Compiler 2020.10 Oct 13 2020
# Start time: 17:03:26 on Apr 22,2025
# vlog -reportprogress 300 -work work ../rtl/04_bist/bist_reg.v ../rtl/04_bist/ram_bist.v 
# -- Compiling module BIST_REG
# -- Compiling module RAM_BIST
# 
# Top level modules:
# 	BIST_REG
# 	RAM_BIST
# End time: 17:03:26 on Apr 22,2025, Elapsed time: 0:00:00
# Errors: 0, Warnings: 0
# ** Warning: (vlib-34) Library already exists at "work".
# Errors: 0, Warnings: 1
# Model Technology ModelSim SE-64 vmap 2020.4 Lib Mapping Utility 2020.10 Oct 13 2020
# vmap work 
# Reading C:/modeltech64_2020.4/win64/../modelsim.ini
# "work" maps to directory ./work. (Default mapping)
# Model Technology ModelSim SE-64 vlog 2020.4 Compiler 2020.10 Oct 13 2020
# Start time: 17:03:26 on Apr 22,2025
# vlog -reportprogress 300 -work work sim_model/define/define.v 
# End time: 17:03:26 on Apr 22,2025, Elapsed time: 0:00:00
# Errors: 0, Warnings: 0
# Model Technology ModelSim SE-64 vlog 2020.4 Compiler 2020.10 Oct 13 2020
# Start time: 17:03:26 on Apr 22,2025
# vlog -reportprogress 300 "+define+tb_00=1" -work work "+incdir+{sim_model/define}" sim_model/sim_model.v 
# -- Compiling module SIM_MODEL
# 
# Top level modules:
# 	SIM_MODEL
# End time: 17:03:26 on Apr 22,2025, Elapsed time: 0:00:00
# Errors: 0, Warnings: 0
# Model Technology ModelSim SE-64 vlog 2020.4 Compiler 2020.10 Oct 13 2020
# Start time: 17:03:26 on Apr 22,2025
# vlog -reportprogress 300 "+define+tb_00=1" -work work "+incdir+{sim_model/define}" sim_model/tb_top.v 
# -- Compiling module tb_top
# 
# Top level modules:
# 	tb_top
# End time: 17:03:26 on Apr 22,2025, Elapsed time: 0:00:00
# Errors: 0, Warnings: 0
do do/tb_00.do
# Model Technology ModelSim SE-64 vlog 2020.4 Compiler 2020.10 Oct 13 2020
# Start time: 17:03:29 on Apr 22,2025
# vlog -reportprogress 300 "+define+tb_00=1" -work work sim_model\define\define.v 
# End time: 17:03:29 on Apr 22,2025, Elapsed time: 0:00:00
# Errors: 0, Warnings: 0
# Model Technology ModelSim SE-64 vlog 2020.4 Compiler 2020.10 Oct 13 2020
# Start time: 17:03:29 on Apr 22,2025
# vlog -reportprogress 300 "+define+tb_00=1" -work work "+incdir+{sim_modeldefine}" sim_model\tb_top.v 
# -- Compiling module tb_top
# 
# Top level modules:
# 	tb_top
# End time: 17:03:29 on Apr 22,2025, Elapsed time: 0:00:00
# Errors: 0, Warnings: 0
# End time: 17:03:32 on Apr 22,2025, Elapsed time: 0:02:25
# Errors: 0, Warnings: 8
# vsim -t 1ps -c -l ./log/vsim_tb_00_report.log work.tb_top -L UNISIMS_VER -L SECUREIP -L SIMPRIMS_VER -L work -voptargs="+acc" work.glbl -wav ./wave/tb_00.wlf 
# Start time: 17:03:32 on Apr 22,2025
# ** Note: (vsim-3813) Design is being optimized due to module recompilation...
# ** Warning: ../rtl/03_srio/srio_top.v(454): (vopt-2685) [TFMPC] - Too few port connections for 'U_INI_RX_DEC'.  Expected 13, found 12.
# ** Warning: ../rtl/03_srio/srio_top.v(454): (vopt-2718) [TFMPC] - Missing connection for port 'INI_RDY'.
# ** Warning: ../rtl/03_srio/srio_top.v(497): (vopt-2685) [TFMPC] - Too few port connections for 'U_TAG_RX_DEC'.  Expected 24, found 23.
# ** Warning: ../rtl/03_srio/srio_top.v(497): (vopt-2718) [TFMPC] - Missing connection for port 'TAG_RDY'.
# ** Note: (vsim-12126) Error and warning message counts have been restored: Errors=0, Warnings=4.
# Loading work.tb_top(fast)
# Loading work.SIM_MODEL(fast)
# Loading work.SRIO_TOP(fast)
# Loading work.INI_REG_TX(fast)
# Loading work.sfifo_i72o72_d512(fast)
# Loading UNISIMS_VER.GND(fast)
# Loading UNISIMS_VER.LUT1(fast)
# Loading UNISIMS_VER.LUT2(fast)
# Loading UNISIMS_VER.LUT3(fast)
# Loading UNISIMS_VER.FDRE(fast)
# Loading UNISIMS_VER.CARRY4(fast)
# Loading UNISIMS_VER.LUT5(fast)
# Loading UNISIMS_VER.LUT5(fast__1)
# Loading UNISIMS_VER.FDSE(fast)
# Loading UNISIMS_VER.LUT4(fast)
# Loading UNISIMS_VER.LUT4(fast__1)
# Loading UNISIMS_VER.LUT3(fast__1)
# Loading UNISIMS_VER.LUT3(fast__2)
# Loading UNISIMS_VER.LUT4(fast__2)
# Loading UNISIMS_VER.LUT6(fast)
# Loading UNISIMS_VER.LUT2(fast__1)
# Loading UNISIMS_VER.LUT3(fast__3)
# Loading UNISIMS_VER.LUT4(fast__3)
# Loading UNISIMS_VER.LUT5(fast__2)
# Loading UNISIMS_VER.LUT6(fast__1)
# Loading UNISIMS_VER.LUT6(fast__2)
# Loading UNISIMS_VER.LUT4(fast__4)
# Loading UNISIMS_VER.LUT2(fast__2)
# Loading UNISIMS_VER.LUT5(fast__3)
# Loading UNISIMS_VER.LUT4(fast__5)
# Loading UNISIMS_VER.LUT1(fast__1)
# Loading UNISIMS_VER.RAMB36E1(fast)
# Loading UNISIMS_VER.RB36_INTERNAL_VLOG(fast)
# Loading work.INI_DMA_WR(fast)
# Loading work.sfifo_i64o64_d512(fast)
# Loading work.INI_DMA_RD(fast)
# Loading work.ARBITA_CH6(fast)
# Loading work.SRIO_TX(fast)
# Loading work.afifo_i72o72_d2048(fast)
# Loading work.afifo_i72o72_d2048_xpm_cdc_gray(fast)
# Loading UNISIMS_VER.LUT6(fast__3)
# Loading UNISIMS_VER.LUT5(fast__4)
# Loading UNISIMS_VER.LUT4(fast__6)
# Loading UNISIMS_VER.LUT3(fast__4)
# Loading work.afifo_i72o72_d2048_xpm_cdc_gray__2(fast)
# Loading UNISIMS_VER.LUT6(fast__4)
# Loading UNISIMS_VER.LUT4(fast__7)
# Loading UNISIMS_VER.LUT6(fast__5)
# Loading UNISIMS_VER.LUT5(fast__5)
# Loading UNISIMS_VER.LUT6(fast__6)
# Loading UNISIMS_VER.FDSE(fast__1)
# Loading UNISIMS_VER.RAMB36E1(fast__1)
# Loading UNISIMS_VER.RB36_INTERNAL_VLOG(fast__1)
# Loading UNISIMS_VER.SRL16E(fast)
# Loading UNISIMS_VER.LUT2(fast__3)
# Loading UNISIMS_VER.FDRE(fast__1)
# Loading UNISIMS_VER.LUT3(fast__5)
# Loading UNISIMS_VER.LUT4(fast__8)
# Loading UNISIMS_VER.LUT6(fast__7)
# Loading work.afifo_i72o72_d2048_xpm_cdc_single(fast)
# Loading work.afifo_i72o72_d2048_xpm_cdc_single__2(fast)
# Loading work.afifo_i72o72_d2048_xpm_cdc_sync_rst(fast)
# Loading work.afifo_i72o72_d2048_xpm_cdc_sync_rst__2(fast)
# Loading work.SRIO_RX(fast)
# Loading work.INI_RX_DEC(fast)
# Loading work.TAG_RX_DEC(fast)
# Loading work.TAG_REG_TX(fast)
# Loading work.TAG_DMA_TX(fast)
# Loading work.BIST_REG(fast)
# Loading work.RAM_BIST(fast)
# Loading work.sram_i64o64_d256(fast)
# Loading UNISIMS_VER.RAMB36E1(fast__2)
# Loading UNISIMS_VER.RB36_INTERNAL_VLOG(fast__2)
# Loading work.glbl(fast)
# ** Warning: (vsim-3015) [PCDPC] - Port size (32) does not match connection size (16) for port 'TAG_WR_ADDR'. The port definition is at: ../rtl/03_srio/srio_top.v(81).
#    Time: 0 ps  Iteration: 0  Instance: /tb_top/U_SRIO_TOP File: sim_model/tb_top.v Line: 763
# ** Warning: (vsim-3015) [PCDPC] - Port size (9) does not match connection size (8) for port 'TAG_RD_SIZE'. The port definition is at: ../rtl/03_srio/srio_top.v(90).
#    Time: 0 ps  Iteration: 0  Instance: /tb_top/U_SRIO_TOP File: sim_model/tb_top.v Line: 763
# ** Warning: (vsim-3015) [PCDPC] - Port size (32) does not match connection size (16) for port 'TAG_RD_ADDR'. The port definition is at: ../rtl/03_srio/srio_top.v(91).
#    Time: 0 ps  Iteration: 0  Instance: /tb_top/U_SRIO_TOP File: sim_model/tb_top.v Line: 763
# ** Warning: (vsim-3015) [PCDPC] - Port size (9) does not match connection size (8) for port 'DMA_WR_SIZE'. The port definition is at: ../rtl/03_srio/tag_rx_dec.v(36).
#    Time: 0 ps  Iteration: 0  Instance: /tb_top/U_SRIO_TOP/U_TAG_RX_DEC File: ../rtl/03_srio/srio_top.v Line: 497
# ** Warning: (vsim-3015) [PCDPC] - Port size (6) does not match connection size (8) for port 'addra'. The port definition is at: ../rtl/00_xilinx_ip/03_ram/sram_i64o64_d256/sram_i64o64_d256_sim_netlist.V(20).
#    Time: 0 ps  Iteration: 0  Instance: /tb_top/U_RAM_BIST/U_BIST_BRAM File: ../rtl/04_bist/ram_bist.v Line: 113
# ** Warning: (vsim-3015) [PCDPC] - Port size (6) does not match connection size (8) for port 'addrb'. The port definition is at: ../rtl/00_xilinx_ip/03_ram/sram_i64o64_d256/sram_i64o64_d256_sim_netlist.V(23).
#    Time: 0 ps  Iteration: 0  Instance: /tb_top/U_RAM_BIST/U_BIST_BRAM File: ../rtl/04_bist/ram_bist.v Line: 113
#  
# ******<<<<<<<<<<<<<<<<<<<<<<Simulation tb_00 start>>>>>>>>>>>>>>>>>>>>>>> ******
#  
# ---- Initial simulation
# ---- clock ---- 1111 ---- enable
# ---- Wait for  64 cycles
# ---- Wait for  64 cycles end
# ---- Wait for  16 cycles
# ---- Wait for  16 cycles end
# ---- reseting by cycle
# ---- reset0   64 cycle end
# ---- Wait for  16 cycles
# ---- Wait for  16 cycles end
# ---- reseting by ns
# ---- reset1  255 ns end
# ---- Write register   PORT :0x0    ADD :0x200    DATA :0x89abcd0e
# ---- Wait for  16 cycles
# ---- Wait for  16 cycles end
# ---- [Success  ]Read register   PORT :0x0    ADD :0x200    EDAT :0x89abcd0e    RDAT :0x89abcd0e
# ---- Wait for  16 cycles
# ---- Wait for  16 cycles end
# ---- DRAM write PORT :0x01    ADD :0x0000001    SIZE :0x010
# ---- DRAM write end
# ---- Wait for  16 cycles
# ---- Wait for  16 cycles end
# ---- DRAM read PORT :0x01    ADD :0x0000001    SIZE :0x010
# ---- [Error      ]Read dram wait data timeout
# ---- [Error      ]DRAM  PORT :0x01    ADD :0x0000001    SIZE :0x010    faild read end
# ---- Wait for  16 cycles
# ---- Wait for  16 cycles end
# ---- Wait for 255 cycles
# ---- Wait for 255 cycles end
# ---- tb_00 test completed !
#  
# ******<<<<<<<<<<<<<<<<<<<<<<Simulation tb_00 Fail End>>>>>>>>>>>>>>>>>>>>>>> ******
#  
do do/compile_all.do
# ** Warning: (vlib-34) Library already exists at "work".
# Errors: 0, Warnings: 1
# Model Technology ModelSim SE-64 vmap 2020.4 Lib Mapping Utility 2020.10 Oct 13 2020
# vmap work 
# Reading C:/modeltech64_2020.4/win64/../modelsim.ini
# "work" maps to directory ./work. (Default mapping)
# Model Technology ModelSim SE-64 vlog 2020.4 Compiler 2020.10 Oct 13 2020
# Start time: 17:05:22 on Apr 22,2025
# vlog -reportprogress 300 -work work sim_model/lib/glbl.v 
# -- Compiling module glbl
# 
# Top level modules:
# 	glbl
# End time: 17:05:22 on Apr 22,2025, Elapsed time: 0:00:00
# Errors: 0, Warnings: 0
# ** Warning: (vlib-34) Library already exists at "work".
# Errors: 0, Warnings: 1
# Model Technology ModelSim SE-64 vmap 2020.4 Lib Mapping Utility 2020.10 Oct 13 2020
# vmap work 
# Reading C:/modeltech64_2020.4/win64/../modelsim.ini
# "work" maps to directory ./work. (Default mapping)
# Model Technology ModelSim SE-64 vlog 2020.4 Compiler 2020.10 Oct 13 2020
# Start time: 17:05:23 on Apr 22,2025
# vlog -reportprogress 300 -work work ../rtl/00_xilinx_ip/00_afifo/afifo_i72o72_d2048/afifo_i72o72_d2048_sim_netlist.V 
# -- Compiling module afifo_i72o72_d2048
# -- Compiling module afifo_i72o72_d2048_xpm_cdc_gray
# -- Compiling module afifo_i72o72_d2048_xpm_cdc_gray__2
# -- Compiling module afifo_i72o72_d2048_xpm_cdc_single
# -- Compiling module afifo_i72o72_d2048_xpm_cdc_single__2
# -- Compiling module afifo_i72o72_d2048_xpm_cdc_sync_rst
# -- Compiling module afifo_i72o72_d2048_xpm_cdc_sync_rst__2
# -- Compiling module glbl
# 
# Top level modules:
# 	afifo_i72o72_d2048
# 	glbl
# End time: 17:05:23 on Apr 22,2025, Elapsed time: 0:00:00
# Errors: 0, Warnings: 0
# Model Technology ModelSim SE-64 vlog 2020.4 Compiler 2020.10 Oct 13 2020
# Start time: 17:05:23 on Apr 22,2025
# vlog -reportprogress 300 -work work ../rtl/00_xilinx_ip/01_sfifo/sfifo_i32o32_d1024/sfifo_i32o32_d1024_sim_netlist.V 
# -- Compiling module sfifo_i32o32_d1024
# -- Compiling module glbl
# 
# Top level modules:
# 	sfifo_i32o32_d1024
# 	glbl
# End time: 17:05:23 on Apr 22,2025, Elapsed time: 0:00:00
# Errors: 0, Warnings: 0
# Model Technology ModelSim SE-64 vlog 2020.4 Compiler 2020.10 Oct 13 2020
# Start time: 17:05:24 on Apr 22,2025
# vlog -reportprogress 300 -work work ../rtl/00_xilinx_ip/01_sfifo/sfifo_i64o64_d512/sfifo_i64o64_d512_sim_netlist.V 
# -- Compiling module sfifo_i64o64_d512
# -- Compiling module glbl
# 
# Top level modules:
# 	sfifo_i64o64_d512
# 	glbl
# End time: 17:05:24 on Apr 22,2025, Elapsed time: 0:00:00
# Errors: 0, Warnings: 0
# Model Technology ModelSim SE-64 vlog 2020.4 Compiler 2020.10 Oct 13 2020
# Start time: 17:05:24 on Apr 22,2025
# vlog -reportprogress 300 -work work ../rtl/00_xilinx_ip/01_sfifo/sfifo_i72o72_d512/sfifo_i72o72_d512_sim_netlist.V 
# -- Compiling module sfifo_i72o72_d512
# -- Compiling module glbl
# 
# Top level modules:
# 	sfifo_i72o72_d512
# 	glbl
# End time: 17:05:24 on Apr 22,2025, Elapsed time: 0:00:00
# Errors: 0, Warnings: 0
# Model Technology ModelSim SE-64 vlog 2020.4 Compiler 2020.10 Oct 13 2020
# Start time: 17:05:24 on Apr 22,2025
# vlog -reportprogress 300 -work work ../rtl/00_xilinx_ip/03_ram/sram_i64o64_d256/sram_i64o64_d256_sim_netlist.V 
# -- Compiling module sram_i64o64_d256
# -- Compiling module glbl
# 
# Top level modules:
# 	sram_i64o64_d256
# 	glbl
# End time: 17:05:24 on Apr 22,2025, Elapsed time: 0:00:00
# Errors: 0, Warnings: 0
# Model Technology ModelSim SE-64 vlog 2020.4 Compiler 2020.10 Oct 13 2020
# Start time: 17:05:24 on Apr 22,2025
# vlog -reportprogress 300 -work work ../rtl/01_user_ip/arbita_ch6.v ../rtl/01_user_ip/pulse_gen.v 
# -- Compiling module ARBITA_CH6
# -- Compiling module PULSE_GEN
# 
# Top level modules:
# 	ARBITA_CH6
# 	PULSE_GEN
# End time: 17:05:24 on Apr 22,2025, Elapsed time: 0:00:00
# Errors: 0, Warnings: 0
# Model Technology ModelSim SE-64 vlog 2020.4 Compiler 2020.10 Oct 13 2020
# Start time: 17:05:25 on Apr 22,2025
# vlog -reportprogress 300 -work work ../rtl/03_srio/ini_dma_rd.v ../rtl/03_srio/ini_dma_wr.v ../rtl/03_srio/ini_reg_tx.v ../rtl/03_srio/ini_rx_dec.v ../rtl/03_srio/srio_rx.v ../rtl/03_srio/srio_top.v ../rtl/03_srio/srio_tx.v ../rtl/03_srio/tag_dma_tx.v ../rtl/03_srio/tag_reg_tx.v ../rtl/03_srio/tag_rx_dec.v 
# -- Compiling module INI_DMA_RD
# -- Compiling module INI_DMA_WR
# -- Compiling module INI_REG_TX
# -- Compiling module INI_RX_DEC
# -- Compiling module SRIO_RX
# -- Compiling module SRIO_TOP
# -- Compiling module SRIO_TX
# -- Compiling module TAG_DMA_TX
# -- Compiling module TAG_REG_TX
# -- Compiling module TAG_RX_DEC
# 
# Top level modules:
# 	SRIO_TOP
# End time: 17:05:25 on Apr 22,2025, Elapsed time: 0:00:00
# Errors: 0, Warnings: 0
# Model Technology ModelSim SE-64 vlog 2020.4 Compiler 2020.10 Oct 13 2020
# Start time: 17:05:25 on Apr 22,2025
# vlog -reportprogress 300 -work work ../rtl/04_bist/bist_reg.v ../rtl/04_bist/ram_bist.v 
# -- Compiling module BIST_REG
# -- Compiling module RAM_BIST
# 
# Top level modules:
# 	BIST_REG
# 	RAM_BIST
# End time: 17:05:25 on Apr 22,2025, Elapsed time: 0:00:00
# Errors: 0, Warnings: 0
# ** Warning: (vlib-34) Library already exists at "work".
# Errors: 0, Warnings: 1
# Model Technology ModelSim SE-64 vmap 2020.4 Lib Mapping Utility 2020.10 Oct 13 2020
# vmap work 
# Reading C:/modeltech64_2020.4/win64/../modelsim.ini
# "work" maps to directory ./work. (Default mapping)
# Model Technology ModelSim SE-64 vlog 2020.4 Compiler 2020.10 Oct 13 2020
# Start time: 17:05:25 on Apr 22,2025
# vlog -reportprogress 300 -work work sim_model/define/define.v 
# End time: 17:05:25 on Apr 22,2025, Elapsed time: 0:00:00
# Errors: 0, Warnings: 0
# Model Technology ModelSim SE-64 vlog 2020.4 Compiler 2020.10 Oct 13 2020
# Start time: 17:05:25 on Apr 22,2025
# vlog -reportprogress 300 "+define+tb_00=1" -work work "+incdir+{sim_model/define}" sim_model/sim_model.v 
# -- Compiling module SIM_MODEL
# 
# Top level modules:
# 	SIM_MODEL
# End time: 17:05:25 on Apr 22,2025, Elapsed time: 0:00:00
# Errors: 0, Warnings: 0
# Model Technology ModelSim SE-64 vlog 2020.4 Compiler 2020.10 Oct 13 2020
# Start time: 17:05:25 on Apr 22,2025
# vlog -reportprogress 300 "+define+tb_00=1" -work work "+incdir+{sim_model/define}" sim_model/tb_top.v 
# -- Compiling module tb_top
# 
# Top level modules:
# 	tb_top
# End time: 17:05:26 on Apr 22,2025, Elapsed time: 0:00:01
# Errors: 0, Warnings: 0
do do/tb_00.do
# Model Technology ModelSim SE-64 vlog 2020.4 Compiler 2020.10 Oct 13 2020
# Start time: 17:05:28 on Apr 22,2025
# vlog -reportprogress 300 "+define+tb_00=1" -work work sim_model\define\define.v 
# End time: 17:05:28 on Apr 22,2025, Elapsed time: 0:00:00
# Errors: 0, Warnings: 0
# Model Technology ModelSim SE-64 vlog 2020.4 Compiler 2020.10 Oct 13 2020
# Start time: 17:05:28 on Apr 22,2025
# vlog -reportprogress 300 "+define+tb_00=1" -work work "+incdir+{sim_modeldefine}" sim_model\tb_top.v 
# -- Compiling module tb_top
# 
# Top level modules:
# 	tb_top
# End time: 17:05:28 on Apr 22,2025, Elapsed time: 0:00:00
# Errors: 0, Warnings: 0
# End time: 17:05:31 on Apr 22,2025, Elapsed time: 0:01:59
# Errors: 0, Warnings: 10
# vsim -t 1ps -c -l ./log/vsim_tb_00_report.log work.tb_top -L UNISIMS_VER -L SECUREIP -L SIMPRIMS_VER -L work -voptargs="+acc" work.glbl -wav ./wave/tb_00.wlf 
# Start time: 17:05:31 on Apr 22,2025
# ** Note: (vsim-3813) Design is being optimized due to module recompilation...
# ** Note: (vopt-143) Recognized 1 FSM in module "INI_DMA_RD(fast)".
# Loading work.tb_top(fast)
# Loading work.SIM_MODEL(fast)
# Loading work.SRIO_TOP(fast)
# Loading work.INI_REG_TX(fast)
# Loading work.sfifo_i72o72_d512(fast)
# Loading UNISIMS_VER.GND(fast)
# Loading UNISIMS_VER.LUT1(fast)
# Loading UNISIMS_VER.LUT2(fast)
# Loading UNISIMS_VER.LUT3(fast)
# Loading UNISIMS_VER.FDRE(fast)
# Loading UNISIMS_VER.CARRY4(fast)
# Loading UNISIMS_VER.LUT5(fast)
# Loading UNISIMS_VER.LUT5(fast__1)
# Loading UNISIMS_VER.FDSE(fast)
# Loading UNISIMS_VER.LUT4(fast)
# Loading UNISIMS_VER.LUT4(fast__1)
# Loading UNISIMS_VER.LUT3(fast__1)
# Loading UNISIMS_VER.LUT3(fast__2)
# Loading UNISIMS_VER.LUT4(fast__2)
# Loading UNISIMS_VER.LUT6(fast)
# Loading UNISIMS_VER.LUT2(fast__1)
# Loading UNISIMS_VER.LUT3(fast__3)
# Loading UNISIMS_VER.LUT4(fast__3)
# Loading UNISIMS_VER.LUT5(fast__2)
# Loading UNISIMS_VER.LUT6(fast__1)
# Loading UNISIMS_VER.LUT6(fast__2)
# Loading UNISIMS_VER.LUT4(fast__4)
# Loading UNISIMS_VER.LUT2(fast__2)
# Loading UNISIMS_VER.LUT5(fast__3)
# Loading UNISIMS_VER.LUT4(fast__5)
# Loading UNISIMS_VER.LUT1(fast__1)
# Loading UNISIMS_VER.RAMB36E1(fast)
# Loading UNISIMS_VER.RB36_INTERNAL_VLOG(fast)
# Loading work.INI_DMA_WR(fast)
# Loading work.sfifo_i64o64_d512(fast)
# Loading work.INI_DMA_RD(fast)
# Loading work.ARBITA_CH6(fast)
# Loading work.SRIO_TX(fast)
# Loading work.afifo_i72o72_d2048(fast)
# Loading work.afifo_i72o72_d2048_xpm_cdc_gray(fast)
# Loading UNISIMS_VER.LUT6(fast__3)
# Loading UNISIMS_VER.LUT5(fast__4)
# Loading UNISIMS_VER.LUT4(fast__6)
# Loading UNISIMS_VER.LUT3(fast__4)
# Loading work.afifo_i72o72_d2048_xpm_cdc_gray__2(fast)
# Loading UNISIMS_VER.LUT6(fast__4)
# Loading UNISIMS_VER.LUT4(fast__7)
# Loading UNISIMS_VER.LUT6(fast__5)
# Loading UNISIMS_VER.LUT5(fast__5)
# Loading UNISIMS_VER.LUT6(fast__6)
# Loading UNISIMS_VER.FDSE(fast__1)
# Loading UNISIMS_VER.RAMB36E1(fast__1)
# Loading UNISIMS_VER.RB36_INTERNAL_VLOG(fast__1)
# Loading UNISIMS_VER.SRL16E(fast)
# Loading UNISIMS_VER.LUT2(fast__3)
# Loading UNISIMS_VER.FDRE(fast__1)
# Loading UNISIMS_VER.LUT3(fast__5)
# Loading UNISIMS_VER.LUT4(fast__8)
# Loading UNISIMS_VER.LUT6(fast__7)
# Loading work.afifo_i72o72_d2048_xpm_cdc_single(fast)
# Loading work.afifo_i72o72_d2048_xpm_cdc_single__2(fast)
# Loading work.afifo_i72o72_d2048_xpm_cdc_sync_rst(fast)
# Loading work.afifo_i72o72_d2048_xpm_cdc_sync_rst__2(fast)
# Loading work.SRIO_RX(fast)
# Loading work.INI_RX_DEC(fast)
# Loading work.TAG_RX_DEC(fast)
# Loading work.TAG_REG_TX(fast)
# Loading work.TAG_DMA_TX(fast)
# Loading work.BIST_REG(fast)
# Loading work.RAM_BIST(fast)
# Loading work.sram_i64o64_d256(fast)
# Loading UNISIMS_VER.RAMB36E1(fast__2)
# Loading UNISIMS_VER.RB36_INTERNAL_VLOG(fast__2)
# Loading work.glbl(fast)
# ** Warning: (vsim-3015) [PCDPC] - Port size (32) does not match connection size (16) for port 'TAG_WR_ADDR'. The port definition is at: ../rtl/03_srio/srio_top.v(81).
#    Time: 0 ps  Iteration: 0  Instance: /tb_top/U_SRIO_TOP File: sim_model/tb_top.v Line: 763
# ** Warning: (vsim-3015) [PCDPC] - Port size (9) does not match connection size (8) for port 'TAG_RD_SIZE'. The port definition is at: ../rtl/03_srio/srio_top.v(90).
#    Time: 0 ps  Iteration: 0  Instance: /tb_top/U_SRIO_TOP File: sim_model/tb_top.v Line: 763
# ** Warning: (vsim-3015) [PCDPC] - Port size (32) does not match connection size (16) for port 'TAG_RD_ADDR'. The port definition is at: ../rtl/03_srio/srio_top.v(91).
#    Time: 0 ps  Iteration: 0  Instance: /tb_top/U_SRIO_TOP File: sim_model/tb_top.v Line: 763
# ** Warning: (vsim-3015) [PCDPC] - Port size (9) does not match connection size (8) for port 'DMA_WR_SIZE'. The port definition is at: ../rtl/03_srio/tag_rx_dec.v(36).
#    Time: 0 ps  Iteration: 0  Instance: /tb_top/U_SRIO_TOP/U_TAG_RX_DEC File: ../rtl/03_srio/srio_top.v Line: 497
# ** Warning: (vsim-3015) [PCDPC] - Port size (6) does not match connection size (8) for port 'addra'. The port definition is at: ../rtl/00_xilinx_ip/03_ram/sram_i64o64_d256/sram_i64o64_d256_sim_netlist.V(20).
#    Time: 0 ps  Iteration: 0  Instance: /tb_top/U_RAM_BIST/U_BIST_BRAM File: ../rtl/04_bist/ram_bist.v Line: 113
# ** Warning: (vsim-3015) [PCDPC] - Port size (6) does not match connection size (8) for port 'addrb'. The port definition is at: ../rtl/00_xilinx_ip/03_ram/sram_i64o64_d256/sram_i64o64_d256_sim_netlist.V(23).
#    Time: 0 ps  Iteration: 0  Instance: /tb_top/U_RAM_BIST/U_BIST_BRAM File: ../rtl/04_bist/ram_bist.v Line: 113
#  
# ******<<<<<<<<<<<<<<<<<<<<<<Simulation tb_00 start>>>>>>>>>>>>>>>>>>>>>>> ******
#  
# ---- Initial simulation
# ---- clock ---- 1111 ---- enable
# ---- Wait for  64 cycles
# ---- Wait for  64 cycles end
# ---- Wait for  16 cycles
# ---- Wait for  16 cycles end
# ---- reseting by cycle
# ---- reset0   64 cycle end
# ---- Wait for  16 cycles
# ---- Wait for  16 cycles end
# ---- reseting by ns
# ---- reset1  255 ns end
# ---- Write register   PORT :0x0    ADD :0x200    DATA :0x89abcd0e
# ---- Wait for  16 cycles
# ---- Wait for  16 cycles end
# ---- [Success  ]Read register   PORT :0x0    ADD :0x200    EDAT :0x89abcd0e    RDAT :0x89abcd0e
# ---- Wait for  16 cycles
# ---- Wait for  16 cycles end
# ---- DRAM write PORT :0x01    ADD :0x0000001    SIZE :0x010
# ---- DRAM write end
# ---- Wait for  16 cycles
# ---- Wait for  16 cycles end
# ---- DRAM read PORT :0x01    ADD :0x0000001    SIZE :0x010
# ---- [Error      ]Read dram wait data timeout
# ---- [Error      ]DRAM  PORT :0x01    ADD :0x0000001    SIZE :0x010    faild read end
# ---- Wait for  16 cycles
# ---- Wait for  16 cycles end
# ---- Wait for 255 cycles
# ---- Wait for 255 cycles end
# ---- tb_00 test completed !
#  
# ******<<<<<<<<<<<<<<<<<<<<<<Simulation tb_00 Fail End>>>>>>>>>>>>>>>>>>>>>>> ******
#  
do do/compile_all.do
# ** Warning: (vlib-34) Library already exists at "work".
# Errors: 0, Warnings: 1
# Model Technology ModelSim SE-64 vmap 2020.4 Lib Mapping Utility 2020.10 Oct 13 2020
# vmap work 
# Reading C:/modeltech64_2020.4/win64/../modelsim.ini
# "work" maps to directory ./work. (Default mapping)
# Model Technology ModelSim SE-64 vlog 2020.4 Compiler 2020.10 Oct 13 2020
# Start time: 17:07:28 on Apr 22,2025
# vlog -reportprogress 300 -work work sim_model/lib/glbl.v 
# -- Compiling module glbl
# 
# Top level modules:
# 	glbl
# End time: 17:07:28 on Apr 22,2025, Elapsed time: 0:00:00
# Errors: 0, Warnings: 0
# ** Warning: (vlib-34) Library already exists at "work".
# Errors: 0, Warnings: 1
# Model Technology ModelSim SE-64 vmap 2020.4 Lib Mapping Utility 2020.10 Oct 13 2020
# vmap work 
# Reading C:/modeltech64_2020.4/win64/../modelsim.ini
# "work" maps to directory ./work. (Default mapping)
# Model Technology ModelSim SE-64 vlog 2020.4 Compiler 2020.10 Oct 13 2020
# Start time: 17:07:28 on Apr 22,2025
# vlog -reportprogress 300 -work work ../rtl/00_xilinx_ip/00_afifo/afifo_i72o72_d2048/afifo_i72o72_d2048_sim_netlist.V 
# -- Compiling module afifo_i72o72_d2048
# -- Compiling module afifo_i72o72_d2048_xpm_cdc_gray
# -- Compiling module afifo_i72o72_d2048_xpm_cdc_gray__2
# -- Compiling module afifo_i72o72_d2048_xpm_cdc_single
# -- Compiling module afifo_i72o72_d2048_xpm_cdc_single__2
# -- Compiling module afifo_i72o72_d2048_xpm_cdc_sync_rst
# -- Compiling module afifo_i72o72_d2048_xpm_cdc_sync_rst__2
# -- Compiling module glbl
# 
# Top level modules:
# 	afifo_i72o72_d2048
# 	glbl
# End time: 17:07:28 on Apr 22,2025, Elapsed time: 0:00:00
# Errors: 0, Warnings: 0
# Model Technology ModelSim SE-64 vlog 2020.4 Compiler 2020.10 Oct 13 2020
# Start time: 17:07:28 on Apr 22,2025
# vlog -reportprogress 300 -work work ../rtl/00_xilinx_ip/01_sfifo/sfifo_i32o32_d1024/sfifo_i32o32_d1024_sim_netlist.V 
# -- Compiling module sfifo_i32o32_d1024
# -- Compiling module glbl
# 
# Top level modules:
# 	sfifo_i32o32_d1024
# 	glbl
# End time: 17:07:29 on Apr 22,2025, Elapsed time: 0:00:01
# Errors: 0, Warnings: 0
# Model Technology ModelSim SE-64 vlog 2020.4 Compiler 2020.10 Oct 13 2020
# Start time: 17:07:29 on Apr 22,2025
# vlog -reportprogress 300 -work work ../rtl/00_xilinx_ip/01_sfifo/sfifo_i64o64_d512/sfifo_i64o64_d512_sim_netlist.V 
# -- Compiling module sfifo_i64o64_d512
# -- Compiling module glbl
# 
# Top level modules:
# 	sfifo_i64o64_d512
# 	glbl
# End time: 17:07:29 on Apr 22,2025, Elapsed time: 0:00:00
# Errors: 0, Warnings: 0
# Model Technology ModelSim SE-64 vlog 2020.4 Compiler 2020.10 Oct 13 2020
# Start time: 17:07:29 on Apr 22,2025
# vlog -reportprogress 300 -work work ../rtl/00_xilinx_ip/01_sfifo/sfifo_i72o72_d512/sfifo_i72o72_d512_sim_netlist.V 
# -- Compiling module sfifo_i72o72_d512
# -- Compiling module glbl
# 
# Top level modules:
# 	sfifo_i72o72_d512
# 	glbl
# End time: 17:07:29 on Apr 22,2025, Elapsed time: 0:00:00
# Errors: 0, Warnings: 0
# Model Technology ModelSim SE-64 vlog 2020.4 Compiler 2020.10 Oct 13 2020
# Start time: 17:07:30 on Apr 22,2025
# vlog -reportprogress 300 -work work ../rtl/00_xilinx_ip/03_ram/sram_i64o64_d256/sram_i64o64_d256_sim_netlist.V 
# -- Compiling module sram_i64o64_d256
# -- Compiling module glbl
# 
# Top level modules:
# 	sram_i64o64_d256
# 	glbl
# End time: 17:07:30 on Apr 22,2025, Elapsed time: 0:00:00
# Errors: 0, Warnings: 0
# Model Technology ModelSim SE-64 vlog 2020.4 Compiler 2020.10 Oct 13 2020
# Start time: 17:07:30 on Apr 22,2025
# vlog -reportprogress 300 -work work ../rtl/01_user_ip/arbita_ch6.v ../rtl/01_user_ip/pulse_gen.v 
# -- Compiling module ARBITA_CH6
# -- Compiling module PULSE_GEN
# 
# Top level modules:
# 	ARBITA_CH6
# 	PULSE_GEN
# End time: 17:07:30 on Apr 22,2025, Elapsed time: 0:00:00
# Errors: 0, Warnings: 0
# Model Technology ModelSim SE-64 vlog 2020.4 Compiler 2020.10 Oct 13 2020
# Start time: 17:07:30 on Apr 22,2025
# vlog -reportprogress 300 -work work ../rtl/03_srio/ini_dma_rd.v ../rtl/03_srio/ini_dma_wr.v ../rtl/03_srio/ini_reg_tx.v ../rtl/03_srio/ini_rx_dec.v ../rtl/03_srio/srio_rx.v ../rtl/03_srio/srio_top.v ../rtl/03_srio/srio_tx.v ../rtl/03_srio/tag_dma_tx.v ../rtl/03_srio/tag_reg_tx.v ../rtl/03_srio/tag_rx_dec.v 
# -- Compiling module INI_DMA_RD
# -- Compiling module INI_DMA_WR
# -- Compiling module INI_REG_TX
# -- Compiling module INI_RX_DEC
# -- Compiling module SRIO_RX
# -- Compiling module SRIO_TOP
# -- Compiling module SRIO_TX
# -- Compiling module TAG_DMA_TX
# -- Compiling module TAG_REG_TX
# -- Compiling module TAG_RX_DEC
# 
# Top level modules:
# 	SRIO_TOP
# End time: 17:07:30 on Apr 22,2025, Elapsed time: 0:00:00
# Errors: 0, Warnings: 0
# Model Technology ModelSim SE-64 vlog 2020.4 Compiler 2020.10 Oct 13 2020
# Start time: 17:07:30 on Apr 22,2025
# vlog -reportprogress 300 -work work ../rtl/04_bist/bist_reg.v ../rtl/04_bist/ram_bist.v 
# -- Compiling module BIST_REG
# -- Compiling module RAM_BIST
# 
# Top level modules:
# 	BIST_REG
# 	RAM_BIST
# End time: 17:07:30 on Apr 22,2025, Elapsed time: 0:00:00
# Errors: 0, Warnings: 0
# ** Warning: (vlib-34) Library already exists at "work".
# Errors: 0, Warnings: 1
# Model Technology ModelSim SE-64 vmap 2020.4 Lib Mapping Utility 2020.10 Oct 13 2020
# vmap work 
# Reading C:/modeltech64_2020.4/win64/../modelsim.ini
# "work" maps to directory ./work. (Default mapping)
# Model Technology ModelSim SE-64 vlog 2020.4 Compiler 2020.10 Oct 13 2020
# Start time: 17:07:30 on Apr 22,2025
# vlog -reportprogress 300 -work work sim_model/define/define.v 
# End time: 17:07:31 on Apr 22,2025, Elapsed time: 0:00:01
# Errors: 0, Warnings: 0
# Model Technology ModelSim SE-64 vlog 2020.4 Compiler 2020.10 Oct 13 2020
# Start time: 17:07:31 on Apr 22,2025
# vlog -reportprogress 300 "+define+tb_00=1" -work work "+incdir+{sim_model/define}" sim_model/sim_model.v 
# -- Compiling module SIM_MODEL
# 
# Top level modules:
# 	SIM_MODEL
# End time: 17:07:31 on Apr 22,2025, Elapsed time: 0:00:00
# Errors: 0, Warnings: 0
# Model Technology ModelSim SE-64 vlog 2020.4 Compiler 2020.10 Oct 13 2020
# Start time: 17:07:31 on Apr 22,2025
# vlog -reportprogress 300 "+define+tb_00=1" -work work "+incdir+{sim_model/define}" sim_model/tb_top.v 
# -- Compiling module tb_top
# 
# Top level modules:
# 	tb_top
# End time: 17:07:31 on Apr 22,2025, Elapsed time: 0:00:00
# Errors: 0, Warnings: 0
do do/tb_00.do
# Model Technology ModelSim SE-64 vlog 2020.4 Compiler 2020.10 Oct 13 2020
# Start time: 17:07:33 on Apr 22,2025
# vlog -reportprogress 300 "+define+tb_00=1" -work work sim_model\define\define.v 
# End time: 17:07:33 on Apr 22,2025, Elapsed time: 0:00:00
# Errors: 0, Warnings: 0
# Model Technology ModelSim SE-64 vlog 2020.4 Compiler 2020.10 Oct 13 2020
# Start time: 17:07:33 on Apr 22,2025
# vlog -reportprogress 300 "+define+tb_00=1" -work work "+incdir+{sim_modeldefine}" sim_model\tb_top.v 
# -- Compiling module tb_top
# 
# Top level modules:
# 	tb_top
# End time: 17:07:33 on Apr 22,2025, Elapsed time: 0:00:00
# Errors: 0, Warnings: 0
# End time: 17:07:37 on Apr 22,2025, Elapsed time: 0:02:06
# Errors: 0, Warnings: 6
# vsim -t 1ps -c -l ./log/vsim_tb_00_report.log work.tb_top -L UNISIMS_VER -L SECUREIP -L SIMPRIMS_VER -L work -voptargs="+acc" work.glbl -wav ./wave/tb_00.wlf 
# Start time: 17:07:37 on Apr 22,2025
# ** Note: (vsim-3813) Design is being optimized due to module recompilation...
# Loading work.tb_top(fast)
# Loading work.SIM_MODEL(fast)
# Loading work.SRIO_TOP(fast)
# Loading work.INI_REG_TX(fast)
# Loading work.sfifo_i72o72_d512(fast)
# Loading UNISIMS_VER.GND(fast)
# Loading UNISIMS_VER.LUT1(fast)
# Loading UNISIMS_VER.LUT2(fast)
# Loading UNISIMS_VER.LUT3(fast)
# Loading UNISIMS_VER.FDRE(fast)
# Loading UNISIMS_VER.CARRY4(fast)
# Loading UNISIMS_VER.LUT5(fast)
# Loading UNISIMS_VER.LUT5(fast__1)
# Loading UNISIMS_VER.FDSE(fast)
# Loading UNISIMS_VER.LUT4(fast)
# Loading UNISIMS_VER.LUT4(fast__1)
# Loading UNISIMS_VER.LUT3(fast__1)
# Loading UNISIMS_VER.LUT3(fast__2)
# Loading UNISIMS_VER.LUT4(fast__2)
# Loading UNISIMS_VER.LUT6(fast)
# Loading UNISIMS_VER.LUT2(fast__1)
# Loading UNISIMS_VER.LUT3(fast__3)
# Loading UNISIMS_VER.LUT4(fast__3)
# Loading UNISIMS_VER.LUT5(fast__2)
# Loading UNISIMS_VER.LUT6(fast__1)
# Loading UNISIMS_VER.LUT6(fast__2)
# Loading UNISIMS_VER.LUT4(fast__4)
# Loading UNISIMS_VER.LUT2(fast__2)
# Loading UNISIMS_VER.LUT5(fast__3)
# Loading UNISIMS_VER.LUT4(fast__5)
# Loading UNISIMS_VER.LUT1(fast__1)
# Loading UNISIMS_VER.RAMB36E1(fast)
# Loading UNISIMS_VER.RB36_INTERNAL_VLOG(fast)
# Loading work.INI_DMA_WR(fast)
# Loading work.sfifo_i64o64_d512(fast)
# Loading work.INI_DMA_RD(fast)
# Loading work.ARBITA_CH6(fast)
# Loading work.SRIO_TX(fast)
# Loading work.afifo_i72o72_d2048(fast)
# Loading work.afifo_i72o72_d2048_xpm_cdc_gray(fast)
# Loading UNISIMS_VER.LUT6(fast__3)
# Loading UNISIMS_VER.LUT5(fast__4)
# Loading UNISIMS_VER.LUT4(fast__6)
# Loading UNISIMS_VER.LUT3(fast__4)
# Loading work.afifo_i72o72_d2048_xpm_cdc_gray__2(fast)
# Loading UNISIMS_VER.LUT6(fast__4)
# Loading UNISIMS_VER.LUT4(fast__7)
# Loading UNISIMS_VER.LUT6(fast__5)
# Loading UNISIMS_VER.LUT5(fast__5)
# Loading UNISIMS_VER.LUT6(fast__6)
# Loading UNISIMS_VER.FDSE(fast__1)
# Loading UNISIMS_VER.RAMB36E1(fast__1)
# Loading UNISIMS_VER.RB36_INTERNAL_VLOG(fast__1)
# Loading UNISIMS_VER.SRL16E(fast)
# Loading UNISIMS_VER.LUT2(fast__3)
# Loading UNISIMS_VER.FDRE(fast__1)
# Loading UNISIMS_VER.LUT3(fast__5)
# Loading UNISIMS_VER.LUT4(fast__8)
# Loading UNISIMS_VER.LUT6(fast__7)
# Loading work.afifo_i72o72_d2048_xpm_cdc_single(fast)
# Loading work.afifo_i72o72_d2048_xpm_cdc_single__2(fast)
# Loading work.afifo_i72o72_d2048_xpm_cdc_sync_rst(fast)
# Loading work.afifo_i72o72_d2048_xpm_cdc_sync_rst__2(fast)
# Loading work.SRIO_RX(fast)
# Loading work.INI_RX_DEC(fast)
# Loading work.TAG_RX_DEC(fast)
# Loading work.TAG_REG_TX(fast)
# Loading work.TAG_DMA_TX(fast)
# Loading work.BIST_REG(fast)
# Loading work.RAM_BIST(fast)
# Loading work.sram_i64o64_d256(fast)
# Loading UNISIMS_VER.RAMB36E1(fast__2)
# Loading UNISIMS_VER.RB36_INTERNAL_VLOG(fast__2)
# Loading work.glbl(fast)
# ** Warning: (vsim-3015) [PCDPC] - Port size (32) does not match connection size (16) for port 'TAG_WR_ADDR'. The port definition is at: ../rtl/03_srio/srio_top.v(81).
#    Time: 0 ps  Iteration: 0  Instance: /tb_top/U_SRIO_TOP File: sim_model/tb_top.v Line: 763
# ** Warning: (vsim-3015) [PCDPC] - Port size (9) does not match connection size (8) for port 'TAG_RD_SIZE'. The port definition is at: ../rtl/03_srio/srio_top.v(90).
#    Time: 0 ps  Iteration: 0  Instance: /tb_top/U_SRIO_TOP File: sim_model/tb_top.v Line: 763
# ** Warning: (vsim-3015) [PCDPC] - Port size (32) does not match connection size (16) for port 'TAG_RD_ADDR'. The port definition is at: ../rtl/03_srio/srio_top.v(91).
#    Time: 0 ps  Iteration: 0  Instance: /tb_top/U_SRIO_TOP File: sim_model/tb_top.v Line: 763
# ** Warning: (vsim-3015) [PCDPC] - Port size (9) does not match connection size (8) for port 'DMA_WR_SIZE'. The port definition is at: ../rtl/03_srio/tag_rx_dec.v(36).
#    Time: 0 ps  Iteration: 0  Instance: /tb_top/U_SRIO_TOP/U_TAG_RX_DEC File: ../rtl/03_srio/srio_top.v Line: 497
# ** Warning: (vsim-3015) [PCDPC] - Port size (6) does not match connection size (8) for port 'addra'. The port definition is at: ../rtl/00_xilinx_ip/03_ram/sram_i64o64_d256/sram_i64o64_d256_sim_netlist.V(20).
#    Time: 0 ps  Iteration: 0  Instance: /tb_top/U_RAM_BIST/U_BIST_BRAM File: ../rtl/04_bist/ram_bist.v Line: 113
# ** Warning: (vsim-3015) [PCDPC] - Port size (6) does not match connection size (8) for port 'addrb'. The port definition is at: ../rtl/00_xilinx_ip/03_ram/sram_i64o64_d256/sram_i64o64_d256_sim_netlist.V(23).
#    Time: 0 ps  Iteration: 0  Instance: /tb_top/U_RAM_BIST/U_BIST_BRAM File: ../rtl/04_bist/ram_bist.v Line: 113
#  
# ******<<<<<<<<<<<<<<<<<<<<<<Simulation tb_00 start>>>>>>>>>>>>>>>>>>>>>>> ******
#  
# ---- Initial simulation
# ---- clock ---- 1111 ---- enable
# ---- Wait for  64 cycles
# ---- Wait for  64 cycles end
# ---- Wait for  16 cycles
# ---- Wait for  16 cycles end
# ---- reseting by cycle
# ---- reset0   64 cycle end
# ---- Wait for  16 cycles
# ---- Wait for  16 cycles end
# ---- reseting by ns
# ---- reset1  255 ns end
# ---- Write register   PORT :0x0    ADD :0x200    DATA :0x89abcd0e
# ---- Wait for  16 cycles
# ---- Wait for  16 cycles end
# ---- [Success  ]Read register   PORT :0x0    ADD :0x200    EDAT :0x89abcd0e    RDAT :0x89abcd0e
# ---- Wait for  16 cycles
# ---- Wait for  16 cycles end
# ---- DRAM write PORT :0x01    ADD :0x0000001    SIZE :0x010
# ---- DRAM write end
# ---- Wait for  16 cycles
# ---- Wait for  16 cycles end
# ---- DRAM read PORT :0x01    ADD :0x0000001    SIZE :0x010
# ---- [Error      ]Read dram wait data timeout
# ---- [Error      ]DRAM  PORT :0x01    ADD :0x0000001    SIZE :0x010    faild read end
# ---- Wait for  16 cycles
# ---- Wait for  16 cycles end
# ---- Wait for 255 cycles
# ---- Wait for 255 cycles end
# ---- tb_00 test completed !
#  
# ******<<<<<<<<<<<<<<<<<<<<<<Simulation tb_00 Fail End>>>>>>>>>>>>>>>>>>>>>>> ******
#  
do do/compile_all.do
# ** Warning: (vlib-34) Library already exists at "work".
# Errors: 0, Warnings: 1
# Model Technology ModelSim SE-64 vmap 2020.4 Lib Mapping Utility 2020.10 Oct 13 2020
# vmap work 
# Reading C:/modeltech64_2020.4/win64/../modelsim.ini
# "work" maps to directory ./work. (Default mapping)
# Model Technology ModelSim SE-64 vlog 2020.4 Compiler 2020.10 Oct 13 2020
# Start time: 17:21:50 on Apr 22,2025
# vlog -reportprogress 300 -work work sim_model/lib/glbl.v 
# -- Compiling module glbl
# 
# Top level modules:
# 	glbl
# End time: 17:21:50 on Apr 22,2025, Elapsed time: 0:00:00
# Errors: 0, Warnings: 0
# ** Warning: (vlib-34) Library already exists at "work".
# Errors: 0, Warnings: 1
# Model Technology ModelSim SE-64 vmap 2020.4 Lib Mapping Utility 2020.10 Oct 13 2020
# vmap work 
# Reading C:/modeltech64_2020.4/win64/../modelsim.ini
# "work" maps to directory ./work. (Default mapping)
# Model Technology ModelSim SE-64 vlog 2020.4 Compiler 2020.10 Oct 13 2020
# Start time: 17:21:51 on Apr 22,2025
# vlog -reportprogress 300 -work work ../rtl/00_xilinx_ip/00_afifo/afifo_i72o72_d2048/afifo_i72o72_d2048_sim_netlist.V 
# -- Compiling module afifo_i72o72_d2048
# -- Compiling module afifo_i72o72_d2048_xpm_cdc_gray
# -- Compiling module afifo_i72o72_d2048_xpm_cdc_gray__2
# -- Compiling module afifo_i72o72_d2048_xpm_cdc_single
# -- Compiling module afifo_i72o72_d2048_xpm_cdc_single__2
# -- Compiling module afifo_i72o72_d2048_xpm_cdc_sync_rst
# -- Compiling module afifo_i72o72_d2048_xpm_cdc_sync_rst__2
# -- Compiling module glbl
# 
# Top level modules:
# 	afifo_i72o72_d2048
# 	glbl
# End time: 17:21:51 on Apr 22,2025, Elapsed time: 0:00:00
# Errors: 0, Warnings: 0
# Model Technology ModelSim SE-64 vlog 2020.4 Compiler 2020.10 Oct 13 2020
# Start time: 17:21:51 on Apr 22,2025
# vlog -reportprogress 300 -work work ../rtl/00_xilinx_ip/01_sfifo/sfifo_i32o32_d1024/sfifo_i32o32_d1024_sim_netlist.V 
# -- Compiling module sfifo_i32o32_d1024
# -- Compiling module glbl
# 
# Top level modules:
# 	sfifo_i32o32_d1024
# 	glbl
# End time: 17:21:51 on Apr 22,2025, Elapsed time: 0:00:00
# Errors: 0, Warnings: 0
# Model Technology ModelSim SE-64 vlog 2020.4 Compiler 2020.10 Oct 13 2020
# Start time: 17:21:52 on Apr 22,2025
# vlog -reportprogress 300 -work work ../rtl/00_xilinx_ip/01_sfifo/sfifo_i64o64_d512/sfifo_i64o64_d512_sim_netlist.V 
# -- Compiling module sfifo_i64o64_d512
# -- Compiling module glbl
# 
# Top level modules:
# 	sfifo_i64o64_d512
# 	glbl
# End time: 17:21:52 on Apr 22,2025, Elapsed time: 0:00:00
# Errors: 0, Warnings: 0
# Model Technology ModelSim SE-64 vlog 2020.4 Compiler 2020.10 Oct 13 2020
# Start time: 17:21:52 on Apr 22,2025
# vlog -reportprogress 300 -work work ../rtl/00_xilinx_ip/01_sfifo/sfifo_i72o72_d512/sfifo_i72o72_d512_sim_netlist.V 
# -- Compiling module sfifo_i72o72_d512
# -- Compiling module glbl
# 
# Top level modules:
# 	sfifo_i72o72_d512
# 	glbl
# End time: 17:21:52 on Apr 22,2025, Elapsed time: 0:00:00
# Errors: 0, Warnings: 0
# Model Technology ModelSim SE-64 vlog 2020.4 Compiler 2020.10 Oct 13 2020
# Start time: 17:21:52 on Apr 22,2025
# vlog -reportprogress 300 -work work ../rtl/00_xilinx_ip/03_ram/sram_i64o64_d256/sram_i64o64_d256_sim_netlist.V 
# -- Compiling module sram_i64o64_d256
# -- Compiling module glbl
# 
# Top level modules:
# 	sram_i64o64_d256
# 	glbl
# End time: 17:21:52 on Apr 22,2025, Elapsed time: 0:00:00
# Errors: 0, Warnings: 0
# Model Technology ModelSim SE-64 vlog 2020.4 Compiler 2020.10 Oct 13 2020
# Start time: 17:21:52 on Apr 22,2025
# vlog -reportprogress 300 -work work ../rtl/01_user_ip/arbita_ch6.v ../rtl/01_user_ip/pulse_gen.v 
# -- Compiling module ARBITA_CH6
# -- Compiling module PULSE_GEN
# 
# Top level modules:
# 	ARBITA_CH6
# 	PULSE_GEN
# End time: 17:21:52 on Apr 22,2025, Elapsed time: 0:00:00
# Errors: 0, Warnings: 0
# Model Technology ModelSim SE-64 vlog 2020.4 Compiler 2020.10 Oct 13 2020
# Start time: 17:21:53 on Apr 22,2025
# vlog -reportprogress 300 -work work ../rtl/03_srio/ini_dma_rd.v ../rtl/03_srio/ini_dma_wr.v ../rtl/03_srio/ini_reg_tx.v ../rtl/03_srio/ini_rx_dec.v ../rtl/03_srio/srio_rx.v ../rtl/03_srio/srio_top.v ../rtl/03_srio/srio_tx.v ../rtl/03_srio/tag_dma_tx.v ../rtl/03_srio/tag_reg_tx.v ../rtl/03_srio/tag_rx_dec.v 
# -- Compiling module INI_DMA_RD
# -- Compiling module INI_DMA_WR
# -- Compiling module INI_REG_TX
# -- Compiling module INI_RX_DEC
# -- Compiling module SRIO_RX
# -- Compiling module SRIO_TOP
# -- Compiling module SRIO_TX
# -- Compiling module TAG_DMA_TX
# -- Compiling module TAG_REG_TX
# -- Compiling module TAG_RX_DEC
# 
# Top level modules:
# 	SRIO_TOP
# End time: 17:21:53 on Apr 22,2025, Elapsed time: 0:00:00
# Errors: 0, Warnings: 0
# Model Technology ModelSim SE-64 vlog 2020.4 Compiler 2020.10 Oct 13 2020
# Start time: 17:21:53 on Apr 22,2025
# vlog -reportprogress 300 -work work ../rtl/04_bist/bist_reg.v ../rtl/04_bist/ram_bist.v 
# -- Compiling module BIST_REG
# -- Compiling module RAM_BIST
# 
# Top level modules:
# 	BIST_REG
# 	RAM_BIST
# End time: 17:21:53 on Apr 22,2025, Elapsed time: 0:00:00
# Errors: 0, Warnings: 0
# ** Warning: (vlib-34) Library already exists at "work".
# Errors: 0, Warnings: 1
# Model Technology ModelSim SE-64 vmap 2020.4 Lib Mapping Utility 2020.10 Oct 13 2020
# vmap work 
# Reading C:/modeltech64_2020.4/win64/../modelsim.ini
# "work" maps to directory ./work. (Default mapping)
# Model Technology ModelSim SE-64 vlog 2020.4 Compiler 2020.10 Oct 13 2020
# Start time: 17:21:53 on Apr 22,2025
# vlog -reportprogress 300 -work work sim_model/define/define.v 
# End time: 17:21:53 on Apr 22,2025, Elapsed time: 0:00:00
# Errors: 0, Warnings: 0
# Model Technology ModelSim SE-64 vlog 2020.4 Compiler 2020.10 Oct 13 2020
# Start time: 17:21:53 on Apr 22,2025
# vlog -reportprogress 300 "+define+tb_00=1" -work work "+incdir+{sim_model/define}" sim_model/sim_model.v 
# -- Compiling module SIM_MODEL
# 
# Top level modules:
# 	SIM_MODEL
# End time: 17:21:53 on Apr 22,2025, Elapsed time: 0:00:00
# Errors: 0, Warnings: 0
# Model Technology ModelSim SE-64 vlog 2020.4 Compiler 2020.10 Oct 13 2020
# Start time: 17:21:53 on Apr 22,2025
# vlog -reportprogress 300 "+define+tb_00=1" -work work "+incdir+{sim_model/define}" sim_model/tb_top.v 
# -- Compiling module tb_top
# 
# Top level modules:
# 	tb_top
# End time: 17:21:54 on Apr 22,2025, Elapsed time: 0:00:01
# Errors: 0, Warnings: 0
do do/tb_00.do
# Model Technology ModelSim SE-64 vlog 2020.4 Compiler 2020.10 Oct 13 2020
# Start time: 17:21:56 on Apr 22,2025
# vlog -reportprogress 300 "+define+tb_00=1" -work work sim_model\define\define.v 
# End time: 17:21:56 on Apr 22,2025, Elapsed time: 0:00:00
# Errors: 0, Warnings: 0
# Model Technology ModelSim SE-64 vlog 2020.4 Compiler 2020.10 Oct 13 2020
# Start time: 17:21:56 on Apr 22,2025
# vlog -reportprogress 300 "+define+tb_00=1" -work work "+incdir+{sim_modeldefine}" sim_model\tb_top.v 
# -- Compiling module tb_top
# 
# Top level modules:
# 	tb_top
# End time: 17:21:56 on Apr 22,2025, Elapsed time: 0:00:00
# Errors: 0, Warnings: 0
# End time: 17:21:59 on Apr 22,2025, Elapsed time: 0:14:22
# Errors: 0, Warnings: 6
# vsim -t 1ps -c -l ./log/vsim_tb_00_report.log work.tb_top -L UNISIMS_VER -L SECUREIP -L SIMPRIMS_VER -L work -voptargs="+acc" work.glbl -wav ./wave/tb_00.wlf 
# Start time: 17:22:00 on Apr 22,2025
# ** Note: (vsim-3813) Design is being optimized due to module recompilation...
# ** Note: (vopt-143) Recognized 1 FSM in module "TAG_DMA_TX(fast)".
# Loading work.tb_top(fast)
# Loading work.SIM_MODEL(fast)
# Loading work.SRIO_TOP(fast)
# Loading work.INI_REG_TX(fast)
# Loading work.sfifo_i72o72_d512(fast)
# Loading UNISIMS_VER.GND(fast)
# Loading UNISIMS_VER.LUT1(fast)
# Loading UNISIMS_VER.LUT2(fast)
# Loading UNISIMS_VER.LUT3(fast)
# Loading UNISIMS_VER.FDRE(fast)
# Loading UNISIMS_VER.CARRY4(fast)
# Loading UNISIMS_VER.LUT5(fast)
# Loading UNISIMS_VER.LUT5(fast__1)
# Loading UNISIMS_VER.FDSE(fast)
# Loading UNISIMS_VER.LUT4(fast)
# Loading UNISIMS_VER.LUT4(fast__1)
# Loading UNISIMS_VER.LUT3(fast__1)
# Loading UNISIMS_VER.LUT3(fast__2)
# Loading UNISIMS_VER.LUT4(fast__2)
# Loading UNISIMS_VER.LUT6(fast)
# Loading UNISIMS_VER.LUT2(fast__1)
# Loading UNISIMS_VER.LUT3(fast__3)
# Loading UNISIMS_VER.LUT4(fast__3)
# Loading UNISIMS_VER.LUT5(fast__2)
# Loading UNISIMS_VER.LUT6(fast__1)
# Loading UNISIMS_VER.LUT6(fast__2)
# Loading UNISIMS_VER.LUT4(fast__4)
# Loading UNISIMS_VER.LUT2(fast__2)
# Loading UNISIMS_VER.LUT5(fast__3)
# Loading UNISIMS_VER.LUT4(fast__5)
# Loading UNISIMS_VER.LUT1(fast__1)
# Loading UNISIMS_VER.RAMB36E1(fast)
# Loading UNISIMS_VER.RB36_INTERNAL_VLOG(fast)
# Loading work.INI_DMA_WR(fast)
# Loading work.sfifo_i64o64_d512(fast)
# Loading work.INI_DMA_RD(fast)
# Loading work.ARBITA_CH6(fast)
# Loading work.SRIO_TX(fast)
# Loading work.afifo_i72o72_d2048(fast)
# Loading work.afifo_i72o72_d2048_xpm_cdc_gray(fast)
# Loading UNISIMS_VER.LUT6(fast__3)
# Loading UNISIMS_VER.LUT5(fast__4)
# Loading UNISIMS_VER.LUT4(fast__6)
# Loading UNISIMS_VER.LUT3(fast__4)
# Loading work.afifo_i72o72_d2048_xpm_cdc_gray__2(fast)
# Loading UNISIMS_VER.LUT6(fast__4)
# Loading UNISIMS_VER.LUT4(fast__7)
# Loading UNISIMS_VER.LUT6(fast__5)
# Loading UNISIMS_VER.LUT5(fast__5)
# Loading UNISIMS_VER.LUT6(fast__6)
# Loading UNISIMS_VER.FDSE(fast__1)
# Loading UNISIMS_VER.RAMB36E1(fast__1)
# Loading UNISIMS_VER.RB36_INTERNAL_VLOG(fast__1)
# Loading UNISIMS_VER.SRL16E(fast)
# Loading UNISIMS_VER.LUT2(fast__3)
# Loading UNISIMS_VER.FDRE(fast__1)
# Loading UNISIMS_VER.LUT3(fast__5)
# Loading UNISIMS_VER.LUT4(fast__8)
# Loading UNISIMS_VER.LUT6(fast__7)
# Loading work.afifo_i72o72_d2048_xpm_cdc_single(fast)
# Loading work.afifo_i72o72_d2048_xpm_cdc_single__2(fast)
# Loading work.afifo_i72o72_d2048_xpm_cdc_sync_rst(fast)
# Loading work.afifo_i72o72_d2048_xpm_cdc_sync_rst__2(fast)
# Loading work.SRIO_RX(fast)
# Loading work.INI_RX_DEC(fast)
# Loading work.TAG_RX_DEC(fast)
# Loading work.TAG_REG_TX(fast)
# Loading work.TAG_DMA_TX(fast)
# Loading work.BIST_REG(fast)
# Loading work.RAM_BIST(fast)
# Loading work.sram_i64o64_d256(fast)
# Loading UNISIMS_VER.RAMB36E1(fast__2)
# Loading UNISIMS_VER.RB36_INTERNAL_VLOG(fast__2)
# Loading work.glbl(fast)
# ** Warning: (vsim-3015) [PCDPC] - Port size (32) does not match connection size (16) for port 'TAG_WR_ADDR'. The port definition is at: ../rtl/03_srio/srio_top.v(81).
#    Time: 0 ps  Iteration: 0  Instance: /tb_top/U_SRIO_TOP File: sim_model/tb_top.v Line: 763
# ** Warning: (vsim-3015) [PCDPC] - Port size (9) does not match connection size (8) for port 'TAG_RD_SIZE'. The port definition is at: ../rtl/03_srio/srio_top.v(90).
#    Time: 0 ps  Iteration: 0  Instance: /tb_top/U_SRIO_TOP File: sim_model/tb_top.v Line: 763
# ** Warning: (vsim-3015) [PCDPC] - Port size (32) does not match connection size (16) for port 'TAG_RD_ADDR'. The port definition is at: ../rtl/03_srio/srio_top.v(91).
#    Time: 0 ps  Iteration: 0  Instance: /tb_top/U_SRIO_TOP File: sim_model/tb_top.v Line: 763
# ** Warning: (vsim-3015) [PCDPC] - Port size (9) does not match connection size (8) for port 'DMA_WR_SIZE'. The port definition is at: ../rtl/03_srio/tag_rx_dec.v(36).
#    Time: 0 ps  Iteration: 0  Instance: /tb_top/U_SRIO_TOP/U_TAG_RX_DEC File: ../rtl/03_srio/srio_top.v Line: 497
# ** Warning: (vsim-3015) [PCDPC] - Port size (6) does not match connection size (8) for port 'addra'. The port definition is at: ../rtl/00_xilinx_ip/03_ram/sram_i64o64_d256/sram_i64o64_d256_sim_netlist.V(20).
#    Time: 0 ps  Iteration: 0  Instance: /tb_top/U_RAM_BIST/U_BIST_BRAM File: ../rtl/04_bist/ram_bist.v Line: 113
# ** Warning: (vsim-3015) [PCDPC] - Port size (6) does not match connection size (8) for port 'addrb'. The port definition is at: ../rtl/00_xilinx_ip/03_ram/sram_i64o64_d256/sram_i64o64_d256_sim_netlist.V(23).
#    Time: 0 ps  Iteration: 0  Instance: /tb_top/U_RAM_BIST/U_BIST_BRAM File: ../rtl/04_bist/ram_bist.v Line: 113
#  
# ******<<<<<<<<<<<<<<<<<<<<<<Simulation tb_00 start>>>>>>>>>>>>>>>>>>>>>>> ******
#  
# ---- Initial simulation
# ---- clock ---- 1111 ---- enable
# ---- Wait for  64 cycles
# ---- Wait for  64 cycles end
# ---- Wait for  16 cycles
# ---- Wait for  16 cycles end
# ---- reseting by cycle
# ---- reset0   64 cycle end
# ---- Wait for  16 cycles
# ---- Wait for  16 cycles end
# ---- reseting by ns
# ---- reset1  255 ns end
# ---- Write register   PORT :0x0    ADD :0x200    DATA :0x89abcd0e
# ---- Wait for  16 cycles
# ---- Wait for  16 cycles end
# ---- [Success  ]Read register   PORT :0x0    ADD :0x200    EDAT :0x89abcd0e    RDAT :0x89abcd0e
# ---- Wait for  16 cycles
# ---- Wait for  16 cycles end
# ---- DRAM write PORT :0x01    ADD :0x0000001    SIZE :0x010
# ---- DRAM write end
# ---- Wait for  16 cycles
# ---- Wait for  16 cycles end
# ---- DRAM read PORT :0x01    ADD :0x0000001    SIZE :0x010
# ---- [Error      ]Read dram wait data timeout
# ---- [Error      ]DRAM  PORT :0x01    ADD :0x0000001    SIZE :0x010    faild read end
# ---- Wait for  16 cycles
# ---- Wait for  16 cycles end
# ---- Wait for 255 cycles
# ---- Wait for 255 cycles end
# ---- tb_00 test completed !
#  
# ******<<<<<<<<<<<<<<<<<<<<<<Simulation tb_00 Fail End>>>>>>>>>>>>>>>>>>>>>>> ******
#  
do do/compile_all.do
# ** Warning: (vlib-34) Library already exists at "work".
# Errors: 0, Warnings: 1
# Model Technology ModelSim SE-64 vmap 2020.4 Lib Mapping Utility 2020.10 Oct 13 2020
# vmap work 
# Reading C:/modeltech64_2020.4/win64/../modelsim.ini
# "work" maps to directory ./work. (Default mapping)
# Model Technology ModelSim SE-64 vlog 2020.4 Compiler 2020.10 Oct 13 2020
# Start time: 17:23:08 on Apr 22,2025
# vlog -reportprogress 300 -work work sim_model/lib/glbl.v 
# -- Compiling module glbl
# 
# Top level modules:
# 	glbl
# End time: 17:23:09 on Apr 22,2025, Elapsed time: 0:00:01
# Errors: 0, Warnings: 0
# ** Warning: (vlib-34) Library already exists at "work".
# Errors: 0, Warnings: 1
# Model Technology ModelSim SE-64 vmap 2020.4 Lib Mapping Utility 2020.10 Oct 13 2020
# vmap work 
# Reading C:/modeltech64_2020.4/win64/../modelsim.ini
# "work" maps to directory ./work. (Default mapping)
# Model Technology ModelSim SE-64 vlog 2020.4 Compiler 2020.10 Oct 13 2020
# Start time: 17:23:09 on Apr 22,2025
# vlog -reportprogress 300 -work work ../rtl/00_xilinx_ip/00_afifo/afifo_i72o72_d2048/afifo_i72o72_d2048_sim_netlist.V 
# -- Compiling module afifo_i72o72_d2048
# -- Compiling module afifo_i72o72_d2048_xpm_cdc_gray
# -- Compiling module afifo_i72o72_d2048_xpm_cdc_gray__2
# -- Compiling module afifo_i72o72_d2048_xpm_cdc_single
# -- Compiling module afifo_i72o72_d2048_xpm_cdc_single__2
# -- Compiling module afifo_i72o72_d2048_xpm_cdc_sync_rst
# -- Compiling module afifo_i72o72_d2048_xpm_cdc_sync_rst__2
# -- Compiling module glbl
# 
# Top level modules:
# 	afifo_i72o72_d2048
# 	glbl
# End time: 17:23:09 on Apr 22,2025, Elapsed time: 0:00:00
# Errors: 0, Warnings: 0
# Model Technology ModelSim SE-64 vlog 2020.4 Compiler 2020.10 Oct 13 2020
# Start time: 17:23:09 on Apr 22,2025
# vlog -reportprogress 300 -work work ../rtl/00_xilinx_ip/01_sfifo/sfifo_i32o32_d1024/sfifo_i32o32_d1024_sim_netlist.V 
# -- Compiling module sfifo_i32o32_d1024
# -- Compiling module glbl
# 
# Top level modules:
# 	sfifo_i32o32_d1024
# 	glbl
# End time: 17:23:10 on Apr 22,2025, Elapsed time: 0:00:01
# Errors: 0, Warnings: 0
# Model Technology ModelSim SE-64 vlog 2020.4 Compiler 2020.10 Oct 13 2020
# Start time: 17:23:10 on Apr 22,2025
# vlog -reportprogress 300 -work work ../rtl/00_xilinx_ip/01_sfifo/sfifo_i64o64_d512/sfifo_i64o64_d512_sim_netlist.V 
# -- Compiling module sfifo_i64o64_d512
# -- Compiling module glbl
# 
# Top level modules:
# 	sfifo_i64o64_d512
# 	glbl
# End time: 17:23:10 on Apr 22,2025, Elapsed time: 0:00:00
# Errors: 0, Warnings: 0
# Model Technology ModelSim SE-64 vlog 2020.4 Compiler 2020.10 Oct 13 2020
# Start time: 17:23:10 on Apr 22,2025
# vlog -reportprogress 300 -work work ../rtl/00_xilinx_ip/01_sfifo/sfifo_i72o72_d512/sfifo_i72o72_d512_sim_netlist.V 
# -- Compiling module sfifo_i72o72_d512
# -- Compiling module glbl
# 
# Top level modules:
# 	sfifo_i72o72_d512
# 	glbl
# End time: 17:23:10 on Apr 22,2025, Elapsed time: 0:00:00
# Errors: 0, Warnings: 0
# Model Technology ModelSim SE-64 vlog 2020.4 Compiler 2020.10 Oct 13 2020
# Start time: 17:23:10 on Apr 22,2025
# vlog -reportprogress 300 -work work ../rtl/00_xilinx_ip/03_ram/sram_i64o64_d256/sram_i64o64_d256_sim_netlist.V 
# -- Compiling module sram_i64o64_d256
# -- Compiling module glbl
# 
# Top level modules:
# 	sram_i64o64_d256
# 	glbl
# End time: 17:23:11 on Apr 22,2025, Elapsed time: 0:00:01
# Errors: 0, Warnings: 0
# Model Technology ModelSim SE-64 vlog 2020.4 Compiler 2020.10 Oct 13 2020
# Start time: 17:23:11 on Apr 22,2025
# vlog -reportprogress 300 -work work ../rtl/01_user_ip/arbita_ch6.v ../rtl/01_user_ip/pulse_gen.v 
# -- Compiling module ARBITA_CH6
# -- Compiling module PULSE_GEN
# 
# Top level modules:
# 	ARBITA_CH6
# 	PULSE_GEN
# End time: 17:23:11 on Apr 22,2025, Elapsed time: 0:00:00
# Errors: 0, Warnings: 0
# Model Technology ModelSim SE-64 vlog 2020.4 Compiler 2020.10 Oct 13 2020
# Start time: 17:23:11 on Apr 22,2025
# vlog -reportprogress 300 -work work ../rtl/03_srio/ini_dma_rd.v ../rtl/03_srio/ini_dma_wr.v ../rtl/03_srio/ini_reg_tx.v ../rtl/03_srio/ini_rx_dec.v ../rtl/03_srio/srio_rx.v ../rtl/03_srio/srio_top.v ../rtl/03_srio/srio_tx.v ../rtl/03_srio/tag_dma_tx.v ../rtl/03_srio/tag_reg_tx.v ../rtl/03_srio/tag_rx_dec.v 
# -- Compiling module INI_DMA_RD
# -- Compiling module INI_DMA_WR
# -- Compiling module INI_REG_TX
# -- Compiling module INI_RX_DEC
# -- Compiling module SRIO_RX
# -- Compiling module SRIO_TOP
# -- Compiling module SRIO_TX
# -- Compiling module TAG_DMA_TX
# -- Compiling module TAG_REG_TX
# -- Compiling module TAG_RX_DEC
# 
# Top level modules:
# 	SRIO_TOP
# End time: 17:23:11 on Apr 22,2025, Elapsed time: 0:00:00
# Errors: 0, Warnings: 0
# Model Technology ModelSim SE-64 vlog 2020.4 Compiler 2020.10 Oct 13 2020
# Start time: 17:23:11 on Apr 22,2025
# vlog -reportprogress 300 -work work ../rtl/04_bist/bist_reg.v ../rtl/04_bist/ram_bist.v 
# -- Compiling module BIST_REG
# -- Compiling module RAM_BIST
# 
# Top level modules:
# 	BIST_REG
# 	RAM_BIST
# End time: 17:23:11 on Apr 22,2025, Elapsed time: 0:00:00
# Errors: 0, Warnings: 0
# ** Warning: (vlib-34) Library already exists at "work".
# Errors: 0, Warnings: 1
# Model Technology ModelSim SE-64 vmap 2020.4 Lib Mapping Utility 2020.10 Oct 13 2020
# vmap work 
# Reading C:/modeltech64_2020.4/win64/../modelsim.ini
# "work" maps to directory ./work. (Default mapping)
# Model Technology ModelSim SE-64 vlog 2020.4 Compiler 2020.10 Oct 13 2020
# Start time: 17:23:11 on Apr 22,2025
# vlog -reportprogress 300 -work work sim_model/define/define.v 
# End time: 17:23:11 on Apr 22,2025, Elapsed time: 0:00:00
# Errors: 0, Warnings: 0
# Model Technology ModelSim SE-64 vlog 2020.4 Compiler 2020.10 Oct 13 2020
# Start time: 17:23:12 on Apr 22,2025
# vlog -reportprogress 300 "+define+tb_00=1" -work work "+incdir+{sim_model/define}" sim_model/sim_model.v 
# -- Compiling module SIM_MODEL
# 
# Top level modules:
# 	SIM_MODEL
# End time: 17:23:12 on Apr 22,2025, Elapsed time: 0:00:00
# Errors: 0, Warnings: 0
# Model Technology ModelSim SE-64 vlog 2020.4 Compiler 2020.10 Oct 13 2020
# Start time: 17:23:12 on Apr 22,2025
# vlog -reportprogress 300 "+define+tb_00=1" -work work "+incdir+{sim_model/define}" sim_model/tb_top.v 
# -- Compiling module tb_top
# 
# Top level modules:
# 	tb_top
# End time: 17:23:12 on Apr 22,2025, Elapsed time: 0:00:00
# Errors: 0, Warnings: 0
do do/tb_00.do
# Model Technology ModelSim SE-64 vlog 2020.4 Compiler 2020.10 Oct 13 2020
# Start time: 17:23:14 on Apr 22,2025
# vlog -reportprogress 300 "+define+tb_00=1" -work work sim_model\define\define.v 
# End time: 17:23:14 on Apr 22,2025, Elapsed time: 0:00:00
# Errors: 0, Warnings: 0
# Model Technology ModelSim SE-64 vlog 2020.4 Compiler 2020.10 Oct 13 2020
# Start time: 17:23:14 on Apr 22,2025
# vlog -reportprogress 300 "+define+tb_00=1" -work work "+incdir+{sim_modeldefine}" sim_model\tb_top.v 
# -- Compiling module tb_top
# 
# Top level modules:
# 	tb_top
# End time: 17:23:14 on Apr 22,2025, Elapsed time: 0:00:00
# Errors: 0, Warnings: 0
# End time: 17:23:18 on Apr 22,2025, Elapsed time: 0:01:18
# Errors: 0, Warnings: 6
# vsim -t 1ps -c -l ./log/vsim_tb_00_report.log work.tb_top -L UNISIMS_VER -L SECUREIP -L SIMPRIMS_VER -L work -voptargs="+acc" work.glbl -wav ./wave/tb_00.wlf 
# Start time: 17:23:18 on Apr 22,2025
# ** Note: (vsim-3813) Design is being optimized due to module recompilation...
# ** Note: (vopt-143) Recognized 1 FSM in module "TAG_DMA_TX(fast)".
# Loading work.tb_top(fast)
# Loading work.SIM_MODEL(fast)
# Loading work.SRIO_TOP(fast)
# Loading work.INI_REG_TX(fast)
# Loading work.sfifo_i72o72_d512(fast)
# Loading UNISIMS_VER.GND(fast)
# Loading UNISIMS_VER.LUT1(fast)
# Loading UNISIMS_VER.LUT2(fast)
# Loading UNISIMS_VER.LUT3(fast)
# Loading UNISIMS_VER.FDRE(fast)
# Loading UNISIMS_VER.CARRY4(fast)
# Loading UNISIMS_VER.LUT5(fast)
# Loading UNISIMS_VER.LUT5(fast__1)
# Loading UNISIMS_VER.FDSE(fast)
# Loading UNISIMS_VER.LUT4(fast)
# Loading UNISIMS_VER.LUT4(fast__1)
# Loading UNISIMS_VER.LUT3(fast__1)
# Loading UNISIMS_VER.LUT3(fast__2)
# Loading UNISIMS_VER.LUT4(fast__2)
# Loading UNISIMS_VER.LUT6(fast)
# Loading UNISIMS_VER.LUT2(fast__1)
# Loading UNISIMS_VER.LUT3(fast__3)
# Loading UNISIMS_VER.LUT4(fast__3)
# Loading UNISIMS_VER.LUT5(fast__2)
# Loading UNISIMS_VER.LUT6(fast__1)
# Loading UNISIMS_VER.LUT6(fast__2)
# Loading UNISIMS_VER.LUT4(fast__4)
# Loading UNISIMS_VER.LUT2(fast__2)
# Loading UNISIMS_VER.LUT5(fast__3)
# Loading UNISIMS_VER.LUT4(fast__5)
# Loading UNISIMS_VER.LUT1(fast__1)
# Loading UNISIMS_VER.RAMB36E1(fast)
# Loading UNISIMS_VER.RB36_INTERNAL_VLOG(fast)
# Loading work.INI_DMA_WR(fast)
# Loading work.sfifo_i64o64_d512(fast)
# Loading work.INI_DMA_RD(fast)
# Loading work.ARBITA_CH6(fast)
# Loading work.SRIO_TX(fast)
# Loading work.afifo_i72o72_d2048(fast)
# Loading work.afifo_i72o72_d2048_xpm_cdc_gray(fast)
# Loading UNISIMS_VER.LUT6(fast__3)
# Loading UNISIMS_VER.LUT5(fast__4)
# Loading UNISIMS_VER.LUT4(fast__6)
# Loading UNISIMS_VER.LUT3(fast__4)
# Loading work.afifo_i72o72_d2048_xpm_cdc_gray__2(fast)
# Loading UNISIMS_VER.LUT6(fast__4)
# Loading UNISIMS_VER.LUT4(fast__7)
# Loading UNISIMS_VER.LUT6(fast__5)
# Loading UNISIMS_VER.LUT5(fast__5)
# Loading UNISIMS_VER.LUT6(fast__6)
# Loading UNISIMS_VER.FDSE(fast__1)
# Loading UNISIMS_VER.RAMB36E1(fast__1)
# Loading UNISIMS_VER.RB36_INTERNAL_VLOG(fast__1)
# Loading UNISIMS_VER.SRL16E(fast)
# Loading UNISIMS_VER.LUT2(fast__3)
# Loading UNISIMS_VER.FDRE(fast__1)
# Loading UNISIMS_VER.LUT3(fast__5)
# Loading UNISIMS_VER.LUT4(fast__8)
# Loading UNISIMS_VER.LUT6(fast__7)
# Loading work.afifo_i72o72_d2048_xpm_cdc_single(fast)
# Loading work.afifo_i72o72_d2048_xpm_cdc_single__2(fast)
# Loading work.afifo_i72o72_d2048_xpm_cdc_sync_rst(fast)
# Loading work.afifo_i72o72_d2048_xpm_cdc_sync_rst__2(fast)
# Loading work.SRIO_RX(fast)
# Loading work.INI_RX_DEC(fast)
# Loading work.TAG_RX_DEC(fast)
# Loading work.TAG_REG_TX(fast)
# Loading work.TAG_DMA_TX(fast)
# Loading work.BIST_REG(fast)
# Loading work.RAM_BIST(fast)
# Loading work.sram_i64o64_d256(fast)
# Loading UNISIMS_VER.RAMB36E1(fast__2)
# Loading UNISIMS_VER.RB36_INTERNAL_VLOG(fast__2)
# Loading work.glbl(fast)
# ** Warning: (vsim-3015) [PCDPC] - Port size (32) does not match connection size (16) for port 'TAG_WR_ADDR'. The port definition is at: ../rtl/03_srio/srio_top.v(81).
#    Time: 0 ps  Iteration: 0  Instance: /tb_top/U_SRIO_TOP File: sim_model/tb_top.v Line: 763
# ** Warning: (vsim-3015) [PCDPC] - Port size (9) does not match connection size (8) for port 'TAG_RD_SIZE'. The port definition is at: ../rtl/03_srio/srio_top.v(90).
#    Time: 0 ps  Iteration: 0  Instance: /tb_top/U_SRIO_TOP File: sim_model/tb_top.v Line: 763
# ** Warning: (vsim-3015) [PCDPC] - Port size (32) does not match connection size (16) for port 'TAG_RD_ADDR'. The port definition is at: ../rtl/03_srio/srio_top.v(91).
#    Time: 0 ps  Iteration: 0  Instance: /tb_top/U_SRIO_TOP File: sim_model/tb_top.v Line: 763
# ** Warning: (vsim-3015) [PCDPC] - Port size (9) does not match connection size (8) for port 'DMA_WR_SIZE'. The port definition is at: ../rtl/03_srio/tag_rx_dec.v(36).
#    Time: 0 ps  Iteration: 0  Instance: /tb_top/U_SRIO_TOP/U_TAG_RX_DEC File: ../rtl/03_srio/srio_top.v Line: 497
# ** Warning: (vsim-3015) [PCDPC] - Port size (6) does not match connection size (8) for port 'addra'. The port definition is at: ../rtl/00_xilinx_ip/03_ram/sram_i64o64_d256/sram_i64o64_d256_sim_netlist.V(20).
#    Time: 0 ps  Iteration: 0  Instance: /tb_top/U_RAM_BIST/U_BIST_BRAM File: ../rtl/04_bist/ram_bist.v Line: 113
# ** Warning: (vsim-3015) [PCDPC] - Port size (6) does not match connection size (8) for port 'addrb'. The port definition is at: ../rtl/00_xilinx_ip/03_ram/sram_i64o64_d256/sram_i64o64_d256_sim_netlist.V(23).
#    Time: 0 ps  Iteration: 0  Instance: /tb_top/U_RAM_BIST/U_BIST_BRAM File: ../rtl/04_bist/ram_bist.v Line: 113
#  
# ******<<<<<<<<<<<<<<<<<<<<<<Simulation tb_00 start>>>>>>>>>>>>>>>>>>>>>>> ******
#  
# ---- Initial simulation
# ---- clock ---- 1111 ---- enable
# ---- Wait for  64 cycles
# ---- Wait for  64 cycles end
# ---- Wait for  16 cycles
# ---- Wait for  16 cycles end
# ---- reseting by cycle
# ---- reset0   64 cycle end
# ---- Wait for  16 cycles
# ---- Wait for  16 cycles end
# ---- reseting by ns
# ---- reset1  255 ns end
# ---- Write register   PORT :0x0    ADD :0x200    DATA :0x89abcd0e
# ---- Wait for  16 cycles
# ---- Wait for  16 cycles end
# ---- [Success  ]Read register   PORT :0x0    ADD :0x200    EDAT :0x89abcd0e    RDAT :0x89abcd0e
# ---- Wait for  16 cycles
# ---- Wait for  16 cycles end
# ---- DRAM write PORT :0x01    ADD :0x0000001    SIZE :0x010
# ---- DRAM write end
# ---- Wait for  16 cycles
# ---- Wait for  16 cycles end
# ---- DRAM read PORT :0x01    ADD :0x0000001    SIZE :0x010
# ---- [Error      ]Read dram wait data timeout
# ---- [Error      ]DRAM  PORT :0x01    ADD :0x0000001    SIZE :0x010    faild read end
# ---- Wait for  16 cycles
# ---- Wait for  16 cycles end
# ---- Wait for 255 cycles
# ---- Wait for 255 cycles end
# ---- tb_00 test completed !
#  
# ******<<<<<<<<<<<<<<<<<<<<<<Simulation tb_00 Fail End>>>>>>>>>>>>>>>>>>>>>>> ******
#  
do do/compile_all.do
# ** Warning: (vlib-34) Library already exists at "work".
# Errors: 0, Warnings: 1
# Model Technology ModelSim SE-64 vmap 2020.4 Lib Mapping Utility 2020.10 Oct 13 2020
# vmap work 
# Reading C:/modeltech64_2020.4/win64/../modelsim.ini
# "work" maps to directory ./work. (Default mapping)
# Model Technology ModelSim SE-64 vlog 2020.4 Compiler 2020.10 Oct 13 2020
# Start time: 17:24:57 on Apr 22,2025
# vlog -reportprogress 300 -work work sim_model/lib/glbl.v 
# -- Compiling module glbl
# 
# Top level modules:
# 	glbl
# End time: 17:24:57 on Apr 22,2025, Elapsed time: 0:00:00
# Errors: 0, Warnings: 0
# ** Warning: (vlib-34) Library already exists at "work".
# Errors: 0, Warnings: 1
# Model Technology ModelSim SE-64 vmap 2020.4 Lib Mapping Utility 2020.10 Oct 13 2020
# vmap work 
# Reading C:/modeltech64_2020.4/win64/../modelsim.ini
# "work" maps to directory ./work. (Default mapping)
# Model Technology ModelSim SE-64 vlog 2020.4 Compiler 2020.10 Oct 13 2020
# Start time: 17:24:57 on Apr 22,2025
# vlog -reportprogress 300 -work work ../rtl/00_xilinx_ip/00_afifo/afifo_i72o72_d2048/afifo_i72o72_d2048_sim_netlist.V 
# -- Compiling module afifo_i72o72_d2048
# -- Compiling module afifo_i72o72_d2048_xpm_cdc_gray
# -- Compiling module afifo_i72o72_d2048_xpm_cdc_gray__2
# -- Compiling module afifo_i72o72_d2048_xpm_cdc_single
# -- Compiling module afifo_i72o72_d2048_xpm_cdc_single__2
# -- Compiling module afifo_i72o72_d2048_xpm_cdc_sync_rst
# -- Compiling module afifo_i72o72_d2048_xpm_cdc_sync_rst__2
# -- Compiling module glbl
# 
# Top level modules:
# 	afifo_i72o72_d2048
# 	glbl
# End time: 17:24:58 on Apr 22,2025, Elapsed time: 0:00:01
# Errors: 0, Warnings: 0
# Model Technology ModelSim SE-64 vlog 2020.4 Compiler 2020.10 Oct 13 2020
# Start time: 17:24:58 on Apr 22,2025
# vlog -reportprogress 300 -work work ../rtl/00_xilinx_ip/01_sfifo/sfifo_i32o32_d1024/sfifo_i32o32_d1024_sim_netlist.V 
# -- Compiling module sfifo_i32o32_d1024
# -- Compiling module glbl
# 
# Top level modules:
# 	sfifo_i32o32_d1024
# 	glbl
# End time: 17:24:58 on Apr 22,2025, Elapsed time: 0:00:00
# Errors: 0, Warnings: 0
# Model Technology ModelSim SE-64 vlog 2020.4 Compiler 2020.10 Oct 13 2020
# Start time: 17:24:58 on Apr 22,2025
# vlog -reportprogress 300 -work work ../rtl/00_xilinx_ip/01_sfifo/sfifo_i64o64_d512/sfifo_i64o64_d512_sim_netlist.V 
# -- Compiling module sfifo_i64o64_d512
# -- Compiling module glbl
# 
# Top level modules:
# 	sfifo_i64o64_d512
# 	glbl
# End time: 17:24:58 on Apr 22,2025, Elapsed time: 0:00:00
# Errors: 0, Warnings: 0
# Model Technology ModelSim SE-64 vlog 2020.4 Compiler 2020.10 Oct 13 2020
# Start time: 17:24:58 on Apr 22,2025
# vlog -reportprogress 300 -work work ../rtl/00_xilinx_ip/01_sfifo/sfifo_i72o72_d512/sfifo_i72o72_d512_sim_netlist.V 
# -- Compiling module sfifo_i72o72_d512
# -- Compiling module glbl
# 
# Top level modules:
# 	sfifo_i72o72_d512
# 	glbl
# End time: 17:24:59 on Apr 22,2025, Elapsed time: 0:00:01
# Errors: 0, Warnings: 0
# Model Technology ModelSim SE-64 vlog 2020.4 Compiler 2020.10 Oct 13 2020
# Start time: 17:24:59 on Apr 22,2025
# vlog -reportprogress 300 -work work ../rtl/00_xilinx_ip/03_ram/sram_i64o64_d256/sram_i64o64_d256_sim_netlist.V 
# -- Compiling module sram_i64o64_d256
# -- Compiling module glbl
# 
# Top level modules:
# 	sram_i64o64_d256
# 	glbl
# End time: 17:24:59 on Apr 22,2025, Elapsed time: 0:00:00
# Errors: 0, Warnings: 0
# Model Technology ModelSim SE-64 vlog 2020.4 Compiler 2020.10 Oct 13 2020
# Start time: 17:24:59 on Apr 22,2025
# vlog -reportprogress 300 -work work ../rtl/01_user_ip/arbita_ch6.v ../rtl/01_user_ip/pulse_gen.v 
# -- Compiling module ARBITA_CH6
# -- Compiling module PULSE_GEN
# 
# Top level modules:
# 	ARBITA_CH6
# 	PULSE_GEN
# End time: 17:24:59 on Apr 22,2025, Elapsed time: 0:00:00
# Errors: 0, Warnings: 0
# Model Technology ModelSim SE-64 vlog 2020.4 Compiler 2020.10 Oct 13 2020
# Start time: 17:24:59 on Apr 22,2025
# vlog -reportprogress 300 -work work ../rtl/03_srio/ini_dma_rd.v ../rtl/03_srio/ini_dma_wr.v ../rtl/03_srio/ini_reg_tx.v ../rtl/03_srio/ini_rx_dec.v ../rtl/03_srio/srio_rx.v ../rtl/03_srio/srio_top.v ../rtl/03_srio/srio_tx.v ../rtl/03_srio/tag_dma_tx.v ../rtl/03_srio/tag_reg_tx.v ../rtl/03_srio/tag_rx_dec.v 
# -- Compiling module INI_DMA_RD
# -- Compiling module INI_DMA_WR
# -- Compiling module INI_REG_TX
# -- Compiling module INI_RX_DEC
# -- Compiling module SRIO_RX
# -- Compiling module SRIO_TOP
# -- Compiling module SRIO_TX
# -- Compiling module TAG_DMA_TX
# -- Compiling module TAG_REG_TX
# -- Compiling module TAG_RX_DEC
# 
# Top level modules:
# 	SRIO_TOP
# End time: 17:24:59 on Apr 22,2025, Elapsed time: 0:00:00
# Errors: 0, Warnings: 0
# Model Technology ModelSim SE-64 vlog 2020.4 Compiler 2020.10 Oct 13 2020
# Start time: 17:24:59 on Apr 22,2025
# vlog -reportprogress 300 -work work ../rtl/04_bist/bist_reg.v ../rtl/04_bist/ram_bist.v 
# -- Compiling module BIST_REG
# -- Compiling module RAM_BIST
# 
# Top level modules:
# 	BIST_REG
# 	RAM_BIST
# End time: 17:24:59 on Apr 22,2025, Elapsed time: 0:00:00
# Errors: 0, Warnings: 0
# ** Warning: (vlib-34) Library already exists at "work".
# Errors: 0, Warnings: 1
# Model Technology ModelSim SE-64 vmap 2020.4 Lib Mapping Utility 2020.10 Oct 13 2020
# vmap work 
# Reading C:/modeltech64_2020.4/win64/../modelsim.ini
# "work" maps to directory ./work. (Default mapping)
# Model Technology ModelSim SE-64 vlog 2020.4 Compiler 2020.10 Oct 13 2020
# Start time: 17:25:00 on Apr 22,2025
# vlog -reportprogress 300 -work work sim_model/define/define.v 
# End time: 17:25:00 on Apr 22,2025, Elapsed time: 0:00:00
# Errors: 0, Warnings: 0
# Model Technology ModelSim SE-64 vlog 2020.4 Compiler 2020.10 Oct 13 2020
# Start time: 17:25:00 on Apr 22,2025
# vlog -reportprogress 300 "+define+tb_00=1" -work work "+incdir+{sim_model/define}" sim_model/sim_model.v 
# -- Compiling module SIM_MODEL
# 
# Top level modules:
# 	SIM_MODEL
# End time: 17:25:00 on Apr 22,2025, Elapsed time: 0:00:00
# Errors: 0, Warnings: 0
# Model Technology ModelSim SE-64 vlog 2020.4 Compiler 2020.10 Oct 13 2020
# Start time: 17:25:00 on Apr 22,2025
# vlog -reportprogress 300 "+define+tb_00=1" -work work "+incdir+{sim_model/define}" sim_model/tb_top.v 
# -- Compiling module tb_top
# 
# Top level modules:
# 	tb_top
# End time: 17:25:00 on Apr 22,2025, Elapsed time: 0:00:00
# Errors: 0, Warnings: 0
do do/tb_00.do
# Model Technology ModelSim SE-64 vlog 2020.4 Compiler 2020.10 Oct 13 2020
# Start time: 17:25:02 on Apr 22,2025
# vlog -reportprogress 300 "+define+tb_00=1" -work work sim_model\define\define.v 
# End time: 17:25:02 on Apr 22,2025, Elapsed time: 0:00:00
# Errors: 0, Warnings: 0
# Model Technology ModelSim SE-64 vlog 2020.4 Compiler 2020.10 Oct 13 2020
# Start time: 17:25:02 on Apr 22,2025
# vlog -reportprogress 300 "+define+tb_00=1" -work work "+incdir+{sim_modeldefine}" sim_model\tb_top.v 
# -- Compiling module tb_top
# 
# Top level modules:
# 	tb_top
# End time: 17:25:02 on Apr 22,2025, Elapsed time: 0:00:00
# Errors: 0, Warnings: 0
# End time: 17:25:06 on Apr 22,2025, Elapsed time: 0:01:48
# Errors: 0, Warnings: 6
# vsim -t 1ps -c -l ./log/vsim_tb_00_report.log work.tb_top -L UNISIMS_VER -L SECUREIP -L SIMPRIMS_VER -L work -voptargs="+acc" work.glbl -wav ./wave/tb_00.wlf 
# Start time: 17:25:06 on Apr 22,2025
# ** Note: (vsim-3813) Design is being optimized due to module recompilation...
# ** Note: (vopt-143) Recognized 1 FSM in module "TAG_DMA_TX(fast)".
# Loading work.tb_top(fast)
# Loading work.SIM_MODEL(fast)
# Loading work.SRIO_TOP(fast)
# Loading work.INI_REG_TX(fast)
# Loading work.sfifo_i72o72_d512(fast)
# Loading UNISIMS_VER.GND(fast)
# Loading UNISIMS_VER.LUT1(fast)
# Loading UNISIMS_VER.LUT2(fast)
# Loading UNISIMS_VER.LUT3(fast)
# Loading UNISIMS_VER.FDRE(fast)
# Loading UNISIMS_VER.CARRY4(fast)
# Loading UNISIMS_VER.LUT5(fast)
# Loading UNISIMS_VER.LUT5(fast__1)
# Loading UNISIMS_VER.FDSE(fast)
# Loading UNISIMS_VER.LUT4(fast)
# Loading UNISIMS_VER.LUT4(fast__1)
# Loading UNISIMS_VER.LUT3(fast__1)
# Loading UNISIMS_VER.LUT3(fast__2)
# Loading UNISIMS_VER.LUT4(fast__2)
# Loading UNISIMS_VER.LUT6(fast)
# Loading UNISIMS_VER.LUT2(fast__1)
# Loading UNISIMS_VER.LUT3(fast__3)
# Loading UNISIMS_VER.LUT4(fast__3)
# Loading UNISIMS_VER.LUT5(fast__2)
# Loading UNISIMS_VER.LUT6(fast__1)
# Loading UNISIMS_VER.LUT6(fast__2)
# Loading UNISIMS_VER.LUT4(fast__4)
# Loading UNISIMS_VER.LUT2(fast__2)
# Loading UNISIMS_VER.LUT5(fast__3)
# Loading UNISIMS_VER.LUT4(fast__5)
# Loading UNISIMS_VER.LUT1(fast__1)
# Loading UNISIMS_VER.RAMB36E1(fast)
# Loading UNISIMS_VER.RB36_INTERNAL_VLOG(fast)
# Loading work.INI_DMA_WR(fast)
# Loading work.sfifo_i64o64_d512(fast)
# Loading work.INI_DMA_RD(fast)
# Loading work.ARBITA_CH6(fast)
# Loading work.SRIO_TX(fast)
# Loading work.afifo_i72o72_d2048(fast)
# Loading work.afifo_i72o72_d2048_xpm_cdc_gray(fast)
# Loading UNISIMS_VER.LUT6(fast__3)
# Loading UNISIMS_VER.LUT5(fast__4)
# Loading UNISIMS_VER.LUT4(fast__6)
# Loading UNISIMS_VER.LUT3(fast__4)
# Loading work.afifo_i72o72_d2048_xpm_cdc_gray__2(fast)
# Loading UNISIMS_VER.LUT6(fast__4)
# Loading UNISIMS_VER.LUT4(fast__7)
# Loading UNISIMS_VER.LUT6(fast__5)
# Loading UNISIMS_VER.LUT5(fast__5)
# Loading UNISIMS_VER.LUT6(fast__6)
# Loading UNISIMS_VER.FDSE(fast__1)
# Loading UNISIMS_VER.RAMB36E1(fast__1)
# Loading UNISIMS_VER.RB36_INTERNAL_VLOG(fast__1)
# Loading UNISIMS_VER.SRL16E(fast)
# Loading UNISIMS_VER.LUT2(fast__3)
# Loading UNISIMS_VER.FDRE(fast__1)
# Loading UNISIMS_VER.LUT3(fast__5)
# Loading UNISIMS_VER.LUT4(fast__8)
# Loading UNISIMS_VER.LUT6(fast__7)
# Loading work.afifo_i72o72_d2048_xpm_cdc_single(fast)
# Loading work.afifo_i72o72_d2048_xpm_cdc_single__2(fast)
# Loading work.afifo_i72o72_d2048_xpm_cdc_sync_rst(fast)
# Loading work.afifo_i72o72_d2048_xpm_cdc_sync_rst__2(fast)
# Loading work.SRIO_RX(fast)
# Loading work.INI_RX_DEC(fast)
# Loading work.TAG_RX_DEC(fast)
# Loading work.TAG_REG_TX(fast)
# Loading work.TAG_DMA_TX(fast)
# Loading work.BIST_REG(fast)
# Loading work.RAM_BIST(fast)
# Loading work.sram_i64o64_d256(fast)
# Loading UNISIMS_VER.RAMB36E1(fast__2)
# Loading UNISIMS_VER.RB36_INTERNAL_VLOG(fast__2)
# Loading work.glbl(fast)
# ** Warning: (vsim-3015) [PCDPC] - Port size (32) does not match connection size (16) for port 'TAG_WR_ADDR'. The port definition is at: ../rtl/03_srio/srio_top.v(81).
#    Time: 0 ps  Iteration: 0  Instance: /tb_top/U_SRIO_TOP File: sim_model/tb_top.v Line: 763
# ** Warning: (vsim-3015) [PCDPC] - Port size (9) does not match connection size (8) for port 'TAG_RD_SIZE'. The port definition is at: ../rtl/03_srio/srio_top.v(90).
#    Time: 0 ps  Iteration: 0  Instance: /tb_top/U_SRIO_TOP File: sim_model/tb_top.v Line: 763
# ** Warning: (vsim-3015) [PCDPC] - Port size (32) does not match connection size (16) for port 'TAG_RD_ADDR'. The port definition is at: ../rtl/03_srio/srio_top.v(91).
#    Time: 0 ps  Iteration: 0  Instance: /tb_top/U_SRIO_TOP File: sim_model/tb_top.v Line: 763
# ** Warning: (vsim-3015) [PCDPC] - Port size (9) does not match connection size (8) for port 'DMA_WR_SIZE'. The port definition is at: ../rtl/03_srio/tag_rx_dec.v(36).
#    Time: 0 ps  Iteration: 0  Instance: /tb_top/U_SRIO_TOP/U_TAG_RX_DEC File: ../rtl/03_srio/srio_top.v Line: 497
# ** Warning: (vsim-3015) [PCDPC] - Port size (6) does not match connection size (8) for port 'addra'. The port definition is at: ../rtl/00_xilinx_ip/03_ram/sram_i64o64_d256/sram_i64o64_d256_sim_netlist.V(20).
#    Time: 0 ps  Iteration: 0  Instance: /tb_top/U_RAM_BIST/U_BIST_BRAM File: ../rtl/04_bist/ram_bist.v Line: 113
# ** Warning: (vsim-3015) [PCDPC] - Port size (6) does not match connection size (8) for port 'addrb'. The port definition is at: ../rtl/00_xilinx_ip/03_ram/sram_i64o64_d256/sram_i64o64_d256_sim_netlist.V(23).
#    Time: 0 ps  Iteration: 0  Instance: /tb_top/U_RAM_BIST/U_BIST_BRAM File: ../rtl/04_bist/ram_bist.v Line: 113
#  
# ******<<<<<<<<<<<<<<<<<<<<<<Simulation tb_00 start>>>>>>>>>>>>>>>>>>>>>>> ******
#  
# ---- Initial simulation
# ---- clock ---- 1111 ---- enable
# ---- Wait for  64 cycles
# ---- Wait for  64 cycles end
# ---- Wait for  16 cycles
# ---- Wait for  16 cycles end
# ---- reseting by cycle
# ---- reset0   64 cycle end
# ---- Wait for  16 cycles
# ---- Wait for  16 cycles end
# ---- reseting by ns
# ---- reset1  255 ns end
# ---- Write register   PORT :0x0    ADD :0x200    DATA :0x89abcd0e
# ---- Wait for  16 cycles
# ---- Wait for  16 cycles end
# ---- [Success  ]Read register   PORT :0x0    ADD :0x200    EDAT :0x89abcd0e    RDAT :0x89abcd0e
# ---- Wait for  16 cycles
# ---- Wait for  16 cycles end
# ---- DRAM write PORT :0x01    ADD :0x0000001    SIZE :0x010
# ---- DRAM write end
# ---- Wait for  16 cycles
# ---- Wait for  16 cycles end
# ---- DRAM read PORT :0x01    ADD :0x0000001    SIZE :0x010
# ---- [Error      ]Read dram wait data timeout
# ---- [Error      ]DRAM  PORT :0x01    ADD :0x0000001    SIZE :0x010    faild read end
# ---- Wait for  16 cycles
# ---- Wait for  16 cycles end
# ---- Wait for 255 cycles
# ---- Wait for 255 cycles end
# ---- tb_00 test completed !
#  
# ******<<<<<<<<<<<<<<<<<<<<<<Simulation tb_00 Fail End>>>>>>>>>>>>>>>>>>>>>>> ******
#  
do do/compile_all.do
# ** Warning: (vlib-34) Library already exists at "work".
# Errors: 0, Warnings: 1
# Model Technology ModelSim SE-64 vmap 2020.4 Lib Mapping Utility 2020.10 Oct 13 2020
# vmap work 
# Reading C:/modeltech64_2020.4/win64/../modelsim.ini
# "work" maps to directory ./work. (Default mapping)
# Model Technology ModelSim SE-64 vlog 2020.4 Compiler 2020.10 Oct 13 2020
# Start time: 17:26:10 on Apr 22,2025
# vlog -reportprogress 300 -work work sim_model/lib/glbl.v 
# -- Compiling module glbl
# 
# Top level modules:
# 	glbl
# End time: 17:26:11 on Apr 22,2025, Elapsed time: 0:00:01
# Errors: 0, Warnings: 0
# ** Warning: (vlib-34) Library already exists at "work".
# Errors: 0, Warnings: 1
# Model Technology ModelSim SE-64 vmap 2020.4 Lib Mapping Utility 2020.10 Oct 13 2020
# vmap work 
# Reading C:/modeltech64_2020.4/win64/../modelsim.ini
# "work" maps to directory ./work. (Default mapping)
# Model Technology ModelSim SE-64 vlog 2020.4 Compiler 2020.10 Oct 13 2020
# Start time: 17:26:11 on Apr 22,2025
# vlog -reportprogress 300 -work work ../rtl/00_xilinx_ip/00_afifo/afifo_i72o72_d2048/afifo_i72o72_d2048_sim_netlist.V 
# -- Compiling module afifo_i72o72_d2048
# -- Compiling module afifo_i72o72_d2048_xpm_cdc_gray
# -- Compiling module afifo_i72o72_d2048_xpm_cdc_gray__2
# -- Compiling module afifo_i72o72_d2048_xpm_cdc_single
# -- Compiling module afifo_i72o72_d2048_xpm_cdc_single__2
# -- Compiling module afifo_i72o72_d2048_xpm_cdc_sync_rst
# -- Compiling module afifo_i72o72_d2048_xpm_cdc_sync_rst__2
# -- Compiling module glbl
# 
# Top level modules:
# 	afifo_i72o72_d2048
# 	glbl
# End time: 17:26:12 on Apr 22,2025, Elapsed time: 0:00:01
# Errors: 0, Warnings: 0
# Model Technology ModelSim SE-64 vlog 2020.4 Compiler 2020.10 Oct 13 2020
# Start time: 17:26:12 on Apr 22,2025
# vlog -reportprogress 300 -work work ../rtl/00_xilinx_ip/01_sfifo/sfifo_i32o32_d1024/sfifo_i32o32_d1024_sim_netlist.V 
# -- Compiling module sfifo_i32o32_d1024
# -- Compiling module glbl
# 
# Top level modules:
# 	sfifo_i32o32_d1024
# 	glbl
# End time: 17:26:12 on Apr 22,2025, Elapsed time: 0:00:00
# Errors: 0, Warnings: 0
# Model Technology ModelSim SE-64 vlog 2020.4 Compiler 2020.10 Oct 13 2020
# Start time: 17:26:12 on Apr 22,2025
# vlog -reportprogress 300 -work work ../rtl/00_xilinx_ip/01_sfifo/sfifo_i64o64_d512/sfifo_i64o64_d512_sim_netlist.V 
# -- Compiling module sfifo_i64o64_d512
# -- Compiling module glbl
# 
# Top level modules:
# 	sfifo_i64o64_d512
# 	glbl
# End time: 17:26:12 on Apr 22,2025, Elapsed time: 0:00:00
# Errors: 0, Warnings: 0
# Model Technology ModelSim SE-64 vlog 2020.4 Compiler 2020.10 Oct 13 2020
# Start time: 17:26:13 on Apr 22,2025
# vlog -reportprogress 300 -work work ../rtl/00_xilinx_ip/01_sfifo/sfifo_i72o72_d512/sfifo_i72o72_d512_sim_netlist.V 
# -- Compiling module sfifo_i72o72_d512
# -- Compiling module glbl
# 
# Top level modules:
# 	sfifo_i72o72_d512
# 	glbl
# End time: 17:26:13 on Apr 22,2025, Elapsed time: 0:00:00
# Errors: 0, Warnings: 0
# Model Technology ModelSim SE-64 vlog 2020.4 Compiler 2020.10 Oct 13 2020
# Start time: 17:26:13 on Apr 22,2025
# vlog -reportprogress 300 -work work ../rtl/00_xilinx_ip/03_ram/sram_i64o64_d256/sram_i64o64_d256_sim_netlist.V 
# -- Compiling module sram_i64o64_d256
# -- Compiling module glbl
# 
# Top level modules:
# 	sram_i64o64_d256
# 	glbl
# End time: 17:26:13 on Apr 22,2025, Elapsed time: 0:00:00
# Errors: 0, Warnings: 0
# Model Technology ModelSim SE-64 vlog 2020.4 Compiler 2020.10 Oct 13 2020
# Start time: 17:26:13 on Apr 22,2025
# vlog -reportprogress 300 -work work ../rtl/01_user_ip/arbita_ch6.v ../rtl/01_user_ip/pulse_gen.v 
# -- Compiling module ARBITA_CH6
# -- Compiling module PULSE_GEN
# 
# Top level modules:
# 	ARBITA_CH6
# 	PULSE_GEN
# End time: 17:26:13 on Apr 22,2025, Elapsed time: 0:00:00
# Errors: 0, Warnings: 0
# Model Technology ModelSim SE-64 vlog 2020.4 Compiler 2020.10 Oct 13 2020
# Start time: 17:26:13 on Apr 22,2025
# vlog -reportprogress 300 -work work ../rtl/03_srio/ini_dma_rd.v ../rtl/03_srio/ini_dma_wr.v ../rtl/03_srio/ini_reg_tx.v ../rtl/03_srio/ini_rx_dec.v ../rtl/03_srio/srio_rx.v ../rtl/03_srio/srio_top.v ../rtl/03_srio/srio_tx.v ../rtl/03_srio/tag_dma_tx.v ../rtl/03_srio/tag_reg_tx.v ../rtl/03_srio/tag_rx_dec.v 
# -- Compiling module INI_DMA_RD
# -- Compiling module INI_DMA_WR
# -- Compiling module INI_REG_TX
# -- Compiling module INI_RX_DEC
# -- Compiling module SRIO_RX
# -- Compiling module SRIO_TOP
# -- Compiling module SRIO_TX
# -- Compiling module TAG_DMA_TX
# -- Compiling module TAG_REG_TX
# -- Compiling module TAG_RX_DEC
# 
# Top level modules:
# 	SRIO_TOP
# End time: 17:26:13 on Apr 22,2025, Elapsed time: 0:00:00
# Errors: 0, Warnings: 0
# Model Technology ModelSim SE-64 vlog 2020.4 Compiler 2020.10 Oct 13 2020
# Start time: 17:26:13 on Apr 22,2025
# vlog -reportprogress 300 -work work ../rtl/04_bist/bist_reg.v ../rtl/04_bist/ram_bist.v 
# -- Compiling module BIST_REG
# -- Compiling module RAM_BIST
# 
# Top level modules:
# 	BIST_REG
# 	RAM_BIST
# End time: 17:26:13 on Apr 22,2025, Elapsed time: 0:00:00
# Errors: 0, Warnings: 0
# ** Warning: (vlib-34) Library already exists at "work".
# Errors: 0, Warnings: 1
# Model Technology ModelSim SE-64 vmap 2020.4 Lib Mapping Utility 2020.10 Oct 13 2020
# vmap work 
# Reading C:/modeltech64_2020.4/win64/../modelsim.ini
# "work" maps to directory ./work. (Default mapping)
# Model Technology ModelSim SE-64 vlog 2020.4 Compiler 2020.10 Oct 13 2020
# Start time: 17:26:14 on Apr 22,2025
# vlog -reportprogress 300 -work work sim_model/define/define.v 
# End time: 17:26:14 on Apr 22,2025, Elapsed time: 0:00:00
# Errors: 0, Warnings: 0
# Model Technology ModelSim SE-64 vlog 2020.4 Compiler 2020.10 Oct 13 2020
# Start time: 17:26:14 on Apr 22,2025
# vlog -reportprogress 300 "+define+tb_00=1" -work work "+incdir+{sim_model/define}" sim_model/sim_model.v 
# -- Compiling module SIM_MODEL
# 
# Top level modules:
# 	SIM_MODEL
# End time: 17:26:14 on Apr 22,2025, Elapsed time: 0:00:00
# Errors: 0, Warnings: 0
# Model Technology ModelSim SE-64 vlog 2020.4 Compiler 2020.10 Oct 13 2020
# Start time: 17:26:14 on Apr 22,2025
# vlog -reportprogress 300 "+define+tb_00=1" -work work "+incdir+{sim_model/define}" sim_model/tb_top.v 
# -- Compiling module tb_top
# 
# Top level modules:
# 	tb_top
# End time: 17:26:14 on Apr 22,2025, Elapsed time: 0:00:00
# Errors: 0, Warnings: 0
do do/tb_00.do
# Model Technology ModelSim SE-64 vlog 2020.4 Compiler 2020.10 Oct 13 2020
# Start time: 17:26:16 on Apr 22,2025
# vlog -reportprogress 300 "+define+tb_00=1" -work work sim_model\define\define.v 
# End time: 17:26:16 on Apr 22,2025, Elapsed time: 0:00:00
# Errors: 0, Warnings: 0
# Model Technology ModelSim SE-64 vlog 2020.4 Compiler 2020.10 Oct 13 2020
# Start time: 17:26:16 on Apr 22,2025
# vlog -reportprogress 300 "+define+tb_00=1" -work work "+incdir+{sim_modeldefine}" sim_model\tb_top.v 
# -- Compiling module tb_top
# 
# Top level modules:
# 	tb_top
# End time: 17:26:16 on Apr 22,2025, Elapsed time: 0:00:00
# Errors: 0, Warnings: 0
# End time: 17:26:20 on Apr 22,2025, Elapsed time: 0:01:14
# Errors: 0, Warnings: 6
# vsim -t 1ps -c -l ./log/vsim_tb_00_report.log work.tb_top -L UNISIMS_VER -L SECUREIP -L SIMPRIMS_VER -L work -voptargs="+acc" work.glbl -wav ./wave/tb_00.wlf 
# Start time: 17:26:20 on Apr 22,2025
# ** Note: (vsim-3813) Design is being optimized due to module recompilation...
# Loading work.tb_top(fast)
# Loading work.SIM_MODEL(fast)
# Loading work.SRIO_TOP(fast)
# Loading work.INI_REG_TX(fast)
# Loading work.sfifo_i72o72_d512(fast)
# Loading UNISIMS_VER.GND(fast)
# Loading UNISIMS_VER.LUT1(fast)
# Loading UNISIMS_VER.LUT2(fast)
# Loading UNISIMS_VER.LUT3(fast)
# Loading UNISIMS_VER.FDRE(fast)
# Loading UNISIMS_VER.CARRY4(fast)
# Loading UNISIMS_VER.LUT5(fast)
# Loading UNISIMS_VER.LUT5(fast__1)
# Loading UNISIMS_VER.FDSE(fast)
# Loading UNISIMS_VER.LUT4(fast)
# Loading UNISIMS_VER.LUT4(fast__1)
# Loading UNISIMS_VER.LUT3(fast__1)
# Loading UNISIMS_VER.LUT3(fast__2)
# Loading UNISIMS_VER.LUT4(fast__2)
# Loading UNISIMS_VER.LUT6(fast)
# Loading UNISIMS_VER.LUT2(fast__1)
# Loading UNISIMS_VER.LUT3(fast__3)
# Loading UNISIMS_VER.LUT4(fast__3)
# Loading UNISIMS_VER.LUT5(fast__2)
# Loading UNISIMS_VER.LUT6(fast__1)
# Loading UNISIMS_VER.LUT6(fast__2)
# Loading UNISIMS_VER.LUT4(fast__4)
# Loading UNISIMS_VER.LUT2(fast__2)
# Loading UNISIMS_VER.LUT5(fast__3)
# Loading UNISIMS_VER.LUT4(fast__5)
# Loading UNISIMS_VER.LUT1(fast__1)
# Loading UNISIMS_VER.RAMB36E1(fast)
# Loading UNISIMS_VER.RB36_INTERNAL_VLOG(fast)
# Loading work.INI_DMA_WR(fast)
# Loading work.sfifo_i64o64_d512(fast)
# Loading work.INI_DMA_RD(fast)
# Loading work.ARBITA_CH6(fast)
# Loading work.SRIO_TX(fast)
# Loading work.afifo_i72o72_d2048(fast)
# Loading work.afifo_i72o72_d2048_xpm_cdc_gray(fast)
# Loading UNISIMS_VER.LUT6(fast__3)
# Loading UNISIMS_VER.LUT5(fast__4)
# Loading UNISIMS_VER.LUT4(fast__6)
# Loading UNISIMS_VER.LUT3(fast__4)
# Loading work.afifo_i72o72_d2048_xpm_cdc_gray__2(fast)
# Loading UNISIMS_VER.LUT6(fast__4)
# Loading UNISIMS_VER.LUT4(fast__7)
# Loading UNISIMS_VER.LUT6(fast__5)
# Loading UNISIMS_VER.LUT5(fast__5)
# Loading UNISIMS_VER.LUT6(fast__6)
# Loading UNISIMS_VER.FDSE(fast__1)
# Loading UNISIMS_VER.RAMB36E1(fast__1)
# Loading UNISIMS_VER.RB36_INTERNAL_VLOG(fast__1)
# Loading UNISIMS_VER.SRL16E(fast)
# Loading UNISIMS_VER.LUT2(fast__3)
# Loading UNISIMS_VER.FDRE(fast__1)
# Loading UNISIMS_VER.LUT3(fast__5)
# Loading UNISIMS_VER.LUT4(fast__8)
# Loading UNISIMS_VER.LUT6(fast__7)
# Loading work.afifo_i72o72_d2048_xpm_cdc_single(fast)
# Loading work.afifo_i72o72_d2048_xpm_cdc_single__2(fast)
# Loading work.afifo_i72o72_d2048_xpm_cdc_sync_rst(fast)
# Loading work.afifo_i72o72_d2048_xpm_cdc_sync_rst__2(fast)
# Loading work.SRIO_RX(fast)
# Loading work.INI_RX_DEC(fast)
# Loading work.TAG_RX_DEC(fast)
# Loading work.TAG_REG_TX(fast)
# Loading work.TAG_DMA_TX(fast)
# Loading work.BIST_REG(fast)
# Loading work.RAM_BIST(fast)
# Loading work.sram_i64o64_d256(fast)
# Loading UNISIMS_VER.RAMB36E1(fast__2)
# Loading UNISIMS_VER.RB36_INTERNAL_VLOG(fast__2)
# Loading work.glbl(fast)
# ** Warning: (vsim-3015) [PCDPC] - Port size (32) does not match connection size (16) for port 'TAG_WR_ADDR'. The port definition is at: ../rtl/03_srio/srio_top.v(81).
#    Time: 0 ps  Iteration: 0  Instance: /tb_top/U_SRIO_TOP File: sim_model/tb_top.v Line: 763
# ** Warning: (vsim-3015) [PCDPC] - Port size (9) does not match connection size (8) for port 'TAG_RD_SIZE'. The port definition is at: ../rtl/03_srio/srio_top.v(90).
#    Time: 0 ps  Iteration: 0  Instance: /tb_top/U_SRIO_TOP File: sim_model/tb_top.v Line: 763
# ** Warning: (vsim-3015) [PCDPC] - Port size (32) does not match connection size (16) for port 'TAG_RD_ADDR'. The port definition is at: ../rtl/03_srio/srio_top.v(91).
#    Time: 0 ps  Iteration: 0  Instance: /tb_top/U_SRIO_TOP File: sim_model/tb_top.v Line: 763
# ** Warning: (vsim-3015) [PCDPC] - Port size (9) does not match connection size (8) for port 'DMA_WR_SIZE'. The port definition is at: ../rtl/03_srio/tag_rx_dec.v(36).
#    Time: 0 ps  Iteration: 0  Instance: /tb_top/U_SRIO_TOP/U_TAG_RX_DEC File: ../rtl/03_srio/srio_top.v Line: 497
# ** Warning: (vsim-3015) [PCDPC] - Port size (6) does not match connection size (8) for port 'addra'. The port definition is at: ../rtl/00_xilinx_ip/03_ram/sram_i64o64_d256/sram_i64o64_d256_sim_netlist.V(20).
#    Time: 0 ps  Iteration: 0  Instance: /tb_top/U_RAM_BIST/U_BIST_BRAM File: ../rtl/04_bist/ram_bist.v Line: 113
# ** Warning: (vsim-3015) [PCDPC] - Port size (6) does not match connection size (8) for port 'addrb'. The port definition is at: ../rtl/00_xilinx_ip/03_ram/sram_i64o64_d256/sram_i64o64_d256_sim_netlist.V(23).
#    Time: 0 ps  Iteration: 0  Instance: /tb_top/U_RAM_BIST/U_BIST_BRAM File: ../rtl/04_bist/ram_bist.v Line: 113
#  
# ******<<<<<<<<<<<<<<<<<<<<<<Simulation tb_00 start>>>>>>>>>>>>>>>>>>>>>>> ******
#  
# ---- Initial simulation
# ---- clock ---- 1111 ---- enable
# ---- Wait for  64 cycles
# ---- Wait for  64 cycles end
# ---- Wait for  16 cycles
# ---- Wait for  16 cycles end
# ---- reseting by cycle
# ---- reset0   64 cycle end
# ---- Wait for  16 cycles
# ---- Wait for  16 cycles end
# ---- reseting by ns
# ---- reset1  255 ns end
# ---- Write register   PORT :0x0    ADD :0x200    DATA :0x89abcd0e
# ---- Wait for  16 cycles
# ---- Wait for  16 cycles end
# ---- [Success  ]Read register   PORT :0x0    ADD :0x200    EDAT :0x89abcd0e    RDAT :0x89abcd0e
# ---- Wait for  16 cycles
# ---- Wait for  16 cycles end
# ---- DRAM write PORT :0x01    ADD :0x0000001    SIZE :0x010
# ---- DRAM write end
# ---- Wait for  16 cycles
# ---- Wait for  16 cycles end
# ---- DRAM read PORT :0x01    ADD :0x0000001    SIZE :0x010
# ---- [Error      ]Read dram wait data timeout
# ---- [Error      ]DRAM  PORT :0x01    ADD :0x0000001    SIZE :0x010    faild read end
# ---- Wait for  16 cycles
# ---- Wait for  16 cycles end
# ---- Wait for 255 cycles
# ---- Wait for 255 cycles end
# ---- tb_00 test completed !
#  
# ******<<<<<<<<<<<<<<<<<<<<<<Simulation tb_00 Fail End>>>>>>>>>>>>>>>>>>>>>>> ******
#  
do do/compile_all.do
# ** Warning: (vlib-34) Library already exists at "work".
# Errors: 0, Warnings: 1
# Model Technology ModelSim SE-64 vmap 2020.4 Lib Mapping Utility 2020.10 Oct 13 2020
# vmap work 
# Reading C:/modeltech64_2020.4/win64/../modelsim.ini
# "work" maps to directory ./work. (Default mapping)
# Model Technology ModelSim SE-64 vlog 2020.4 Compiler 2020.10 Oct 13 2020
# Start time: 17:26:50 on Apr 22,2025
# vlog -reportprogress 300 -work work sim_model/lib/glbl.v 
# -- Compiling module glbl
# 
# Top level modules:
# 	glbl
# End time: 17:26:50 on Apr 22,2025, Elapsed time: 0:00:00
# Errors: 0, Warnings: 0
# ** Warning: (vlib-34) Library already exists at "work".
# Errors: 0, Warnings: 1
# Model Technology ModelSim SE-64 vmap 2020.4 Lib Mapping Utility 2020.10 Oct 13 2020
# vmap work 
# Reading C:/modeltech64_2020.4/win64/../modelsim.ini
# "work" maps to directory ./work. (Default mapping)
# Model Technology ModelSim SE-64 vlog 2020.4 Compiler 2020.10 Oct 13 2020
# Start time: 17:26:50 on Apr 22,2025
# vlog -reportprogress 300 -work work ../rtl/00_xilinx_ip/00_afifo/afifo_i72o72_d2048/afifo_i72o72_d2048_sim_netlist.V 
# -- Compiling module afifo_i72o72_d2048
# -- Compiling module afifo_i72o72_d2048_xpm_cdc_gray
# -- Compiling module afifo_i72o72_d2048_xpm_cdc_gray__2
# -- Compiling module afifo_i72o72_d2048_xpm_cdc_single
# -- Compiling module afifo_i72o72_d2048_xpm_cdc_single__2
# -- Compiling module afifo_i72o72_d2048_xpm_cdc_sync_rst
# -- Compiling module afifo_i72o72_d2048_xpm_cdc_sync_rst__2
# -- Compiling module glbl
# 
# Top level modules:
# 	afifo_i72o72_d2048
# 	glbl
# End time: 17:26:51 on Apr 22,2025, Elapsed time: 0:00:01
# Errors: 0, Warnings: 0
# Model Technology ModelSim SE-64 vlog 2020.4 Compiler 2020.10 Oct 13 2020
# Start time: 17:26:51 on Apr 22,2025
# vlog -reportprogress 300 -work work ../rtl/00_xilinx_ip/01_sfifo/sfifo_i32o32_d1024/sfifo_i32o32_d1024_sim_netlist.V 
# -- Compiling module sfifo_i32o32_d1024
# -- Compiling module glbl
# 
# Top level modules:
# 	sfifo_i32o32_d1024
# 	glbl
# End time: 17:26:51 on Apr 22,2025, Elapsed time: 0:00:00
# Errors: 0, Warnings: 0
# Model Technology ModelSim SE-64 vlog 2020.4 Compiler 2020.10 Oct 13 2020
# Start time: 17:26:51 on Apr 22,2025
# vlog -reportprogress 300 -work work ../rtl/00_xilinx_ip/01_sfifo/sfifo_i64o64_d512/sfifo_i64o64_d512_sim_netlist.V 
# -- Compiling module sfifo_i64o64_d512
# -- Compiling module glbl
# 
# Top level modules:
# 	sfifo_i64o64_d512
# 	glbl
# End time: 17:26:51 on Apr 22,2025, Elapsed time: 0:00:00
# Errors: 0, Warnings: 0
# Model Technology ModelSim SE-64 vlog 2020.4 Compiler 2020.10 Oct 13 2020
# Start time: 17:26:52 on Apr 22,2025
# vlog -reportprogress 300 -work work ../rtl/00_xilinx_ip/01_sfifo/sfifo_i72o72_d512/sfifo_i72o72_d512_sim_netlist.V 
# -- Compiling module sfifo_i72o72_d512
# -- Compiling module glbl
# 
# Top level modules:
# 	sfifo_i72o72_d512
# 	glbl
# End time: 17:26:52 on Apr 22,2025, Elapsed time: 0:00:00
# Errors: 0, Warnings: 0
# Model Technology ModelSim SE-64 vlog 2020.4 Compiler 2020.10 Oct 13 2020
# Start time: 17:26:52 on Apr 22,2025
# vlog -reportprogress 300 -work work ../rtl/00_xilinx_ip/03_ram/sram_i64o64_d256/sram_i64o64_d256_sim_netlist.V 
# -- Compiling module sram_i64o64_d256
# -- Compiling module glbl
# 
# Top level modules:
# 	sram_i64o64_d256
# 	glbl
# End time: 17:26:52 on Apr 22,2025, Elapsed time: 0:00:00
# Errors: 0, Warnings: 0
# Model Technology ModelSim SE-64 vlog 2020.4 Compiler 2020.10 Oct 13 2020
# Start time: 17:26:52 on Apr 22,2025
# vlog -reportprogress 300 -work work ../rtl/01_user_ip/arbita_ch6.v ../rtl/01_user_ip/pulse_gen.v 
# -- Compiling module ARBITA_CH6
# -- Compiling module PULSE_GEN
# 
# Top level modules:
# 	ARBITA_CH6
# 	PULSE_GEN
# End time: 17:26:52 on Apr 22,2025, Elapsed time: 0:00:00
# Errors: 0, Warnings: 0
# Model Technology ModelSim SE-64 vlog 2020.4 Compiler 2020.10 Oct 13 2020
# Start time: 17:26:52 on Apr 22,2025
# vlog -reportprogress 300 -work work ../rtl/03_srio/ini_dma_rd.v ../rtl/03_srio/ini_dma_wr.v ../rtl/03_srio/ini_reg_tx.v ../rtl/03_srio/ini_rx_dec.v ../rtl/03_srio/srio_rx.v ../rtl/03_srio/srio_top.v ../rtl/03_srio/srio_tx.v ../rtl/03_srio/tag_dma_tx.v ../rtl/03_srio/tag_reg_tx.v ../rtl/03_srio/tag_rx_dec.v 
# -- Compiling module INI_DMA_RD
# -- Compiling module INI_DMA_WR
# -- Compiling module INI_REG_TX
# -- Compiling module INI_RX_DEC
# -- Compiling module SRIO_RX
# -- Compiling module SRIO_TOP
# -- Compiling module SRIO_TX
# -- Compiling module TAG_DMA_TX
# -- Compiling module TAG_REG_TX
# -- Compiling module TAG_RX_DEC
# 
# Top level modules:
# 	SRIO_TOP
# End time: 17:26:52 on Apr 22,2025, Elapsed time: 0:00:00
# Errors: 0, Warnings: 0
# Model Technology ModelSim SE-64 vlog 2020.4 Compiler 2020.10 Oct 13 2020
# Start time: 17:26:53 on Apr 22,2025
# vlog -reportprogress 300 -work work ../rtl/04_bist/bist_reg.v ../rtl/04_bist/ram_bist.v 
# -- Compiling module BIST_REG
# -- Compiling module RAM_BIST
# 
# Top level modules:
# 	BIST_REG
# 	RAM_BIST
# End time: 17:26:53 on Apr 22,2025, Elapsed time: 0:00:00
# Errors: 0, Warnings: 0
# ** Warning: (vlib-34) Library already exists at "work".
# Errors: 0, Warnings: 1
# Model Technology ModelSim SE-64 vmap 2020.4 Lib Mapping Utility 2020.10 Oct 13 2020
# vmap work 
# Reading C:/modeltech64_2020.4/win64/../modelsim.ini
# "work" maps to directory ./work. (Default mapping)
# Model Technology ModelSim SE-64 vlog 2020.4 Compiler 2020.10 Oct 13 2020
# Start time: 17:26:53 on Apr 22,2025
# vlog -reportprogress 300 -work work sim_model/define/define.v 
# End time: 17:26:53 on Apr 22,2025, Elapsed time: 0:00:00
# Errors: 0, Warnings: 0
# Model Technology ModelSim SE-64 vlog 2020.4 Compiler 2020.10 Oct 13 2020
# Start time: 17:26:53 on Apr 22,2025
# vlog -reportprogress 300 "+define+tb_00=1" -work work "+incdir+{sim_model/define}" sim_model/sim_model.v 
# -- Compiling module SIM_MODEL
# 
# Top level modules:
# 	SIM_MODEL
# End time: 17:26:53 on Apr 22,2025, Elapsed time: 0:00:00
# Errors: 0, Warnings: 0
# Model Technology ModelSim SE-64 vlog 2020.4 Compiler 2020.10 Oct 13 2020
# Start time: 17:26:53 on Apr 22,2025
# vlog -reportprogress 300 "+define+tb_00=1" -work work "+incdir+{sim_model/define}" sim_model/tb_top.v 
# -- Compiling module tb_top
# 
# Top level modules:
# 	tb_top
# End time: 17:26:53 on Apr 22,2025, Elapsed time: 0:00:00
# Errors: 0, Warnings: 0
do do/tb_00.do
# Model Technology ModelSim SE-64 vlog 2020.4 Compiler 2020.10 Oct 13 2020
# Start time: 17:26:58 on Apr 22,2025
# vlog -reportprogress 300 "+define+tb_00=1" -work work sim_model\define\define.v 
# End time: 17:26:58 on Apr 22,2025, Elapsed time: 0:00:00
# Errors: 0, Warnings: 0
# Model Technology ModelSim SE-64 vlog 2020.4 Compiler 2020.10 Oct 13 2020
# Start time: 17:26:58 on Apr 22,2025
# vlog -reportprogress 300 "+define+tb_00=1" -work work "+incdir+{sim_modeldefine}" sim_model\tb_top.v 
# -- Compiling module tb_top
# 
# Top level modules:
# 	tb_top
# End time: 17:26:58 on Apr 22,2025, Elapsed time: 0:00:00
# Errors: 0, Warnings: 0
# End time: 17:27:01 on Apr 22,2025, Elapsed time: 0:00:41
# Errors: 0, Warnings: 6
# vsim -t 1ps -c -l ./log/vsim_tb_00_report.log work.tb_top -L UNISIMS_VER -L SECUREIP -L SIMPRIMS_VER -L work -voptargs="+acc" work.glbl -wav ./wave/tb_00.wlf 
# Start time: 17:27:01 on Apr 22,2025
# ** Note: (vsim-3813) Design is being optimized due to module recompilation...
# Loading work.tb_top(fast)
# Loading work.SIM_MODEL(fast)
# Loading work.SRIO_TOP(fast)
# Loading work.INI_REG_TX(fast)
# Loading work.sfifo_i72o72_d512(fast)
# Loading UNISIMS_VER.GND(fast)
# Loading UNISIMS_VER.LUT1(fast)
# Loading UNISIMS_VER.LUT2(fast)
# Loading UNISIMS_VER.LUT3(fast)
# Loading UNISIMS_VER.FDRE(fast)
# Loading UNISIMS_VER.CARRY4(fast)
# Loading UNISIMS_VER.LUT5(fast)
# Loading UNISIMS_VER.LUT5(fast__1)
# Loading UNISIMS_VER.FDSE(fast)
# Loading UNISIMS_VER.LUT4(fast)
# Loading UNISIMS_VER.LUT4(fast__1)
# Loading UNISIMS_VER.LUT3(fast__1)
# Loading UNISIMS_VER.LUT3(fast__2)
# Loading UNISIMS_VER.LUT4(fast__2)
# Loading UNISIMS_VER.LUT6(fast)
# Loading UNISIMS_VER.LUT2(fast__1)
# Loading UNISIMS_VER.LUT3(fast__3)
# Loading UNISIMS_VER.LUT4(fast__3)
# Loading UNISIMS_VER.LUT5(fast__2)
# Loading UNISIMS_VER.LUT6(fast__1)
# Loading UNISIMS_VER.LUT6(fast__2)
# Loading UNISIMS_VER.LUT4(fast__4)
# Loading UNISIMS_VER.LUT2(fast__2)
# Loading UNISIMS_VER.LUT5(fast__3)
# Loading UNISIMS_VER.LUT4(fast__5)
# Loading UNISIMS_VER.LUT1(fast__1)
# Loading UNISIMS_VER.RAMB36E1(fast)
# Loading UNISIMS_VER.RB36_INTERNAL_VLOG(fast)
# Loading work.INI_DMA_WR(fast)
# Loading work.sfifo_i64o64_d512(fast)
# Loading work.INI_DMA_RD(fast)
# Loading work.ARBITA_CH6(fast)
# Loading work.SRIO_TX(fast)
# Loading work.afifo_i72o72_d2048(fast)
# Loading work.afifo_i72o72_d2048_xpm_cdc_gray(fast)
# Loading UNISIMS_VER.LUT6(fast__3)
# Loading UNISIMS_VER.LUT5(fast__4)
# Loading UNISIMS_VER.LUT4(fast__6)
# Loading UNISIMS_VER.LUT3(fast__4)
# Loading work.afifo_i72o72_d2048_xpm_cdc_gray__2(fast)
# Loading UNISIMS_VER.LUT6(fast__4)
# Loading UNISIMS_VER.LUT4(fast__7)
# Loading UNISIMS_VER.LUT6(fast__5)
# Loading UNISIMS_VER.LUT5(fast__5)
# Loading UNISIMS_VER.LUT6(fast__6)
# Loading UNISIMS_VER.FDSE(fast__1)
# Loading UNISIMS_VER.RAMB36E1(fast__1)
# Loading UNISIMS_VER.RB36_INTERNAL_VLOG(fast__1)
# Loading UNISIMS_VER.SRL16E(fast)
# Loading UNISIMS_VER.LUT2(fast__3)
# Loading UNISIMS_VER.FDRE(fast__1)
# Loading UNISIMS_VER.LUT3(fast__5)
# Loading UNISIMS_VER.LUT4(fast__8)
# Loading UNISIMS_VER.LUT6(fast__7)
# Loading work.afifo_i72o72_d2048_xpm_cdc_single(fast)
# Loading work.afifo_i72o72_d2048_xpm_cdc_single__2(fast)
# Loading work.afifo_i72o72_d2048_xpm_cdc_sync_rst(fast)
# Loading work.afifo_i72o72_d2048_xpm_cdc_sync_rst__2(fast)
# Loading work.SRIO_RX(fast)
# Loading work.INI_RX_DEC(fast)
# Loading work.TAG_RX_DEC(fast)
# Loading work.TAG_REG_TX(fast)
# Loading work.TAG_DMA_TX(fast)
# Loading work.BIST_REG(fast)
# Loading work.RAM_BIST(fast)
# Loading work.sram_i64o64_d256(fast)
# Loading UNISIMS_VER.RAMB36E1(fast__2)
# Loading UNISIMS_VER.RB36_INTERNAL_VLOG(fast__2)
# Loading work.glbl(fast)
# ** Warning: (vsim-3015) [PCDPC] - Port size (32) does not match connection size (16) for port 'TAG_WR_ADDR'. The port definition is at: ../rtl/03_srio/srio_top.v(81).
#    Time: 0 ps  Iteration: 0  Instance: /tb_top/U_SRIO_TOP File: sim_model/tb_top.v Line: 763
# ** Warning: (vsim-3015) [PCDPC] - Port size (9) does not match connection size (8) for port 'TAG_RD_SIZE'. The port definition is at: ../rtl/03_srio/srio_top.v(90).
#    Time: 0 ps  Iteration: 0  Instance: /tb_top/U_SRIO_TOP File: sim_model/tb_top.v Line: 763
# ** Warning: (vsim-3015) [PCDPC] - Port size (32) does not match connection size (16) for port 'TAG_RD_ADDR'. The port definition is at: ../rtl/03_srio/srio_top.v(91).
#    Time: 0 ps  Iteration: 0  Instance: /tb_top/U_SRIO_TOP File: sim_model/tb_top.v Line: 763
# ** Warning: (vsim-3015) [PCDPC] - Port size (9) does not match connection size (8) for port 'DMA_WR_SIZE'. The port definition is at: ../rtl/03_srio/tag_rx_dec.v(36).
#    Time: 0 ps  Iteration: 0  Instance: /tb_top/U_SRIO_TOP/U_TAG_RX_DEC File: ../rtl/03_srio/srio_top.v Line: 497
# ** Warning: (vsim-3015) [PCDPC] - Port size (6) does not match connection size (8) for port 'addra'. The port definition is at: ../rtl/00_xilinx_ip/03_ram/sram_i64o64_d256/sram_i64o64_d256_sim_netlist.V(20).
#    Time: 0 ps  Iteration: 0  Instance: /tb_top/U_RAM_BIST/U_BIST_BRAM File: ../rtl/04_bist/ram_bist.v Line: 113
# ** Warning: (vsim-3015) [PCDPC] - Port size (6) does not match connection size (8) for port 'addrb'. The port definition is at: ../rtl/00_xilinx_ip/03_ram/sram_i64o64_d256/sram_i64o64_d256_sim_netlist.V(23).
#    Time: 0 ps  Iteration: 0  Instance: /tb_top/U_RAM_BIST/U_BIST_BRAM File: ../rtl/04_bist/ram_bist.v Line: 113
#  
# ******<<<<<<<<<<<<<<<<<<<<<<Simulation tb_00 start>>>>>>>>>>>>>>>>>>>>>>> ******
#  
# ---- Initial simulation
# ---- clock ---- 1111 ---- enable
# ---- Wait for  64 cycles
# ---- Wait for  64 cycles end
# ---- Wait for  16 cycles
# ---- Wait for  16 cycles end
# ---- reseting by cycle
# ---- reset0   64 cycle end
# ---- Wait for  16 cycles
# ---- Wait for  16 cycles end
# ---- reseting by ns
# ---- reset1  255 ns end
# ---- Write register   PORT :0x0    ADD :0x200    DATA :0x89abcd0e
# ---- Wait for  16 cycles
# ---- Wait for  16 cycles end
# ---- [Success  ]Read register   PORT :0x0    ADD :0x200    EDAT :0x89abcd0e    RDAT :0x89abcd0e
# ---- Wait for  16 cycles
# ---- Wait for  16 cycles end
# ---- DRAM write PORT :0x01    ADD :0x0000001    SIZE :0x010
# ---- DRAM write end
# ---- Wait for  16 cycles
# ---- Wait for  16 cycles end
# ---- DRAM read PORT :0x01    ADD :0x0000001    SIZE :0x010
# ---- [Error      ]Read dram wait data timeout
# ---- [Error      ]DRAM  PORT :0x01    ADD :0x0000001    SIZE :0x010    faild read end
# ---- Wait for  16 cycles
# ---- Wait for  16 cycles end
# ---- Wait for 255 cycles
# ---- Wait for 255 cycles end
# ---- tb_00 test completed !
#  
# ******<<<<<<<<<<<<<<<<<<<<<<Simulation tb_00 Fail End>>>>>>>>>>>>>>>>>>>>>>> ******
#  
do do/compile_all.do
# ** Warning: (vlib-34) Library already exists at "work".
# Errors: 0, Warnings: 1
# Model Technology ModelSim SE-64 vmap 2020.4 Lib Mapping Utility 2020.10 Oct 13 2020
# vmap work 
# Reading C:/modeltech64_2020.4/win64/../modelsim.ini
# "work" maps to directory ./work. (Default mapping)
# Model Technology ModelSim SE-64 vlog 2020.4 Compiler 2020.10 Oct 13 2020
# Start time: 17:28:52 on Apr 22,2025
# vlog -reportprogress 300 -work work sim_model/lib/glbl.v 
# -- Compiling module glbl
# 
# Top level modules:
# 	glbl
# End time: 17:28:53 on Apr 22,2025, Elapsed time: 0:00:01
# Errors: 0, Warnings: 0
# ** Warning: (vlib-34) Library already exists at "work".
# Errors: 0, Warnings: 1
# Model Technology ModelSim SE-64 vmap 2020.4 Lib Mapping Utility 2020.10 Oct 13 2020
# vmap work 
# Reading C:/modeltech64_2020.4/win64/../modelsim.ini
# "work" maps to directory ./work. (Default mapping)
# Model Technology ModelSim SE-64 vlog 2020.4 Compiler 2020.10 Oct 13 2020
# Start time: 17:28:53 on Apr 22,2025
# vlog -reportprogress 300 -work work ../rtl/00_xilinx_ip/00_afifo/afifo_i72o72_d2048/afifo_i72o72_d2048_sim_netlist.V 
# -- Compiling module afifo_i72o72_d2048
# -- Compiling module afifo_i72o72_d2048_xpm_cdc_gray
# -- Compiling module afifo_i72o72_d2048_xpm_cdc_gray__2
# -- Compiling module afifo_i72o72_d2048_xpm_cdc_single
# -- Compiling module afifo_i72o72_d2048_xpm_cdc_single__2
# -- Compiling module afifo_i72o72_d2048_xpm_cdc_sync_rst
# -- Compiling module afifo_i72o72_d2048_xpm_cdc_sync_rst__2
# -- Compiling module glbl
# 
# Top level modules:
# 	afifo_i72o72_d2048
# 	glbl
# End time: 17:28:53 on Apr 22,2025, Elapsed time: 0:00:00
# Errors: 0, Warnings: 0
# Model Technology ModelSim SE-64 vlog 2020.4 Compiler 2020.10 Oct 13 2020
# Start time: 17:28:53 on Apr 22,2025
# vlog -reportprogress 300 -work work ../rtl/00_xilinx_ip/01_sfifo/sfifo_i32o32_d1024/sfifo_i32o32_d1024_sim_netlist.V 
# -- Compiling module sfifo_i32o32_d1024
# -- Compiling module glbl
# 
# Top level modules:
# 	sfifo_i32o32_d1024
# 	glbl
# End time: 17:28:53 on Apr 22,2025, Elapsed time: 0:00:00
# Errors: 0, Warnings: 0
# Model Technology ModelSim SE-64 vlog 2020.4 Compiler 2020.10 Oct 13 2020
# Start time: 17:28:54 on Apr 22,2025
# vlog -reportprogress 300 -work work ../rtl/00_xilinx_ip/01_sfifo/sfifo_i64o64_d512/sfifo_i64o64_d512_sim_netlist.V 
# -- Compiling module sfifo_i64o64_d512
# -- Compiling module glbl
# 
# Top level modules:
# 	sfifo_i64o64_d512
# 	glbl
# End time: 17:28:54 on Apr 22,2025, Elapsed time: 0:00:00
# Errors: 0, Warnings: 0
# Model Technology ModelSim SE-64 vlog 2020.4 Compiler 2020.10 Oct 13 2020
# Start time: 17:28:54 on Apr 22,2025
# vlog -reportprogress 300 -work work ../rtl/00_xilinx_ip/01_sfifo/sfifo_i72o72_d512/sfifo_i72o72_d512_sim_netlist.V 
# -- Compiling module sfifo_i72o72_d512
# -- Compiling module glbl
# 
# Top level modules:
# 	sfifo_i72o72_d512
# 	glbl
# End time: 17:28:54 on Apr 22,2025, Elapsed time: 0:00:00
# Errors: 0, Warnings: 0
# Model Technology ModelSim SE-64 vlog 2020.4 Compiler 2020.10 Oct 13 2020
# Start time: 17:28:54 on Apr 22,2025
# vlog -reportprogress 300 -work work ../rtl/00_xilinx_ip/03_ram/sram_i64o64_d256/sram_i64o64_d256_sim_netlist.V 
# -- Compiling module sram_i64o64_d256
# -- Compiling module glbl
# 
# Top level modules:
# 	sram_i64o64_d256
# 	glbl
# End time: 17:28:54 on Apr 22,2025, Elapsed time: 0:00:00
# Errors: 0, Warnings: 0
# Model Technology ModelSim SE-64 vlog 2020.4 Compiler 2020.10 Oct 13 2020
# Start time: 17:28:54 on Apr 22,2025
# vlog -reportprogress 300 -work work ../rtl/01_user_ip/arbita_ch6.v ../rtl/01_user_ip/pulse_gen.v 
# -- Compiling module ARBITA_CH6
# -- Compiling module PULSE_GEN
# 
# Top level modules:
# 	ARBITA_CH6
# 	PULSE_GEN
# End time: 17:28:54 on Apr 22,2025, Elapsed time: 0:00:00
# Errors: 0, Warnings: 0
# Model Technology ModelSim SE-64 vlog 2020.4 Compiler 2020.10 Oct 13 2020
# Start time: 17:28:55 on Apr 22,2025
# vlog -reportprogress 300 -work work ../rtl/03_srio/ini_dma_rd.v ../rtl/03_srio/ini_dma_wr.v ../rtl/03_srio/ini_reg_tx.v ../rtl/03_srio/ini_rx_dec.v ../rtl/03_srio/srio_rx.v ../rtl/03_srio/srio_top.v ../rtl/03_srio/srio_tx.v ../rtl/03_srio/tag_dma_tx.v ../rtl/03_srio/tag_reg_tx.v ../rtl/03_srio/tag_rx_dec.v 
# -- Compiling module INI_DMA_RD
# -- Compiling module INI_DMA_WR
# -- Compiling module INI_REG_TX
# -- Compiling module INI_RX_DEC
# -- Compiling module SRIO_RX
# -- Compiling module SRIO_TOP
# -- Compiling module SRIO_TX
# -- Compiling module TAG_DMA_TX
# -- Compiling module TAG_REG_TX
# -- Compiling module TAG_RX_DEC
# 
# Top level modules:
# 	SRIO_TOP
# End time: 17:28:55 on Apr 22,2025, Elapsed time: 0:00:00
# Errors: 0, Warnings: 0
# Model Technology ModelSim SE-64 vlog 2020.4 Compiler 2020.10 Oct 13 2020
# Start time: 17:28:55 on Apr 22,2025
# vlog -reportprogress 300 -work work ../rtl/04_bist/bist_reg.v ../rtl/04_bist/ram_bist.v 
# -- Compiling module BIST_REG
# -- Compiling module RAM_BIST
# 
# Top level modules:
# 	BIST_REG
# 	RAM_BIST
# End time: 17:28:55 on Apr 22,2025, Elapsed time: 0:00:00
# Errors: 0, Warnings: 0
# ** Warning: (vlib-34) Library already exists at "work".
# Errors: 0, Warnings: 1
# Model Technology ModelSim SE-64 vmap 2020.4 Lib Mapping Utility 2020.10 Oct 13 2020
# vmap work 
# Reading C:/modeltech64_2020.4/win64/../modelsim.ini
# "work" maps to directory ./work. (Default mapping)
# Model Technology ModelSim SE-64 vlog 2020.4 Compiler 2020.10 Oct 13 2020
# Start time: 17:28:55 on Apr 22,2025
# vlog -reportprogress 300 -work work sim_model/define/define.v 
# End time: 17:28:55 on Apr 22,2025, Elapsed time: 0:00:00
# Errors: 0, Warnings: 0
# Model Technology ModelSim SE-64 vlog 2020.4 Compiler 2020.10 Oct 13 2020
# Start time: 17:28:55 on Apr 22,2025
# vlog -reportprogress 300 "+define+tb_00=1" -work work "+incdir+{sim_model/define}" sim_model/sim_model.v 
# -- Compiling module SIM_MODEL
# 
# Top level modules:
# 	SIM_MODEL
# End time: 17:28:55 on Apr 22,2025, Elapsed time: 0:00:00
# Errors: 0, Warnings: 0
# Model Technology ModelSim SE-64 vlog 2020.4 Compiler 2020.10 Oct 13 2020
# Start time: 17:28:55 on Apr 22,2025
# vlog -reportprogress 300 "+define+tb_00=1" -work work "+incdir+{sim_model/define}" sim_model/tb_top.v 
# -- Compiling module tb_top
# 
# Top level modules:
# 	tb_top
# End time: 17:28:56 on Apr 22,2025, Elapsed time: 0:00:01
# Errors: 0, Warnings: 0
do do/tb_00.do
# Model Technology ModelSim SE-64 vlog 2020.4 Compiler 2020.10 Oct 13 2020
# Start time: 17:28:58 on Apr 22,2025
# vlog -reportprogress 300 "+define+tb_00=1" -work work sim_model\define\define.v 
# End time: 17:28:58 on Apr 22,2025, Elapsed time: 0:00:00
# Errors: 0, Warnings: 0
# Model Technology ModelSim SE-64 vlog 2020.4 Compiler 2020.10 Oct 13 2020
# Start time: 17:28:58 on Apr 22,2025
# vlog -reportprogress 300 "+define+tb_00=1" -work work "+incdir+{sim_modeldefine}" sim_model\tb_top.v 
# -- Compiling module tb_top
# 
# Top level modules:
# 	tb_top
# End time: 17:28:58 on Apr 22,2025, Elapsed time: 0:00:00
# Errors: 0, Warnings: 0
# End time: 17:29:01 on Apr 22,2025, Elapsed time: 0:02:00
# Errors: 0, Warnings: 6
# vsim -t 1ps -c -l ./log/vsim_tb_00_report.log work.tb_top -L UNISIMS_VER -L SECUREIP -L SIMPRIMS_VER -L work -voptargs="+acc" work.glbl -wav ./wave/tb_00.wlf 
# Start time: 17:29:02 on Apr 22,2025
# ** Note: (vsim-3813) Design is being optimized due to module recompilation...
# Loading work.tb_top(fast)
# Loading work.SIM_MODEL(fast)
# Loading work.SRIO_TOP(fast)
# Loading work.INI_REG_TX(fast)
# Loading work.sfifo_i72o72_d512(fast)
# Loading UNISIMS_VER.GND(fast)
# Loading UNISIMS_VER.LUT1(fast)
# Loading UNISIMS_VER.LUT2(fast)
# Loading UNISIMS_VER.LUT3(fast)
# Loading UNISIMS_VER.FDRE(fast)
# Loading UNISIMS_VER.CARRY4(fast)
# Loading UNISIMS_VER.LUT5(fast)
# Loading UNISIMS_VER.LUT5(fast__1)
# Loading UNISIMS_VER.FDSE(fast)
# Loading UNISIMS_VER.LUT4(fast)
# Loading UNISIMS_VER.LUT4(fast__1)
# Loading UNISIMS_VER.LUT3(fast__1)
# Loading UNISIMS_VER.LUT3(fast__2)
# Loading UNISIMS_VER.LUT4(fast__2)
# Loading UNISIMS_VER.LUT6(fast)
# Loading UNISIMS_VER.LUT2(fast__1)
# Loading UNISIMS_VER.LUT3(fast__3)
# Loading UNISIMS_VER.LUT4(fast__3)
# Loading UNISIMS_VER.LUT5(fast__2)
# Loading UNISIMS_VER.LUT6(fast__1)
# Loading UNISIMS_VER.LUT6(fast__2)
# Loading UNISIMS_VER.LUT4(fast__4)
# Loading UNISIMS_VER.LUT2(fast__2)
# Loading UNISIMS_VER.LUT5(fast__3)
# Loading UNISIMS_VER.LUT4(fast__5)
# Loading UNISIMS_VER.LUT1(fast__1)
# Loading UNISIMS_VER.RAMB36E1(fast)
# Loading UNISIMS_VER.RB36_INTERNAL_VLOG(fast)
# Loading work.INI_DMA_WR(fast)
# Loading work.sfifo_i64o64_d512(fast)
# Loading work.INI_DMA_RD(fast)
# Loading work.ARBITA_CH6(fast)
# Loading work.SRIO_TX(fast)
# Loading work.afifo_i72o72_d2048(fast)
# Loading work.afifo_i72o72_d2048_xpm_cdc_gray(fast)
# Loading UNISIMS_VER.LUT6(fast__3)
# Loading UNISIMS_VER.LUT5(fast__4)
# Loading UNISIMS_VER.LUT4(fast__6)
# Loading UNISIMS_VER.LUT3(fast__4)
# Loading work.afifo_i72o72_d2048_xpm_cdc_gray__2(fast)
# Loading UNISIMS_VER.LUT6(fast__4)
# Loading UNISIMS_VER.LUT4(fast__7)
# Loading UNISIMS_VER.LUT6(fast__5)
# Loading UNISIMS_VER.LUT5(fast__5)
# Loading UNISIMS_VER.LUT6(fast__6)
# Loading UNISIMS_VER.FDSE(fast__1)
# Loading UNISIMS_VER.RAMB36E1(fast__1)
# Loading UNISIMS_VER.RB36_INTERNAL_VLOG(fast__1)
# Loading UNISIMS_VER.SRL16E(fast)
# Loading UNISIMS_VER.LUT2(fast__3)
# Loading UNISIMS_VER.FDRE(fast__1)
# Loading UNISIMS_VER.LUT3(fast__5)
# Loading UNISIMS_VER.LUT4(fast__8)
# Loading UNISIMS_VER.LUT6(fast__7)
# Loading work.afifo_i72o72_d2048_xpm_cdc_single(fast)
# Loading work.afifo_i72o72_d2048_xpm_cdc_single__2(fast)
# Loading work.afifo_i72o72_d2048_xpm_cdc_sync_rst(fast)
# Loading work.afifo_i72o72_d2048_xpm_cdc_sync_rst__2(fast)
# Loading work.SRIO_RX(fast)
# Loading work.INI_RX_DEC(fast)
# Loading work.TAG_RX_DEC(fast)
# Loading work.TAG_REG_TX(fast)
# Loading work.TAG_DMA_TX(fast)
# Loading work.BIST_REG(fast)
# Loading work.RAM_BIST(fast)
# Loading work.sram_i64o64_d256(fast)
# Loading UNISIMS_VER.RAMB36E1(fast__2)
# Loading UNISIMS_VER.RB36_INTERNAL_VLOG(fast__2)
# Loading work.glbl(fast)
# ** Warning: (vsim-3015) [PCDPC] - Port size (32) does not match connection size (16) for port 'TAG_WR_ADDR'. The port definition is at: ../rtl/03_srio/srio_top.v(81).
#    Time: 0 ps  Iteration: 0  Instance: /tb_top/U_SRIO_TOP File: sim_model/tb_top.v Line: 763
# ** Warning: (vsim-3015) [PCDPC] - Port size (9) does not match connection size (8) for port 'TAG_RD_SIZE'. The port definition is at: ../rtl/03_srio/srio_top.v(90).
#    Time: 0 ps  Iteration: 0  Instance: /tb_top/U_SRIO_TOP File: sim_model/tb_top.v Line: 763
# ** Warning: (vsim-3015) [PCDPC] - Port size (32) does not match connection size (16) for port 'TAG_RD_ADDR'. The port definition is at: ../rtl/03_srio/srio_top.v(91).
#    Time: 0 ps  Iteration: 0  Instance: /tb_top/U_SRIO_TOP File: sim_model/tb_top.v Line: 763
# ** Warning: (vsim-3015) [PCDPC] - Port size (9) does not match connection size (8) for port 'DMA_WR_SIZE'. The port definition is at: ../rtl/03_srio/tag_rx_dec.v(36).
#    Time: 0 ps  Iteration: 0  Instance: /tb_top/U_SRIO_TOP/U_TAG_RX_DEC File: ../rtl/03_srio/srio_top.v Line: 497
# ** Warning: (vsim-3015) [PCDPC] - Port size (6) does not match connection size (8) for port 'addra'. The port definition is at: ../rtl/00_xilinx_ip/03_ram/sram_i64o64_d256/sram_i64o64_d256_sim_netlist.V(20).
#    Time: 0 ps  Iteration: 0  Instance: /tb_top/U_RAM_BIST/U_BIST_BRAM File: ../rtl/04_bist/ram_bist.v Line: 113
# ** Warning: (vsim-3015) [PCDPC] - Port size (6) does not match connection size (8) for port 'addrb'. The port definition is at: ../rtl/00_xilinx_ip/03_ram/sram_i64o64_d256/sram_i64o64_d256_sim_netlist.V(23).
#    Time: 0 ps  Iteration: 0  Instance: /tb_top/U_RAM_BIST/U_BIST_BRAM File: ../rtl/04_bist/ram_bist.v Line: 113
#  
# ******<<<<<<<<<<<<<<<<<<<<<<Simulation tb_00 start>>>>>>>>>>>>>>>>>>>>>>> ******
#  
# ---- Initial simulation
# ---- clock ---- 1111 ---- enable
# ---- Wait for  64 cycles
# ---- Wait for  64 cycles end
# ---- Wait for  16 cycles
# ---- Wait for  16 cycles end
# ---- reseting by cycle
# ---- reset0   64 cycle end
# ---- Wait for  16 cycles
# ---- Wait for  16 cycles end
# ---- reseting by ns
# ---- reset1  255 ns end
# ---- Write register   PORT :0x0    ADD :0x200    DATA :0x89abcd0e
# ---- Wait for  16 cycles
# ---- Wait for  16 cycles end
# ---- [Success  ]Read register   PORT :0x0    ADD :0x200    EDAT :0x89abcd0e    RDAT :0x89abcd0e
# ---- Wait for  16 cycles
# ---- Wait for  16 cycles end
# ---- DRAM write PORT :0x01    ADD :0x0000001    SIZE :0x010
# ---- DRAM write end
# ---- Wait for  16 cycles
# ---- Wait for  16 cycles end
# ---- DRAM read PORT :0x01    ADD :0x0000001    SIZE :0x010
# ---- [Error      ]Read dram wait data timeout
# ---- [Error      ]DRAM  PORT :0x01    ADD :0x0000001    SIZE :0x010    faild read end
# ---- Wait for  16 cycles
# ---- Wait for  16 cycles end
# ---- Wait for 255 cycles
# ---- Wait for 255 cycles end
# ---- tb_00 test completed !
#  
# ******<<<<<<<<<<<<<<<<<<<<<<Simulation tb_00 Fail End>>>>>>>>>>>>>>>>>>>>>>> ******
#  
do do/compile_all.do
# ** Warning: (vlib-34) Library already exists at "work".
# Errors: 0, Warnings: 1
# Model Technology ModelSim SE-64 vmap 2020.4 Lib Mapping Utility 2020.10 Oct 13 2020
# vmap work 
# Reading C:/modeltech64_2020.4/win64/../modelsim.ini
# "work" maps to directory ./work. (Default mapping)
# Model Technology ModelSim SE-64 vlog 2020.4 Compiler 2020.10 Oct 13 2020
# Start time: 17:29:42 on Apr 22,2025
# vlog -reportprogress 300 -work work sim_model/lib/glbl.v 
# -- Compiling module glbl
# 
# Top level modules:
# 	glbl
# End time: 17:29:42 on Apr 22,2025, Elapsed time: 0:00:00
# Errors: 0, Warnings: 0
# ** Warning: (vlib-34) Library already exists at "work".
# Errors: 0, Warnings: 1
# Model Technology ModelSim SE-64 vmap 2020.4 Lib Mapping Utility 2020.10 Oct 13 2020
# vmap work 
# Reading C:/modeltech64_2020.4/win64/../modelsim.ini
# "work" maps to directory ./work. (Default mapping)
# Model Technology ModelSim SE-64 vlog 2020.4 Compiler 2020.10 Oct 13 2020
# Start time: 17:29:42 on Apr 22,2025
# vlog -reportprogress 300 -work work ../rtl/00_xilinx_ip/00_afifo/afifo_i72o72_d2048/afifo_i72o72_d2048_sim_netlist.V 
# -- Compiling module afifo_i72o72_d2048
# -- Compiling module afifo_i72o72_d2048_xpm_cdc_gray
# -- Compiling module afifo_i72o72_d2048_xpm_cdc_gray__2
# -- Compiling module afifo_i72o72_d2048_xpm_cdc_single
# -- Compiling module afifo_i72o72_d2048_xpm_cdc_single__2
# -- Compiling module afifo_i72o72_d2048_xpm_cdc_sync_rst
# -- Compiling module afifo_i72o72_d2048_xpm_cdc_sync_rst__2
# -- Compiling module glbl
# 
# Top level modules:
# 	afifo_i72o72_d2048
# 	glbl
# End time: 17:29:42 on Apr 22,2025, Elapsed time: 0:00:00
# Errors: 0, Warnings: 0
# Model Technology ModelSim SE-64 vlog 2020.4 Compiler 2020.10 Oct 13 2020
# Start time: 17:29:42 on Apr 22,2025
# vlog -reportprogress 300 -work work ../rtl/00_xilinx_ip/01_sfifo/sfifo_i32o32_d1024/sfifo_i32o32_d1024_sim_netlist.V 
# -- Compiling module sfifo_i32o32_d1024
# -- Compiling module glbl
# 
# Top level modules:
# 	sfifo_i32o32_d1024
# 	glbl
# End time: 17:29:43 on Apr 22,2025, Elapsed time: 0:00:01
# Errors: 0, Warnings: 0
# Model Technology ModelSim SE-64 vlog 2020.4 Compiler 2020.10 Oct 13 2020
# Start time: 17:29:43 on Apr 22,2025
# vlog -reportprogress 300 -work work ../rtl/00_xilinx_ip/01_sfifo/sfifo_i64o64_d512/sfifo_i64o64_d512_sim_netlist.V 
# -- Compiling module sfifo_i64o64_d512
# -- Compiling module glbl
# 
# Top level modules:
# 	sfifo_i64o64_d512
# 	glbl
# End time: 17:29:43 on Apr 22,2025, Elapsed time: 0:00:00
# Errors: 0, Warnings: 0
# Model Technology ModelSim SE-64 vlog 2020.4 Compiler 2020.10 Oct 13 2020
# Start time: 17:29:43 on Apr 22,2025
# vlog -reportprogress 300 -work work ../rtl/00_xilinx_ip/01_sfifo/sfifo_i72o72_d512/sfifo_i72o72_d512_sim_netlist.V 
# -- Compiling module sfifo_i72o72_d512
# -- Compiling module glbl
# 
# Top level modules:
# 	sfifo_i72o72_d512
# 	glbl
# End time: 17:29:43 on Apr 22,2025, Elapsed time: 0:00:00
# Errors: 0, Warnings: 0
# Model Technology ModelSim SE-64 vlog 2020.4 Compiler 2020.10 Oct 13 2020
# Start time: 17:29:43 on Apr 22,2025
# vlog -reportprogress 300 -work work ../rtl/00_xilinx_ip/03_ram/sram_i64o64_d256/sram_i64o64_d256_sim_netlist.V 
# -- Compiling module sram_i64o64_d256
# -- Compiling module glbl
# 
# Top level modules:
# 	sram_i64o64_d256
# 	glbl
# End time: 17:29:44 on Apr 22,2025, Elapsed time: 0:00:01
# Errors: 0, Warnings: 0
# Model Technology ModelSim SE-64 vlog 2020.4 Compiler 2020.10 Oct 13 2020
# Start time: 17:29:44 on Apr 22,2025
# vlog -reportprogress 300 -work work ../rtl/01_user_ip/arbita_ch6.v ../rtl/01_user_ip/pulse_gen.v 
# -- Compiling module ARBITA_CH6
# -- Compiling module PULSE_GEN
# 
# Top level modules:
# 	ARBITA_CH6
# 	PULSE_GEN
# End time: 17:29:44 on Apr 22,2025, Elapsed time: 0:00:00
# Errors: 0, Warnings: 0
# Model Technology ModelSim SE-64 vlog 2020.4 Compiler 2020.10 Oct 13 2020
# Start time: 17:29:44 on Apr 22,2025
# vlog -reportprogress 300 -work work ../rtl/03_srio/ini_dma_rd.v ../rtl/03_srio/ini_dma_wr.v ../rtl/03_srio/ini_reg_tx.v ../rtl/03_srio/ini_rx_dec.v ../rtl/03_srio/srio_rx.v ../rtl/03_srio/srio_top.v ../rtl/03_srio/srio_tx.v ../rtl/03_srio/tag_dma_tx.v ../rtl/03_srio/tag_reg_tx.v ../rtl/03_srio/tag_rx_dec.v 
# -- Compiling module INI_DMA_RD
# -- Compiling module INI_DMA_WR
# -- Compiling module INI_REG_TX
# -- Compiling module INI_RX_DEC
# -- Compiling module SRIO_RX
# -- Compiling module SRIO_TOP
# -- Compiling module SRIO_TX
# -- Compiling module TAG_DMA_TX
# -- Compiling module TAG_REG_TX
# -- Compiling module TAG_RX_DEC
# 
# Top level modules:
# 	SRIO_TOP
# End time: 17:29:44 on Apr 22,2025, Elapsed time: 0:00:00
# Errors: 0, Warnings: 0
# Model Technology ModelSim SE-64 vlog 2020.4 Compiler 2020.10 Oct 13 2020
# Start time: 17:29:44 on Apr 22,2025
# vlog -reportprogress 300 -work work ../rtl/04_bist/bist_reg.v ../rtl/04_bist/ram_bist.v 
# -- Compiling module BIST_REG
# -- Compiling module RAM_BIST
# 
# Top level modules:
# 	BIST_REG
# 	RAM_BIST
# End time: 17:29:44 on Apr 22,2025, Elapsed time: 0:00:00
# Errors: 0, Warnings: 0
# ** Warning: (vlib-34) Library already exists at "work".
# Errors: 0, Warnings: 1
# Model Technology ModelSim SE-64 vmap 2020.4 Lib Mapping Utility 2020.10 Oct 13 2020
# vmap work 
# Reading C:/modeltech64_2020.4/win64/../modelsim.ini
# "work" maps to directory ./work. (Default mapping)
# Model Technology ModelSim SE-64 vlog 2020.4 Compiler 2020.10 Oct 13 2020
# Start time: 17:29:44 on Apr 22,2025
# vlog -reportprogress 300 -work work sim_model/define/define.v 
# End time: 17:29:44 on Apr 22,2025, Elapsed time: 0:00:00
# Errors: 0, Warnings: 0
# Model Technology ModelSim SE-64 vlog 2020.4 Compiler 2020.10 Oct 13 2020
# Start time: 17:29:45 on Apr 22,2025
# vlog -reportprogress 300 "+define+tb_00=1" -work work "+incdir+{sim_model/define}" sim_model/sim_model.v 
# -- Compiling module SIM_MODEL
# 
# Top level modules:
# 	SIM_MODEL
# End time: 17:29:45 on Apr 22,2025, Elapsed time: 0:00:00
# Errors: 0, Warnings: 0
# Model Technology ModelSim SE-64 vlog 2020.4 Compiler 2020.10 Oct 13 2020
# Start time: 17:29:45 on Apr 22,2025
# vlog -reportprogress 300 "+define+tb_00=1" -work work "+incdir+{sim_model/define}" sim_model/tb_top.v 
# -- Compiling module tb_top
# 
# Top level modules:
# 	tb_top
# End time: 17:29:45 on Apr 22,2025, Elapsed time: 0:00:00
# Errors: 0, Warnings: 0
do do/tb_00.do
# Model Technology ModelSim SE-64 vlog 2020.4 Compiler 2020.10 Oct 13 2020
# Start time: 17:29:47 on Apr 22,2025
# vlog -reportprogress 300 "+define+tb_00=1" -work work sim_model\define\define.v 
# End time: 17:29:47 on Apr 22,2025, Elapsed time: 0:00:00
# Errors: 0, Warnings: 0
# Model Technology ModelSim SE-64 vlog 2020.4 Compiler 2020.10 Oct 13 2020
# Start time: 17:29:47 on Apr 22,2025
# vlog -reportprogress 300 "+define+tb_00=1" -work work "+incdir+{sim_modeldefine}" sim_model\tb_top.v 
# -- Compiling module tb_top
# 
# Top level modules:
# 	tb_top
# End time: 17:29:47 on Apr 22,2025, Elapsed time: 0:00:00
# Errors: 0, Warnings: 0
# End time: 17:29:50 on Apr 22,2025, Elapsed time: 0:00:48
# Errors: 0, Warnings: 6
# vsim -t 1ps -c -l ./log/vsim_tb_00_report.log work.tb_top -L UNISIMS_VER -L SECUREIP -L SIMPRIMS_VER -L work -voptargs="+acc" work.glbl -wav ./wave/tb_00.wlf 
# Start time: 17:29:51 on Apr 22,2025
# ** Note: (vsim-3813) Design is being optimized due to module recompilation...
# Loading work.tb_top(fast)
# Loading work.SIM_MODEL(fast)
# Loading work.SRIO_TOP(fast)
# Loading work.INI_REG_TX(fast)
# Loading work.sfifo_i72o72_d512(fast)
# Loading UNISIMS_VER.GND(fast)
# Loading UNISIMS_VER.LUT1(fast)
# Loading UNISIMS_VER.LUT2(fast)
# Loading UNISIMS_VER.LUT3(fast)
# Loading UNISIMS_VER.FDRE(fast)
# Loading UNISIMS_VER.CARRY4(fast)
# Loading UNISIMS_VER.LUT5(fast)
# Loading UNISIMS_VER.LUT5(fast__1)
# Loading UNISIMS_VER.FDSE(fast)
# Loading UNISIMS_VER.LUT4(fast)
# Loading UNISIMS_VER.LUT4(fast__1)
# Loading UNISIMS_VER.LUT3(fast__1)
# Loading UNISIMS_VER.LUT3(fast__2)
# Loading UNISIMS_VER.LUT4(fast__2)
# Loading UNISIMS_VER.LUT6(fast)
# Loading UNISIMS_VER.LUT2(fast__1)
# Loading UNISIMS_VER.LUT3(fast__3)
# Loading UNISIMS_VER.LUT4(fast__3)
# Loading UNISIMS_VER.LUT5(fast__2)
# Loading UNISIMS_VER.LUT6(fast__1)
# Loading UNISIMS_VER.LUT6(fast__2)
# Loading UNISIMS_VER.LUT4(fast__4)
# Loading UNISIMS_VER.LUT2(fast__2)
# Loading UNISIMS_VER.LUT5(fast__3)
# Loading UNISIMS_VER.LUT4(fast__5)
# Loading UNISIMS_VER.LUT1(fast__1)
# Loading UNISIMS_VER.RAMB36E1(fast)
# Loading UNISIMS_VER.RB36_INTERNAL_VLOG(fast)
# Loading work.INI_DMA_WR(fast)
# Loading work.sfifo_i64o64_d512(fast)
# Loading work.INI_DMA_RD(fast)
# Loading work.ARBITA_CH6(fast)
# Loading work.SRIO_TX(fast)
# Loading work.afifo_i72o72_d2048(fast)
# Loading work.afifo_i72o72_d2048_xpm_cdc_gray(fast)
# Loading UNISIMS_VER.LUT6(fast__3)
# Loading UNISIMS_VER.LUT5(fast__4)
# Loading UNISIMS_VER.LUT4(fast__6)
# Loading UNISIMS_VER.LUT3(fast__4)
# Loading work.afifo_i72o72_d2048_xpm_cdc_gray__2(fast)
# Loading UNISIMS_VER.LUT6(fast__4)
# Loading UNISIMS_VER.LUT4(fast__7)
# Loading UNISIMS_VER.LUT6(fast__5)
# Loading UNISIMS_VER.LUT5(fast__5)
# Loading UNISIMS_VER.LUT6(fast__6)
# Loading UNISIMS_VER.FDSE(fast__1)
# Loading UNISIMS_VER.RAMB36E1(fast__1)
# Loading UNISIMS_VER.RB36_INTERNAL_VLOG(fast__1)
# Loading UNISIMS_VER.SRL16E(fast)
# Loading UNISIMS_VER.LUT2(fast__3)
# Loading UNISIMS_VER.FDRE(fast__1)
# Loading UNISIMS_VER.LUT3(fast__5)
# Loading UNISIMS_VER.LUT4(fast__8)
# Loading UNISIMS_VER.LUT6(fast__7)
# Loading work.afifo_i72o72_d2048_xpm_cdc_single(fast)
# Loading work.afifo_i72o72_d2048_xpm_cdc_single__2(fast)
# Loading work.afifo_i72o72_d2048_xpm_cdc_sync_rst(fast)
# Loading work.afifo_i72o72_d2048_xpm_cdc_sync_rst__2(fast)
# Loading work.SRIO_RX(fast)
# Loading work.INI_RX_DEC(fast)
# Loading work.TAG_RX_DEC(fast)
# Loading work.TAG_REG_TX(fast)
# Loading work.TAG_DMA_TX(fast)
# Loading work.BIST_REG(fast)
# Loading work.RAM_BIST(fast)
# Loading work.sram_i64o64_d256(fast)
# Loading UNISIMS_VER.RAMB36E1(fast__2)
# Loading UNISIMS_VER.RB36_INTERNAL_VLOG(fast__2)
# Loading work.glbl(fast)
# ** Warning: (vsim-3015) [PCDPC] - Port size (32) does not match connection size (16) for port 'TAG_WR_ADDR'. The port definition is at: ../rtl/03_srio/srio_top.v(81).
#    Time: 0 ps  Iteration: 0  Instance: /tb_top/U_SRIO_TOP File: sim_model/tb_top.v Line: 763
# ** Warning: (vsim-3015) [PCDPC] - Port size (9) does not match connection size (8) for port 'TAG_RD_SIZE'. The port definition is at: ../rtl/03_srio/srio_top.v(90).
#    Time: 0 ps  Iteration: 0  Instance: /tb_top/U_SRIO_TOP File: sim_model/tb_top.v Line: 763
# ** Warning: (vsim-3015) [PCDPC] - Port size (32) does not match connection size (16) for port 'TAG_RD_ADDR'. The port definition is at: ../rtl/03_srio/srio_top.v(91).
#    Time: 0 ps  Iteration: 0  Instance: /tb_top/U_SRIO_TOP File: sim_model/tb_top.v Line: 763
# ** Warning: (vsim-3015) [PCDPC] - Port size (9) does not match connection size (8) for port 'DMA_WR_SIZE'. The port definition is at: ../rtl/03_srio/tag_rx_dec.v(36).
#    Time: 0 ps  Iteration: 0  Instance: /tb_top/U_SRIO_TOP/U_TAG_RX_DEC File: ../rtl/03_srio/srio_top.v Line: 497
# ** Warning: (vsim-3015) [PCDPC] - Port size (6) does not match connection size (8) for port 'addra'. The port definition is at: ../rtl/00_xilinx_ip/03_ram/sram_i64o64_d256/sram_i64o64_d256_sim_netlist.V(20).
#    Time: 0 ps  Iteration: 0  Instance: /tb_top/U_RAM_BIST/U_BIST_BRAM File: ../rtl/04_bist/ram_bist.v Line: 113
# ** Warning: (vsim-3015) [PCDPC] - Port size (6) does not match connection size (8) for port 'addrb'. The port definition is at: ../rtl/00_xilinx_ip/03_ram/sram_i64o64_d256/sram_i64o64_d256_sim_netlist.V(23).
#    Time: 0 ps  Iteration: 0  Instance: /tb_top/U_RAM_BIST/U_BIST_BRAM File: ../rtl/04_bist/ram_bist.v Line: 113
#  
# ******<<<<<<<<<<<<<<<<<<<<<<Simulation tb_00 start>>>>>>>>>>>>>>>>>>>>>>> ******
#  
# ---- Initial simulation
# ---- clock ---- 1111 ---- enable
# ---- Wait for  64 cycles
# ---- Wait for  64 cycles end
# ---- Wait for  16 cycles
# ---- Wait for  16 cycles end
# ---- reseting by cycle
# ---- reset0   64 cycle end
# ---- Wait for  16 cycles
# ---- Wait for  16 cycles end
# ---- reseting by ns
# ---- reset1  255 ns end
# ---- Write register   PORT :0x0    ADD :0x200    DATA :0x89abcd0e
# ---- Wait for  16 cycles
# ---- Wait for  16 cycles end
# ---- [Success  ]Read register   PORT :0x0    ADD :0x200    EDAT :0x89abcd0e    RDAT :0x89abcd0e
# ---- Wait for  16 cycles
# ---- Wait for  16 cycles end
# ---- DRAM write PORT :0x01    ADD :0x0000001    SIZE :0x010
# ---- DRAM write end
# ---- Wait for  16 cycles
# ---- Wait for  16 cycles end
# ---- DRAM read PORT :0x01    ADD :0x0000001    SIZE :0x010
# ---- [Error      ]Read dram wait data timeout
# ---- [Error      ]DRAM  PORT :0x01    ADD :0x0000001    SIZE :0x010    faild read end
# ---- Wait for  16 cycles
# ---- Wait for  16 cycles end
# ---- Wait for 255 cycles
# ---- Wait for 255 cycles end
# ---- tb_00 test completed !
#  
# ******<<<<<<<<<<<<<<<<<<<<<<Simulation tb_00 Fail End>>>>>>>>>>>>>>>>>>>>>>> ******
#  
do do/compile_all.do
# ** Warning: (vlib-34) Library already exists at "work".
# Errors: 0, Warnings: 1
# Model Technology ModelSim SE-64 vmap 2020.4 Lib Mapping Utility 2020.10 Oct 13 2020
# vmap work 
# Reading C:/modeltech64_2020.4/win64/../modelsim.ini
# "work" maps to directory ./work. (Default mapping)
# Model Technology ModelSim SE-64 vlog 2020.4 Compiler 2020.10 Oct 13 2020
# Start time: 17:38:22 on Apr 22,2025
# vlog -reportprogress 300 -work work sim_model/lib/glbl.v 
# -- Compiling module glbl
# 
# Top level modules:
# 	glbl
# End time: 17:38:22 on Apr 22,2025, Elapsed time: 0:00:00
# Errors: 0, Warnings: 0
# ** Warning: (vlib-34) Library already exists at "work".
# Errors: 0, Warnings: 1
# Model Technology ModelSim SE-64 vmap 2020.4 Lib Mapping Utility 2020.10 Oct 13 2020
# vmap work 
# Reading C:/modeltech64_2020.4/win64/../modelsim.ini
# "work" maps to directory ./work. (Default mapping)
# Model Technology ModelSim SE-64 vlog 2020.4 Compiler 2020.10 Oct 13 2020
# Start time: 17:38:22 on Apr 22,2025
# vlog -reportprogress 300 -work work ../rtl/00_xilinx_ip/00_afifo/afifo_i72o72_d2048/afifo_i72o72_d2048_sim_netlist.V 
# -- Compiling module afifo_i72o72_d2048
# -- Compiling module afifo_i72o72_d2048_xpm_cdc_gray
# -- Compiling module afifo_i72o72_d2048_xpm_cdc_gray__2
# -- Compiling module afifo_i72o72_d2048_xpm_cdc_single
# -- Compiling module afifo_i72o72_d2048_xpm_cdc_single__2
# -- Compiling module afifo_i72o72_d2048_xpm_cdc_sync_rst
# -- Compiling module afifo_i72o72_d2048_xpm_cdc_sync_rst__2
# -- Compiling module glbl
# 
# Top level modules:
# 	afifo_i72o72_d2048
# 	glbl
# End time: 17:38:23 on Apr 22,2025, Elapsed time: 0:00:01
# Errors: 0, Warnings: 0
# Model Technology ModelSim SE-64 vlog 2020.4 Compiler 2020.10 Oct 13 2020
# Start time: 17:38:23 on Apr 22,2025
# vlog -reportprogress 300 -work work ../rtl/00_xilinx_ip/01_sfifo/sfifo_i32o32_d1024/sfifo_i32o32_d1024_sim_netlist.V 
# -- Compiling module sfifo_i32o32_d1024
# -- Compiling module glbl
# 
# Top level modules:
# 	sfifo_i32o32_d1024
# 	glbl
# End time: 17:38:23 on Apr 22,2025, Elapsed time: 0:00:00
# Errors: 0, Warnings: 0
# Model Technology ModelSim SE-64 vlog 2020.4 Compiler 2020.10 Oct 13 2020
# Start time: 17:38:23 on Apr 22,2025
# vlog -reportprogress 300 -work work ../rtl/00_xilinx_ip/01_sfifo/sfifo_i64o64_d512/sfifo_i64o64_d512_sim_netlist.V 
# -- Compiling module sfifo_i64o64_d512
# -- Compiling module glbl
# 
# Top level modules:
# 	sfifo_i64o64_d512
# 	glbl
# End time: 17:38:24 on Apr 22,2025, Elapsed time: 0:00:01
# Errors: 0, Warnings: 0
# Model Technology ModelSim SE-64 vlog 2020.4 Compiler 2020.10 Oct 13 2020
# Start time: 17:38:24 on Apr 22,2025
# vlog -reportprogress 300 -work work ../rtl/00_xilinx_ip/01_sfifo/sfifo_i72o72_d512/sfifo_i72o72_d512_sim_netlist.V 
# -- Compiling module sfifo_i72o72_d512
# -- Compiling module glbl
# 
# Top level modules:
# 	sfifo_i72o72_d512
# 	glbl
# End time: 17:38:24 on Apr 22,2025, Elapsed time: 0:00:00
# Errors: 0, Warnings: 0
# Model Technology ModelSim SE-64 vlog 2020.4 Compiler 2020.10 Oct 13 2020
# Start time: 17:38:24 on Apr 22,2025
# vlog -reportprogress 300 -work work ../rtl/00_xilinx_ip/03_ram/sram_i64o64_d256/sram_i64o64_d256_sim_netlist.V 
# -- Compiling module sram_i64o64_d256
# -- Compiling module glbl
# 
# Top level modules:
# 	sram_i64o64_d256
# 	glbl
# End time: 17:38:24 on Apr 22,2025, Elapsed time: 0:00:00
# Errors: 0, Warnings: 0
# Model Technology ModelSim SE-64 vlog 2020.4 Compiler 2020.10 Oct 13 2020
# Start time: 17:38:24 on Apr 22,2025
# vlog -reportprogress 300 -work work ../rtl/01_user_ip/arbita_ch6.v ../rtl/01_user_ip/pulse_gen.v 
# -- Compiling module ARBITA_CH6
# -- Compiling module PULSE_GEN
# 
# Top level modules:
# 	ARBITA_CH6
# 	PULSE_GEN
# End time: 17:38:24 on Apr 22,2025, Elapsed time: 0:00:00
# Errors: 0, Warnings: 0
# Model Technology ModelSim SE-64 vlog 2020.4 Compiler 2020.10 Oct 13 2020
# Start time: 17:38:24 on Apr 22,2025
# vlog -reportprogress 300 -work work ../rtl/03_srio/ini_dma_rd.v ../rtl/03_srio/ini_dma_wr.v ../rtl/03_srio/ini_reg_tx.v ../rtl/03_srio/ini_rx_dec.v ../rtl/03_srio/srio_rx.v ../rtl/03_srio/srio_top.v ../rtl/03_srio/srio_tx.v ../rtl/03_srio/tag_dma_tx.v ../rtl/03_srio/tag_reg_tx.v ../rtl/03_srio/tag_rx_dec.v 
# -- Compiling module INI_DMA_RD
# -- Compiling module INI_DMA_WR
# -- Compiling module INI_REG_TX
# -- Compiling module INI_RX_DEC
# -- Compiling module SRIO_RX
# -- Compiling module SRIO_TOP
# -- Compiling module SRIO_TX
# -- Compiling module TAG_DMA_TX
# -- Compiling module TAG_REG_TX
# -- Compiling module TAG_RX_DEC
# 
# Top level modules:
# 	SRIO_TOP
# End time: 17:38:24 on Apr 22,2025, Elapsed time: 0:00:00
# Errors: 0, Warnings: 0
# Model Technology ModelSim SE-64 vlog 2020.4 Compiler 2020.10 Oct 13 2020
# Start time: 17:38:25 on Apr 22,2025
# vlog -reportprogress 300 -work work ../rtl/04_bist/bist_reg.v ../rtl/04_bist/ram_bist.v 
# -- Compiling module BIST_REG
# -- Compiling module RAM_BIST
# 
# Top level modules:
# 	BIST_REG
# 	RAM_BIST
# End time: 17:38:25 on Apr 22,2025, Elapsed time: 0:00:00
# Errors: 0, Warnings: 0
# ** Warning: (vlib-34) Library already exists at "work".
# Errors: 0, Warnings: 1
# Model Technology ModelSim SE-64 vmap 2020.4 Lib Mapping Utility 2020.10 Oct 13 2020
# vmap work 
# Reading C:/modeltech64_2020.4/win64/../modelsim.ini
# "work" maps to directory ./work. (Default mapping)
# Model Technology ModelSim SE-64 vlog 2020.4 Compiler 2020.10 Oct 13 2020
# Start time: 17:38:25 on Apr 22,2025
# vlog -reportprogress 300 -work work sim_model/define/define.v 
# End time: 17:38:25 on Apr 22,2025, Elapsed time: 0:00:00
# Errors: 0, Warnings: 0
# Model Technology ModelSim SE-64 vlog 2020.4 Compiler 2020.10 Oct 13 2020
# Start time: 17:38:25 on Apr 22,2025
# vlog -reportprogress 300 "+define+tb_00=1" -work work "+incdir+{sim_model/define}" sim_model/sim_model.v 
# -- Compiling module SIM_MODEL
# 
# Top level modules:
# 	SIM_MODEL
# End time: 17:38:25 on Apr 22,2025, Elapsed time: 0:00:00
# Errors: 0, Warnings: 0
# Model Technology ModelSim SE-64 vlog 2020.4 Compiler 2020.10 Oct 13 2020
# Start time: 17:38:25 on Apr 22,2025
# vlog -reportprogress 300 "+define+tb_00=1" -work work "+incdir+{sim_model/define}" sim_model/tb_top.v 
# -- Compiling module tb_top
# 
# Top level modules:
# 	tb_top
# End time: 17:38:25 on Apr 22,2025, Elapsed time: 0:00:00
# Errors: 0, Warnings: 0
do do/tb_00.do
# Model Technology ModelSim SE-64 vlog 2020.4 Compiler 2020.10 Oct 13 2020
# Start time: 17:38:27 on Apr 22,2025
# vlog -reportprogress 300 "+define+tb_00=1" -work work sim_model\define\define.v 
# End time: 17:38:28 on Apr 22,2025, Elapsed time: 0:00:01
# Errors: 0, Warnings: 0
# Model Technology ModelSim SE-64 vlog 2020.4 Compiler 2020.10 Oct 13 2020
# Start time: 17:38:28 on Apr 22,2025
# vlog -reportprogress 300 "+define+tb_00=1" -work work "+incdir+{sim_modeldefine}" sim_model\tb_top.v 
# -- Compiling module tb_top
# 
# Top level modules:
# 	tb_top
# End time: 17:38:28 on Apr 22,2025, Elapsed time: 0:00:00
# Errors: 0, Warnings: 0
# End time: 17:38:31 on Apr 22,2025, Elapsed time: 0:08:40
# Errors: 0, Warnings: 6
# vsim -t 1ps -c -l ./log/vsim_tb_00_report.log work.tb_top -L UNISIMS_VER -L SECUREIP -L SIMPRIMS_VER -L work -voptargs="+acc" work.glbl -wav ./wave/tb_00.wlf 
# Start time: 17:38:31 on Apr 22,2025
# ** Note: (vsim-3813) Design is being optimized due to module recompilation...
# ** Warning: ../rtl/03_srio/srio_top.v(454): (vopt-2685) [TFMPC] - Too few port connections for 'U_INI_RX_DEC'.  Expected 13, found 12.
# ** Warning: ../rtl/03_srio/srio_top.v(454): (vopt-2718) [TFMPC] - Missing connection for port 'INI_RDY'.
# ** Warning: ../rtl/03_srio/srio_top.v(497): (vopt-2685) [TFMPC] - Too few port connections for 'U_TAG_RX_DEC'.  Expected 24, found 23.
# ** Warning: ../rtl/03_srio/srio_top.v(497): (vopt-2718) [TFMPC] - Missing connection for port 'TAG_RDY'.
# ** Note: (vsim-12126) Error and warning message counts have been restored: Errors=0, Warnings=4.
# Loading work.tb_top(fast)
# Loading work.SIM_MODEL(fast)
# Loading work.SRIO_TOP(fast)
# Loading work.INI_REG_TX(fast)
# Loading work.sfifo_i72o72_d512(fast)
# Loading UNISIMS_VER.GND(fast)
# Loading UNISIMS_VER.LUT1(fast)
# Loading UNISIMS_VER.LUT2(fast)
# Loading UNISIMS_VER.LUT3(fast)
# Loading UNISIMS_VER.FDRE(fast)
# Loading UNISIMS_VER.CARRY4(fast)
# Loading UNISIMS_VER.LUT5(fast)
# Loading UNISIMS_VER.LUT5(fast__1)
# Loading UNISIMS_VER.FDSE(fast)
# Loading UNISIMS_VER.LUT4(fast)
# Loading UNISIMS_VER.LUT4(fast__1)
# Loading UNISIMS_VER.LUT3(fast__1)
# Loading UNISIMS_VER.LUT3(fast__2)
# Loading UNISIMS_VER.LUT4(fast__2)
# Loading UNISIMS_VER.LUT6(fast)
# Loading UNISIMS_VER.LUT2(fast__1)
# Loading UNISIMS_VER.LUT3(fast__3)
# Loading UNISIMS_VER.LUT4(fast__3)
# Loading UNISIMS_VER.LUT5(fast__2)
# Loading UNISIMS_VER.LUT6(fast__1)
# Loading UNISIMS_VER.LUT6(fast__2)
# Loading UNISIMS_VER.LUT4(fast__4)
# Loading UNISIMS_VER.LUT2(fast__2)
# Loading UNISIMS_VER.LUT5(fast__3)
# Loading UNISIMS_VER.LUT4(fast__5)
# Loading UNISIMS_VER.LUT1(fast__1)
# Loading UNISIMS_VER.RAMB36E1(fast)
# Loading UNISIMS_VER.RB36_INTERNAL_VLOG(fast)
# Loading work.INI_DMA_WR(fast)
# Loading work.sfifo_i64o64_d512(fast)
# Loading work.INI_DMA_RD(fast)
# Loading work.ARBITA_CH6(fast)
# Loading work.SRIO_TX(fast)
# Loading work.afifo_i72o72_d2048(fast)
# Loading work.afifo_i72o72_d2048_xpm_cdc_gray(fast)
# Loading UNISIMS_VER.LUT6(fast__3)
# Loading UNISIMS_VER.LUT5(fast__4)
# Loading UNISIMS_VER.LUT4(fast__6)
# Loading UNISIMS_VER.LUT3(fast__4)
# Loading work.afifo_i72o72_d2048_xpm_cdc_gray__2(fast)
# Loading UNISIMS_VER.LUT6(fast__4)
# Loading UNISIMS_VER.LUT4(fast__7)
# Loading UNISIMS_VER.LUT6(fast__5)
# Loading UNISIMS_VER.LUT5(fast__5)
# Loading UNISIMS_VER.LUT6(fast__6)
# Loading UNISIMS_VER.FDSE(fast__1)
# Loading UNISIMS_VER.RAMB36E1(fast__1)
# Loading UNISIMS_VER.RB36_INTERNAL_VLOG(fast__1)
# Loading UNISIMS_VER.SRL16E(fast)
# Loading UNISIMS_VER.LUT2(fast__3)
# Loading UNISIMS_VER.FDRE(fast__1)
# Loading UNISIMS_VER.LUT3(fast__5)
# Loading UNISIMS_VER.LUT4(fast__8)
# Loading UNISIMS_VER.LUT6(fast__7)
# Loading work.afifo_i72o72_d2048_xpm_cdc_single(fast)
# Loading work.afifo_i72o72_d2048_xpm_cdc_single__2(fast)
# Loading work.afifo_i72o72_d2048_xpm_cdc_sync_rst(fast)
# Loading work.afifo_i72o72_d2048_xpm_cdc_sync_rst__2(fast)
# Loading work.SRIO_RX(fast)
# Loading work.INI_RX_DEC(fast)
# Loading work.TAG_RX_DEC(fast)
# Loading work.TAG_REG_TX(fast)
# Loading work.TAG_DMA_TX(fast)
# Loading work.BIST_REG(fast)
# Loading work.RAM_BIST(fast)
# Loading work.sram_i64o64_d256(fast)
# Loading UNISIMS_VER.RAMB36E1(fast__2)
# Loading UNISIMS_VER.RB36_INTERNAL_VLOG(fast__2)
# Loading work.glbl(fast)
# ** Warning: (vsim-3015) [PCDPC] - Port size (9) does not match connection size (8) for port 'TAG_WR_SIZE'. The port definition is at: ../rtl/03_srio/srio_top.v(82).
#    Time: 0 ps  Iteration: 0  Instance: /tb_top/U_SRIO_TOP File: sim_model/tb_top.v Line: 763
#  
# ******<<<<<<<<<<<<<<<<<<<<<<Simulation tb_00 start>>>>>>>>>>>>>>>>>>>>>>> ******
#  
# ---- Initial simulation
# ---- clock ---- 1111 ---- enable
# ---- Wait for  64 cycles
# ---- Wait for  64 cycles end
# ---- Wait for  16 cycles
# ---- Wait for  16 cycles end
# ---- reseting by cycle
# ---- reset0   64 cycle end
# ---- Wait for  16 cycles
# ---- Wait for  16 cycles end
# ---- reseting by ns
# ---- reset1  255 ns end
# ---- Write register   PORT :0x0    ADD :0x200    DATA :0x89abcd0e
# ---- Wait for  16 cycles
# ---- Wait for  16 cycles end
# ---- [Success  ]Read register   PORT :0x0    ADD :0x200    EDAT :0x89abcd0e    RDAT :0x89abcd0e
# ---- Wait for  16 cycles
# ---- Wait for  16 cycles end
# ---- DRAM write PORT :0x01    ADD :0x0000001    SIZE :0x010
# ---- DRAM write end
# ---- Wait for  16 cycles
# ---- Wait for  16 cycles end
# ---- DRAM read PORT :0x01    ADD :0x0000001    SIZE :0x010
# ---- [Error      ]Read dram wait data timeout
# ---- [Error      ]DRAM  PORT :0x01    ADD :0x0000001    SIZE :0x010    faild read end
# ---- Wait for  16 cycles
# ---- Wait for  16 cycles end
# ---- Wait for 255 cycles
# ---- Wait for 255 cycles end
# ---- tb_00 test completed !
#  
# ******<<<<<<<<<<<<<<<<<<<<<<Simulation tb_00 Fail End>>>>>>>>>>>>>>>>>>>>>>> ******
#  
# A time value could not be extracted from the current line
do do/compile_all.do
# ** Warning: (vlib-34) Library already exists at "work".
# Errors: 0, Warnings: 1
# Model Technology ModelSim SE-64 vmap 2020.4 Lib Mapping Utility 2020.10 Oct 13 2020
# vmap work 
# Reading C:/modeltech64_2020.4/win64/../modelsim.ini
# "work" maps to directory ./work. (Default mapping)
# Model Technology ModelSim SE-64 vlog 2020.4 Compiler 2020.10 Oct 13 2020
# Start time: 17:40:47 on Apr 22,2025
# vlog -reportprogress 300 -work work sim_model/lib/glbl.v 
# -- Compiling module glbl
# 
# Top level modules:
# 	glbl
# End time: 17:40:48 on Apr 22,2025, Elapsed time: 0:00:01
# Errors: 0, Warnings: 0
# ** Warning: (vlib-34) Library already exists at "work".
# Errors: 0, Warnings: 1
# Model Technology ModelSim SE-64 vmap 2020.4 Lib Mapping Utility 2020.10 Oct 13 2020
# vmap work 
# Reading C:/modeltech64_2020.4/win64/../modelsim.ini
# "work" maps to directory ./work. (Default mapping)
# Model Technology ModelSim SE-64 vlog 2020.4 Compiler 2020.10 Oct 13 2020
# Start time: 17:40:48 on Apr 22,2025
# vlog -reportprogress 300 -work work ../rtl/00_xilinx_ip/00_afifo/afifo_i72o72_d2048/afifo_i72o72_d2048_sim_netlist.V 
# -- Compiling module afifo_i72o72_d2048
# -- Compiling module afifo_i72o72_d2048_xpm_cdc_gray
# -- Compiling module afifo_i72o72_d2048_xpm_cdc_gray__2
# -- Compiling module afifo_i72o72_d2048_xpm_cdc_single
# -- Compiling module afifo_i72o72_d2048_xpm_cdc_single__2
# -- Compiling module afifo_i72o72_d2048_xpm_cdc_sync_rst
# -- Compiling module afifo_i72o72_d2048_xpm_cdc_sync_rst__2
# -- Compiling module glbl
# 
# Top level modules:
# 	afifo_i72o72_d2048
# 	glbl
# End time: 17:40:48 on Apr 22,2025, Elapsed time: 0:00:00
# Errors: 0, Warnings: 0
# Model Technology ModelSim SE-64 vlog 2020.4 Compiler 2020.10 Oct 13 2020
# Start time: 17:40:48 on Apr 22,2025
# vlog -reportprogress 300 -work work ../rtl/00_xilinx_ip/01_sfifo/sfifo_i32o32_d1024/sfifo_i32o32_d1024_sim_netlist.V 
# -- Compiling module sfifo_i32o32_d1024
# -- Compiling module glbl
# 
# Top level modules:
# 	sfifo_i32o32_d1024
# 	glbl
# End time: 17:40:49 on Apr 22,2025, Elapsed time: 0:00:01
# Errors: 0, Warnings: 0
# Model Technology ModelSim SE-64 vlog 2020.4 Compiler 2020.10 Oct 13 2020
# Start time: 17:40:49 on Apr 22,2025
# vlog -reportprogress 300 -work work ../rtl/00_xilinx_ip/01_sfifo/sfifo_i64o64_d512/sfifo_i64o64_d512_sim_netlist.V 
# -- Compiling module sfifo_i64o64_d512
# -- Compiling module glbl
# 
# Top level modules:
# 	sfifo_i64o64_d512
# 	glbl
# End time: 17:40:49 on Apr 22,2025, Elapsed time: 0:00:00
# Errors: 0, Warnings: 0
# Model Technology ModelSim SE-64 vlog 2020.4 Compiler 2020.10 Oct 13 2020
# Start time: 17:40:49 on Apr 22,2025
# vlog -reportprogress 300 -work work ../rtl/00_xilinx_ip/01_sfifo/sfifo_i72o72_d512/sfifo_i72o72_d512_sim_netlist.V 
# -- Compiling module sfifo_i72o72_d512
# -- Compiling module glbl
# 
# Top level modules:
# 	sfifo_i72o72_d512
# 	glbl
# End time: 17:40:49 on Apr 22,2025, Elapsed time: 0:00:00
# Errors: 0, Warnings: 0
# Model Technology ModelSim SE-64 vlog 2020.4 Compiler 2020.10 Oct 13 2020
# Start time: 17:40:49 on Apr 22,2025
# vlog -reportprogress 300 -work work ../rtl/00_xilinx_ip/03_ram/sram_i64o64_d256/sram_i64o64_d256_sim_netlist.V 
# -- Compiling module sram_i64o64_d256
# -- Compiling module glbl
# 
# Top level modules:
# 	sram_i64o64_d256
# 	glbl
# End time: 17:40:50 on Apr 22,2025, Elapsed time: 0:00:01
# Errors: 0, Warnings: 0
# Model Technology ModelSim SE-64 vlog 2020.4 Compiler 2020.10 Oct 13 2020
# Start time: 17:40:50 on Apr 22,2025
# vlog -reportprogress 300 -work work ../rtl/01_user_ip/arbita_ch6.v ../rtl/01_user_ip/pulse_gen.v 
# -- Compiling module ARBITA_CH6
# -- Compiling module PULSE_GEN
# 
# Top level modules:
# 	ARBITA_CH6
# 	PULSE_GEN
# End time: 17:40:50 on Apr 22,2025, Elapsed time: 0:00:00
# Errors: 0, Warnings: 0
# Model Technology ModelSim SE-64 vlog 2020.4 Compiler 2020.10 Oct 13 2020
# Start time: 17:40:50 on Apr 22,2025
# vlog -reportprogress 300 -work work ../rtl/03_srio/ini_dma_rd.v ../rtl/03_srio/ini_dma_wr.v ../rtl/03_srio/ini_reg_tx.v ../rtl/03_srio/ini_rx_dec.v ../rtl/03_srio/srio_rx.v ../rtl/03_srio/srio_top.v ../rtl/03_srio/srio_tx.v ../rtl/03_srio/tag_dma_tx.v ../rtl/03_srio/tag_reg_tx.v ../rtl/03_srio/tag_rx_dec.v 
# -- Compiling module INI_DMA_RD
# -- Compiling module INI_DMA_WR
# -- Compiling module INI_REG_TX
# -- Compiling module INI_RX_DEC
# -- Compiling module SRIO_RX
# -- Compiling module SRIO_TOP
# -- Compiling module SRIO_TX
# -- Compiling module TAG_DMA_TX
# -- Compiling module TAG_REG_TX
# -- Compiling module TAG_RX_DEC
# 
# Top level modules:
# 	SRIO_TOP
# End time: 17:40:50 on Apr 22,2025, Elapsed time: 0:00:00
# Errors: 0, Warnings: 0
# Model Technology ModelSim SE-64 vlog 2020.4 Compiler 2020.10 Oct 13 2020
# Start time: 17:40:50 on Apr 22,2025
# vlog -reportprogress 300 -work work ../rtl/04_bist/bist_reg.v ../rtl/04_bist/ram_bist.v 
# -- Compiling module BIST_REG
# -- Compiling module RAM_BIST
# 
# Top level modules:
# 	BIST_REG
# 	RAM_BIST
# End time: 17:40:50 on Apr 22,2025, Elapsed time: 0:00:00
# Errors: 0, Warnings: 0
# ** Warning: (vlib-34) Library already exists at "work".
# Errors: 0, Warnings: 1
# Model Technology ModelSim SE-64 vmap 2020.4 Lib Mapping Utility 2020.10 Oct 13 2020
# vmap work 
# Reading C:/modeltech64_2020.4/win64/../modelsim.ini
# "work" maps to directory ./work. (Default mapping)
# Model Technology ModelSim SE-64 vlog 2020.4 Compiler 2020.10 Oct 13 2020
# Start time: 17:40:50 on Apr 22,2025
# vlog -reportprogress 300 -work work sim_model/define/define.v 
# End time: 17:40:50 on Apr 22,2025, Elapsed time: 0:00:00
# Errors: 0, Warnings: 0
# Model Technology ModelSim SE-64 vlog 2020.4 Compiler 2020.10 Oct 13 2020
# Start time: 17:40:50 on Apr 22,2025
# vlog -reportprogress 300 "+define+tb_00=1" -work work "+incdir+{sim_model/define}" sim_model/sim_model.v 
# -- Compiling module SIM_MODEL
# 
# Top level modules:
# 	SIM_MODEL
# End time: 17:40:51 on Apr 22,2025, Elapsed time: 0:00:01
# Errors: 0, Warnings: 0
# Model Technology ModelSim SE-64 vlog 2020.4 Compiler 2020.10 Oct 13 2020
# Start time: 17:40:51 on Apr 22,2025
# vlog -reportprogress 300 "+define+tb_00=1" -work work "+incdir+{sim_model/define}" sim_model/tb_top.v 
# -- Compiling module tb_top
# 
# Top level modules:
# 	tb_top
# End time: 17:40:51 on Apr 22,2025, Elapsed time: 0:00:00
# Errors: 0, Warnings: 0
do do/tb_00.do
# Model Technology ModelSim SE-64 vlog 2020.4 Compiler 2020.10 Oct 13 2020
# Start time: 17:40:53 on Apr 22,2025
# vlog -reportprogress 300 "+define+tb_00=1" -work work sim_model\define\define.v 
# End time: 17:40:53 on Apr 22,2025, Elapsed time: 0:00:00
# Errors: 0, Warnings: 0
# Model Technology ModelSim SE-64 vlog 2020.4 Compiler 2020.10 Oct 13 2020
# Start time: 17:40:53 on Apr 22,2025
# vlog -reportprogress 300 "+define+tb_00=1" -work work "+incdir+{sim_modeldefine}" sim_model\tb_top.v 
# -- Compiling module tb_top
# 
# Top level modules:
# 	tb_top
# End time: 17:40:53 on Apr 22,2025, Elapsed time: 0:00:00
# Errors: 0, Warnings: 0
# End time: 17:40:57 on Apr 22,2025, Elapsed time: 0:02:26
# Errors: 0, Warnings: 5
# vsim -t 1ps -c -l ./log/vsim_tb_00_report.log work.tb_top -L UNISIMS_VER -L SECUREIP -L SIMPRIMS_VER -L work -voptargs="+acc" work.glbl -wav ./wave/tb_00.wlf 
# Start time: 17:40:57 on Apr 22,2025
# ** Note: (vsim-3813) Design is being optimized due to module recompilation...
# Loading work.tb_top(fast)
# Loading work.SIM_MODEL(fast)
# Loading work.SRIO_TOP(fast)
# Loading work.INI_REG_TX(fast)
# Loading work.sfifo_i72o72_d512(fast)
# Loading UNISIMS_VER.GND(fast)
# Loading UNISIMS_VER.LUT1(fast)
# Loading UNISIMS_VER.LUT2(fast)
# Loading UNISIMS_VER.LUT3(fast)
# Loading UNISIMS_VER.FDRE(fast)
# Loading UNISIMS_VER.CARRY4(fast)
# Loading UNISIMS_VER.LUT5(fast)
# Loading UNISIMS_VER.LUT5(fast__1)
# Loading UNISIMS_VER.FDSE(fast)
# Loading UNISIMS_VER.LUT4(fast)
# Loading UNISIMS_VER.LUT4(fast__1)
# Loading UNISIMS_VER.LUT3(fast__1)
# Loading UNISIMS_VER.LUT3(fast__2)
# Loading UNISIMS_VER.LUT4(fast__2)
# Loading UNISIMS_VER.LUT6(fast)
# Loading UNISIMS_VER.LUT2(fast__1)
# Loading UNISIMS_VER.LUT3(fast__3)
# Loading UNISIMS_VER.LUT4(fast__3)
# Loading UNISIMS_VER.LUT5(fast__2)
# Loading UNISIMS_VER.LUT6(fast__1)
# Loading UNISIMS_VER.LUT6(fast__2)
# Loading UNISIMS_VER.LUT4(fast__4)
# Loading UNISIMS_VER.LUT2(fast__2)
# Loading UNISIMS_VER.LUT5(fast__3)
# Loading UNISIMS_VER.LUT4(fast__5)
# Loading UNISIMS_VER.LUT1(fast__1)
# Loading UNISIMS_VER.RAMB36E1(fast)
# Loading UNISIMS_VER.RB36_INTERNAL_VLOG(fast)
# Loading work.INI_DMA_WR(fast)
# Loading work.sfifo_i64o64_d512(fast)
# Loading work.INI_DMA_RD(fast)
# Loading work.ARBITA_CH6(fast)
# Loading work.SRIO_TX(fast)
# Loading work.afifo_i72o72_d2048(fast)
# Loading work.afifo_i72o72_d2048_xpm_cdc_gray(fast)
# Loading UNISIMS_VER.LUT6(fast__3)
# Loading UNISIMS_VER.LUT5(fast__4)
# Loading UNISIMS_VER.LUT4(fast__6)
# Loading UNISIMS_VER.LUT3(fast__4)
# Loading work.afifo_i72o72_d2048_xpm_cdc_gray__2(fast)
# Loading UNISIMS_VER.LUT6(fast__4)
# Loading UNISIMS_VER.LUT4(fast__7)
# Loading UNISIMS_VER.LUT6(fast__5)
# Loading UNISIMS_VER.LUT5(fast__5)
# Loading UNISIMS_VER.LUT6(fast__6)
# Loading UNISIMS_VER.FDSE(fast__1)
# Loading UNISIMS_VER.RAMB36E1(fast__1)
# Loading UNISIMS_VER.RB36_INTERNAL_VLOG(fast__1)
# Loading UNISIMS_VER.SRL16E(fast)
# Loading UNISIMS_VER.LUT2(fast__3)
# Loading UNISIMS_VER.FDRE(fast__1)
# Loading UNISIMS_VER.LUT3(fast__5)
# Loading UNISIMS_VER.LUT4(fast__8)
# Loading UNISIMS_VER.LUT6(fast__7)
# Loading work.afifo_i72o72_d2048_xpm_cdc_single(fast)
# Loading work.afifo_i72o72_d2048_xpm_cdc_single__2(fast)
# Loading work.afifo_i72o72_d2048_xpm_cdc_sync_rst(fast)
# Loading work.afifo_i72o72_d2048_xpm_cdc_sync_rst__2(fast)
# Loading work.SRIO_RX(fast)
# Loading work.INI_RX_DEC(fast)
# Loading work.TAG_RX_DEC(fast)
# Loading work.TAG_REG_TX(fast)
# Loading work.TAG_DMA_TX(fast)
# Loading work.BIST_REG(fast)
# Loading work.RAM_BIST(fast)
# Loading work.sram_i64o64_d256(fast)
# Loading UNISIMS_VER.RAMB36E1(fast__2)
# Loading UNISIMS_VER.RB36_INTERNAL_VLOG(fast__2)
# Loading work.glbl(fast)
#  
# ******<<<<<<<<<<<<<<<<<<<<<<Simulation tb_00 start>>>>>>>>>>>>>>>>>>>>>>> ******
#  
# ---- Initial simulation
# ---- clock ---- 1111 ---- enable
# ---- Wait for  64 cycles
# ---- Wait for  64 cycles end
# ---- Wait for  16 cycles
# ---- Wait for  16 cycles end
# ---- reseting by cycle
# ---- reset0   64 cycle end
# ---- Wait for  16 cycles
# ---- Wait for  16 cycles end
# ---- reseting by ns
# ---- reset1  255 ns end
# ---- Write register   PORT :0x0    ADD :0x200    DATA :0x89abcd0e
# ---- Wait for  16 cycles
# ---- Wait for  16 cycles end
# ---- [Success  ]Read register   PORT :0x0    ADD :0x200    EDAT :0x89abcd0e    RDAT :0x89abcd0e
# ---- Wait for  16 cycles
# ---- Wait for  16 cycles end
# ---- DRAM write PORT :0x01    ADD :0x0000001    SIZE :0x010
# ---- DRAM write end
# ---- Wait for  16 cycles
# ---- Wait for  16 cycles end
# ---- DRAM read PORT :0x01    ADD :0x0000001    SIZE :0x010
# ---- [Error      ]Read dram wait data timeout
# ---- [Error      ]DRAM  PORT :0x01    ADD :0x0000001    SIZE :0x010    faild read end
# ---- Wait for  16 cycles
# ---- Wait for  16 cycles end
# ---- Wait for 255 cycles
# ---- Wait for 255 cycles end
# ---- tb_00 test completed !
#  
# ******<<<<<<<<<<<<<<<<<<<<<<Simulation tb_00 Fail End>>>>>>>>>>>>>>>>>>>>>>> ******
#  
# End time: 09:06:27 on Apr 23,2025, Elapsed time: 15:25:30
# Errors: 0, Warnings: 0
