# vsim -t 1ps -c -l ./log/vsim_tb_01_report.log work.tb_top -L UNISIMS_VER -L SECUREIP -L SIMPRIMS_VER -L work -voptargs="+acc" work.glbl -wav ./wave/tb_01.wlf 
# Start time: 14:38:38 on Mar 13,2025
# ** Note: (vsim-3812) Design is being optimized...
# ** Error (suppressible): ../rtl/03_pcie_if_gx/pcie_if_gx_x1.v(961): (vopt-2912) Port 'DN_EBUF_WR_DATA' not found in module 'PCIE_DN_DMA' (12th connection).
# Optimization failed
# ** Note: (vsim-12126) Error and warning message counts have been restored: Errors=1, Warnings=0.
# Error loading design
# Error: Error loading design
#        Pausing macro execution
# MACRO ./do/tb_01.do PAUSED at line 6
do do/compile_all.do
# ** Warning: (vlib-34) Library already exists at "work".
# Errors: 0, Warnings: 1
# Model Technology ModelSim SE-64 vmap 2020.4 Lib Mapping Utility 2020.10 Oct 13 2020
# vmap work 
# Reading C:/modeltech64_2020.4/win64/../modelsim.ini
# "work" maps to directory ./work. (Default mapping)
# Model Technology ModelSim SE-64 vlog 2020.4 Compiler 2020.10 Oct 13 2020
# Start time: 14:39:21 on Mar 13,2025
# vlog -reportprogress 300 -work work sim_model/lib/glbl.v 
# -- Compiling module glbl
# 
# Top level modules:
# 	glbl
# End time: 14:39:22 on Mar 13,2025, Elapsed time: 0:00:01
# Errors: 0, Warnings: 0
# ** Warning: (vlib-34) Library already exists at "work".
# Errors: 0, Warnings: 1
# Model Technology ModelSim SE-64 vmap 2020.4 Lib Mapping Utility 2020.10 Oct 13 2020
# vmap work 
# Reading C:/modeltech64_2020.4/win64/../modelsim.ini
# "work" maps to directory ./work. (Default mapping)
# Model Technology ModelSim SE-64 vlog 2020.4 Compiler 2020.10 Oct 13 2020
# Start time: 14:39:22 on Mar 13,2025
# vlog -reportprogress 300 -work work ../rtl/00_xilinx_ip/0_sbram/sram_i64o64_d256/sram_i64o64_d256_sim_netlist.V 
# -- Compiling module sram_i64o64_d256
# -- Compiling module glbl
# 
# Top level modules:
# 	sram_i64o64_d256
# 	glbl
# End time: 14:39:22 on Mar 13,2025, Elapsed time: 0:00:00
# Errors: 0, Warnings: 0
# Model Technology ModelSim SE-64 vlog 2020.4 Compiler 2020.10 Oct 13 2020
# Start time: 14:39:23 on Mar 13,2025
# vlog -reportprogress 300 -work work ../rtl/00_xilinx_ip/1_afifo/afifo_i72o72_d2048/afifo_i72o72_d2048_sim_netlist.V 
# -- Compiling module afifo_i72o72_d2048
# -- Compiling module afifo_i72o72_d2048_xpm_cdc_async_rst
# -- Compiling module afifo_i72o72_d2048_xpm_cdc_async_rst__1
# -- Compiling module afifo_i72o72_d2048_xpm_cdc_gray
# -- Compiling module afifo_i72o72_d2048_xpm_cdc_gray__2
# -- Compiling module afifo_i72o72_d2048_xpm_cdc_single
# -- Compiling module afifo_i72o72_d2048_xpm_cdc_single__2
# -- Compiling module glbl
# 
# Top level modules:
# 	afifo_i72o72_d2048
# 	glbl
# End time: 14:39:23 on Mar 13,2025, Elapsed time: 0:00:00
# Errors: 0, Warnings: 0
# Model Technology ModelSim SE-64 vlog 2020.4 Compiler 2020.10 Oct 13 2020
# Start time: 14:39:23 on Mar 13,2025
# vlog -reportprogress 300 -work work ../rtl/00_xilinx_ip/1_afifo/afifo_i90o90_d512/afifo_i90o90_d512_sim_netlist.V 
# -- Compiling module afifo_i90o90_d512
# -- Compiling module afifo_i90o90_d512_xpm_cdc_async_rst
# -- Compiling module afifo_i90o90_d512_xpm_cdc_async_rst__1
# -- Compiling module afifo_i90o90_d512_xpm_cdc_gray
# -- Compiling module afifo_i90o90_d512_xpm_cdc_gray__2
# -- Compiling module afifo_i90o90_d512_xpm_cdc_single
# -- Compiling module afifo_i90o90_d512_xpm_cdc_single__2
# -- Compiling module glbl
# 
# Top level modules:
# 	afifo_i90o90_d512
# 	glbl
# End time: 14:39:24 on Mar 13,2025, Elapsed time: 0:00:01
# Errors: 0, Warnings: 0
# Model Technology ModelSim SE-64 vlog 2020.4 Compiler 2020.10 Oct 13 2020
# Start time: 14:39:24 on Mar 13,2025
# vlog -reportprogress 300 -work work ../rtl/00_xilinx_ip/2_sfifo/sfifo_i72o72_d512/sfifo_i72o72_d512_sim_netlist.V 
# -- Compiling module sfifo_i72o72_d512
# -- Compiling module glbl
# 
# Top level modules:
# 	sfifo_i72o72_d512
# 	glbl
# End time: 14:39:24 on Mar 13,2025, Elapsed time: 0:00:00
# Errors: 0, Warnings: 0
# Model Technology ModelSim SE-64 vlog 2020.4 Compiler 2020.10 Oct 13 2020
# Start time: 14:39:24 on Mar 13,2025
# vlog -reportprogress 300 -work work ../rtl/00_xilinx_ip/2_sfifo/sfifo_i180_o180_d512/sfifo_i180_o180_d512_sim_netlist.V 
# -- Compiling module sfifo_i180_o180_d512
# -- Compiling module glbl
# 
# Top level modules:
# 	sfifo_i180_o180_d512
# 	glbl
# End time: 14:39:24 on Mar 13,2025, Elapsed time: 0:00:00
# Errors: 0, Warnings: 0
# Model Technology ModelSim SE-64 vlog 2020.4 Compiler 2020.10 Oct 13 2020
# Start time: 14:39:24 on Mar 13,2025
# vlog -reportprogress 300 -work work ../rtl/00_xilinx_ip/2_sfifo/sfifo_i108o108_d512/sfifo_i108o108_d512_sim_netlist.V 
# -- Compiling module sfifo_i108o108_d512
# -- Compiling module glbl
# 
# Top level modules:
# 	sfifo_i108o108_d512
# 	glbl
# End time: 14:39:25 on Mar 13,2025, Elapsed time: 0:00:01
# Errors: 0, Warnings: 0
# Model Technology ModelSim SE-64 vlog 2020.4 Compiler 2020.10 Oct 13 2020
# Start time: 14:39:25 on Mar 13,2025
# vlog -reportprogress 300 -work work ../rtl/01_user_ip/pulse_gen.v 
# -- Compiling module PULSE_GEN
# 
# Top level modules:
# 	PULSE_GEN
# End time: 14:39:25 on Mar 13,2025, Elapsed time: 0:00:00
# Errors: 0, Warnings: 0
# Model Technology ModelSim SE-64 vlog 2020.4 Compiler 2020.10 Oct 13 2020
# Start time: 14:39:25 on Mar 13,2025
# vlog -reportprogress 300 -work work ../rtl/03_pcie_if_gx/pcie_dn_arbit.v ../rtl/03_pcie_if_gx/pcie_dn_cpld_dpk.v ../rtl/03_pcie_if_gx/pcie_dn_cpld_if.v ../rtl/03_pcie_if_gx/pcie_dn_dek.v ../rtl/03_pcie_if_gx/pcie_dn_dma.v ../rtl/03_pcie_if_gx/pcie_dn_if.v ../rtl/03_pcie_if_gx/pcie_dn_lbuf.v ../rtl/03_pcie_if_gx/pcie_dn_reg.v ../rtl/03_pcie_if_gx/pcie_if_gx_x1.v ../rtl/03_pcie_if_gx/pcie_int.v ../rtl/03_pcie_if_gx/pcie_reg_ack.v ../rtl/03_pcie_if_gx/pcie_reg_if.v ../rtl/03_pcie_if_gx/pcie_reg_int.v ../rtl/03_pcie_if_gx/pcie_rx.v ../rtl/03_pcie_if_gx/pcie_tx.v ../rtl/03_pcie_if_gx/pcie_up_arbit.v ../rtl/03_pcie_if_gx/pcie_up_dma.v ../rtl/03_pcie_if_gx/pcie_up_if.v ../rtl/03_pcie_if_gx/pcie_up_lbuf.v ../rtl/03_pcie_if_gx/pcie_up_reg.v ../rtl/03_pcie_if_gx/pcie_up_ufk.v 
# -- Compiling module PCIE_DN_ARBIT
# -- Compiling module PCIE_DN_CPLD_DPK
# -- Compiling module PCIE_DN_CPLD_IF
# -- Compiling module PCIE_DN_DEK
# -- Compiling module PCIE_DN_DMA
# -- Compiling module PCIE_DN_IF
# -- Compiling module PCIE_DN_LBUF
# -- Compiling module PCIE_DN_REG
# -- Compiling module PCIE_IF_GX
# -- Compiling module PCIE_INT
# -- Compiling module PCIE_REG_ACK
# -- Compiling module PCIE_REG_IF
# -- Compiling module PCIE_REG_INT
# -- Compiling module PCIE_RX
# -- Compiling module PCIE_TX
# -- Compiling module PCIE_UP_ARBIT
# -- Compiling module PCIE_UP_DMA
# -- Compiling module PCIE_UP_IF
# -- Compiling module PCIE_UP_LBUF
# -- Compiling module PCIE_UP_REG
# -- Compiling module PCIE_UP_UFK
# 
# Top level modules:
# 	PCIE_IF_GX
# 	PCIE_INT
# End time: 14:39:25 on Mar 13,2025, Elapsed time: 0:00:00
# Errors: 0, Warnings: 0
# Model Technology ModelSim SE-64 vlog 2020.4 Compiler 2020.10 Oct 13 2020
# Start time: 14:39:25 on Mar 13,2025
# vlog -reportprogress 300 -work work ../rtl/04_bist/bist_reg.v ../rtl/04_bist/ram_bist.v 
# -- Compiling module BIST_REG
# -- Compiling module RAM_BIST
# 
# Top level modules:
# 	BIST_REG
# 	RAM_BIST
# End time: 14:39:25 on Mar 13,2025, Elapsed time: 0:00:00
# Errors: 0, Warnings: 0
# Model Technology ModelSim SE-64 vlog 2020.4 Compiler 2020.10 Oct 13 2020
# Start time: 14:39:25 on Mar 13,2025
# vlog -reportprogress 300 -work work ../rtl/05_pc_sim/pc_sim.v 
# -- Compiling module PC_SIM
# 
# Top level modules:
# 	PC_SIM
# End time: 14:39:26 on Mar 13,2025, Elapsed time: 0:00:01
# Errors: 0, Warnings: 0
# Model Technology ModelSim SE-64 vlog 2020.4 Compiler 2020.10 Oct 13 2020
# Start time: 14:39:26 on Mar 13,2025
# vlog -reportprogress 300 -work work ../rtl/fpga_top_sim.V 
# -- Compiling module FPGA_TOP_SIM
# 
# Top level modules:
# 	FPGA_TOP_SIM
# End time: 14:39:26 on Mar 13,2025, Elapsed time: 0:00:00
# Errors: 0, Warnings: 0
# ** Warning: (vlib-34) Library already exists at "work".
# Errors: 0, Warnings: 1
# Model Technology ModelSim SE-64 vmap 2020.4 Lib Mapping Utility 2020.10 Oct 13 2020
# vmap work 
# Reading C:/modeltech64_2020.4/win64/../modelsim.ini
# "work" maps to directory ./work. (Default mapping)
# Model Technology ModelSim SE-64 vlog 2020.4 Compiler 2020.10 Oct 13 2020
# Start time: 14:39:26 on Mar 13,2025
# vlog -reportprogress 300 -work work sim_model/define/define.v 
# End time: 14:39:26 on Mar 13,2025, Elapsed time: 0:00:00
# Errors: 0, Warnings: 0
# Model Technology ModelSim SE-64 vlog 2020.4 Compiler 2020.10 Oct 13 2020
# Start time: 14:39:26 on Mar 13,2025
# vlog -reportprogress 300 "+define+tb_00=1" -work work "+incdir+{sim_model/define}" sim_model/sim_model.v 
# -- Compiling module SIM_MODEL
# 
# Top level modules:
# 	SIM_MODEL
# End time: 14:39:26 on Mar 13,2025, Elapsed time: 0:00:00
# Errors: 0, Warnings: 0
# Model Technology ModelSim SE-64 vlog 2020.4 Compiler 2020.10 Oct 13 2020
# Start time: 14:39:26 on Mar 13,2025
# vlog -reportprogress 300 "+define+tb_00=1" -work work "+incdir+{sim_model/define}" sim_model/tb_top.v 
# -- Compiling module tb_top
# 
# Top level modules:
# 	tb_top
# End time: 14:39:26 on Mar 13,2025, Elapsed time: 0:00:00
# Errors: 0, Warnings: 0
do do/tb_01.do
# Model Technology ModelSim SE-64 vlog 2020.4 Compiler 2020.10 Oct 13 2020
# Start time: 14:39:28 on Mar 13,2025
# vlog -reportprogress 300 "+define+tb_01=1" -work work sim_model\define\define.v 
# End time: 14:39:28 on Mar 13,2025, Elapsed time: 0:00:00
# Errors: 0, Warnings: 0
# Model Technology ModelSim SE-64 vlog 2020.4 Compiler 2020.10 Oct 13 2020
# Start time: 14:39:28 on Mar 13,2025
# vlog -reportprogress 300 "+define+tb_01=1" -work work "+incdir+{sim_modeldefine}" sim_model\tb_top.v 
# -- Compiling module tb_top
# 
# Top level modules:
# 	tb_top
# End time: 14:39:28 on Mar 13,2025, Elapsed time: 0:00:00
# Errors: 0, Warnings: 0
# vsim -t 1ps -c -l ./log/vsim_tb_01_report.log work.tb_top -L UNISIMS_VER -L SECUREIP -L SIMPRIMS_VER -L work -voptargs="+acc" work.glbl -wav ./wave/tb_01.wlf 
# Start time: 14:38:38 on Mar 13,2025
# ** Note: (vsim-3812) Design is being optimized...
# ** Error (suppressible): ../rtl/03_pcie_if_gx/pcie_if_gx_x1.v(960): (vopt-2912) Port 'DN_EBUF_WR_DATA' not found in module 'PCIE_DN_DMA' (12th connection).
# Optimization failed
# ** Note: (vsim-12126) Error and warning message counts have been restored: Errors=2, Warnings=0.
# Error loading design
# Error: Error loading design
#        Pausing macro execution
# MACRO ./do/tb_01.do PAUSED at line 6
do do/compile_all.do
# ** Warning: (vlib-34) Library already exists at "work".
# Errors: 0, Warnings: 1
# Model Technology ModelSim SE-64 vmap 2020.4 Lib Mapping Utility 2020.10 Oct 13 2020
# vmap work 
# Reading C:/modeltech64_2020.4/win64/../modelsim.ini
# "work" maps to directory ./work. (Default mapping)
# Model Technology ModelSim SE-64 vlog 2020.4 Compiler 2020.10 Oct 13 2020
# Start time: 14:39:52 on Mar 13,2025
# vlog -reportprogress 300 -work work sim_model/lib/glbl.v 
# -- Compiling module glbl
# 
# Top level modules:
# 	glbl
# End time: 14:39:52 on Mar 13,2025, Elapsed time: 0:00:00
# Errors: 0, Warnings: 0
# ** Warning: (vlib-34) Library already exists at "work".
# Errors: 0, Warnings: 1
# Model Technology ModelSim SE-64 vmap 2020.4 Lib Mapping Utility 2020.10 Oct 13 2020
# vmap work 
# Reading C:/modeltech64_2020.4/win64/../modelsim.ini
# "work" maps to directory ./work. (Default mapping)
# Model Technology ModelSim SE-64 vlog 2020.4 Compiler 2020.10 Oct 13 2020
# Start time: 14:39:52 on Mar 13,2025
# vlog -reportprogress 300 -work work ../rtl/00_xilinx_ip/0_sbram/sram_i64o64_d256/sram_i64o64_d256_sim_netlist.V 
# -- Compiling module sram_i64o64_d256
# -- Compiling module glbl
# 
# Top level modules:
# 	sram_i64o64_d256
# 	glbl
# End time: 14:39:53 on Mar 13,2025, Elapsed time: 0:00:01
# Errors: 0, Warnings: 0
# Model Technology ModelSim SE-64 vlog 2020.4 Compiler 2020.10 Oct 13 2020
# Start time: 14:39:53 on Mar 13,2025
# vlog -reportprogress 300 -work work ../rtl/00_xilinx_ip/1_afifo/afifo_i72o72_d2048/afifo_i72o72_d2048_sim_netlist.V 
# -- Compiling module afifo_i72o72_d2048
# -- Compiling module afifo_i72o72_d2048_xpm_cdc_async_rst
# -- Compiling module afifo_i72o72_d2048_xpm_cdc_async_rst__1
# -- Compiling module afifo_i72o72_d2048_xpm_cdc_gray
# -- Compiling module afifo_i72o72_d2048_xpm_cdc_gray__2
# -- Compiling module afifo_i72o72_d2048_xpm_cdc_single
# -- Compiling module afifo_i72o72_d2048_xpm_cdc_single__2
# -- Compiling module glbl
# 
# Top level modules:
# 	afifo_i72o72_d2048
# 	glbl
# End time: 14:39:53 on Mar 13,2025, Elapsed time: 0:00:00
# Errors: 0, Warnings: 0
# Model Technology ModelSim SE-64 vlog 2020.4 Compiler 2020.10 Oct 13 2020
# Start time: 14:39:53 on Mar 13,2025
# vlog -reportprogress 300 -work work ../rtl/00_xilinx_ip/1_afifo/afifo_i90o90_d512/afifo_i90o90_d512_sim_netlist.V 
# -- Compiling module afifo_i90o90_d512
# -- Compiling module afifo_i90o90_d512_xpm_cdc_async_rst
# -- Compiling module afifo_i90o90_d512_xpm_cdc_async_rst__1
# -- Compiling module afifo_i90o90_d512_xpm_cdc_gray
# -- Compiling module afifo_i90o90_d512_xpm_cdc_gray__2
# -- Compiling module afifo_i90o90_d512_xpm_cdc_single
# -- Compiling module afifo_i90o90_d512_xpm_cdc_single__2
# -- Compiling module glbl
# 
# Top level modules:
# 	afifo_i90o90_d512
# 	glbl
# End time: 14:39:54 on Mar 13,2025, Elapsed time: 0:00:01
# Errors: 0, Warnings: 0
# Model Technology ModelSim SE-64 vlog 2020.4 Compiler 2020.10 Oct 13 2020
# Start time: 14:39:54 on Mar 13,2025
# vlog -reportprogress 300 -work work ../rtl/00_xilinx_ip/2_sfifo/sfifo_i72o72_d512/sfifo_i72o72_d512_sim_netlist.V 
# -- Compiling module sfifo_i72o72_d512
# -- Compiling module glbl
# 
# Top level modules:
# 	sfifo_i72o72_d512
# 	glbl
# End time: 14:39:54 on Mar 13,2025, Elapsed time: 0:00:00
# Errors: 0, Warnings: 0
# Model Technology ModelSim SE-64 vlog 2020.4 Compiler 2020.10 Oct 13 2020
# Start time: 14:39:54 on Mar 13,2025
# vlog -reportprogress 300 -work work ../rtl/00_xilinx_ip/2_sfifo/sfifo_i180_o180_d512/sfifo_i180_o180_d512_sim_netlist.V 
# -- Compiling module sfifo_i180_o180_d512
# -- Compiling module glbl
# 
# Top level modules:
# 	sfifo_i180_o180_d512
# 	glbl
# End time: 14:39:54 on Mar 13,2025, Elapsed time: 0:00:00
# Errors: 0, Warnings: 0
# Model Technology ModelSim SE-64 vlog 2020.4 Compiler 2020.10 Oct 13 2020
# Start time: 14:39:55 on Mar 13,2025
# vlog -reportprogress 300 -work work ../rtl/00_xilinx_ip/2_sfifo/sfifo_i108o108_d512/sfifo_i108o108_d512_sim_netlist.V 
# -- Compiling module sfifo_i108o108_d512
# -- Compiling module glbl
# 
# Top level modules:
# 	sfifo_i108o108_d512
# 	glbl
# End time: 14:39:55 on Mar 13,2025, Elapsed time: 0:00:00
# Errors: 0, Warnings: 0
# Model Technology ModelSim SE-64 vlog 2020.4 Compiler 2020.10 Oct 13 2020
# Start time: 14:39:55 on Mar 13,2025
# vlog -reportprogress 300 -work work ../rtl/01_user_ip/pulse_gen.v 
# -- Compiling module PULSE_GEN
# 
# Top level modules:
# 	PULSE_GEN
# End time: 14:39:55 on Mar 13,2025, Elapsed time: 0:00:00
# Errors: 0, Warnings: 0
# Model Technology ModelSim SE-64 vlog 2020.4 Compiler 2020.10 Oct 13 2020
# Start time: 14:39:55 on Mar 13,2025
# vlog -reportprogress 300 -work work ../rtl/03_pcie_if_gx/pcie_dn_arbit.v ../rtl/03_pcie_if_gx/pcie_dn_cpld_dpk.v ../rtl/03_pcie_if_gx/pcie_dn_cpld_if.v ../rtl/03_pcie_if_gx/pcie_dn_dek.v ../rtl/03_pcie_if_gx/pcie_dn_dma.v ../rtl/03_pcie_if_gx/pcie_dn_if.v ../rtl/03_pcie_if_gx/pcie_dn_lbuf.v ../rtl/03_pcie_if_gx/pcie_dn_reg.v ../rtl/03_pcie_if_gx/pcie_if_gx_x1.v ../rtl/03_pcie_if_gx/pcie_int.v ../rtl/03_pcie_if_gx/pcie_reg_ack.v ../rtl/03_pcie_if_gx/pcie_reg_if.v ../rtl/03_pcie_if_gx/pcie_reg_int.v ../rtl/03_pcie_if_gx/pcie_rx.v ../rtl/03_pcie_if_gx/pcie_tx.v ../rtl/03_pcie_if_gx/pcie_up_arbit.v ../rtl/03_pcie_if_gx/pcie_up_dma.v ../rtl/03_pcie_if_gx/pcie_up_if.v ../rtl/03_pcie_if_gx/pcie_up_lbuf.v ../rtl/03_pcie_if_gx/pcie_up_reg.v ../rtl/03_pcie_if_gx/pcie_up_ufk.v 
# -- Compiling module PCIE_DN_ARBIT
# -- Compiling module PCIE_DN_CPLD_DPK
# -- Compiling module PCIE_DN_CPLD_IF
# -- Compiling module PCIE_DN_DEK
# -- Compiling module PCIE_DN_DMA
# -- Compiling module PCIE_DN_IF
# -- Compiling module PCIE_DN_LBUF
# -- Compiling module PCIE_DN_REG
# -- Compiling module PCIE_IF_GX
# -- Compiling module PCIE_INT
# -- Compiling module PCIE_REG_ACK
# -- Compiling module PCIE_REG_IF
# -- Compiling module PCIE_REG_INT
# -- Compiling module PCIE_RX
# -- Compiling module PCIE_TX
# -- Compiling module PCIE_UP_ARBIT
# -- Compiling module PCIE_UP_DMA
# -- Compiling module PCIE_UP_IF
# -- Compiling module PCIE_UP_LBUF
# -- Compiling module PCIE_UP_REG
# -- Compiling module PCIE_UP_UFK
# 
# Top level modules:
# 	PCIE_IF_GX
# 	PCIE_INT
# End time: 14:39:55 on Mar 13,2025, Elapsed time: 0:00:00
# Errors: 0, Warnings: 0
# Model Technology ModelSim SE-64 vlog 2020.4 Compiler 2020.10 Oct 13 2020
# Start time: 14:39:55 on Mar 13,2025
# vlog -reportprogress 300 -work work ../rtl/04_bist/bist_reg.v ../rtl/04_bist/ram_bist.v 
# -- Compiling module BIST_REG
# -- Compiling module RAM_BIST
# 
# Top level modules:
# 	BIST_REG
# 	RAM_BIST
# End time: 14:39:55 on Mar 13,2025, Elapsed time: 0:00:00
# Errors: 0, Warnings: 0
# Model Technology ModelSim SE-64 vlog 2020.4 Compiler 2020.10 Oct 13 2020
# Start time: 14:39:56 on Mar 13,2025
# vlog -reportprogress 300 -work work ../rtl/05_pc_sim/pc_sim.v 
# -- Compiling module PC_SIM
# 
# Top level modules:
# 	PC_SIM
# End time: 14:39:56 on Mar 13,2025, Elapsed time: 0:00:00
# Errors: 0, Warnings: 0
# Model Technology ModelSim SE-64 vlog 2020.4 Compiler 2020.10 Oct 13 2020
# Start time: 14:39:56 on Mar 13,2025
# vlog -reportprogress 300 -work work ../rtl/fpga_top_sim.V 
# -- Compiling module FPGA_TOP_SIM
# 
# Top level modules:
# 	FPGA_TOP_SIM
# End time: 14:39:56 on Mar 13,2025, Elapsed time: 0:00:00
# Errors: 0, Warnings: 0
# ** Warning: (vlib-34) Library already exists at "work".
# Errors: 0, Warnings: 1
# Model Technology ModelSim SE-64 vmap 2020.4 Lib Mapping Utility 2020.10 Oct 13 2020
# vmap work 
# Reading C:/modeltech64_2020.4/win64/../modelsim.ini
# "work" maps to directory ./work. (Default mapping)
# Model Technology ModelSim SE-64 vlog 2020.4 Compiler 2020.10 Oct 13 2020
# Start time: 14:39:56 on Mar 13,2025
# vlog -reportprogress 300 -work work sim_model/define/define.v 
# End time: 14:39:56 on Mar 13,2025, Elapsed time: 0:00:00
# Errors: 0, Warnings: 0
# Model Technology ModelSim SE-64 vlog 2020.4 Compiler 2020.10 Oct 13 2020
# Start time: 14:39:56 on Mar 13,2025
# vlog -reportprogress 300 "+define+tb_00=1" -work work "+incdir+{sim_model/define}" sim_model/sim_model.v 
# -- Compiling module SIM_MODEL
# 
# Top level modules:
# 	SIM_MODEL
# End time: 14:39:56 on Mar 13,2025, Elapsed time: 0:00:00
# Errors: 0, Warnings: 0
# Model Technology ModelSim SE-64 vlog 2020.4 Compiler 2020.10 Oct 13 2020
# Start time: 14:39:56 on Mar 13,2025
# vlog -reportprogress 300 "+define+tb_00=1" -work work "+incdir+{sim_model/define}" sim_model/tb_top.v 
# -- Compiling module tb_top
# 
# Top level modules:
# 	tb_top
# End time: 14:39:56 on Mar 13,2025, Elapsed time: 0:00:00
# Errors: 0, Warnings: 0
do do/tb_01.do
# Model Technology ModelSim SE-64 vlog 2020.4 Compiler 2020.10 Oct 13 2020
# Start time: 14:39:58 on Mar 13,2025
# vlog -reportprogress 300 "+define+tb_01=1" -work work sim_model\define\define.v 
# End time: 14:39:59 on Mar 13,2025, Elapsed time: 0:00:01
# Errors: 0, Warnings: 0
# Model Technology ModelSim SE-64 vlog 2020.4 Compiler 2020.10 Oct 13 2020
# Start time: 14:39:59 on Mar 13,2025
# vlog -reportprogress 300 "+define+tb_01=1" -work work "+incdir+{sim_modeldefine}" sim_model\tb_top.v 
# -- Compiling module tb_top
# 
# Top level modules:
# 	tb_top
# End time: 14:39:59 on Mar 13,2025, Elapsed time: 0:00:00
# Errors: 0, Warnings: 0
# vsim -t 1ps -c -l ./log/vsim_tb_01_report.log work.tb_top -L UNISIMS_VER -L SECUREIP -L SIMPRIMS_VER -L work -voptargs="+acc" work.glbl -wav ./wave/tb_01.wlf 
# Start time: 14:38:38 on Mar 13,2025
# ** Note: (vsim-3812) Design is being optimized...
# ** Note: (vopt-143) Recognized 1 FSM in module "PCIE_DN_ARBIT(fast)".
# ** Note: (vopt-143) Recognized 1 FSM in module "PCIE_UP_ARBIT(fast)".
# ** Note: (vopt-143) Recognized 1 FSM in module "PCIE_UP_DMA(fast__1)".
# ** Note: (vopt-143) Recognized 1 FSM in module "PCIE_UP_DMA(fast)".
# ** Note: (vopt-143) Recognized 1 FSM in module "PCIE_TX(fast)".
# ** Note: (vopt-143) Recognized 1 FSM in module "PCIE_UP_LBUF(fast)".
# ** Note: (vopt-143) Recognized 1 FSM in module "PCIE_DN_IF(fast)".
# ** Note: (vopt-143) Recognized 1 FSM in module "PCIE_DN_DMA(fast)".
# ** Note: (vopt-143) Recognized 1 FSM in module "PCIE_DN_DMA(fast__1)".
# Loading work.tb_top(fast)
# Loading work.SIM_MODEL(fast)
# Loading work.PC_SIM(fast)
# Loading work.PCIE_IF_GX(fast)
# Loading work.PCIE_RX(fast)
# Loading work.sfifo_i180_o180_d512(fast)
# Loading UNISIMS_VER.GND(fast)
# Loading UNISIMS_VER.LUT1(fast)
# Loading UNISIMS_VER.LUT2(fast)
# Loading UNISIMS_VER.LUT3(fast)
# Loading UNISIMS_VER.FDRE(fast)
# Loading UNISIMS_VER.CARRY4(fast)
# Loading UNISIMS_VER.LUT5(fast)
# Loading UNISIMS_VER.LUT5(fast__1)
# Loading UNISIMS_VER.FDSE(fast)
# Loading UNISIMS_VER.LUT4(fast)
# Loading UNISIMS_VER.LUT4(fast__1)
# Loading UNISIMS_VER.LUT3(fast__1)
# Loading UNISIMS_VER.LUT3(fast__2)
# Loading UNISIMS_VER.LUT4(fast__2)
# Loading UNISIMS_VER.LUT6(fast)
# Loading UNISIMS_VER.LUT2(fast__1)
# Loading UNISIMS_VER.LUT3(fast__3)
# Loading UNISIMS_VER.LUT4(fast__3)
# Loading UNISIMS_VER.LUT5(fast__2)
# Loading UNISIMS_VER.LUT6(fast__1)
# Loading UNISIMS_VER.LUT6(fast__2)
# Loading UNISIMS_VER.LUT4(fast__4)
# Loading UNISIMS_VER.LUT2(fast__2)
# Loading UNISIMS_VER.LUT5(fast__3)
# Loading UNISIMS_VER.LUT4(fast__5)
# Loading UNISIMS_VER.LUT6(fast__3)
# Loading UNISIMS_VER.LUT1(fast__1)
# Loading UNISIMS_VER.RAMB18E1(fast)
# Loading UNISIMS_VER.RB18_INTERNAL_VLOG(fast)
# Loading UNISIMS_VER.RAMB36E1(fast)
# Loading UNISIMS_VER.RB36_INTERNAL_VLOG(fast)
# Loading work.PCIE_TX(fast)
# Loading work.sfifo_i72o72_d512(fast)
# Loading UNISIMS_VER.LUT2(fast__3)
# Loading UNISIMS_VER.RAMB36E1(fast__1)
# Loading UNISIMS_VER.RB36_INTERNAL_VLOG(fast__1)
# Loading work.PCIE_REG_IF(fast)
# Loading work.PCIE_REG_ACK(fast)
# Loading work.PCIE_REG_INT(fast)
# Loading work.PCIE_DN_REG(fast)
# Loading work.PCIE_UP_REG(fast)
# Loading work.PCIE_DN_CPLD_IF(fast)
# Loading work.PCIE_DN_IF(fast)
# Loading work.afifo_i90o90_d512(fast)
# Loading work.afifo_i90o90_d512_xpm_cdc_gray(fast)
# Loading UNISIMS_VER.LUT4(fast__6)
# Loading UNISIMS_VER.LUT3(fast__4)
# Loading UNISIMS_VER.LUT6(fast__4)
# Loading UNISIMS_VER.LUT5(fast__4)
# Loading work.afifo_i90o90_d512_xpm_cdc_gray__2(fast)
# Loading UNISIMS_VER.FDPE(fast)
# Loading UNISIMS_VER.LUT4(fast__7)
# Loading UNISIMS_VER.FDCE(fast)
# Loading UNISIMS_VER.LUT4(fast__8)
# Loading UNISIMS_VER.LUT6(fast__5)
# Loading UNISIMS_VER.LUT5(fast__5)
# Loading UNISIMS_VER.LUT6(fast__6)
# Loading UNISIMS_VER.LUT5(fast__6)
# Loading UNISIMS_VER.LUT5(fast__7)
# Loading UNISIMS_VER.LUT5(fast__8)
# Loading UNISIMS_VER.LUT5(fast__9)
# Loading UNISIMS_VER.RAM64M(fast)
# Loading UNISIMS_VER.LUT6(fast__7)
# Loading UNISIMS_VER.MUXF7(fast)
# Loading UNISIMS_VER.LUT2(fast__4)
# Loading work.afifo_i90o90_d512_xpm_cdc_async_rst(fast)
# Loading UNISIMS_VER.FDPE(fast__1)
# Loading UNISIMS_VER.LUT3(fast__5)
# Loading UNISIMS_VER.LUT5(fast__10)
# Loading work.afifo_i90o90_d512_xpm_cdc_single(fast)
# Loading work.afifo_i90o90_d512_xpm_cdc_single__2(fast)
# Loading work.afifo_i90o90_d512_xpm_cdc_async_rst__1(fast)
# Loading work.PCIE_DN_LBUF(fast)
# Loading work.afifo_i72o72_d2048(fast)
# Loading work.afifo_i72o72_d2048_xpm_cdc_gray(fast)
# Loading work.afifo_i72o72_d2048_xpm_cdc_gray__2(fast)
# Loading UNISIMS_VER.LUT6(fast__8)
# Loading UNISIMS_VER.LUT6(fast__9)
# Loading UNISIMS_VER.LUT6(fast__10)
# Loading UNISIMS_VER.LUT6(fast__11)
# Loading UNISIMS_VER.LUT6(fast__12)
# Loading work.afifo_i72o72_d2048_xpm_cdc_async_rst(fast)
# Loading work.afifo_i72o72_d2048_xpm_cdc_single(fast)
# Loading work.afifo_i72o72_d2048_xpm_cdc_single__2(fast)
# Loading work.afifo_i72o72_d2048_xpm_cdc_async_rst__1(fast)
# Loading work.PULSE_GEN(fast)
# Loading work.PCIE_DN_DEK(fast)
# Loading work.PCIE_DN_DMA(fast)
# Loading work.PCIE_DN_CPLD_DPK(fast)
# Loading work.PCIE_DN_DEK(fast__1)
# Loading work.PCIE_DN_DMA(fast__1)
# Loading work.PCIE_DN_ARBIT(fast)
# Loading work.PCIE_UP_IF(fast)
# Loading work.PCIE_UP_LBUF(fast)
# Loading work.PCIE_UP_UFK(fast)
# Loading work.PCIE_UP_DMA(fast)
# Loading work.PCIE_UP_UFK(fast__1)
# Loading work.PCIE_UP_DMA(fast__1)
# Loading work.PCIE_UP_ARBIT(fast)
# Loading work.BIST_REG(fast)
# Loading work.glbl(fast)
# ** Warning: (vsim-3015) [PCDPC] - Port size (12) does not match connection size (16) for port 'DRAM_WR_SIZE'. The port definition is at: ../rtl/05_pc_sim/pc_sim.v(26).
#    Time: 0 ps  Iteration: 0  Instance: /tb_top/U_PC_SIM File: sim_model/tb_top.v Line: 708
#  
# ******<<<<<<<<<<<<<<<<<<<<<<Simulation tb_01 start>>>>>>>>>>>>>>>>>>>>>>> ******
#  
# ---- Initial simulation
# ---- clock ---- 1111 ---- enable
# ---- Wait for  64 cycles
# ---- Wait for  64 cycles end
# ---- Wait for  16 cycles
# ---- Wait for  16 cycles end
# ---- reseting by cycle
# ---- reset0   64 cycle end
# ---- Wait for  16 cycles
# ---- Wait for  16 cycles end
# ---- reseting by ns
# ---- reset1  255 ns end
# ---- DRAM write PORT :0x02    ADD :0x0000000    SIZE :0x400
# ---- DRAM write end
# ---- Wait for  16 cycles
# ---- Wait for  16 cycles end
# ---- DRAM write PORT :0x01    ADD :0x0000000    SIZE :0x010
# ---- DRAM write end
# ---- Wait for  16 cycles
# ---- Wait for  16 cycles end
# ---- DRAM write PORT :0x01    ADD :0x0000000    SIZE :0x010
# ---- DRAM write end
# ---- Wait for  16 cycles
# ---- Wait for  16 cycles end
# ---- DRAM write PORT :0x01    ADD :0x0000000    SIZE :0x010
# ---- DRAM write end
# ---- Wait for 255 cycles
# ---- Wait for 255 cycles end
# ---- Wait for   8 us
# ---- Wait           1 us of   8 us
# ---- Wait           2 us of   8 us
# ---- Wait           3 us of   8 us
# ---- Wait           4 us of   8 us
# ---- Wait           5 us of   8 us
# ---- Wait           6 us of   8 us
# ---- Wait           7 us of   8 us
# ---- Wait           8 us of   8 us
# ---- Wait for   8 us end
# ---- tb_01 test completed !
#  
# ******<<<<<<<<<<<<<<<<<<<<Simulation tb_01 Successful End>>>>>>>>>>>>>>>>>>> ******
#  
do do/tb_01.do
# Model Technology ModelSim SE-64 vlog 2020.4 Compiler 2020.10 Oct 13 2020
# Start time: 14:44:51 on Mar 13,2025
# vlog -reportprogress 300 "+define+tb_01=1" -work work sim_model\define\define.v 
# End time: 14:44:51 on Mar 13,2025, Elapsed time: 0:00:00
# Errors: 0, Warnings: 0
# Model Technology ModelSim SE-64 vlog 2020.4 Compiler 2020.10 Oct 13 2020
# Start time: 14:44:51 on Mar 13,2025
# vlog -reportprogress 300 "+define+tb_01=1" -work work "+incdir+{sim_modeldefine}" sim_model\tb_top.v 
# -- Compiling module tb_top
# 
# Top level modules:
# 	tb_top
# End time: 14:44:51 on Mar 13,2025, Elapsed time: 0:00:00
# Errors: 0, Warnings: 0
# End time: 14:44:53 on Mar 13,2025, Elapsed time: 0:06:15
# Errors: 2, Warnings: 1
# vsim -t 1ps -c -l ./log/vsim_tb_01_report.log work.tb_top -L UNISIMS_VER -L SECUREIP -L SIMPRIMS_VER -L work -voptargs="+acc" work.glbl -wav ./wave/tb_01.wlf 
# Start time: 14:44:53 on Mar 13,2025
# ** Note: (vsim-8009) Loading existing optimized design _opt
# Loading work.tb_top(fast)
# Loading work.SIM_MODEL(fast)
# Loading work.PC_SIM(fast)
# Loading work.PCIE_IF_GX(fast)
# Loading work.PCIE_RX(fast)
# Loading work.sfifo_i180_o180_d512(fast)
# Loading UNISIMS_VER.GND(fast)
# Loading UNISIMS_VER.LUT1(fast)
# Loading UNISIMS_VER.LUT2(fast)
# Loading UNISIMS_VER.LUT3(fast)
# Loading UNISIMS_VER.FDRE(fast)
# Loading UNISIMS_VER.CARRY4(fast)
# Loading UNISIMS_VER.LUT5(fast)
# Loading UNISIMS_VER.LUT5(fast__1)
# Loading UNISIMS_VER.FDSE(fast)
# Loading UNISIMS_VER.LUT4(fast)
# Loading UNISIMS_VER.LUT4(fast__1)
# Loading UNISIMS_VER.LUT3(fast__1)
# Loading UNISIMS_VER.LUT3(fast__2)
# Loading UNISIMS_VER.LUT4(fast__2)
# Loading UNISIMS_VER.LUT6(fast)
# Loading UNISIMS_VER.LUT2(fast__1)
# Loading UNISIMS_VER.LUT3(fast__3)
# Loading UNISIMS_VER.LUT4(fast__3)
# Loading UNISIMS_VER.LUT5(fast__2)
# Loading UNISIMS_VER.LUT6(fast__1)
# Loading UNISIMS_VER.LUT6(fast__2)
# Loading UNISIMS_VER.LUT4(fast__4)
# Loading UNISIMS_VER.LUT2(fast__2)
# Loading UNISIMS_VER.LUT5(fast__3)
# Loading UNISIMS_VER.LUT4(fast__5)
# Loading UNISIMS_VER.LUT6(fast__3)
# Loading UNISIMS_VER.LUT1(fast__1)
# Loading UNISIMS_VER.RAMB18E1(fast)
# Loading UNISIMS_VER.RB18_INTERNAL_VLOG(fast)
# Loading UNISIMS_VER.RAMB36E1(fast)
# Loading UNISIMS_VER.RB36_INTERNAL_VLOG(fast)
# Loading work.PCIE_TX(fast)
# Loading work.sfifo_i72o72_d512(fast)
# Loading UNISIMS_VER.LUT2(fast__3)
# Loading UNISIMS_VER.RAMB36E1(fast__1)
# Loading UNISIMS_VER.RB36_INTERNAL_VLOG(fast__1)
# Loading work.PCIE_REG_IF(fast)
# Loading work.PCIE_REG_ACK(fast)
# Loading work.PCIE_REG_INT(fast)
# Loading work.PCIE_DN_REG(fast)
# Loading work.PCIE_UP_REG(fast)
# Loading work.PCIE_DN_CPLD_IF(fast)
# Loading work.PCIE_DN_IF(fast)
# Loading work.afifo_i90o90_d512(fast)
# Loading work.afifo_i90o90_d512_xpm_cdc_gray(fast)
# Loading UNISIMS_VER.LUT4(fast__6)
# Loading UNISIMS_VER.LUT3(fast__4)
# Loading UNISIMS_VER.LUT6(fast__4)
# Loading UNISIMS_VER.LUT5(fast__4)
# Loading work.afifo_i90o90_d512_xpm_cdc_gray__2(fast)
# Loading UNISIMS_VER.FDPE(fast)
# Loading UNISIMS_VER.LUT4(fast__7)
# Loading UNISIMS_VER.FDCE(fast)
# Loading UNISIMS_VER.LUT4(fast__8)
# Loading UNISIMS_VER.LUT6(fast__5)
# Loading UNISIMS_VER.LUT5(fast__5)
# Loading UNISIMS_VER.LUT6(fast__6)
# Loading UNISIMS_VER.LUT5(fast__6)
# Loading UNISIMS_VER.LUT5(fast__7)
# Loading UNISIMS_VER.LUT5(fast__8)
# Loading UNISIMS_VER.LUT5(fast__9)
# Loading UNISIMS_VER.RAM64M(fast)
# Loading UNISIMS_VER.LUT6(fast__7)
# Loading UNISIMS_VER.MUXF7(fast)
# Loading UNISIMS_VER.LUT2(fast__4)
# Loading work.afifo_i90o90_d512_xpm_cdc_async_rst(fast)
# Loading UNISIMS_VER.FDPE(fast__1)
# Loading UNISIMS_VER.LUT3(fast__5)
# Loading UNISIMS_VER.LUT5(fast__10)
# Loading work.afifo_i90o90_d512_xpm_cdc_single(fast)
# Loading work.afifo_i90o90_d512_xpm_cdc_single__2(fast)
# Loading work.afifo_i90o90_d512_xpm_cdc_async_rst__1(fast)
# Loading work.PCIE_DN_LBUF(fast)
# Loading work.afifo_i72o72_d2048(fast)
# Loading work.afifo_i72o72_d2048_xpm_cdc_gray(fast)
# Loading work.afifo_i72o72_d2048_xpm_cdc_gray__2(fast)
# Loading UNISIMS_VER.LUT6(fast__8)
# Loading UNISIMS_VER.LUT6(fast__9)
# Loading UNISIMS_VER.LUT6(fast__10)
# Loading UNISIMS_VER.LUT6(fast__11)
# Loading UNISIMS_VER.LUT6(fast__12)
# Loading work.afifo_i72o72_d2048_xpm_cdc_async_rst(fast)
# Loading work.afifo_i72o72_d2048_xpm_cdc_single(fast)
# Loading work.afifo_i72o72_d2048_xpm_cdc_single__2(fast)
# Loading work.afifo_i72o72_d2048_xpm_cdc_async_rst__1(fast)
# Loading work.PULSE_GEN(fast)
# Loading work.PCIE_DN_DEK(fast)
# Loading work.PCIE_DN_DMA(fast)
# Loading work.PCIE_DN_CPLD_DPK(fast)
# Loading work.PCIE_DN_DEK(fast__1)
# Loading work.PCIE_DN_DMA(fast__1)
# Loading work.PCIE_DN_ARBIT(fast)
# Loading work.PCIE_UP_IF(fast)
# Loading work.PCIE_UP_LBUF(fast)
# Loading work.PCIE_UP_UFK(fast)
# Loading work.PCIE_UP_DMA(fast)
# Loading work.PCIE_UP_UFK(fast__1)
# Loading work.PCIE_UP_DMA(fast__1)
# Loading work.PCIE_UP_ARBIT(fast)
# Loading work.BIST_REG(fast)
# Loading work.glbl(fast)
# ** Warning: (vsim-3015) [PCDPC] - Port size (12) does not match connection size (16) for port 'DRAM_WR_SIZE'. The port definition is at: ../rtl/05_pc_sim/pc_sim.v(26).
#    Time: 0 ps  Iteration: 0  Instance: /tb_top/U_PC_SIM File: sim_model/tb_top.v Line: 708
#  
# ******<<<<<<<<<<<<<<<<<<<<<<Simulation tb_01 start>>>>>>>>>>>>>>>>>>>>>>> ******
#  
# ---- Initial simulation
# ---- clock ---- 1111 ---- enable
# ---- Wait for  64 cycles
# ---- Wait for  64 cycles end
# ---- Wait for  16 cycles
# ---- Wait for  16 cycles end
# ---- reseting by cycle
# ---- reset0   64 cycle end
# ---- Wait for  16 cycles
# ---- Wait for  16 cycles end
# ---- reseting by ns
# ---- reset1  255 ns end
# ---- DRAM write PORT :0x02    ADD :0x0000000    SIZE :0x400
# ---- DRAM write end
# ---- Wait for  16 cycles
# ---- Wait for  16 cycles end
# ---- DRAM write PORT :0x01    ADD :0x0000000    SIZE :0x010
# ---- DRAM write end
# ---- Wait for  16 cycles
# ---- Wait for  16 cycles end
# ---- DRAM write PORT :0x01    ADD :0x0000000    SIZE :0x010
# ---- DRAM write end
# ---- Wait for  16 cycles
# ---- Wait for  16 cycles end
# ---- DRAM write PORT :0x01    ADD :0x0000000    SIZE :0x010
# ---- DRAM write end
# ---- Wait for 255 cycles
# ---- Wait for 255 cycles end
# ---- Wait for   8 us
# ---- Wait           1 us of   8 us
# ---- Wait           2 us of   8 us
# ---- Wait           3 us of   8 us
# ---- Wait           4 us of   8 us
# ---- Wait           5 us of   8 us
# ---- Wait           6 us of   8 us
# ---- Wait           7 us of   8 us
# ---- Wait           8 us of   8 us
# ---- Wait for   8 us end
# ---- tb_01 test completed !
#  
# ******<<<<<<<<<<<<<<<<<<<<Simulation tb_01 Successful End>>>>>>>>>>>>>>>>>>> ******
#  
do do/tb_01.do
# Model Technology ModelSim SE-64 vlog 2020.4 Compiler 2020.10 Oct 13 2020
# Start time: 14:59:01 on Mar 13,2025
# vlog -reportprogress 300 "+define+tb_01=1" -work work sim_model\define\define.v 
# End time: 14:59:01 on Mar 13,2025, Elapsed time: 0:00:00
# Errors: 0, Warnings: 0
# Model Technology ModelSim SE-64 vlog 2020.4 Compiler 2020.10 Oct 13 2020
# Start time: 14:59:02 on Mar 13,2025
# vlog -reportprogress 300 "+define+tb_01=1" -work work "+incdir+{sim_modeldefine}" sim_model\tb_top.v 
# -- Compiling module tb_top
# 
# Top level modules:
# 	tb_top
# End time: 14:59:02 on Mar 13,2025, Elapsed time: 0:00:00
# Errors: 0, Warnings: 0
# End time: 14:59:04 on Mar 13,2025, Elapsed time: 0:14:11
# Errors: 0, Warnings: 1
# vsim -t 1ps -c -l ./log/vsim_tb_01_report.log work.tb_top -L UNISIMS_VER -L SECUREIP -L SIMPRIMS_VER -L work -voptargs="+acc" work.glbl -wav ./wave/tb_01.wlf 
# Start time: 14:59:04 on Mar 13,2025
# ** Note: (vsim-8009) Loading existing optimized design _opt
# Loading work.tb_top(fast)
# Loading work.SIM_MODEL(fast)
# Loading work.PC_SIM(fast)
# Loading work.PCIE_IF_GX(fast)
# Loading work.PCIE_RX(fast)
# Loading work.sfifo_i180_o180_d512(fast)
# Loading UNISIMS_VER.GND(fast)
# Loading UNISIMS_VER.LUT1(fast)
# Loading UNISIMS_VER.LUT2(fast)
# Loading UNISIMS_VER.LUT3(fast)
# Loading UNISIMS_VER.FDRE(fast)
# Loading UNISIMS_VER.CARRY4(fast)
# Loading UNISIMS_VER.LUT5(fast)
# Loading UNISIMS_VER.LUT5(fast__1)
# Loading UNISIMS_VER.FDSE(fast)
# Loading UNISIMS_VER.LUT4(fast)
# Loading UNISIMS_VER.LUT4(fast__1)
# Loading UNISIMS_VER.LUT3(fast__1)
# Loading UNISIMS_VER.LUT3(fast__2)
# Loading UNISIMS_VER.LUT4(fast__2)
# Loading UNISIMS_VER.LUT6(fast)
# Loading UNISIMS_VER.LUT2(fast__1)
# Loading UNISIMS_VER.LUT3(fast__3)
# Loading UNISIMS_VER.LUT4(fast__3)
# Loading UNISIMS_VER.LUT5(fast__2)
# Loading UNISIMS_VER.LUT6(fast__1)
# Loading UNISIMS_VER.LUT6(fast__2)
# Loading UNISIMS_VER.LUT4(fast__4)
# Loading UNISIMS_VER.LUT2(fast__2)
# Loading UNISIMS_VER.LUT5(fast__3)
# Loading UNISIMS_VER.LUT4(fast__5)
# Loading UNISIMS_VER.LUT6(fast__3)
# Loading UNISIMS_VER.LUT1(fast__1)
# Loading UNISIMS_VER.RAMB18E1(fast)
# Loading UNISIMS_VER.RB18_INTERNAL_VLOG(fast)
# Loading UNISIMS_VER.RAMB36E1(fast)
# Loading UNISIMS_VER.RB36_INTERNAL_VLOG(fast)
# Loading work.PCIE_TX(fast)
# Loading work.sfifo_i72o72_d512(fast)
# Loading UNISIMS_VER.LUT2(fast__3)
# Loading UNISIMS_VER.RAMB36E1(fast__1)
# Loading UNISIMS_VER.RB36_INTERNAL_VLOG(fast__1)
# Loading work.PCIE_REG_IF(fast)
# Loading work.PCIE_REG_ACK(fast)
# Loading work.PCIE_REG_INT(fast)
# Loading work.PCIE_DN_REG(fast)
# Loading work.PCIE_UP_REG(fast)
# Loading work.PCIE_DN_CPLD_IF(fast)
# Loading work.PCIE_DN_IF(fast)
# Loading work.afifo_i90o90_d512(fast)
# Loading work.afifo_i90o90_d512_xpm_cdc_gray(fast)
# Loading UNISIMS_VER.LUT4(fast__6)
# Loading UNISIMS_VER.LUT3(fast__4)
# Loading UNISIMS_VER.LUT6(fast__4)
# Loading UNISIMS_VER.LUT5(fast__4)
# Loading work.afifo_i90o90_d512_xpm_cdc_gray__2(fast)
# Loading UNISIMS_VER.FDPE(fast)
# Loading UNISIMS_VER.LUT4(fast__7)
# Loading UNISIMS_VER.FDCE(fast)
# Loading UNISIMS_VER.LUT4(fast__8)
# Loading UNISIMS_VER.LUT6(fast__5)
# Loading UNISIMS_VER.LUT5(fast__5)
# Loading UNISIMS_VER.LUT6(fast__6)
# Loading UNISIMS_VER.LUT5(fast__6)
# Loading UNISIMS_VER.LUT5(fast__7)
# Loading UNISIMS_VER.LUT5(fast__8)
# Loading UNISIMS_VER.LUT5(fast__9)
# Loading UNISIMS_VER.RAM64M(fast)
# Loading UNISIMS_VER.LUT6(fast__7)
# Loading UNISIMS_VER.MUXF7(fast)
# Loading UNISIMS_VER.LUT2(fast__4)
# Loading work.afifo_i90o90_d512_xpm_cdc_async_rst(fast)
# Loading UNISIMS_VER.FDPE(fast__1)
# Loading UNISIMS_VER.LUT3(fast__5)
# Loading UNISIMS_VER.LUT5(fast__10)
# Loading work.afifo_i90o90_d512_xpm_cdc_single(fast)
# Loading work.afifo_i90o90_d512_xpm_cdc_single__2(fast)
# Loading work.afifo_i90o90_d512_xpm_cdc_async_rst__1(fast)
# Loading work.PCIE_DN_LBUF(fast)
# Loading work.afifo_i72o72_d2048(fast)
# Loading work.afifo_i72o72_d2048_xpm_cdc_gray(fast)
# Loading work.afifo_i72o72_d2048_xpm_cdc_gray__2(fast)
# Loading UNISIMS_VER.LUT6(fast__8)
# Loading UNISIMS_VER.LUT6(fast__9)
# Loading UNISIMS_VER.LUT6(fast__10)
# Loading UNISIMS_VER.LUT6(fast__11)
# Loading UNISIMS_VER.LUT6(fast__12)
# Loading work.afifo_i72o72_d2048_xpm_cdc_async_rst(fast)
# Loading work.afifo_i72o72_d2048_xpm_cdc_single(fast)
# Loading work.afifo_i72o72_d2048_xpm_cdc_single__2(fast)
# Loading work.afifo_i72o72_d2048_xpm_cdc_async_rst__1(fast)
# Loading work.PULSE_GEN(fast)
# Loading work.PCIE_DN_DEK(fast)
# Loading work.PCIE_DN_DMA(fast)
# Loading work.PCIE_DN_CPLD_DPK(fast)
# Loading work.PCIE_DN_DEK(fast__1)
# Loading work.PCIE_DN_DMA(fast__1)
# Loading work.PCIE_DN_ARBIT(fast)
# Loading work.PCIE_UP_IF(fast)
# Loading work.PCIE_UP_LBUF(fast)
# Loading work.PCIE_UP_UFK(fast)
# Loading work.PCIE_UP_DMA(fast)
# Loading work.PCIE_UP_UFK(fast__1)
# Loading work.PCIE_UP_DMA(fast__1)
# Loading work.PCIE_UP_ARBIT(fast)
# Loading work.BIST_REG(fast)
# Loading work.glbl(fast)
# ** Warning: (vsim-3015) [PCDPC] - Port size (12) does not match connection size (16) for port 'DRAM_WR_SIZE'. The port definition is at: ../rtl/05_pc_sim/pc_sim.v(26).
#    Time: 0 ps  Iteration: 0  Instance: /tb_top/U_PC_SIM File: sim_model/tb_top.v Line: 708
#  
# ******<<<<<<<<<<<<<<<<<<<<<<Simulation tb_01 start>>>>>>>>>>>>>>>>>>>>>>> ******
#  
# ---- Initial simulation
# ---- clock ---- 1111 ---- enable
# ---- Wait for  64 cycles
# ---- Wait for  64 cycles end
# ---- Wait for  16 cycles
# ---- Wait for  16 cycles end
# ---- reseting by cycle
# ---- reset0   64 cycle end
# ---- Wait for  16 cycles
# ---- Wait for  16 cycles end
# ---- reseting by ns
# ---- reset1  255 ns end
# ---- DRAM write PORT :0x02    ADD :0x0000000    SIZE :0x400
# ---- DRAM write end
# ---- Wait for  16 cycles
# ---- Wait for  16 cycles end
# ---- DRAM write PORT :0x01    ADD :0x0000000    SIZE :0x010
# ---- DRAM write end
# ---- Wait for  16 cycles
# ---- Wait for  16 cycles end
# ---- DRAM write PORT :0x01    ADD :0x0000000    SIZE :0x010
# ---- DRAM write end
# ---- Wait for  16 cycles
# ---- Wait for  16 cycles end
# ---- DRAM write PORT :0x01    ADD :0x0000000    SIZE :0x010
# ---- DRAM write end
# ---- Wait for 255 cycles
# ---- Wait for 255 cycles end
# ---- Wait for   8 us
# ---- Wait           1 us of   8 us
# ---- Wait           2 us of   8 us
# ---- Wait           3 us of   8 us
# ---- Wait           4 us of   8 us
# ---- Wait           5 us of   8 us
# ---- Wait           6 us of   8 us
# ---- Wait           7 us of   8 us
# ---- Wait           8 us of   8 us
# ---- Wait for   8 us end
# ---- tb_01 test completed !
#  
# ******<<<<<<<<<<<<<<<<<<<<Simulation tb_01 Successful End>>>>>>>>>>>>>>>>>>> ******
#  
do do/tb_01.do
# Model Technology ModelSim SE-64 vlog 2020.4 Compiler 2020.10 Oct 13 2020
# Start time: 14:59:51 on Mar 13,2025
# vlog -reportprogress 300 "+define+tb_01=1" -work work sim_model\define\define.v 
# End time: 14:59:51 on Mar 13,2025, Elapsed time: 0:00:00
# Errors: 0, Warnings: 0
# Model Technology ModelSim SE-64 vlog 2020.4 Compiler 2020.10 Oct 13 2020
# Start time: 14:59:51 on Mar 13,2025
# vlog -reportprogress 300 "+define+tb_01=1" -work work "+incdir+{sim_modeldefine}" sim_model\tb_top.v 
# -- Compiling module tb_top
# 
# Top level modules:
# 	tb_top
# End time: 14:59:51 on Mar 13,2025, Elapsed time: 0:00:00
# Errors: 0, Warnings: 0
# End time: 14:59:53 on Mar 13,2025, Elapsed time: 0:00:49
# Errors: 0, Warnings: 1
# vsim -t 1ps -c -l ./log/vsim_tb_01_report.log work.tb_top -L UNISIMS_VER -L SECUREIP -L SIMPRIMS_VER -L work -voptargs="+acc" work.glbl -wav ./wave/tb_01.wlf 
# Start time: 14:59:54 on Mar 13,2025
# ** Note: (vsim-8009) Loading existing optimized design _opt
# Loading work.tb_top(fast)
# Loading work.SIM_MODEL(fast)
# Loading work.PC_SIM(fast)
# Loading work.PCIE_IF_GX(fast)
# Loading work.PCIE_RX(fast)
# Loading work.sfifo_i180_o180_d512(fast)
# Loading UNISIMS_VER.GND(fast)
# Loading UNISIMS_VER.LUT1(fast)
# Loading UNISIMS_VER.LUT2(fast)
# Loading UNISIMS_VER.LUT3(fast)
# Loading UNISIMS_VER.FDRE(fast)
# Loading UNISIMS_VER.CARRY4(fast)
# Loading UNISIMS_VER.LUT5(fast)
# Loading UNISIMS_VER.LUT5(fast__1)
# Loading UNISIMS_VER.FDSE(fast)
# Loading UNISIMS_VER.LUT4(fast)
# Loading UNISIMS_VER.LUT4(fast__1)
# Loading UNISIMS_VER.LUT3(fast__1)
# Loading UNISIMS_VER.LUT3(fast__2)
# Loading UNISIMS_VER.LUT4(fast__2)
# Loading UNISIMS_VER.LUT6(fast)
# Loading UNISIMS_VER.LUT2(fast__1)
# Loading UNISIMS_VER.LUT3(fast__3)
# Loading UNISIMS_VER.LUT4(fast__3)
# Loading UNISIMS_VER.LUT5(fast__2)
# Loading UNISIMS_VER.LUT6(fast__1)
# Loading UNISIMS_VER.LUT6(fast__2)
# Loading UNISIMS_VER.LUT4(fast__4)
# Loading UNISIMS_VER.LUT2(fast__2)
# Loading UNISIMS_VER.LUT5(fast__3)
# Loading UNISIMS_VER.LUT4(fast__5)
# Loading UNISIMS_VER.LUT6(fast__3)
# Loading UNISIMS_VER.LUT1(fast__1)
# Loading UNISIMS_VER.RAMB18E1(fast)
# Loading UNISIMS_VER.RB18_INTERNAL_VLOG(fast)
# Loading UNISIMS_VER.RAMB36E1(fast)
# Loading UNISIMS_VER.RB36_INTERNAL_VLOG(fast)
# Loading work.PCIE_TX(fast)
# Loading work.sfifo_i72o72_d512(fast)
# Loading UNISIMS_VER.LUT2(fast__3)
# Loading UNISIMS_VER.RAMB36E1(fast__1)
# Loading UNISIMS_VER.RB36_INTERNAL_VLOG(fast__1)
# Loading work.PCIE_REG_IF(fast)
# Loading work.PCIE_REG_ACK(fast)
# Loading work.PCIE_REG_INT(fast)
# Loading work.PCIE_DN_REG(fast)
# Loading work.PCIE_UP_REG(fast)
# Loading work.PCIE_DN_CPLD_IF(fast)
# Loading work.PCIE_DN_IF(fast)
# Loading work.afifo_i90o90_d512(fast)
# Loading work.afifo_i90o90_d512_xpm_cdc_gray(fast)
# Loading UNISIMS_VER.LUT4(fast__6)
# Loading UNISIMS_VER.LUT3(fast__4)
# Loading UNISIMS_VER.LUT6(fast__4)
# Loading UNISIMS_VER.LUT5(fast__4)
# Loading work.afifo_i90o90_d512_xpm_cdc_gray__2(fast)
# Loading UNISIMS_VER.FDPE(fast)
# Loading UNISIMS_VER.LUT4(fast__7)
# Loading UNISIMS_VER.FDCE(fast)
# Loading UNISIMS_VER.LUT4(fast__8)
# Loading UNISIMS_VER.LUT6(fast__5)
# Loading UNISIMS_VER.LUT5(fast__5)
# Loading UNISIMS_VER.LUT6(fast__6)
# Loading UNISIMS_VER.LUT5(fast__6)
# Loading UNISIMS_VER.LUT5(fast__7)
# Loading UNISIMS_VER.LUT5(fast__8)
# Loading UNISIMS_VER.LUT5(fast__9)
# Loading UNISIMS_VER.RAM64M(fast)
# Loading UNISIMS_VER.LUT6(fast__7)
# Loading UNISIMS_VER.MUXF7(fast)
# Loading UNISIMS_VER.LUT2(fast__4)
# Loading work.afifo_i90o90_d512_xpm_cdc_async_rst(fast)
# Loading UNISIMS_VER.FDPE(fast__1)
# Loading UNISIMS_VER.LUT3(fast__5)
# Loading UNISIMS_VER.LUT5(fast__10)
# Loading work.afifo_i90o90_d512_xpm_cdc_single(fast)
# Loading work.afifo_i90o90_d512_xpm_cdc_single__2(fast)
# Loading work.afifo_i90o90_d512_xpm_cdc_async_rst__1(fast)
# Loading work.PCIE_DN_LBUF(fast)
# Loading work.afifo_i72o72_d2048(fast)
# Loading work.afifo_i72o72_d2048_xpm_cdc_gray(fast)
# Loading work.afifo_i72o72_d2048_xpm_cdc_gray__2(fast)
# Loading UNISIMS_VER.LUT6(fast__8)
# Loading UNISIMS_VER.LUT6(fast__9)
# Loading UNISIMS_VER.LUT6(fast__10)
# Loading UNISIMS_VER.LUT6(fast__11)
# Loading UNISIMS_VER.LUT6(fast__12)
# Loading work.afifo_i72o72_d2048_xpm_cdc_async_rst(fast)
# Loading work.afifo_i72o72_d2048_xpm_cdc_single(fast)
# Loading work.afifo_i72o72_d2048_xpm_cdc_single__2(fast)
# Loading work.afifo_i72o72_d2048_xpm_cdc_async_rst__1(fast)
# Loading work.PULSE_GEN(fast)
# Loading work.PCIE_DN_DEK(fast)
# Loading work.PCIE_DN_DMA(fast)
# Loading work.PCIE_DN_CPLD_DPK(fast)
# Loading work.PCIE_DN_DEK(fast__1)
# Loading work.PCIE_DN_DMA(fast__1)
# Loading work.PCIE_DN_ARBIT(fast)
# Loading work.PCIE_UP_IF(fast)
# Loading work.PCIE_UP_LBUF(fast)
# Loading work.PCIE_UP_UFK(fast)
# Loading work.PCIE_UP_DMA(fast)
# Loading work.PCIE_UP_UFK(fast__1)
# Loading work.PCIE_UP_DMA(fast__1)
# Loading work.PCIE_UP_ARBIT(fast)
# Loading work.BIST_REG(fast)
# Loading work.glbl(fast)
# ** Warning: (vsim-3015) [PCDPC] - Port size (12) does not match connection size (16) for port 'DRAM_WR_SIZE'. The port definition is at: ../rtl/05_pc_sim/pc_sim.v(26).
#    Time: 0 ps  Iteration: 0  Instance: /tb_top/U_PC_SIM File: sim_model/tb_top.v Line: 708
#  
# ******<<<<<<<<<<<<<<<<<<<<<<Simulation tb_01 start>>>>>>>>>>>>>>>>>>>>>>> ******
#  
# ---- Initial simulation
# ---- clock ---- 1111 ---- enable
# ---- Wait for  64 cycles
# ---- Wait for  64 cycles end
# ---- Wait for  16 cycles
# ---- Wait for  16 cycles end
# ---- reseting by cycle
# ---- reset0   64 cycle end
# ---- Wait for  16 cycles
# ---- Wait for  16 cycles end
# ---- reseting by ns
# ---- reset1  255 ns end
# ---- DRAM write PORT :0x02    ADD :0x0000000    SIZE :0x400
# ---- DRAM write end
# ---- Wait for  16 cycles
# ---- Wait for  16 cycles end
# ---- DRAM write PORT :0x01    ADD :0x0000000    SIZE :0x010
# ---- DRAM write end
# ---- Wait for  16 cycles
# ---- Wait for  16 cycles end
# ---- DRAM write PORT :0x01    ADD :0x0000000    SIZE :0x010
# ---- DRAM write end
# ---- Wait for  16 cycles
# ---- Wait for  16 cycles end
# ---- DRAM write PORT :0x01    ADD :0x0000000    SIZE :0x010
# ---- DRAM write end
# ---- DRAM write PORT :0x01    ADD :0x0000000    SIZE :0x010
# ---- DRAM write end
# ---- Wait for  16 cycles
# ---- Wait for  16 cycles end
# ---- DRAM write PORT :0x01    ADD :0x0000000    SIZE :0x010
# ---- DRAM write end
# ---- Wait for  16 cycles
# ---- Wait for  16 cycles end
# ---- DRAM write PORT :0x01    ADD :0x0000000    SIZE :0x010
# ---- DRAM write end
# ---- Wait for 255 cycles
# ---- Wait for 255 cycles end
# ---- Wait for   8 us
# ---- Wait           1 us of   8 us
# ---- Wait           2 us of   8 us
# ---- Wait           3 us of   8 us
# ---- Wait           4 us of   8 us
# ---- Wait           5 us of   8 us
# ---- Wait           6 us of   8 us
# ---- Wait           7 us of   8 us
# ---- Wait           8 us of   8 us
# ---- Wait for   8 us end
# ---- tb_01 test completed !
#  
# ******<<<<<<<<<<<<<<<<<<<<Simulation tb_01 Successful End>>>>>>>>>>>>>>>>>>> ******
#  
do do/tb_01.do
# Model Technology ModelSim SE-64 vlog 2020.4 Compiler 2020.10 Oct 13 2020
# Start time: 15:00:36 on Mar 13,2025
# vlog -reportprogress 300 "+define+tb_01=1" -work work sim_model\define\define.v 
# End time: 15:00:37 on Mar 13,2025, Elapsed time: 0:00:01
# Errors: 0, Warnings: 0
# Model Technology ModelSim SE-64 vlog 2020.4 Compiler 2020.10 Oct 13 2020
# Start time: 15:00:37 on Mar 13,2025
# vlog -reportprogress 300 "+define+tb_01=1" -work work "+incdir+{sim_modeldefine}" sim_model\tb_top.v 
# -- Compiling module tb_top
# 
# Top level modules:
# 	tb_top
# End time: 15:00:37 on Mar 13,2025, Elapsed time: 0:00:00
# Errors: 0, Warnings: 0
# End time: 15:00:39 on Mar 13,2025, Elapsed time: 0:00:45
# Errors: 0, Warnings: 1
# vsim -t 1ps -c -l ./log/vsim_tb_01_report.log work.tb_top -L UNISIMS_VER -L SECUREIP -L SIMPRIMS_VER -L work -voptargs="+acc" work.glbl -wav ./wave/tb_01.wlf 
# Start time: 15:00:39 on Mar 13,2025
# ** Note: (vsim-8009) Loading existing optimized design _opt
# Loading work.tb_top(fast)
# Loading work.SIM_MODEL(fast)
# Loading work.PC_SIM(fast)
# Loading work.PCIE_IF_GX(fast)
# Loading work.PCIE_RX(fast)
# Loading work.sfifo_i180_o180_d512(fast)
# Loading UNISIMS_VER.GND(fast)
# Loading UNISIMS_VER.LUT1(fast)
# Loading UNISIMS_VER.LUT2(fast)
# Loading UNISIMS_VER.LUT3(fast)
# Loading UNISIMS_VER.FDRE(fast)
# Loading UNISIMS_VER.CARRY4(fast)
# Loading UNISIMS_VER.LUT5(fast)
# Loading UNISIMS_VER.LUT5(fast__1)
# Loading UNISIMS_VER.FDSE(fast)
# Loading UNISIMS_VER.LUT4(fast)
# Loading UNISIMS_VER.LUT4(fast__1)
# Loading UNISIMS_VER.LUT3(fast__1)
# Loading UNISIMS_VER.LUT3(fast__2)
# Loading UNISIMS_VER.LUT4(fast__2)
# Loading UNISIMS_VER.LUT6(fast)
# Loading UNISIMS_VER.LUT2(fast__1)
# Loading UNISIMS_VER.LUT3(fast__3)
# Loading UNISIMS_VER.LUT4(fast__3)
# Loading UNISIMS_VER.LUT5(fast__2)
# Loading UNISIMS_VER.LUT6(fast__1)
# Loading UNISIMS_VER.LUT6(fast__2)
# Loading UNISIMS_VER.LUT4(fast__4)
# Loading UNISIMS_VER.LUT2(fast__2)
# Loading UNISIMS_VER.LUT5(fast__3)
# Loading UNISIMS_VER.LUT4(fast__5)
# Loading UNISIMS_VER.LUT6(fast__3)
# Loading UNISIMS_VER.LUT1(fast__1)
# Loading UNISIMS_VER.RAMB18E1(fast)
# Loading UNISIMS_VER.RB18_INTERNAL_VLOG(fast)
# Loading UNISIMS_VER.RAMB36E1(fast)
# Loading UNISIMS_VER.RB36_INTERNAL_VLOG(fast)
# Loading work.PCIE_TX(fast)
# Loading work.sfifo_i72o72_d512(fast)
# Loading UNISIMS_VER.LUT2(fast__3)
# Loading UNISIMS_VER.RAMB36E1(fast__1)
# Loading UNISIMS_VER.RB36_INTERNAL_VLOG(fast__1)
# Loading work.PCIE_REG_IF(fast)
# Loading work.PCIE_REG_ACK(fast)
# Loading work.PCIE_REG_INT(fast)
# Loading work.PCIE_DN_REG(fast)
# Loading work.PCIE_UP_REG(fast)
# Loading work.PCIE_DN_CPLD_IF(fast)
# Loading work.PCIE_DN_IF(fast)
# Loading work.afifo_i90o90_d512(fast)
# Loading work.afifo_i90o90_d512_xpm_cdc_gray(fast)
# Loading UNISIMS_VER.LUT4(fast__6)
# Loading UNISIMS_VER.LUT3(fast__4)
# Loading UNISIMS_VER.LUT6(fast__4)
# Loading UNISIMS_VER.LUT5(fast__4)
# Loading work.afifo_i90o90_d512_xpm_cdc_gray__2(fast)
# Loading UNISIMS_VER.FDPE(fast)
# Loading UNISIMS_VER.LUT4(fast__7)
# Loading UNISIMS_VER.FDCE(fast)
# Loading UNISIMS_VER.LUT4(fast__8)
# Loading UNISIMS_VER.LUT6(fast__5)
# Loading UNISIMS_VER.LUT5(fast__5)
# Loading UNISIMS_VER.LUT6(fast__6)
# Loading UNISIMS_VER.LUT5(fast__6)
# Loading UNISIMS_VER.LUT5(fast__7)
# Loading UNISIMS_VER.LUT5(fast__8)
# Loading UNISIMS_VER.LUT5(fast__9)
# Loading UNISIMS_VER.RAM64M(fast)
# Loading UNISIMS_VER.LUT6(fast__7)
# Loading UNISIMS_VER.MUXF7(fast)
# Loading UNISIMS_VER.LUT2(fast__4)
# Loading work.afifo_i90o90_d512_xpm_cdc_async_rst(fast)
# Loading UNISIMS_VER.FDPE(fast__1)
# Loading UNISIMS_VER.LUT3(fast__5)
# Loading UNISIMS_VER.LUT5(fast__10)
# Loading work.afifo_i90o90_d512_xpm_cdc_single(fast)
# Loading work.afifo_i90o90_d512_xpm_cdc_single__2(fast)
# Loading work.afifo_i90o90_d512_xpm_cdc_async_rst__1(fast)
# Loading work.PCIE_DN_LBUF(fast)
# Loading work.afifo_i72o72_d2048(fast)
# Loading work.afifo_i72o72_d2048_xpm_cdc_gray(fast)
# Loading work.afifo_i72o72_d2048_xpm_cdc_gray__2(fast)
# Loading UNISIMS_VER.LUT6(fast__8)
# Loading UNISIMS_VER.LUT6(fast__9)
# Loading UNISIMS_VER.LUT6(fast__10)
# Loading UNISIMS_VER.LUT6(fast__11)
# Loading UNISIMS_VER.LUT6(fast__12)
# Loading work.afifo_i72o72_d2048_xpm_cdc_async_rst(fast)
# Loading work.afifo_i72o72_d2048_xpm_cdc_single(fast)
# Loading work.afifo_i72o72_d2048_xpm_cdc_single__2(fast)
# Loading work.afifo_i72o72_d2048_xpm_cdc_async_rst__1(fast)
# Loading work.PULSE_GEN(fast)
# Loading work.PCIE_DN_DEK(fast)
# Loading work.PCIE_DN_DMA(fast)
# Loading work.PCIE_DN_CPLD_DPK(fast)
# Loading work.PCIE_DN_DEK(fast__1)
# Loading work.PCIE_DN_DMA(fast__1)
# Loading work.PCIE_DN_ARBIT(fast)
# Loading work.PCIE_UP_IF(fast)
# Loading work.PCIE_UP_LBUF(fast)
# Loading work.PCIE_UP_UFK(fast)
# Loading work.PCIE_UP_DMA(fast)
# Loading work.PCIE_UP_UFK(fast__1)
# Loading work.PCIE_UP_DMA(fast__1)
# Loading work.PCIE_UP_ARBIT(fast)
# Loading work.BIST_REG(fast)
# Loading work.glbl(fast)
# ** Warning: (vsim-3015) [PCDPC] - Port size (12) does not match connection size (16) for port 'DRAM_WR_SIZE'. The port definition is at: ../rtl/05_pc_sim/pc_sim.v(26).
#    Time: 0 ps  Iteration: 0  Instance: /tb_top/U_PC_SIM File: sim_model/tb_top.v Line: 708
#  
# ******<<<<<<<<<<<<<<<<<<<<<<Simulation tb_01 start>>>>>>>>>>>>>>>>>>>>>>> ******
#  
# ---- Initial simulation
# ---- clock ---- 1111 ---- enable
# ---- Wait for  64 cycles
# ---- Wait for  64 cycles end
# ---- Wait for  16 cycles
# ---- Wait for  16 cycles end
# ---- reseting by cycle
# ---- reset0   64 cycle end
# ---- Wait for  16 cycles
# ---- Wait for  16 cycles end
# ---- reseting by ns
# ---- reset1  255 ns end
# ---- DRAM write PORT :0x02    ADD :0x0000000    SIZE :0x400
# ---- DRAM write end
# ---- Wait for  16 cycles
# ---- Wait for  16 cycles end
# ---- DRAM write PORT :0x01    ADD :0x0000000    SIZE :0x010
# ---- DRAM write end
# ---- Wait for  16 cycles
# ---- Wait for  16 cycles end
# ---- DRAM write PORT :0x01    ADD :0x0000000    SIZE :0x010
# ---- DRAM write end
# ---- Wait for  16 cycles
# ---- Wait for  16 cycles end
# ---- DRAM write PORT :0x01    ADD :0x0000000    SIZE :0x010
# ---- DRAM write end
# ---- Wait for  16 cycles
# ---- Wait for  16 cycles end
# ---- DRAM write PORT :0x01    ADD :0x0000000    SIZE :0x010
# ---- DRAM write end
# ---- Wait for  16 cycles
# ---- Wait for  16 cycles end
# ---- DRAM write PORT :0x01    ADD :0x0000000    SIZE :0x010
# ---- DRAM write end
# ---- Wait for  16 cycles
# ---- Wait for  16 cycles end
# ---- DRAM write PORT :0x01    ADD :0x0000000    SIZE :0x010
# ---- DRAM write end
# ---- Wait for 255 cycles
# ---- Wait for 255 cycles end
# ---- Wait for   8 us
# ---- Wait           1 us of   8 us
# ---- Wait           2 us of   8 us
# ---- Wait           3 us of   8 us
# ---- Wait           4 us of   8 us
# ---- Wait           5 us of   8 us
# ---- Wait           6 us of   8 us
# ---- Wait           7 us of   8 us
# ---- Wait           8 us of   8 us
# ---- Wait for   8 us end
# ---- tb_01 test completed !
#  
# ******<<<<<<<<<<<<<<<<<<<<Simulation tb_01 Successful End>>>>>>>>>>>>>>>>>>> ******
#  
do do/compile_all.do
# ** Warning: (vlib-34) Library already exists at "work".
# Errors: 0, Warnings: 1
# Model Technology ModelSim SE-64 vmap 2020.4 Lib Mapping Utility 2020.10 Oct 13 2020
# vmap work 
# Reading C:/modeltech64_2020.4/win64/../modelsim.ini
# "work" maps to directory ./work. (Default mapping)
# Model Technology ModelSim SE-64 vlog 2020.4 Compiler 2020.10 Oct 13 2020
# Start time: 15:06:24 on Mar 13,2025
# vlog -reportprogress 300 -work work sim_model/lib/glbl.v 
# -- Compiling module glbl
# 
# Top level modules:
# 	glbl
# End time: 15:06:24 on Mar 13,2025, Elapsed time: 0:00:00
# Errors: 0, Warnings: 0
# ** Warning: (vlib-34) Library already exists at "work".
# Errors: 0, Warnings: 1
# Model Technology ModelSim SE-64 vmap 2020.4 Lib Mapping Utility 2020.10 Oct 13 2020
# vmap work 
# Reading C:/modeltech64_2020.4/win64/../modelsim.ini
# "work" maps to directory ./work. (Default mapping)
# Model Technology ModelSim SE-64 vlog 2020.4 Compiler 2020.10 Oct 13 2020
# Start time: 15:06:24 on Mar 13,2025
# vlog -reportprogress 300 -work work ../rtl/00_xilinx_ip/0_sbram/sram_i64o64_d256/sram_i64o64_d256_sim_netlist.V 
# -- Compiling module sram_i64o64_d256
# -- Compiling module glbl
# 
# Top level modules:
# 	sram_i64o64_d256
# 	glbl
# End time: 15:06:24 on Mar 13,2025, Elapsed time: 0:00:00
# Errors: 0, Warnings: 0
# Model Technology ModelSim SE-64 vlog 2020.4 Compiler 2020.10 Oct 13 2020
# Start time: 15:06:24 on Mar 13,2025
# vlog -reportprogress 300 -work work ../rtl/00_xilinx_ip/1_afifo/afifo_i72o72_d2048/afifo_i72o72_d2048_sim_netlist.V 
# -- Compiling module afifo_i72o72_d2048
# -- Compiling module afifo_i72o72_d2048_xpm_cdc_async_rst
# -- Compiling module afifo_i72o72_d2048_xpm_cdc_async_rst__1
# -- Compiling module afifo_i72o72_d2048_xpm_cdc_gray
# -- Compiling module afifo_i72o72_d2048_xpm_cdc_gray__2
# -- Compiling module afifo_i72o72_d2048_xpm_cdc_single
# -- Compiling module afifo_i72o72_d2048_xpm_cdc_single__2
# -- Compiling module glbl
# 
# Top level modules:
# 	afifo_i72o72_d2048
# 	glbl
# End time: 15:06:25 on Mar 13,2025, Elapsed time: 0:00:01
# Errors: 0, Warnings: 0
# Model Technology ModelSim SE-64 vlog 2020.4 Compiler 2020.10 Oct 13 2020
# Start time: 15:06:25 on Mar 13,2025
# vlog -reportprogress 300 -work work ../rtl/00_xilinx_ip/1_afifo/afifo_i90o90_d512/afifo_i90o90_d512_sim_netlist.V 
# -- Compiling module afifo_i90o90_d512
# -- Compiling module afifo_i90o90_d512_xpm_cdc_async_rst
# -- Compiling module afifo_i90o90_d512_xpm_cdc_async_rst__1
# -- Compiling module afifo_i90o90_d512_xpm_cdc_gray
# -- Compiling module afifo_i90o90_d512_xpm_cdc_gray__2
# -- Compiling module afifo_i90o90_d512_xpm_cdc_single
# -- Compiling module afifo_i90o90_d512_xpm_cdc_single__2
# -- Compiling module glbl
# 
# Top level modules:
# 	afifo_i90o90_d512
# 	glbl
# End time: 15:06:25 on Mar 13,2025, Elapsed time: 0:00:00
# Errors: 0, Warnings: 0
# Model Technology ModelSim SE-64 vlog 2020.4 Compiler 2020.10 Oct 13 2020
# Start time: 15:06:25 on Mar 13,2025
# vlog -reportprogress 300 -work work ../rtl/00_xilinx_ip/2_sfifo/sfifo_i72o72_d512/sfifo_i72o72_d512_sim_netlist.V 
# -- Compiling module sfifo_i72o72_d512
# -- Compiling module glbl
# 
# Top level modules:
# 	sfifo_i72o72_d512
# 	glbl
# End time: 15:06:26 on Mar 13,2025, Elapsed time: 0:00:01
# Errors: 0, Warnings: 0
# Model Technology ModelSim SE-64 vlog 2020.4 Compiler 2020.10 Oct 13 2020
# Start time: 15:06:26 on Mar 13,2025
# vlog -reportprogress 300 -work work ../rtl/00_xilinx_ip/2_sfifo/sfifo_i180_o180_d512/sfifo_i180_o180_d512_sim_netlist.V 
# -- Compiling module sfifo_i180_o180_d512
# -- Compiling module glbl
# 
# Top level modules:
# 	sfifo_i180_o180_d512
# 	glbl
# End time: 15:06:26 on Mar 13,2025, Elapsed time: 0:00:00
# Errors: 0, Warnings: 0
# Model Technology ModelSim SE-64 vlog 2020.4 Compiler 2020.10 Oct 13 2020
# Start time: 15:06:26 on Mar 13,2025
# vlog -reportprogress 300 -work work ../rtl/00_xilinx_ip/2_sfifo/sfifo_i108o108_d512/sfifo_i108o108_d512_sim_netlist.V 
# -- Compiling module sfifo_i108o108_d512
# -- Compiling module glbl
# 
# Top level modules:
# 	sfifo_i108o108_d512
# 	glbl
# End time: 15:06:26 on Mar 13,2025, Elapsed time: 0:00:00
# Errors: 0, Warnings: 0
# Model Technology ModelSim SE-64 vlog 2020.4 Compiler 2020.10 Oct 13 2020
# Start time: 15:06:26 on Mar 13,2025
# vlog -reportprogress 300 -work work ../rtl/01_user_ip/pulse_gen.v 
# -- Compiling module PULSE_GEN
# 
# Top level modules:
# 	PULSE_GEN
# End time: 15:06:26 on Mar 13,2025, Elapsed time: 0:00:00
# Errors: 0, Warnings: 0
# Model Technology ModelSim SE-64 vlog 2020.4 Compiler 2020.10 Oct 13 2020
# Start time: 15:06:27 on Mar 13,2025
# vlog -reportprogress 300 -work work ../rtl/03_pcie_if_gx/pcie_dn_arbit.v ../rtl/03_pcie_if_gx/pcie_dn_cpld_dpk.v ../rtl/03_pcie_if_gx/pcie_dn_cpld_if.v ../rtl/03_pcie_if_gx/pcie_dn_dek.v ../rtl/03_pcie_if_gx/pcie_dn_dma.v ../rtl/03_pcie_if_gx/pcie_dn_if.v ../rtl/03_pcie_if_gx/pcie_dn_lbuf.v ../rtl/03_pcie_if_gx/pcie_dn_reg.v ../rtl/03_pcie_if_gx/pcie_if_gx_x1.v ../rtl/03_pcie_if_gx/pcie_int.v ../rtl/03_pcie_if_gx/pcie_reg_ack.v ../rtl/03_pcie_if_gx/pcie_reg_if.v ../rtl/03_pcie_if_gx/pcie_reg_int.v ../rtl/03_pcie_if_gx/pcie_rx.v ../rtl/03_pcie_if_gx/pcie_tx.v ../rtl/03_pcie_if_gx/pcie_up_arbit.v ../rtl/03_pcie_if_gx/pcie_up_dma.v ../rtl/03_pcie_if_gx/pcie_up_if.v ../rtl/03_pcie_if_gx/pcie_up_lbuf.v ../rtl/03_pcie_if_gx/pcie_up_reg.v ../rtl/03_pcie_if_gx/pcie_up_ufk.v 
# -- Compiling module PCIE_DN_ARBIT
# -- Compiling module PCIE_DN_CPLD_DPK
# -- Compiling module PCIE_DN_CPLD_IF
# -- Compiling module PCIE_DN_DEK
# -- Compiling module PCIE_DN_DMA
# -- Compiling module PCIE_DN_IF
# -- Compiling module PCIE_DN_LBUF
# -- Compiling module PCIE_DN_REG
# -- Compiling module PCIE_IF_GX
# -- Compiling module PCIE_INT
# -- Compiling module PCIE_REG_ACK
# -- Compiling module PCIE_REG_IF
# -- Compiling module PCIE_REG_INT
# -- Compiling module PCIE_RX
# -- Compiling module PCIE_TX
# -- Compiling module PCIE_UP_ARBIT
# -- Compiling module PCIE_UP_DMA
# -- Compiling module PCIE_UP_IF
# -- Compiling module PCIE_UP_LBUF
# -- Compiling module PCIE_UP_REG
# ** Error: ../rtl/03_pcie_if_gx/pcie_up_reg.v(136): (vlog-2730) Undefined variable: 'r_UP0_EBUF_RD_AUTO'.
# ** Error: ../rtl/03_pcie_if_gx/pcie_up_reg.v(142): (vlog-2730) Undefined variable: 'r_UP1_EBUF_RD_AUTO'.
# -- Compiling module PCIE_UP_UFK
# End time: 15:06:27 on Mar 13,2025, Elapsed time: 0:00:00
# Errors: 2, Warnings: 0
# ** Error: C:/modeltech64_2020.4/win64/vlog failed.
# Error in macro ./do/compile_rtl.do line 22
# C:/modeltech64_2020.4/win64/vlog failed.
#     while executing
# "vlog    -reportprogress 300 -work work      ../rtl/03_pcie_if_gx/*.V"
do do/compile_all.do
# ** Warning: (vlib-34) Library already exists at "work".
# Errors: 0, Warnings: 1
# Model Technology ModelSim SE-64 vmap 2020.4 Lib Mapping Utility 2020.10 Oct 13 2020
# vmap work 
# Reading C:/modeltech64_2020.4/win64/../modelsim.ini
# "work" maps to directory ./work. (Default mapping)
# Model Technology ModelSim SE-64 vlog 2020.4 Compiler 2020.10 Oct 13 2020
# Start time: 15:06:44 on Mar 13,2025
# vlog -reportprogress 300 -work work sim_model/lib/glbl.v 
# -- Compiling module glbl
# 
# Top level modules:
# 	glbl
# End time: 15:06:44 on Mar 13,2025, Elapsed time: 0:00:00
# Errors: 0, Warnings: 0
# ** Warning: (vlib-34) Library already exists at "work".
# Errors: 0, Warnings: 1
# Model Technology ModelSim SE-64 vmap 2020.4 Lib Mapping Utility 2020.10 Oct 13 2020
# vmap work 
# Reading C:/modeltech64_2020.4/win64/../modelsim.ini
# "work" maps to directory ./work. (Default mapping)
# Model Technology ModelSim SE-64 vlog 2020.4 Compiler 2020.10 Oct 13 2020
# Start time: 15:06:45 on Mar 13,2025
# vlog -reportprogress 300 -work work ../rtl/00_xilinx_ip/0_sbram/sram_i64o64_d256/sram_i64o64_d256_sim_netlist.V 
# -- Compiling module sram_i64o64_d256
# -- Compiling module glbl
# 
# Top level modules:
# 	sram_i64o64_d256
# 	glbl
# End time: 15:06:45 on Mar 13,2025, Elapsed time: 0:00:00
# Errors: 0, Warnings: 0
# Model Technology ModelSim SE-64 vlog 2020.4 Compiler 2020.10 Oct 13 2020
# Start time: 15:06:45 on Mar 13,2025
# vlog -reportprogress 300 -work work ../rtl/00_xilinx_ip/1_afifo/afifo_i72o72_d2048/afifo_i72o72_d2048_sim_netlist.V 
# -- Compiling module afifo_i72o72_d2048
# -- Compiling module afifo_i72o72_d2048_xpm_cdc_async_rst
# -- Compiling module afifo_i72o72_d2048_xpm_cdc_async_rst__1
# -- Compiling module afifo_i72o72_d2048_xpm_cdc_gray
# -- Compiling module afifo_i72o72_d2048_xpm_cdc_gray__2
# -- Compiling module afifo_i72o72_d2048_xpm_cdc_single
# -- Compiling module afifo_i72o72_d2048_xpm_cdc_single__2
# -- Compiling module glbl
# 
# Top level modules:
# 	afifo_i72o72_d2048
# 	glbl
# End time: 15:06:45 on Mar 13,2025, Elapsed time: 0:00:00
# Errors: 0, Warnings: 0
# Model Technology ModelSim SE-64 vlog 2020.4 Compiler 2020.10 Oct 13 2020
# Start time: 15:06:45 on Mar 13,2025
# vlog -reportprogress 300 -work work ../rtl/00_xilinx_ip/1_afifo/afifo_i90o90_d512/afifo_i90o90_d512_sim_netlist.V 
# -- Compiling module afifo_i90o90_d512
# -- Compiling module afifo_i90o90_d512_xpm_cdc_async_rst
# -- Compiling module afifo_i90o90_d512_xpm_cdc_async_rst__1
# -- Compiling module afifo_i90o90_d512_xpm_cdc_gray
# -- Compiling module afifo_i90o90_d512_xpm_cdc_gray__2
# -- Compiling module afifo_i90o90_d512_xpm_cdc_single
# -- Compiling module afifo_i90o90_d512_xpm_cdc_single__2
# -- Compiling module glbl
# 
# Top level modules:
# 	afifo_i90o90_d512
# 	glbl
# End time: 15:06:46 on Mar 13,2025, Elapsed time: 0:00:01
# Errors: 0, Warnings: 0
# Model Technology ModelSim SE-64 vlog 2020.4 Compiler 2020.10 Oct 13 2020
# Start time: 15:06:46 on Mar 13,2025
# vlog -reportprogress 300 -work work ../rtl/00_xilinx_ip/2_sfifo/sfifo_i72o72_d512/sfifo_i72o72_d512_sim_netlist.V 
# -- Compiling module sfifo_i72o72_d512
# -- Compiling module glbl
# 
# Top level modules:
# 	sfifo_i72o72_d512
# 	glbl
# End time: 15:06:46 on Mar 13,2025, Elapsed time: 0:00:00
# Errors: 0, Warnings: 0
# Model Technology ModelSim SE-64 vlog 2020.4 Compiler 2020.10 Oct 13 2020
# Start time: 15:06:46 on Mar 13,2025
# vlog -reportprogress 300 -work work ../rtl/00_xilinx_ip/2_sfifo/sfifo_i180_o180_d512/sfifo_i180_o180_d512_sim_netlist.V 
# -- Compiling module sfifo_i180_o180_d512
# -- Compiling module glbl
# 
# Top level modules:
# 	sfifo_i180_o180_d512
# 	glbl
# End time: 15:06:46 on Mar 13,2025, Elapsed time: 0:00:00
# Errors: 0, Warnings: 0
# Model Technology ModelSim SE-64 vlog 2020.4 Compiler 2020.10 Oct 13 2020
# Start time: 15:06:47 on Mar 13,2025
# vlog -reportprogress 300 -work work ../rtl/00_xilinx_ip/2_sfifo/sfifo_i108o108_d512/sfifo_i108o108_d512_sim_netlist.V 
# -- Compiling module sfifo_i108o108_d512
# -- Compiling module glbl
# 
# Top level modules:
# 	sfifo_i108o108_d512
# 	glbl
# End time: 15:06:47 on Mar 13,2025, Elapsed time: 0:00:00
# Errors: 0, Warnings: 0
# Model Technology ModelSim SE-64 vlog 2020.4 Compiler 2020.10 Oct 13 2020
# Start time: 15:06:47 on Mar 13,2025
# vlog -reportprogress 300 -work work ../rtl/01_user_ip/pulse_gen.v 
# -- Compiling module PULSE_GEN
# 
# Top level modules:
# 	PULSE_GEN
# End time: 15:06:47 on Mar 13,2025, Elapsed time: 0:00:00
# Errors: 0, Warnings: 0
# Model Technology ModelSim SE-64 vlog 2020.4 Compiler 2020.10 Oct 13 2020
# Start time: 15:06:47 on Mar 13,2025
# vlog -reportprogress 300 -work work ../rtl/03_pcie_if_gx/pcie_dn_arbit.v ../rtl/03_pcie_if_gx/pcie_dn_cpld_dpk.v ../rtl/03_pcie_if_gx/pcie_dn_cpld_if.v ../rtl/03_pcie_if_gx/pcie_dn_dek.v ../rtl/03_pcie_if_gx/pcie_dn_dma.v ../rtl/03_pcie_if_gx/pcie_dn_if.v ../rtl/03_pcie_if_gx/pcie_dn_lbuf.v ../rtl/03_pcie_if_gx/pcie_dn_reg.v ../rtl/03_pcie_if_gx/pcie_if_gx_x1.v ../rtl/03_pcie_if_gx/pcie_int.v ../rtl/03_pcie_if_gx/pcie_reg_ack.v ../rtl/03_pcie_if_gx/pcie_reg_if.v ../rtl/03_pcie_if_gx/pcie_reg_int.v ../rtl/03_pcie_if_gx/pcie_rx.v ../rtl/03_pcie_if_gx/pcie_tx.v ../rtl/03_pcie_if_gx/pcie_up_arbit.v ../rtl/03_pcie_if_gx/pcie_up_dma.v ../rtl/03_pcie_if_gx/pcie_up_if.v ../rtl/03_pcie_if_gx/pcie_up_lbuf.v ../rtl/03_pcie_if_gx/pcie_up_reg.v ../rtl/03_pcie_if_gx/pcie_up_ufk.v 
# -- Compiling module PCIE_DN_ARBIT
# -- Compiling module PCIE_DN_CPLD_DPK
# -- Compiling module PCIE_DN_CPLD_IF
# -- Compiling module PCIE_DN_DEK
# -- Compiling module PCIE_DN_DMA
# -- Compiling module PCIE_DN_IF
# -- Compiling module PCIE_DN_LBUF
# -- Compiling module PCIE_DN_REG
# -- Compiling module PCIE_IF_GX
# -- Compiling module PCIE_INT
# -- Compiling module PCIE_REG_ACK
# -- Compiling module PCIE_REG_IF
# -- Compiling module PCIE_REG_INT
# -- Compiling module PCIE_RX
# -- Compiling module PCIE_TX
# -- Compiling module PCIE_UP_ARBIT
# -- Compiling module PCIE_UP_DMA
# -- Compiling module PCIE_UP_IF
# -- Compiling module PCIE_UP_LBUF
# -- Compiling module PCIE_UP_REG
# ** Error: ../rtl/03_pcie_if_gx/pcie_up_reg.v(204): (vlog-2730) Undefined variable: 'r_UP0_EBUF_RD_AUTO'.
# ** Error: ../rtl/03_pcie_if_gx/pcie_up_reg.v(208): (vlog-2730) Undefined variable: 'r_UP1_EBUF_RD_AUTO'.
# -- Compiling module PCIE_UP_UFK
# End time: 15:06:47 on Mar 13,2025, Elapsed time: 0:00:00
# Errors: 2, Warnings: 0
# ** Error: C:/modeltech64_2020.4/win64/vlog failed.
# Error in macro ./do/compile_rtl.do line 22
# C:/modeltech64_2020.4/win64/vlog failed.
#     while executing
# "vlog    -reportprogress 300 -work work      ../rtl/03_pcie_if_gx/*.V"
do do/compile_all.do
# ** Warning: (vlib-34) Library already exists at "work".
# Errors: 0, Warnings: 1
# Model Technology ModelSim SE-64 vmap 2020.4 Lib Mapping Utility 2020.10 Oct 13 2020
# vmap work 
# Reading C:/modeltech64_2020.4/win64/../modelsim.ini
# "work" maps to directory ./work. (Default mapping)
# Model Technology ModelSim SE-64 vlog 2020.4 Compiler 2020.10 Oct 13 2020
# Start time: 15:07:03 on Mar 13,2025
# vlog -reportprogress 300 -work work sim_model/lib/glbl.v 
# -- Compiling module glbl
# 
# Top level modules:
# 	glbl
# End time: 15:07:03 on Mar 13,2025, Elapsed time: 0:00:00
# Errors: 0, Warnings: 0
# ** Warning: (vlib-34) Library already exists at "work".
# Errors: 0, Warnings: 1
# Model Technology ModelSim SE-64 vmap 2020.4 Lib Mapping Utility 2020.10 Oct 13 2020
# vmap work 
# Reading C:/modeltech64_2020.4/win64/../modelsim.ini
# "work" maps to directory ./work. (Default mapping)
# Model Technology ModelSim SE-64 vlog 2020.4 Compiler 2020.10 Oct 13 2020
# Start time: 15:07:03 on Mar 13,2025
# vlog -reportprogress 300 -work work ../rtl/00_xilinx_ip/0_sbram/sram_i64o64_d256/sram_i64o64_d256_sim_netlist.V 
# -- Compiling module sram_i64o64_d256
# -- Compiling module glbl
# 
# Top level modules:
# 	sram_i64o64_d256
# 	glbl
# End time: 15:07:03 on Mar 13,2025, Elapsed time: 0:00:00
# Errors: 0, Warnings: 0
# Model Technology ModelSim SE-64 vlog 2020.4 Compiler 2020.10 Oct 13 2020
# Start time: 15:07:04 on Mar 13,2025
# vlog -reportprogress 300 -work work ../rtl/00_xilinx_ip/1_afifo/afifo_i72o72_d2048/afifo_i72o72_d2048_sim_netlist.V 
# -- Compiling module afifo_i72o72_d2048
# -- Compiling module afifo_i72o72_d2048_xpm_cdc_async_rst
# -- Compiling module afifo_i72o72_d2048_xpm_cdc_async_rst__1
# -- Compiling module afifo_i72o72_d2048_xpm_cdc_gray
# -- Compiling module afifo_i72o72_d2048_xpm_cdc_gray__2
# -- Compiling module afifo_i72o72_d2048_xpm_cdc_single
# -- Compiling module afifo_i72o72_d2048_xpm_cdc_single__2
# -- Compiling module glbl
# 
# Top level modules:
# 	afifo_i72o72_d2048
# 	glbl
# End time: 15:07:04 on Mar 13,2025, Elapsed time: 0:00:00
# Errors: 0, Warnings: 0
# Model Technology ModelSim SE-64 vlog 2020.4 Compiler 2020.10 Oct 13 2020
# Start time: 15:07:04 on Mar 13,2025
# vlog -reportprogress 300 -work work ../rtl/00_xilinx_ip/1_afifo/afifo_i90o90_d512/afifo_i90o90_d512_sim_netlist.V 
# -- Compiling module afifo_i90o90_d512
# -- Compiling module afifo_i90o90_d512_xpm_cdc_async_rst
# -- Compiling module afifo_i90o90_d512_xpm_cdc_async_rst__1
# -- Compiling module afifo_i90o90_d512_xpm_cdc_gray
# -- Compiling module afifo_i90o90_d512_xpm_cdc_gray__2
# -- Compiling module afifo_i90o90_d512_xpm_cdc_single
# -- Compiling module afifo_i90o90_d512_xpm_cdc_single__2
# -- Compiling module glbl
# 
# Top level modules:
# 	afifo_i90o90_d512
# 	glbl
# End time: 15:07:05 on Mar 13,2025, Elapsed time: 0:00:01
# Errors: 0, Warnings: 0
# Model Technology ModelSim SE-64 vlog 2020.4 Compiler 2020.10 Oct 13 2020
# Start time: 15:07:05 on Mar 13,2025
# vlog -reportprogress 300 -work work ../rtl/00_xilinx_ip/2_sfifo/sfifo_i72o72_d512/sfifo_i72o72_d512_sim_netlist.V 
# -- Compiling module sfifo_i72o72_d512
# -- Compiling module glbl
# 
# Top level modules:
# 	sfifo_i72o72_d512
# 	glbl
# End time: 15:07:05 on Mar 13,2025, Elapsed time: 0:00:00
# Errors: 0, Warnings: 0
# Model Technology ModelSim SE-64 vlog 2020.4 Compiler 2020.10 Oct 13 2020
# Start time: 15:07:05 on Mar 13,2025
# vlog -reportprogress 300 -work work ../rtl/00_xilinx_ip/2_sfifo/sfifo_i180_o180_d512/sfifo_i180_o180_d512_sim_netlist.V 
# -- Compiling module sfifo_i180_o180_d512
# -- Compiling module glbl
# 
# Top level modules:
# 	sfifo_i180_o180_d512
# 	glbl
# End time: 15:07:06 on Mar 13,2025, Elapsed time: 0:00:01
# Errors: 0, Warnings: 0
# Model Technology ModelSim SE-64 vlog 2020.4 Compiler 2020.10 Oct 13 2020
# Start time: 15:07:06 on Mar 13,2025
# vlog -reportprogress 300 -work work ../rtl/00_xilinx_ip/2_sfifo/sfifo_i108o108_d512/sfifo_i108o108_d512_sim_netlist.V 
# -- Compiling module sfifo_i108o108_d512
# -- Compiling module glbl
# 
# Top level modules:
# 	sfifo_i108o108_d512
# 	glbl
# End time: 15:07:06 on Mar 13,2025, Elapsed time: 0:00:00
# Errors: 0, Warnings: 0
# Model Technology ModelSim SE-64 vlog 2020.4 Compiler 2020.10 Oct 13 2020
# Start time: 15:07:06 on Mar 13,2025
# vlog -reportprogress 300 -work work ../rtl/01_user_ip/pulse_gen.v 
# -- Compiling module PULSE_GEN
# 
# Top level modules:
# 	PULSE_GEN
# End time: 15:07:06 on Mar 13,2025, Elapsed time: 0:00:00
# Errors: 0, Warnings: 0
# Model Technology ModelSim SE-64 vlog 2020.4 Compiler 2020.10 Oct 13 2020
# Start time: 15:07:06 on Mar 13,2025
# vlog -reportprogress 300 -work work ../rtl/03_pcie_if_gx/pcie_dn_arbit.v ../rtl/03_pcie_if_gx/pcie_dn_cpld_dpk.v ../rtl/03_pcie_if_gx/pcie_dn_cpld_if.v ../rtl/03_pcie_if_gx/pcie_dn_dek.v ../rtl/03_pcie_if_gx/pcie_dn_dma.v ../rtl/03_pcie_if_gx/pcie_dn_if.v ../rtl/03_pcie_if_gx/pcie_dn_lbuf.v ../rtl/03_pcie_if_gx/pcie_dn_reg.v ../rtl/03_pcie_if_gx/pcie_if_gx_x1.v ../rtl/03_pcie_if_gx/pcie_int.v ../rtl/03_pcie_if_gx/pcie_reg_ack.v ../rtl/03_pcie_if_gx/pcie_reg_if.v ../rtl/03_pcie_if_gx/pcie_reg_int.v ../rtl/03_pcie_if_gx/pcie_rx.v ../rtl/03_pcie_if_gx/pcie_tx.v ../rtl/03_pcie_if_gx/pcie_up_arbit.v ../rtl/03_pcie_if_gx/pcie_up_dma.v ../rtl/03_pcie_if_gx/pcie_up_if.v ../rtl/03_pcie_if_gx/pcie_up_lbuf.v ../rtl/03_pcie_if_gx/pcie_up_reg.v ../rtl/03_pcie_if_gx/pcie_up_ufk.v 
# -- Compiling module PCIE_DN_ARBIT
# -- Compiling module PCIE_DN_CPLD_DPK
# -- Compiling module PCIE_DN_CPLD_IF
# -- Compiling module PCIE_DN_DEK
# -- Compiling module PCIE_DN_DMA
# -- Compiling module PCIE_DN_IF
# -- Compiling module PCIE_DN_LBUF
# -- Compiling module PCIE_DN_REG
# -- Compiling module PCIE_IF_GX
# -- Compiling module PCIE_INT
# -- Compiling module PCIE_REG_ACK
# -- Compiling module PCIE_REG_IF
# -- Compiling module PCIE_REG_INT
# -- Compiling module PCIE_RX
# -- Compiling module PCIE_TX
# -- Compiling module PCIE_UP_ARBIT
# -- Compiling module PCIE_UP_DMA
# -- Compiling module PCIE_UP_IF
# -- Compiling module PCIE_UP_LBUF
# -- Compiling module PCIE_UP_REG
# -- Compiling module PCIE_UP_UFK
# 
# Top level modules:
# 	PCIE_IF_GX
# 	PCIE_INT
# End time: 15:07:06 on Mar 13,2025, Elapsed time: 0:00:00
# Errors: 0, Warnings: 0
# Model Technology ModelSim SE-64 vlog 2020.4 Compiler 2020.10 Oct 13 2020
# Start time: 15:07:06 on Mar 13,2025
# vlog -reportprogress 300 -work work ../rtl/04_bist/bist_reg.v ../rtl/04_bist/ram_bist.v 
# -- Compiling module BIST_REG
# -- Compiling module RAM_BIST
# 
# Top level modules:
# 	BIST_REG
# 	RAM_BIST
# End time: 15:07:07 on Mar 13,2025, Elapsed time: 0:00:01
# Errors: 0, Warnings: 0
# Model Technology ModelSim SE-64 vlog 2020.4 Compiler 2020.10 Oct 13 2020
# Start time: 15:07:07 on Mar 13,2025
# vlog -reportprogress 300 -work work ../rtl/05_pc_sim/pc_sim.v 
# -- Compiling module PC_SIM
# 
# Top level modules:
# 	PC_SIM
# End time: 15:07:07 on Mar 13,2025, Elapsed time: 0:00:00
# Errors: 0, Warnings: 0
# Model Technology ModelSim SE-64 vlog 2020.4 Compiler 2020.10 Oct 13 2020
# Start time: 15:07:07 on Mar 13,2025
# vlog -reportprogress 300 -work work ../rtl/fpga_top_sim.V 
# -- Compiling module FPGA_TOP_SIM
# 
# Top level modules:
# 	FPGA_TOP_SIM
# End time: 15:07:07 on Mar 13,2025, Elapsed time: 0:00:00
# Errors: 0, Warnings: 0
# ** Warning: (vlib-34) Library already exists at "work".
# Errors: 0, Warnings: 1
# Model Technology ModelSim SE-64 vmap 2020.4 Lib Mapping Utility 2020.10 Oct 13 2020
# vmap work 
# Reading C:/modeltech64_2020.4/win64/../modelsim.ini
# "work" maps to directory ./work. (Default mapping)
# Model Technology ModelSim SE-64 vlog 2020.4 Compiler 2020.10 Oct 13 2020
# Start time: 15:07:07 on Mar 13,2025
# vlog -reportprogress 300 -work work sim_model/define/define.v 
# End time: 15:07:07 on Mar 13,2025, Elapsed time: 0:00:00
# Errors: 0, Warnings: 0
# Model Technology ModelSim SE-64 vlog 2020.4 Compiler 2020.10 Oct 13 2020
# Start time: 15:07:07 on Mar 13,2025
# vlog -reportprogress 300 "+define+tb_00=1" -work work "+incdir+{sim_model/define}" sim_model/sim_model.v 
# -- Compiling module SIM_MODEL
# 
# Top level modules:
# 	SIM_MODEL
# End time: 15:07:07 on Mar 13,2025, Elapsed time: 0:00:00
# Errors: 0, Warnings: 0
# Model Technology ModelSim SE-64 vlog 2020.4 Compiler 2020.10 Oct 13 2020
# Start time: 15:07:07 on Mar 13,2025
# vlog -reportprogress 300 "+define+tb_00=1" -work work "+incdir+{sim_model/define}" sim_model/tb_top.v 
# -- Compiling module tb_top
# 
# Top level modules:
# 	tb_top
# End time: 15:07:07 on Mar 13,2025, Elapsed time: 0:00:00
# Errors: 0, Warnings: 0
do do/tb_01.do
# Model Technology ModelSim SE-64 vlog 2020.4 Compiler 2020.10 Oct 13 2020
# Start time: 15:07:10 on Mar 13,2025
# vlog -reportprogress 300 "+define+tb_01=1" -work work sim_model\define\define.v 
# End time: 15:07:10 on Mar 13,2025, Elapsed time: 0:00:00
# Errors: 0, Warnings: 0
# Model Technology ModelSim SE-64 vlog 2020.4 Compiler 2020.10 Oct 13 2020
# Start time: 15:07:10 on Mar 13,2025
# vlog -reportprogress 300 "+define+tb_01=1" -work work "+incdir+{sim_modeldefine}" sim_model\tb_top.v 
# -- Compiling module tb_top
# 
# Top level modules:
# 	tb_top
# End time: 15:07:10 on Mar 13,2025, Elapsed time: 0:00:00
# Errors: 0, Warnings: 0
# End time: 15:07:12 on Mar 13,2025, Elapsed time: 0:06:33
# Errors: 2, Warnings: 1
# vsim -t 1ps -c -l ./log/vsim_tb_01_report.log work.tb_top -L UNISIMS_VER -L SECUREIP -L SIMPRIMS_VER -L work -voptargs="+acc" work.glbl -wav ./wave/tb_01.wlf 
# Start time: 15:07:12 on Mar 13,2025
# ** Note: (vsim-3813) Design is being optimized due to module recompilation...
# Loading work.tb_top(fast)
# Loading work.SIM_MODEL(fast)
# Loading work.PC_SIM(fast)
# Loading work.PCIE_IF_GX(fast)
# Loading work.PCIE_RX(fast)
# Loading work.sfifo_i180_o180_d512(fast)
# Loading UNISIMS_VER.GND(fast)
# Loading UNISIMS_VER.LUT1(fast)
# Loading UNISIMS_VER.LUT2(fast)
# Loading UNISIMS_VER.LUT3(fast)
# Loading UNISIMS_VER.FDRE(fast)
# Loading UNISIMS_VER.CARRY4(fast)
# Loading UNISIMS_VER.LUT5(fast)
# Loading UNISIMS_VER.LUT5(fast__1)
# Loading UNISIMS_VER.FDSE(fast)
# Loading UNISIMS_VER.LUT4(fast)
# Loading UNISIMS_VER.LUT4(fast__1)
# Loading UNISIMS_VER.LUT3(fast__1)
# Loading UNISIMS_VER.LUT3(fast__2)
# Loading UNISIMS_VER.LUT4(fast__2)
# Loading UNISIMS_VER.LUT6(fast)
# Loading UNISIMS_VER.LUT2(fast__1)
# Loading UNISIMS_VER.LUT3(fast__3)
# Loading UNISIMS_VER.LUT4(fast__3)
# Loading UNISIMS_VER.LUT5(fast__2)
# Loading UNISIMS_VER.LUT6(fast__1)
# Loading UNISIMS_VER.LUT6(fast__2)
# Loading UNISIMS_VER.LUT4(fast__4)
# Loading UNISIMS_VER.LUT2(fast__2)
# Loading UNISIMS_VER.LUT5(fast__3)
# Loading UNISIMS_VER.LUT4(fast__5)
# Loading UNISIMS_VER.LUT6(fast__3)
# Loading UNISIMS_VER.LUT1(fast__1)
# Loading UNISIMS_VER.RAMB18E1(fast)
# Loading UNISIMS_VER.RB18_INTERNAL_VLOG(fast)
# Loading UNISIMS_VER.RAMB36E1(fast)
# Loading UNISIMS_VER.RB36_INTERNAL_VLOG(fast)
# Loading work.PCIE_TX(fast)
# Loading work.sfifo_i72o72_d512(fast)
# Loading UNISIMS_VER.LUT2(fast__3)
# Loading UNISIMS_VER.RAMB36E1(fast__1)
# Loading UNISIMS_VER.RB36_INTERNAL_VLOG(fast__1)
# Loading work.PCIE_REG_IF(fast)
# Loading work.PCIE_REG_ACK(fast)
# Loading work.PCIE_REG_INT(fast)
# Loading work.PCIE_DN_REG(fast)
# Loading work.PCIE_UP_REG(fast)
# Loading work.PCIE_DN_CPLD_IF(fast)
# Loading work.PCIE_DN_IF(fast)
# Loading work.afifo_i90o90_d512(fast)
# Loading work.afifo_i90o90_d512_xpm_cdc_gray(fast)
# Loading UNISIMS_VER.LUT4(fast__6)
# Loading UNISIMS_VER.LUT3(fast__4)
# Loading UNISIMS_VER.LUT6(fast__4)
# Loading UNISIMS_VER.LUT5(fast__4)
# Loading work.afifo_i90o90_d512_xpm_cdc_gray__2(fast)
# Loading UNISIMS_VER.FDPE(fast)
# Loading UNISIMS_VER.LUT4(fast__7)
# Loading UNISIMS_VER.FDCE(fast)
# Loading UNISIMS_VER.LUT4(fast__8)
# Loading UNISIMS_VER.LUT6(fast__5)
# Loading UNISIMS_VER.LUT5(fast__5)
# Loading UNISIMS_VER.LUT6(fast__6)
# Loading UNISIMS_VER.LUT5(fast__6)
# Loading UNISIMS_VER.LUT5(fast__7)
# Loading UNISIMS_VER.LUT5(fast__8)
# Loading UNISIMS_VER.LUT5(fast__9)
# Loading UNISIMS_VER.RAM64M(fast)
# Loading UNISIMS_VER.LUT6(fast__7)
# Loading UNISIMS_VER.MUXF7(fast)
# Loading UNISIMS_VER.LUT2(fast__4)
# Loading work.afifo_i90o90_d512_xpm_cdc_async_rst(fast)
# Loading UNISIMS_VER.FDPE(fast__1)
# Loading UNISIMS_VER.LUT3(fast__5)
# Loading UNISIMS_VER.LUT5(fast__10)
# Loading work.afifo_i90o90_d512_xpm_cdc_single(fast)
# Loading work.afifo_i90o90_d512_xpm_cdc_single__2(fast)
# Loading work.afifo_i90o90_d512_xpm_cdc_async_rst__1(fast)
# Loading work.PCIE_DN_LBUF(fast)
# Loading work.afifo_i72o72_d2048(fast)
# Loading work.afifo_i72o72_d2048_xpm_cdc_gray(fast)
# Loading work.afifo_i72o72_d2048_xpm_cdc_gray__2(fast)
# Loading UNISIMS_VER.LUT6(fast__8)
# Loading UNISIMS_VER.LUT6(fast__9)
# Loading UNISIMS_VER.LUT6(fast__10)
# Loading UNISIMS_VER.LUT6(fast__11)
# Loading UNISIMS_VER.LUT6(fast__12)
# Loading work.afifo_i72o72_d2048_xpm_cdc_async_rst(fast)
# Loading work.afifo_i72o72_d2048_xpm_cdc_single(fast)
# Loading work.afifo_i72o72_d2048_xpm_cdc_single__2(fast)
# Loading work.afifo_i72o72_d2048_xpm_cdc_async_rst__1(fast)
# Loading work.PULSE_GEN(fast)
# Loading work.PCIE_DN_DEK(fast)
# Loading work.PCIE_DN_DMA(fast)
# Loading work.PCIE_DN_CPLD_DPK(fast)
# Loading work.PCIE_DN_DEK(fast__1)
# Loading work.PCIE_DN_DMA(fast__1)
# Loading work.PCIE_DN_ARBIT(fast)
# Loading work.PCIE_UP_IF(fast)
# Loading work.PCIE_UP_LBUF(fast)
# Loading work.PCIE_UP_UFK(fast)
# Loading work.PCIE_UP_DMA(fast)
# Loading work.PCIE_UP_UFK(fast__1)
# Loading work.PCIE_UP_DMA(fast__1)
# Loading work.PCIE_UP_ARBIT(fast)
# Loading work.BIST_REG(fast)
# Loading work.glbl(fast)
# ** Warning: (vsim-3015) [PCDPC] - Port size (12) does not match connection size (16) for port 'DRAM_WR_SIZE'. The port definition is at: ../rtl/05_pc_sim/pc_sim.v(26).
#    Time: 0 ps  Iteration: 0  Instance: /tb_top/U_PC_SIM File: sim_model/tb_top.v Line: 708
#  
# ******<<<<<<<<<<<<<<<<<<<<<<Simulation tb_01 start>>>>>>>>>>>>>>>>>>>>>>> ******
#  
# ---- Initial simulation
# ---- clock ---- 1111 ---- enable
# ---- Wait for  64 cycles
# ---- Wait for  64 cycles end
# ---- Wait for  16 cycles
# ---- Wait for  16 cycles end
# ---- reseting by cycle
# ---- reset0   64 cycle end
# ---- Wait for  16 cycles
# ---- Wait for  16 cycles end
# ---- reseting by ns
# ---- reset1  255 ns end
# ---- DRAM write PORT :0x02    ADD :0x0000000    SIZE :0x400
# ---- DRAM write end
# ---- Wait for  16 cycles
# ---- Wait for  16 cycles end
# ---- DRAM write PORT :0x01    ADD :0x0000000    SIZE :0x010
# ---- DRAM write end
# ---- Wait for  16 cycles
# ---- Wait for  16 cycles end
# ---- DRAM write PORT :0x01    ADD :0x0000000    SIZE :0x010
# ---- DRAM write end
# ---- Wait for  16 cycles
# ---- Wait for  16 cycles end
# ---- DRAM write PORT :0x01    ADD :0x0000000    SIZE :0x010
# ---- DRAM write end
# ---- Wait for  16 cycles
# ---- Wait for  16 cycles end
# ---- DRAM write PORT :0x01    ADD :0x0000000    SIZE :0x010
# ---- DRAM write end
# ---- Wait for  16 cycles
# ---- Wait for  16 cycles end
# ---- DRAM write PORT :0x01    ADD :0x0000000    SIZE :0x010
# ---- DRAM write end
# ---- Wait for  16 cycles
# ---- Wait for  16 cycles end
# ---- DRAM write PORT :0x01    ADD :0x0000000    SIZE :0x010
# ---- DRAM write end
# ---- Wait for 255 cycles
# ---- Wait for 255 cycles end
# ---- Wait for   8 us
# ---- Wait           1 us of   8 us
# ---- Wait           2 us of   8 us
# ---- Wait           3 us of   8 us
# ---- Wait           4 us of   8 us
# ---- Wait           5 us of   8 us
# ---- Wait           6 us of   8 us
# ---- Wait           7 us of   8 us
# ---- Wait           8 us of   8 us
# ---- Wait for   8 us end
# ---- tb_01 test completed !
#  
# ******<<<<<<<<<<<<<<<<<<<<Simulation tb_01 Successful End>>>>>>>>>>>>>>>>>>> ******
#  
do do/compile_all.do
# ** Warning: (vlib-34) Library already exists at "work".
# Errors: 0, Warnings: 1
# Model Technology ModelSim SE-64 vmap 2020.4 Lib Mapping Utility 2020.10 Oct 13 2020
# vmap work 
# Reading C:/modeltech64_2020.4/win64/../modelsim.ini
# "work" maps to directory ./work. (Default mapping)
# Model Technology ModelSim SE-64 vlog 2020.4 Compiler 2020.10 Oct 13 2020
# Start time: 15:10:58 on Mar 13,2025
# vlog -reportprogress 300 -work work sim_model/lib/glbl.v 
# -- Compiling module glbl
# 
# Top level modules:
# 	glbl
# End time: 15:10:58 on Mar 13,2025, Elapsed time: 0:00:00
# Errors: 0, Warnings: 0
# ** Warning: (vlib-34) Library already exists at "work".
# Errors: 0, Warnings: 1
# Model Technology ModelSim SE-64 vmap 2020.4 Lib Mapping Utility 2020.10 Oct 13 2020
# vmap work 
# Reading C:/modeltech64_2020.4/win64/../modelsim.ini
# "work" maps to directory ./work. (Default mapping)
# Model Technology ModelSim SE-64 vlog 2020.4 Compiler 2020.10 Oct 13 2020
# Start time: 15:10:58 on Mar 13,2025
# vlog -reportprogress 300 -work work ../rtl/00_xilinx_ip/0_sbram/sram_i64o64_d256/sram_i64o64_d256_sim_netlist.V 
# -- Compiling module sram_i64o64_d256
# -- Compiling module glbl
# 
# Top level modules:
# 	sram_i64o64_d256
# 	glbl
# End time: 15:10:58 on Mar 13,2025, Elapsed time: 0:00:00
# Errors: 0, Warnings: 0
# Model Technology ModelSim SE-64 vlog 2020.4 Compiler 2020.10 Oct 13 2020
# Start time: 15:10:58 on Mar 13,2025
# vlog -reportprogress 300 -work work ../rtl/00_xilinx_ip/1_afifo/afifo_i72o72_d2048/afifo_i72o72_d2048_sim_netlist.V 
# -- Compiling module afifo_i72o72_d2048
# -- Compiling module afifo_i72o72_d2048_xpm_cdc_async_rst
# -- Compiling module afifo_i72o72_d2048_xpm_cdc_async_rst__1
# -- Compiling module afifo_i72o72_d2048_xpm_cdc_gray
# -- Compiling module afifo_i72o72_d2048_xpm_cdc_gray__2
# -- Compiling module afifo_i72o72_d2048_xpm_cdc_single
# -- Compiling module afifo_i72o72_d2048_xpm_cdc_single__2
# -- Compiling module glbl
# 
# Top level modules:
# 	afifo_i72o72_d2048
# 	glbl
# End time: 15:10:59 on Mar 13,2025, Elapsed time: 0:00:01
# Errors: 0, Warnings: 0
# Model Technology ModelSim SE-64 vlog 2020.4 Compiler 2020.10 Oct 13 2020
# Start time: 15:10:59 on Mar 13,2025
# vlog -reportprogress 300 -work work ../rtl/00_xilinx_ip/1_afifo/afifo_i90o90_d512/afifo_i90o90_d512_sim_netlist.V 
# -- Compiling module afifo_i90o90_d512
# -- Compiling module afifo_i90o90_d512_xpm_cdc_async_rst
# -- Compiling module afifo_i90o90_d512_xpm_cdc_async_rst__1
# -- Compiling module afifo_i90o90_d512_xpm_cdc_gray
# -- Compiling module afifo_i90o90_d512_xpm_cdc_gray__2
# -- Compiling module afifo_i90o90_d512_xpm_cdc_single
# -- Compiling module afifo_i90o90_d512_xpm_cdc_single__2
# -- Compiling module glbl
# 
# Top level modules:
# 	afifo_i90o90_d512
# 	glbl
# End time: 15:10:59 on Mar 13,2025, Elapsed time: 0:00:00
# Errors: 0, Warnings: 0
# Model Technology ModelSim SE-64 vlog 2020.4 Compiler 2020.10 Oct 13 2020
# Start time: 15:10:59 on Mar 13,2025
# vlog -reportprogress 300 -work work ../rtl/00_xilinx_ip/2_sfifo/sfifo_i72o72_d512/sfifo_i72o72_d512_sim_netlist.V 
# -- Compiling module sfifo_i72o72_d512
# -- Compiling module glbl
# 
# Top level modules:
# 	sfifo_i72o72_d512
# 	glbl
# End time: 15:11:00 on Mar 13,2025, Elapsed time: 0:00:01
# Errors: 0, Warnings: 0
# Model Technology ModelSim SE-64 vlog 2020.4 Compiler 2020.10 Oct 13 2020
# Start time: 15:11:00 on Mar 13,2025
# vlog -reportprogress 300 -work work ../rtl/00_xilinx_ip/2_sfifo/sfifo_i180_o180_d512/sfifo_i180_o180_d512_sim_netlist.V 
# -- Compiling module sfifo_i180_o180_d512
# -- Compiling module glbl
# 
# Top level modules:
# 	sfifo_i180_o180_d512
# 	glbl
# End time: 15:11:00 on Mar 13,2025, Elapsed time: 0:00:00
# Errors: 0, Warnings: 0
# Model Technology ModelSim SE-64 vlog 2020.4 Compiler 2020.10 Oct 13 2020
# Start time: 15:11:00 on Mar 13,2025
# vlog -reportprogress 300 -work work ../rtl/00_xilinx_ip/2_sfifo/sfifo_i108o108_d512/sfifo_i108o108_d512_sim_netlist.V 
# -- Compiling module sfifo_i108o108_d512
# -- Compiling module glbl
# 
# Top level modules:
# 	sfifo_i108o108_d512
# 	glbl
# End time: 15:11:00 on Mar 13,2025, Elapsed time: 0:00:00
# Errors: 0, Warnings: 0
# Model Technology ModelSim SE-64 vlog 2020.4 Compiler 2020.10 Oct 13 2020
# Start time: 15:11:00 on Mar 13,2025
# vlog -reportprogress 300 -work work ../rtl/01_user_ip/pulse_gen.v 
# -- Compiling module PULSE_GEN
# 
# Top level modules:
# 	PULSE_GEN
# End time: 15:11:00 on Mar 13,2025, Elapsed time: 0:00:00
# Errors: 0, Warnings: 0
# Model Technology ModelSim SE-64 vlog 2020.4 Compiler 2020.10 Oct 13 2020
# Start time: 15:11:00 on Mar 13,2025
# vlog -reportprogress 300 -work work ../rtl/03_pcie_if_gx/pcie_dn_arbit.v ../rtl/03_pcie_if_gx/pcie_dn_cpld_dpk.v ../rtl/03_pcie_if_gx/pcie_dn_cpld_if.v ../rtl/03_pcie_if_gx/pcie_dn_dek.v ../rtl/03_pcie_if_gx/pcie_dn_dma.v ../rtl/03_pcie_if_gx/pcie_dn_if.v ../rtl/03_pcie_if_gx/pcie_dn_lbuf.v ../rtl/03_pcie_if_gx/pcie_dn_reg.v ../rtl/03_pcie_if_gx/pcie_if_gx_x1.v ../rtl/03_pcie_if_gx/pcie_int.v ../rtl/03_pcie_if_gx/pcie_reg_ack.v ../rtl/03_pcie_if_gx/pcie_reg_if.v ../rtl/03_pcie_if_gx/pcie_reg_int.v ../rtl/03_pcie_if_gx/pcie_rx.v ../rtl/03_pcie_if_gx/pcie_tx.v ../rtl/03_pcie_if_gx/pcie_up_arbit.v ../rtl/03_pcie_if_gx/pcie_up_dma.v ../rtl/03_pcie_if_gx/pcie_up_if.v ../rtl/03_pcie_if_gx/pcie_up_lbuf.v ../rtl/03_pcie_if_gx/pcie_up_reg.v ../rtl/03_pcie_if_gx/pcie_up_ufk.v 
# -- Compiling module PCIE_DN_ARBIT
# -- Compiling module PCIE_DN_CPLD_DPK
# -- Compiling module PCIE_DN_CPLD_IF
# -- Compiling module PCIE_DN_DEK
# -- Compiling module PCIE_DN_DMA
# -- Compiling module PCIE_DN_IF
# -- Compiling module PCIE_DN_LBUF
# -- Compiling module PCIE_DN_REG
# -- Compiling module PCIE_IF_GX
# -- Compiling module PCIE_INT
# -- Compiling module PCIE_REG_ACK
# -- Compiling module PCIE_REG_IF
# -- Compiling module PCIE_REG_INT
# -- Compiling module PCIE_RX
# -- Compiling module PCIE_TX
# -- Compiling module PCIE_UP_ARBIT
# -- Compiling module PCIE_UP_DMA
# ** Error: ../rtl/03_pcie_if_gx/pcie_up_dma.v(206): (vlog-2730) Undefined variable: 'r_UP_EBUF_RD_REQ'.
# -- Compiling module PCIE_UP_IF
# -- Compiling module PCIE_UP_LBUF
# -- Compiling module PCIE_UP_REG
# -- Compiling module PCIE_UP_UFK
# End time: 15:11:01 on Mar 13,2025, Elapsed time: 0:00:01
# Errors: 1, Warnings: 0
# ** Error: C:/modeltech64_2020.4/win64/vlog failed.
# Error in macro ./do/compile_rtl.do line 22
# C:/modeltech64_2020.4/win64/vlog failed.
#     while executing
# "vlog    -reportprogress 300 -work work      ../rtl/03_pcie_if_gx/*.V"
do do/compile_all.do
# ** Warning: (vlib-34) Library already exists at "work".
# Errors: 0, Warnings: 1
# Model Technology ModelSim SE-64 vmap 2020.4 Lib Mapping Utility 2020.10 Oct 13 2020
# vmap work 
# Reading C:/modeltech64_2020.4/win64/../modelsim.ini
# "work" maps to directory ./work. (Default mapping)
# Model Technology ModelSim SE-64 vlog 2020.4 Compiler 2020.10 Oct 13 2020
# Start time: 15:11:17 on Mar 13,2025
# vlog -reportprogress 300 -work work sim_model/lib/glbl.v 
# -- Compiling module glbl
# 
# Top level modules:
# 	glbl
# End time: 15:11:18 on Mar 13,2025, Elapsed time: 0:00:01
# Errors: 0, Warnings: 0
# ** Warning: (vlib-34) Library already exists at "work".
# Errors: 0, Warnings: 1
# Model Technology ModelSim SE-64 vmap 2020.4 Lib Mapping Utility 2020.10 Oct 13 2020
# vmap work 
# Reading C:/modeltech64_2020.4/win64/../modelsim.ini
# "work" maps to directory ./work. (Default mapping)
# Model Technology ModelSim SE-64 vlog 2020.4 Compiler 2020.10 Oct 13 2020
# Start time: 15:11:18 on Mar 13,2025
# vlog -reportprogress 300 -work work ../rtl/00_xilinx_ip/0_sbram/sram_i64o64_d256/sram_i64o64_d256_sim_netlist.V 
# -- Compiling module sram_i64o64_d256
# -- Compiling module glbl
# 
# Top level modules:
# 	sram_i64o64_d256
# 	glbl
# End time: 15:11:18 on Mar 13,2025, Elapsed time: 0:00:00
# Errors: 0, Warnings: 0
# Model Technology ModelSim SE-64 vlog 2020.4 Compiler 2020.10 Oct 13 2020
# Start time: 15:11:19 on Mar 13,2025
# vlog -reportprogress 300 -work work ../rtl/00_xilinx_ip/1_afifo/afifo_i72o72_d2048/afifo_i72o72_d2048_sim_netlist.V 
# -- Compiling module afifo_i72o72_d2048
# -- Compiling module afifo_i72o72_d2048_xpm_cdc_async_rst
# -- Compiling module afifo_i72o72_d2048_xpm_cdc_async_rst__1
# -- Compiling module afifo_i72o72_d2048_xpm_cdc_gray
# -- Compiling module afifo_i72o72_d2048_xpm_cdc_gray__2
# -- Compiling module afifo_i72o72_d2048_xpm_cdc_single
# -- Compiling module afifo_i72o72_d2048_xpm_cdc_single__2
# -- Compiling module glbl
# 
# Top level modules:
# 	afifo_i72o72_d2048
# 	glbl
# End time: 15:11:19 on Mar 13,2025, Elapsed time: 0:00:00
# Errors: 0, Warnings: 0
# Model Technology ModelSim SE-64 vlog 2020.4 Compiler 2020.10 Oct 13 2020
# Start time: 15:11:19 on Mar 13,2025
# vlog -reportprogress 300 -work work ../rtl/00_xilinx_ip/1_afifo/afifo_i90o90_d512/afifo_i90o90_d512_sim_netlist.V 
# -- Compiling module afifo_i90o90_d512
# -- Compiling module afifo_i90o90_d512_xpm_cdc_async_rst
# -- Compiling module afifo_i90o90_d512_xpm_cdc_async_rst__1
# -- Compiling module afifo_i90o90_d512_xpm_cdc_gray
# -- Compiling module afifo_i90o90_d512_xpm_cdc_gray__2
# -- Compiling module afifo_i90o90_d512_xpm_cdc_single
# -- Compiling module afifo_i90o90_d512_xpm_cdc_single__2
# -- Compiling module glbl
# 
# Top level modules:
# 	afifo_i90o90_d512
# 	glbl
# End time: 15:11:20 on Mar 13,2025, Elapsed time: 0:00:01
# Errors: 0, Warnings: 0
# Model Technology ModelSim SE-64 vlog 2020.4 Compiler 2020.10 Oct 13 2020
# Start time: 15:11:20 on Mar 13,2025
# vlog -reportprogress 300 -work work ../rtl/00_xilinx_ip/2_sfifo/sfifo_i72o72_d512/sfifo_i72o72_d512_sim_netlist.V 
# -- Compiling module sfifo_i72o72_d512
# -- Compiling module glbl
# 
# Top level modules:
# 	sfifo_i72o72_d512
# 	glbl
# End time: 15:11:20 on Mar 13,2025, Elapsed time: 0:00:00
# Errors: 0, Warnings: 0
# Model Technology ModelSim SE-64 vlog 2020.4 Compiler 2020.10 Oct 13 2020
# Start time: 15:11:20 on Mar 13,2025
# vlog -reportprogress 300 -work work ../rtl/00_xilinx_ip/2_sfifo/sfifo_i180_o180_d512/sfifo_i180_o180_d512_sim_netlist.V 
# -- Compiling module sfifo_i180_o180_d512
# -- Compiling module glbl
# 
# Top level modules:
# 	sfifo_i180_o180_d512
# 	glbl
# End time: 15:11:20 on Mar 13,2025, Elapsed time: 0:00:00
# Errors: 0, Warnings: 0
# Model Technology ModelSim SE-64 vlog 2020.4 Compiler 2020.10 Oct 13 2020
# Start time: 15:11:21 on Mar 13,2025
# vlog -reportprogress 300 -work work ../rtl/00_xilinx_ip/2_sfifo/sfifo_i108o108_d512/sfifo_i108o108_d512_sim_netlist.V 
# -- Compiling module sfifo_i108o108_d512
# -- Compiling module glbl
# 
# Top level modules:
# 	sfifo_i108o108_d512
# 	glbl
# End time: 15:11:21 on Mar 13,2025, Elapsed time: 0:00:00
# Errors: 0, Warnings: 0
# Model Technology ModelSim SE-64 vlog 2020.4 Compiler 2020.10 Oct 13 2020
# Start time: 15:11:21 on Mar 13,2025
# vlog -reportprogress 300 -work work ../rtl/01_user_ip/pulse_gen.v 
# -- Compiling module PULSE_GEN
# 
# Top level modules:
# 	PULSE_GEN
# End time: 15:11:21 on Mar 13,2025, Elapsed time: 0:00:00
# Errors: 0, Warnings: 0
# Model Technology ModelSim SE-64 vlog 2020.4 Compiler 2020.10 Oct 13 2020
# Start time: 15:11:21 on Mar 13,2025
# vlog -reportprogress 300 -work work ../rtl/03_pcie_if_gx/pcie_dn_arbit.v ../rtl/03_pcie_if_gx/pcie_dn_cpld_dpk.v ../rtl/03_pcie_if_gx/pcie_dn_cpld_if.v ../rtl/03_pcie_if_gx/pcie_dn_dek.v ../rtl/03_pcie_if_gx/pcie_dn_dma.v ../rtl/03_pcie_if_gx/pcie_dn_if.v ../rtl/03_pcie_if_gx/pcie_dn_lbuf.v ../rtl/03_pcie_if_gx/pcie_dn_reg.v ../rtl/03_pcie_if_gx/pcie_if_gx_x1.v ../rtl/03_pcie_if_gx/pcie_int.v ../rtl/03_pcie_if_gx/pcie_reg_ack.v ../rtl/03_pcie_if_gx/pcie_reg_if.v ../rtl/03_pcie_if_gx/pcie_reg_int.v ../rtl/03_pcie_if_gx/pcie_rx.v ../rtl/03_pcie_if_gx/pcie_tx.v ../rtl/03_pcie_if_gx/pcie_up_arbit.v ../rtl/03_pcie_if_gx/pcie_up_dma.v ../rtl/03_pcie_if_gx/pcie_up_if.v ../rtl/03_pcie_if_gx/pcie_up_lbuf.v ../rtl/03_pcie_if_gx/pcie_up_reg.v ../rtl/03_pcie_if_gx/pcie_up_ufk.v 
# -- Compiling module PCIE_DN_ARBIT
# -- Compiling module PCIE_DN_CPLD_DPK
# -- Compiling module PCIE_DN_CPLD_IF
# -- Compiling module PCIE_DN_DEK
# -- Compiling module PCIE_DN_DMA
# -- Compiling module PCIE_DN_IF
# -- Compiling module PCIE_DN_LBUF
# -- Compiling module PCIE_DN_REG
# -- Compiling module PCIE_IF_GX
# -- Compiling module PCIE_INT
# -- Compiling module PCIE_REG_ACK
# -- Compiling module PCIE_REG_IF
# -- Compiling module PCIE_REG_INT
# -- Compiling module PCIE_RX
# -- Compiling module PCIE_TX
# -- Compiling module PCIE_UP_ARBIT
# -- Compiling module PCIE_UP_DMA
# -- Compiling module PCIE_UP_IF
# -- Compiling module PCIE_UP_LBUF
# -- Compiling module PCIE_UP_REG
# -- Compiling module PCIE_UP_UFK
# 
# Top level modules:
# 	PCIE_IF_GX
# 	PCIE_INT
# End time: 15:11:21 on Mar 13,2025, Elapsed time: 0:00:00
# Errors: 0, Warnings: 0
# Model Technology ModelSim SE-64 vlog 2020.4 Compiler 2020.10 Oct 13 2020
# Start time: 15:11:21 on Mar 13,2025
# vlog -reportprogress 300 -work work ../rtl/04_bist/bist_reg.v ../rtl/04_bist/ram_bist.v 
# -- Compiling module BIST_REG
# -- Compiling module RAM_BIST
# 
# Top level modules:
# 	BIST_REG
# 	RAM_BIST
# End time: 15:11:21 on Mar 13,2025, Elapsed time: 0:00:00
# Errors: 0, Warnings: 0
# Model Technology ModelSim SE-64 vlog 2020.4 Compiler 2020.10 Oct 13 2020
# Start time: 15:11:22 on Mar 13,2025
# vlog -reportprogress 300 -work work ../rtl/05_pc_sim/pc_sim.v 
# -- Compiling module PC_SIM
# 
# Top level modules:
# 	PC_SIM
# End time: 15:11:22 on Mar 13,2025, Elapsed time: 0:00:00
# Errors: 0, Warnings: 0
# Model Technology ModelSim SE-64 vlog 2020.4 Compiler 2020.10 Oct 13 2020
# Start time: 15:11:22 on Mar 13,2025
# vlog -reportprogress 300 -work work ../rtl/fpga_top_sim.V 
# -- Compiling module FPGA_TOP_SIM
# 
# Top level modules:
# 	FPGA_TOP_SIM
# End time: 15:11:22 on Mar 13,2025, Elapsed time: 0:00:00
# Errors: 0, Warnings: 0
# ** Warning: (vlib-34) Library already exists at "work".
# Errors: 0, Warnings: 1
# Model Technology ModelSim SE-64 vmap 2020.4 Lib Mapping Utility 2020.10 Oct 13 2020
# vmap work 
# Reading C:/modeltech64_2020.4/win64/../modelsim.ini
# "work" maps to directory ./work. (Default mapping)
# Model Technology ModelSim SE-64 vlog 2020.4 Compiler 2020.10 Oct 13 2020
# Start time: 15:11:22 on Mar 13,2025
# vlog -reportprogress 300 -work work sim_model/define/define.v 
# End time: 15:11:22 on Mar 13,2025, Elapsed time: 0:00:00
# Errors: 0, Warnings: 0
# Model Technology ModelSim SE-64 vlog 2020.4 Compiler 2020.10 Oct 13 2020
# Start time: 15:11:22 on Mar 13,2025
# vlog -reportprogress 300 "+define+tb_00=1" -work work "+incdir+{sim_model/define}" sim_model/sim_model.v 
# -- Compiling module SIM_MODEL
# 
# Top level modules:
# 	SIM_MODEL
# End time: 15:11:22 on Mar 13,2025, Elapsed time: 0:00:00
# Errors: 0, Warnings: 0
# Model Technology ModelSim SE-64 vlog 2020.4 Compiler 2020.10 Oct 13 2020
# Start time: 15:11:22 on Mar 13,2025
# vlog -reportprogress 300 "+define+tb_00=1" -work work "+incdir+{sim_model/define}" sim_model/tb_top.v 
# -- Compiling module tb_top
# 
# Top level modules:
# 	tb_top
# End time: 15:11:22 on Mar 13,2025, Elapsed time: 0:00:00
# Errors: 0, Warnings: 0
do do/tb_01.do
# Model Technology ModelSim SE-64 vlog 2020.4 Compiler 2020.10 Oct 13 2020
# Start time: 15:12:23 on Mar 13,2025
# vlog -reportprogress 300 "+define+tb_01=1" -work work sim_model\define\define.v 
# End time: 15:12:23 on Mar 13,2025, Elapsed time: 0:00:00
# Errors: 0, Warnings: 0
# Model Technology ModelSim SE-64 vlog 2020.4 Compiler 2020.10 Oct 13 2020
# Start time: 15:12:23 on Mar 13,2025
# vlog -reportprogress 300 "+define+tb_01=1" -work work "+incdir+{sim_modeldefine}" sim_model\tb_top.v 
# -- Compiling module tb_top
# 
# Top level modules:
# 	tb_top
# End time: 15:12:23 on Mar 13,2025, Elapsed time: 0:00:00
# Errors: 0, Warnings: 0
# End time: 15:12:25 on Mar 13,2025, Elapsed time: 0:05:13
# Errors: 1, Warnings: 1
# vsim -t 1ps -c -l ./log/vsim_tb_01_report.log work.tb_top -L UNISIMS_VER -L SECUREIP -L SIMPRIMS_VER -L work -voptargs="+acc" work.glbl -wav ./wave/tb_01.wlf 
# Start time: 15:12:25 on Mar 13,2025
# ** Note: (vsim-3813) Design is being optimized due to module recompilation...
# ** Note: (vopt-143) Recognized 1 FSM in module "PCIE_UP_DMA(fast__1)".
# ** Note: (vopt-143) Recognized 1 FSM in module "PCIE_UP_DMA(fast)".
# Loading work.tb_top(fast)
# Loading work.SIM_MODEL(fast)
# Loading work.PC_SIM(fast)
# Loading work.PCIE_IF_GX(fast)
# Loading work.PCIE_RX(fast)
# Loading work.sfifo_i180_o180_d512(fast)
# Loading UNISIMS_VER.GND(fast)
# Loading UNISIMS_VER.LUT1(fast)
# Loading UNISIMS_VER.LUT2(fast)
# Loading UNISIMS_VER.LUT3(fast)
# Loading UNISIMS_VER.FDRE(fast)
# Loading UNISIMS_VER.CARRY4(fast)
# Loading UNISIMS_VER.LUT5(fast)
# Loading UNISIMS_VER.LUT5(fast__1)
# Loading UNISIMS_VER.FDSE(fast)
# Loading UNISIMS_VER.LUT4(fast)
# Loading UNISIMS_VER.LUT4(fast__1)
# Loading UNISIMS_VER.LUT3(fast__1)
# Loading UNISIMS_VER.LUT3(fast__2)
# Loading UNISIMS_VER.LUT4(fast__2)
# Loading UNISIMS_VER.LUT6(fast)
# Loading UNISIMS_VER.LUT2(fast__1)
# Loading UNISIMS_VER.LUT3(fast__3)
# Loading UNISIMS_VER.LUT4(fast__3)
# Loading UNISIMS_VER.LUT5(fast__2)
# Loading UNISIMS_VER.LUT6(fast__1)
# Loading UNISIMS_VER.LUT6(fast__2)
# Loading UNISIMS_VER.LUT4(fast__4)
# Loading UNISIMS_VER.LUT2(fast__2)
# Loading UNISIMS_VER.LUT5(fast__3)
# Loading UNISIMS_VER.LUT4(fast__5)
# Loading UNISIMS_VER.LUT6(fast__3)
# Loading UNISIMS_VER.LUT1(fast__1)
# Loading UNISIMS_VER.RAMB18E1(fast)
# Loading UNISIMS_VER.RB18_INTERNAL_VLOG(fast)
# Loading UNISIMS_VER.RAMB36E1(fast)
# Loading UNISIMS_VER.RB36_INTERNAL_VLOG(fast)
# Loading work.PCIE_TX(fast)
# Loading work.sfifo_i72o72_d512(fast)
# Loading UNISIMS_VER.LUT2(fast__3)
# Loading UNISIMS_VER.RAMB36E1(fast__1)
# Loading UNISIMS_VER.RB36_INTERNAL_VLOG(fast__1)
# Loading work.PCIE_REG_IF(fast)
# Loading work.PCIE_REG_ACK(fast)
# Loading work.PCIE_REG_INT(fast)
# Loading work.PCIE_DN_REG(fast)
# Loading work.PCIE_UP_REG(fast)
# Loading work.PCIE_DN_CPLD_IF(fast)
# Loading work.PCIE_DN_IF(fast)
# Loading work.afifo_i90o90_d512(fast)
# Loading work.afifo_i90o90_d512_xpm_cdc_gray(fast)
# Loading UNISIMS_VER.LUT4(fast__6)
# Loading UNISIMS_VER.LUT3(fast__4)
# Loading UNISIMS_VER.LUT6(fast__4)
# Loading UNISIMS_VER.LUT5(fast__4)
# Loading work.afifo_i90o90_d512_xpm_cdc_gray__2(fast)
# Loading UNISIMS_VER.FDPE(fast)
# Loading UNISIMS_VER.LUT4(fast__7)
# Loading UNISIMS_VER.FDCE(fast)
# Loading UNISIMS_VER.LUT4(fast__8)
# Loading UNISIMS_VER.LUT6(fast__5)
# Loading UNISIMS_VER.LUT5(fast__5)
# Loading UNISIMS_VER.LUT6(fast__6)
# Loading UNISIMS_VER.LUT5(fast__6)
# Loading UNISIMS_VER.LUT5(fast__7)
# Loading UNISIMS_VER.LUT5(fast__8)
# Loading UNISIMS_VER.LUT5(fast__9)
# Loading UNISIMS_VER.RAM64M(fast)
# Loading UNISIMS_VER.LUT6(fast__7)
# Loading UNISIMS_VER.MUXF7(fast)
# Loading UNISIMS_VER.LUT2(fast__4)
# Loading work.afifo_i90o90_d512_xpm_cdc_async_rst(fast)
# Loading UNISIMS_VER.FDPE(fast__1)
# Loading UNISIMS_VER.LUT3(fast__5)
# Loading UNISIMS_VER.LUT5(fast__10)
# Loading work.afifo_i90o90_d512_xpm_cdc_single(fast)
# Loading work.afifo_i90o90_d512_xpm_cdc_single__2(fast)
# Loading work.afifo_i90o90_d512_xpm_cdc_async_rst__1(fast)
# Loading work.PCIE_DN_LBUF(fast)
# Loading work.afifo_i72o72_d2048(fast)
# Loading work.afifo_i72o72_d2048_xpm_cdc_gray(fast)
# Loading work.afifo_i72o72_d2048_xpm_cdc_gray__2(fast)
# Loading UNISIMS_VER.LUT6(fast__8)
# Loading UNISIMS_VER.LUT6(fast__9)
# Loading UNISIMS_VER.LUT6(fast__10)
# Loading UNISIMS_VER.LUT6(fast__11)
# Loading UNISIMS_VER.LUT6(fast__12)
# Loading work.afifo_i72o72_d2048_xpm_cdc_async_rst(fast)
# Loading work.afifo_i72o72_d2048_xpm_cdc_single(fast)
# Loading work.afifo_i72o72_d2048_xpm_cdc_single__2(fast)
# Loading work.afifo_i72o72_d2048_xpm_cdc_async_rst__1(fast)
# Loading work.PULSE_GEN(fast)
# Loading work.PCIE_DN_DEK(fast)
# Loading work.PCIE_DN_DMA(fast)
# Loading work.PCIE_DN_CPLD_DPK(fast)
# Loading work.PCIE_DN_DEK(fast__1)
# Loading work.PCIE_DN_DMA(fast__1)
# Loading work.PCIE_DN_ARBIT(fast)
# Loading work.PCIE_UP_IF(fast)
# Loading work.PCIE_UP_LBUF(fast)
# Loading work.PCIE_UP_UFK(fast)
# Loading work.PCIE_UP_DMA(fast)
# Loading work.PCIE_UP_UFK(fast__1)
# Loading work.PCIE_UP_DMA(fast__1)
# Loading work.PCIE_UP_ARBIT(fast)
# Loading work.BIST_REG(fast)
# Loading work.glbl(fast)
# ** Warning: (vsim-3015) [PCDPC] - Port size (12) does not match connection size (16) for port 'DRAM_WR_SIZE'. The port definition is at: ../rtl/05_pc_sim/pc_sim.v(26).
#    Time: 0 ps  Iteration: 0  Instance: /tb_top/U_PC_SIM File: sim_model/tb_top.v Line: 708
#  
# ******<<<<<<<<<<<<<<<<<<<<<<Simulation tb_01 start>>>>>>>>>>>>>>>>>>>>>>> ******
#  
# ---- Initial simulation
# ---- clock ---- 1111 ---- enable
# ---- Wait for  64 cycles
# ---- Wait for  64 cycles end
# ---- Wait for  16 cycles
# ---- Wait for  16 cycles end
# ---- reseting by cycle
# ---- reset0   64 cycle end
# ---- Wait for  16 cycles
# ---- Wait for  16 cycles end
# ---- reseting by ns
# ---- reset1  255 ns end
# ---- DRAM write PORT :0x02    ADD :0x0000000    SIZE :0x400
# ---- DRAM write end
# ---- Wait for  16 cycles
# ---- Wait for  16 cycles end
# ---- DRAM write PORT :0x01    ADD :0x0000000    SIZE :0x010
# ---- DRAM write end
# ---- Wait for  16 cycles
# ---- Wait for  16 cycles end
# ---- DRAM write PORT :0x01    ADD :0x0000000    SIZE :0x010
# ---- DRAM write end
# ---- Wait for  16 cycles
# ---- Wait for  16 cycles end
# ---- DRAM write PORT :0x01    ADD :0x0000000    SIZE :0x010
# ---- DRAM write end
# ---- Wait for  16 cycles
# ---- Wait for  16 cycles end
# ---- DRAM write PORT :0x01    ADD :0x0000000    SIZE :0x010
# ---- DRAM write end
# ---- Wait for  16 cycles
# ---- Wait for  16 cycles end
# ---- DRAM write PORT :0x01    ADD :0x0000000    SIZE :0x010
# ---- DRAM write end
# ---- Wait for  16 cycles
# ---- Wait for  16 cycles end
# ---- DRAM write PORT :0x01    ADD :0x0000000    SIZE :0x010
# ---- DRAM write end
# ---- Wait for 255 cycles
# ---- Wait for 255 cycles end
# ---- Wait for   8 us
# ---- Wait           1 us of   8 us
# ---- Wait           2 us of   8 us
# ---- Wait           3 us of   8 us
# ---- Wait           4 us of   8 us
# ---- Wait           5 us of   8 us
# ---- Wait           6 us of   8 us
# ---- Wait           7 us of   8 us
# ---- Wait           8 us of   8 us
# ---- Wait for   8 us end
# ---- tb_01 test completed !
#  
# ******<<<<<<<<<<<<<<<<<<<<Simulation tb_01 Successful End>>>>>>>>>>>>>>>>>>> ******
#  
do do/compile_all.do
# ** Warning: (vlib-34) Library already exists at "work".
# Errors: 0, Warnings: 1
# Model Technology ModelSim SE-64 vmap 2020.4 Lib Mapping Utility 2020.10 Oct 13 2020
# vmap work 
# Reading C:/modeltech64_2020.4/win64/../modelsim.ini
# "work" maps to directory ./work. (Default mapping)
# Model Technology ModelSim SE-64 vlog 2020.4 Compiler 2020.10 Oct 13 2020
# Start time: 15:20:39 on Mar 13,2025
# vlog -reportprogress 300 -work work sim_model/lib/glbl.v 
# -- Compiling module glbl
# 
# Top level modules:
# 	glbl
# End time: 15:20:39 on Mar 13,2025, Elapsed time: 0:00:00
# Errors: 0, Warnings: 0
# ** Warning: (vlib-34) Library already exists at "work".
# Errors: 0, Warnings: 1
# Model Technology ModelSim SE-64 vmap 2020.4 Lib Mapping Utility 2020.10 Oct 13 2020
# vmap work 
# Reading C:/modeltech64_2020.4/win64/../modelsim.ini
# "work" maps to directory ./work. (Default mapping)
# Model Technology ModelSim SE-64 vlog 2020.4 Compiler 2020.10 Oct 13 2020
# Start time: 15:20:39 on Mar 13,2025
# vlog -reportprogress 300 -work work ../rtl/00_xilinx_ip/0_sbram/sram_i64o64_d256/sram_i64o64_d256_sim_netlist.V 
# -- Compiling module sram_i64o64_d256
# -- Compiling module glbl
# 
# Top level modules:
# 	sram_i64o64_d256
# 	glbl
# End time: 15:20:40 on Mar 13,2025, Elapsed time: 0:00:01
# Errors: 0, Warnings: 0
# Model Technology ModelSim SE-64 vlog 2020.4 Compiler 2020.10 Oct 13 2020
# Start time: 15:20:40 on Mar 13,2025
# vlog -reportprogress 300 -work work ../rtl/00_xilinx_ip/1_afifo/afifo_i72o72_d2048/afifo_i72o72_d2048_sim_netlist.V 
# -- Compiling module afifo_i72o72_d2048
# -- Compiling module afifo_i72o72_d2048_xpm_cdc_async_rst
# -- Compiling module afifo_i72o72_d2048_xpm_cdc_async_rst__1
# -- Compiling module afifo_i72o72_d2048_xpm_cdc_gray
# -- Compiling module afifo_i72o72_d2048_xpm_cdc_gray__2
# -- Compiling module afifo_i72o72_d2048_xpm_cdc_single
# -- Compiling module afifo_i72o72_d2048_xpm_cdc_single__2
# -- Compiling module glbl
# 
# Top level modules:
# 	afifo_i72o72_d2048
# 	glbl
# End time: 15:20:40 on Mar 13,2025, Elapsed time: 0:00:00
# Errors: 0, Warnings: 0
# Model Technology ModelSim SE-64 vlog 2020.4 Compiler 2020.10 Oct 13 2020
# Start time: 15:20:40 on Mar 13,2025
# vlog -reportprogress 300 -work work ../rtl/00_xilinx_ip/1_afifo/afifo_i90o90_d512/afifo_i90o90_d512_sim_netlist.V 
# -- Compiling module afifo_i90o90_d512
# -- Compiling module afifo_i90o90_d512_xpm_cdc_async_rst
# -- Compiling module afifo_i90o90_d512_xpm_cdc_async_rst__1
# -- Compiling module afifo_i90o90_d512_xpm_cdc_gray
# -- Compiling module afifo_i90o90_d512_xpm_cdc_gray__2
# -- Compiling module afifo_i90o90_d512_xpm_cdc_single
# -- Compiling module afifo_i90o90_d512_xpm_cdc_single__2
# -- Compiling module glbl
# 
# Top level modules:
# 	afifo_i90o90_d512
# 	glbl
# End time: 15:20:41 on Mar 13,2025, Elapsed time: 0:00:01
# Errors: 0, Warnings: 0
# Model Technology ModelSim SE-64 vlog 2020.4 Compiler 2020.10 Oct 13 2020
# Start time: 15:20:41 on Mar 13,2025
# vlog -reportprogress 300 -work work ../rtl/00_xilinx_ip/2_sfifo/sfifo_i72o72_d512/sfifo_i72o72_d512_sim_netlist.V 
# -- Compiling module sfifo_i72o72_d512
# -- Compiling module glbl
# 
# Top level modules:
# 	sfifo_i72o72_d512
# 	glbl
# End time: 15:20:41 on Mar 13,2025, Elapsed time: 0:00:00
# Errors: 0, Warnings: 0
# Model Technology ModelSim SE-64 vlog 2020.4 Compiler 2020.10 Oct 13 2020
# Start time: 15:20:41 on Mar 13,2025
# vlog -reportprogress 300 -work work ../rtl/00_xilinx_ip/2_sfifo/sfifo_i180_o180_d512/sfifo_i180_o180_d512_sim_netlist.V 
# -- Compiling module sfifo_i180_o180_d512
# -- Compiling module glbl
# 
# Top level modules:
# 	sfifo_i180_o180_d512
# 	glbl
# End time: 15:20:41 on Mar 13,2025, Elapsed time: 0:00:00
# Errors: 0, Warnings: 0
# Model Technology ModelSim SE-64 vlog 2020.4 Compiler 2020.10 Oct 13 2020
# Start time: 15:20:41 on Mar 13,2025
# vlog -reportprogress 300 -work work ../rtl/00_xilinx_ip/2_sfifo/sfifo_i108o108_d512/sfifo_i108o108_d512_sim_netlist.V 
# -- Compiling module sfifo_i108o108_d512
# -- Compiling module glbl
# 
# Top level modules:
# 	sfifo_i108o108_d512
# 	glbl
# End time: 15:20:42 on Mar 13,2025, Elapsed time: 0:00:01
# Errors: 0, Warnings: 0
# Model Technology ModelSim SE-64 vlog 2020.4 Compiler 2020.10 Oct 13 2020
# Start time: 15:20:42 on Mar 13,2025
# vlog -reportprogress 300 -work work ../rtl/01_user_ip/pulse_gen.v 
# -- Compiling module PULSE_GEN
# 
# Top level modules:
# 	PULSE_GEN
# End time: 15:20:42 on Mar 13,2025, Elapsed time: 0:00:00
# Errors: 0, Warnings: 0
# Model Technology ModelSim SE-64 vlog 2020.4 Compiler 2020.10 Oct 13 2020
# Start time: 15:20:42 on Mar 13,2025
# vlog -reportprogress 300 -work work ../rtl/03_pcie_if_gx/pcie_dn_arbit.v ../rtl/03_pcie_if_gx/pcie_dn_cpld_dpk.v ../rtl/03_pcie_if_gx/pcie_dn_cpld_if.v ../rtl/03_pcie_if_gx/pcie_dn_dek.v ../rtl/03_pcie_if_gx/pcie_dn_dma.v ../rtl/03_pcie_if_gx/pcie_dn_if.v ../rtl/03_pcie_if_gx/pcie_dn_lbuf.v ../rtl/03_pcie_if_gx/pcie_dn_reg.v ../rtl/03_pcie_if_gx/pcie_if_gx_x1.v ../rtl/03_pcie_if_gx/pcie_int.v ../rtl/03_pcie_if_gx/pcie_reg_ack.v ../rtl/03_pcie_if_gx/pcie_reg_if.v ../rtl/03_pcie_if_gx/pcie_reg_int.v ../rtl/03_pcie_if_gx/pcie_rx.v ../rtl/03_pcie_if_gx/pcie_tx.v ../rtl/03_pcie_if_gx/pcie_up_arbit.v ../rtl/03_pcie_if_gx/pcie_up_dma.v ../rtl/03_pcie_if_gx/pcie_up_if.v ../rtl/03_pcie_if_gx/pcie_up_lbuf.v ../rtl/03_pcie_if_gx/pcie_up_reg.v ../rtl/03_pcie_if_gx/pcie_up_ufk.v 
# -- Compiling module PCIE_DN_ARBIT
# -- Compiling module PCIE_DN_CPLD_DPK
# -- Compiling module PCIE_DN_CPLD_IF
# -- Compiling module PCIE_DN_DEK
# -- Compiling module PCIE_DN_DMA
# -- Compiling module PCIE_DN_IF
# -- Compiling module PCIE_DN_LBUF
# -- Compiling module PCIE_DN_REG
# -- Compiling module PCIE_IF_GX
# -- Compiling module PCIE_INT
# -- Compiling module PCIE_REG_ACK
# -- Compiling module PCIE_REG_IF
# -- Compiling module PCIE_REG_INT
# -- Compiling module PCIE_RX
# -- Compiling module PCIE_TX
# -- Compiling module PCIE_UP_ARBIT
# -- Compiling module PCIE_UP_DMA
# -- Compiling module PCIE_UP_IF
# -- Compiling module PCIE_UP_LBUF
# -- Compiling module PCIE_UP_REG
# -- Compiling module PCIE_UP_UFK
# 
# Top level modules:
# 	PCIE_IF_GX
# 	PCIE_INT
# End time: 15:20:42 on Mar 13,2025, Elapsed time: 0:00:00
# Errors: 0, Warnings: 0
# Model Technology ModelSim SE-64 vlog 2020.4 Compiler 2020.10 Oct 13 2020
# Start time: 15:20:42 on Mar 13,2025
# vlog -reportprogress 300 -work work ../rtl/04_bist/bist_reg.v ../rtl/04_bist/ram_bist.v 
# -- Compiling module BIST_REG
# -- Compiling module RAM_BIST
# 
# Top level modules:
# 	BIST_REG
# 	RAM_BIST
# End time: 15:20:42 on Mar 13,2025, Elapsed time: 0:00:00
# Errors: 0, Warnings: 0
# Model Technology ModelSim SE-64 vlog 2020.4 Compiler 2020.10 Oct 13 2020
# Start time: 15:20:43 on Mar 13,2025
# vlog -reportprogress 300 -work work ../rtl/05_pc_sim/pc_sim.v 
# -- Compiling module PC_SIM
# 
# Top level modules:
# 	PC_SIM
# End time: 15:20:43 on Mar 13,2025, Elapsed time: 0:00:00
# Errors: 0, Warnings: 0
# Model Technology ModelSim SE-64 vlog 2020.4 Compiler 2020.10 Oct 13 2020
# Start time: 15:20:43 on Mar 13,2025
# vlog -reportprogress 300 -work work ../rtl/fpga_top_sim.V 
# -- Compiling module FPGA_TOP_SIM
# 
# Top level modules:
# 	FPGA_TOP_SIM
# End time: 15:20:43 on Mar 13,2025, Elapsed time: 0:00:00
# Errors: 0, Warnings: 0
# ** Warning: (vlib-34) Library already exists at "work".
# Errors: 0, Warnings: 1
# Model Technology ModelSim SE-64 vmap 2020.4 Lib Mapping Utility 2020.10 Oct 13 2020
# vmap work 
# Reading C:/modeltech64_2020.4/win64/../modelsim.ini
# "work" maps to directory ./work. (Default mapping)
# Model Technology ModelSim SE-64 vlog 2020.4 Compiler 2020.10 Oct 13 2020
# Start time: 15:20:43 on Mar 13,2025
# vlog -reportprogress 300 -work work sim_model/define/define.v 
# End time: 15:20:43 on Mar 13,2025, Elapsed time: 0:00:00
# Errors: 0, Warnings: 0
# Model Technology ModelSim SE-64 vlog 2020.4 Compiler 2020.10 Oct 13 2020
# Start time: 15:20:43 on Mar 13,2025
# vlog -reportprogress 300 "+define+tb_00=1" -work work "+incdir+{sim_model/define}" sim_model/sim_model.v 
# -- Compiling module SIM_MODEL
# 
# Top level modules:
# 	SIM_MODEL
# End time: 15:20:43 on Mar 13,2025, Elapsed time: 0:00:00
# Errors: 0, Warnings: 0
# Model Technology ModelSim SE-64 vlog 2020.4 Compiler 2020.10 Oct 13 2020
# Start time: 15:20:43 on Mar 13,2025
# vlog -reportprogress 300 "+define+tb_00=1" -work work "+incdir+{sim_model/define}" sim_model/tb_top.v 
# -- Compiling module tb_top
# 
# Top level modules:
# 	tb_top
# End time: 15:20:43 on Mar 13,2025, Elapsed time: 0:00:00
# Errors: 0, Warnings: 0
do do/tb_01.do
# Model Technology ModelSim SE-64 vlog 2020.4 Compiler 2020.10 Oct 13 2020
# Start time: 15:20:46 on Mar 13,2025
# vlog -reportprogress 300 "+define+tb_01=1" -work work sim_model\define\define.v 
# End time: 15:20:46 on Mar 13,2025, Elapsed time: 0:00:00
# Errors: 0, Warnings: 0
# Model Technology ModelSim SE-64 vlog 2020.4 Compiler 2020.10 Oct 13 2020
# Start time: 15:20:46 on Mar 13,2025
# vlog -reportprogress 300 "+define+tb_01=1" -work work "+incdir+{sim_modeldefine}" sim_model\tb_top.v 
# -- Compiling module tb_top
# 
# Top level modules:
# 	tb_top
# End time: 15:20:46 on Mar 13,2025, Elapsed time: 0:00:00
# Errors: 0, Warnings: 0
# End time: 15:20:48 on Mar 13,2025, Elapsed time: 0:08:23
# Errors: 0, Warnings: 1
# vsim -t 1ps -c -l ./log/vsim_tb_01_report.log work.tb_top -L UNISIMS_VER -L SECUREIP -L SIMPRIMS_VER -L work -voptargs="+acc" work.glbl -wav ./wave/tb_01.wlf 
# Start time: 15:20:48 on Mar 13,2025
# ** Note: (vsim-3813) Design is being optimized due to module recompilation...
# ** Note: (vopt-143) Recognized 1 FSM in module "PCIE_DN_DMA(fast__1)".
# ** Note: (vopt-143) Recognized 1 FSM in module "PCIE_DN_DMA(fast)".
# Loading work.tb_top(fast)
# Loading work.SIM_MODEL(fast)
# Loading work.PC_SIM(fast)
# Loading work.PCIE_IF_GX(fast)
# Loading work.PCIE_RX(fast)
# Loading work.sfifo_i180_o180_d512(fast)
# Loading UNISIMS_VER.GND(fast)
# Loading UNISIMS_VER.LUT1(fast)
# Loading UNISIMS_VER.LUT2(fast)
# Loading UNISIMS_VER.LUT3(fast)
# Loading UNISIMS_VER.FDRE(fast)
# Loading UNISIMS_VER.CARRY4(fast)
# Loading UNISIMS_VER.LUT5(fast)
# Loading UNISIMS_VER.LUT5(fast__1)
# Loading UNISIMS_VER.FDSE(fast)
# Loading UNISIMS_VER.LUT4(fast)
# Loading UNISIMS_VER.LUT4(fast__1)
# Loading UNISIMS_VER.LUT3(fast__1)
# Loading UNISIMS_VER.LUT3(fast__2)
# Loading UNISIMS_VER.LUT4(fast__2)
# Loading UNISIMS_VER.LUT6(fast)
# Loading UNISIMS_VER.LUT2(fast__1)
# Loading UNISIMS_VER.LUT3(fast__3)
# Loading UNISIMS_VER.LUT4(fast__3)
# Loading UNISIMS_VER.LUT5(fast__2)
# Loading UNISIMS_VER.LUT6(fast__1)
# Loading UNISIMS_VER.LUT6(fast__2)
# Loading UNISIMS_VER.LUT4(fast__4)
# Loading UNISIMS_VER.LUT2(fast__2)
# Loading UNISIMS_VER.LUT5(fast__3)
# Loading UNISIMS_VER.LUT4(fast__5)
# Loading UNISIMS_VER.LUT6(fast__3)
# Loading UNISIMS_VER.LUT1(fast__1)
# Loading UNISIMS_VER.RAMB18E1(fast)
# Loading UNISIMS_VER.RB18_INTERNAL_VLOG(fast)
# Loading UNISIMS_VER.RAMB36E1(fast)
# Loading UNISIMS_VER.RB36_INTERNAL_VLOG(fast)
# Loading work.PCIE_TX(fast)
# Loading work.sfifo_i72o72_d512(fast)
# Loading UNISIMS_VER.LUT2(fast__3)
# Loading UNISIMS_VER.RAMB36E1(fast__1)
# Loading UNISIMS_VER.RB36_INTERNAL_VLOG(fast__1)
# Loading work.PCIE_REG_IF(fast)
# Loading work.PCIE_REG_ACK(fast)
# Loading work.PCIE_REG_INT(fast)
# Loading work.PCIE_DN_REG(fast)
# Loading work.PCIE_UP_REG(fast)
# Loading work.PCIE_DN_CPLD_IF(fast)
# Loading work.PCIE_DN_IF(fast)
# Loading work.afifo_i90o90_d512(fast)
# Loading work.afifo_i90o90_d512_xpm_cdc_gray(fast)
# Loading UNISIMS_VER.LUT4(fast__6)
# Loading UNISIMS_VER.LUT3(fast__4)
# Loading UNISIMS_VER.LUT6(fast__4)
# Loading UNISIMS_VER.LUT5(fast__4)
# Loading work.afifo_i90o90_d512_xpm_cdc_gray__2(fast)
# Loading UNISIMS_VER.FDPE(fast)
# Loading UNISIMS_VER.LUT4(fast__7)
# Loading UNISIMS_VER.FDCE(fast)
# Loading UNISIMS_VER.LUT4(fast__8)
# Loading UNISIMS_VER.LUT6(fast__5)
# Loading UNISIMS_VER.LUT5(fast__5)
# Loading UNISIMS_VER.LUT6(fast__6)
# Loading UNISIMS_VER.LUT5(fast__6)
# Loading UNISIMS_VER.LUT5(fast__7)
# Loading UNISIMS_VER.LUT5(fast__8)
# Loading UNISIMS_VER.LUT5(fast__9)
# Loading UNISIMS_VER.RAM64M(fast)
# Loading UNISIMS_VER.LUT6(fast__7)
# Loading UNISIMS_VER.MUXF7(fast)
# Loading UNISIMS_VER.LUT2(fast__4)
# Loading work.afifo_i90o90_d512_xpm_cdc_async_rst(fast)
# Loading UNISIMS_VER.FDPE(fast__1)
# Loading UNISIMS_VER.LUT3(fast__5)
# Loading UNISIMS_VER.LUT5(fast__10)
# Loading work.afifo_i90o90_d512_xpm_cdc_single(fast)
# Loading work.afifo_i90o90_d512_xpm_cdc_single__2(fast)
# Loading work.afifo_i90o90_d512_xpm_cdc_async_rst__1(fast)
# Loading work.PCIE_DN_LBUF(fast)
# Loading work.afifo_i72o72_d2048(fast)
# Loading work.afifo_i72o72_d2048_xpm_cdc_gray(fast)
# Loading work.afifo_i72o72_d2048_xpm_cdc_gray__2(fast)
# Loading UNISIMS_VER.LUT6(fast__8)
# Loading UNISIMS_VER.LUT6(fast__9)
# Loading UNISIMS_VER.LUT6(fast__10)
# Loading UNISIMS_VER.LUT6(fast__11)
# Loading UNISIMS_VER.LUT6(fast__12)
# Loading work.afifo_i72o72_d2048_xpm_cdc_async_rst(fast)
# Loading work.afifo_i72o72_d2048_xpm_cdc_single(fast)
# Loading work.afifo_i72o72_d2048_xpm_cdc_single__2(fast)
# Loading work.afifo_i72o72_d2048_xpm_cdc_async_rst__1(fast)
# Loading work.PULSE_GEN(fast)
# Loading work.PCIE_DN_DEK(fast)
# Loading work.PCIE_DN_DMA(fast)
# Loading work.PCIE_DN_CPLD_DPK(fast)
# Loading work.PCIE_DN_DEK(fast__1)
# Loading work.PCIE_DN_DMA(fast__1)
# Loading work.PCIE_DN_ARBIT(fast)
# Loading work.PCIE_UP_IF(fast)
# Loading work.PCIE_UP_LBUF(fast)
# Loading work.PCIE_UP_UFK(fast)
# Loading work.PCIE_UP_DMA(fast)
# Loading work.PCIE_UP_UFK(fast__1)
# Loading work.PCIE_UP_DMA(fast__1)
# Loading work.PCIE_UP_ARBIT(fast)
# Loading work.BIST_REG(fast)
# Loading work.glbl(fast)
# ** Warning: (vsim-3015) [PCDPC] - Port size (12) does not match connection size (16) for port 'DRAM_WR_SIZE'. The port definition is at: ../rtl/05_pc_sim/pc_sim.v(26).
#    Time: 0 ps  Iteration: 0  Instance: /tb_top/U_PC_SIM File: sim_model/tb_top.v Line: 708
#  
# ******<<<<<<<<<<<<<<<<<<<<<<Simulation tb_01 start>>>>>>>>>>>>>>>>>>>>>>> ******
#  
# ---- Initial simulation
# ---- clock ---- 1111 ---- enable
# ---- Wait for  64 cycles
# ---- Wait for  64 cycles end
# ---- Wait for  16 cycles
# ---- Wait for  16 cycles end
# ---- reseting by cycle
# ---- reset0   64 cycle end
# ---- Wait for  16 cycles
# ---- Wait for  16 cycles end
# ---- reseting by ns
# ---- reset1  255 ns end
# ---- DRAM write PORT :0x02    ADD :0x0000000    SIZE :0x400
# ---- DRAM write end
# ---- Wait for  16 cycles
# ---- Wait for  16 cycles end
# ---- DRAM write PORT :0x01    ADD :0x0000000    SIZE :0x010
# ---- DRAM write end
# ---- Wait for  16 cycles
# ---- Wait for  16 cycles end
# ---- DRAM write PORT :0x01    ADD :0x0000000    SIZE :0x010
# ---- DRAM write end
# ---- Wait for  16 cycles
# ---- Wait for  16 cycles end
# ---- DRAM write PORT :0x01    ADD :0x0000000    SIZE :0x010
# ---- DRAM write end
# ---- Wait for  16 cycles
# ---- Wait for  16 cycles end
# ---- DRAM write PORT :0x01    ADD :0x0000000    SIZE :0x010
# ---- DRAM write end
# ---- Wait for  16 cycles
# ---- Wait for  16 cycles end
# ---- DRAM write PORT :0x01    ADD :0x0000000    SIZE :0x010
# ---- DRAM write end
# ---- Wait for  16 cycles
# ---- Wait for  16 cycles end
# ---- DRAM write PORT :0x01    ADD :0x0000000    SIZE :0x010
# ---- DRAM write end
# ---- Wait for 255 cycles
# ---- Wait for 255 cycles end
# ---- Wait for   8 us
# ---- Wait           1 us of   8 us
# ---- Wait           2 us of   8 us
# ---- Wait           3 us of   8 us
# ---- Wait           4 us of   8 us
# ---- Wait           5 us of   8 us
# ---- Wait           6 us of   8 us
# ---- Wait           7 us of   8 us
# ---- Wait           8 us of   8 us
# ---- Wait for   8 us end
# ---- tb_01 test completed !
#  
# ******<<<<<<<<<<<<<<<<<<<<Simulation tb_01 Successful End>>>>>>>>>>>>>>>>>>> ******
#  
do do/compile_all.do
# ** Warning: (vlib-34) Library already exists at "work".
# Errors: 0, Warnings: 1
# Model Technology ModelSim SE-64 vmap 2020.4 Lib Mapping Utility 2020.10 Oct 13 2020
# vmap work 
# Reading C:/modeltech64_2020.4/win64/../modelsim.ini
# "work" maps to directory ./work. (Default mapping)
# Model Technology ModelSim SE-64 vlog 2020.4 Compiler 2020.10 Oct 13 2020
# Start time: 15:26:42 on Mar 13,2025
# vlog -reportprogress 300 -work work sim_model/lib/glbl.v 
# -- Compiling module glbl
# 
# Top level modules:
# 	glbl
# End time: 15:26:42 on Mar 13,2025, Elapsed time: 0:00:00
# Errors: 0, Warnings: 0
# ** Warning: (vlib-34) Library already exists at "work".
# Errors: 0, Warnings: 1
# Model Technology ModelSim SE-64 vmap 2020.4 Lib Mapping Utility 2020.10 Oct 13 2020
# vmap work 
# Reading C:/modeltech64_2020.4/win64/../modelsim.ini
# "work" maps to directory ./work. (Default mapping)
# Model Technology ModelSim SE-64 vlog 2020.4 Compiler 2020.10 Oct 13 2020
# Start time: 15:26:42 on Mar 13,2025
# vlog -reportprogress 300 -work work ../rtl/00_xilinx_ip/0_sbram/sram_i64o64_d256/sram_i64o64_d256_sim_netlist.V 
# -- Compiling module sram_i64o64_d256
# -- Compiling module glbl
# 
# Top level modules:
# 	sram_i64o64_d256
# 	glbl
# End time: 15:26:42 on Mar 13,2025, Elapsed time: 0:00:00
# Errors: 0, Warnings: 0
# Model Technology ModelSim SE-64 vlog 2020.4 Compiler 2020.10 Oct 13 2020
# Start time: 15:26:42 on Mar 13,2025
# vlog -reportprogress 300 -work work ../rtl/00_xilinx_ip/1_afifo/afifo_i72o72_d2048/afifo_i72o72_d2048_sim_netlist.V 
# -- Compiling module afifo_i72o72_d2048
# -- Compiling module afifo_i72o72_d2048_xpm_cdc_async_rst
# -- Compiling module afifo_i72o72_d2048_xpm_cdc_async_rst__1
# -- Compiling module afifo_i72o72_d2048_xpm_cdc_gray
# -- Compiling module afifo_i72o72_d2048_xpm_cdc_gray__2
# -- Compiling module afifo_i72o72_d2048_xpm_cdc_single
# -- Compiling module afifo_i72o72_d2048_xpm_cdc_single__2
# -- Compiling module glbl
# 
# Top level modules:
# 	afifo_i72o72_d2048
# 	glbl
# End time: 15:26:43 on Mar 13,2025, Elapsed time: 0:00:01
# Errors: 0, Warnings: 0
# Model Technology ModelSim SE-64 vlog 2020.4 Compiler 2020.10 Oct 13 2020
# Start time: 15:26:43 on Mar 13,2025
# vlog -reportprogress 300 -work work ../rtl/00_xilinx_ip/1_afifo/afifo_i90o90_d512/afifo_i90o90_d512_sim_netlist.V 
# -- Compiling module afifo_i90o90_d512
# -- Compiling module afifo_i90o90_d512_xpm_cdc_async_rst
# -- Compiling module afifo_i90o90_d512_xpm_cdc_async_rst__1
# -- Compiling module afifo_i90o90_d512_xpm_cdc_gray
# -- Compiling module afifo_i90o90_d512_xpm_cdc_gray__2
# -- Compiling module afifo_i90o90_d512_xpm_cdc_single
# -- Compiling module afifo_i90o90_d512_xpm_cdc_single__2
# -- Compiling module glbl
# 
# Top level modules:
# 	afifo_i90o90_d512
# 	glbl
# End time: 15:26:43 on Mar 13,2025, Elapsed time: 0:00:00
# Errors: 0, Warnings: 0
# Model Technology ModelSim SE-64 vlog 2020.4 Compiler 2020.10 Oct 13 2020
# Start time: 15:26:44 on Mar 13,2025
# vlog -reportprogress 300 -work work ../rtl/00_xilinx_ip/2_sfifo/sfifo_i72o72_d512/sfifo_i72o72_d512_sim_netlist.V 
# -- Compiling module sfifo_i72o72_d512
# -- Compiling module glbl
# 
# Top level modules:
# 	sfifo_i72o72_d512
# 	glbl
# End time: 15:26:44 on Mar 13,2025, Elapsed time: 0:00:00
# Errors: 0, Warnings: 0
# Model Technology ModelSim SE-64 vlog 2020.4 Compiler 2020.10 Oct 13 2020
# Start time: 15:26:44 on Mar 13,2025
# vlog -reportprogress 300 -work work ../rtl/00_xilinx_ip/2_sfifo/sfifo_i180_o180_d512/sfifo_i180_o180_d512_sim_netlist.V 
# -- Compiling module sfifo_i180_o180_d512
# -- Compiling module glbl
# 
# Top level modules:
# 	sfifo_i180_o180_d512
# 	glbl
# End time: 15:26:44 on Mar 13,2025, Elapsed time: 0:00:00
# Errors: 0, Warnings: 0
# Model Technology ModelSim SE-64 vlog 2020.4 Compiler 2020.10 Oct 13 2020
# Start time: 15:26:44 on Mar 13,2025
# vlog -reportprogress 300 -work work ../rtl/00_xilinx_ip/2_sfifo/sfifo_i108o108_d512/sfifo_i108o108_d512_sim_netlist.V 
# -- Compiling module sfifo_i108o108_d512
# -- Compiling module glbl
# 
# Top level modules:
# 	sfifo_i108o108_d512
# 	glbl
# End time: 15:26:44 on Mar 13,2025, Elapsed time: 0:00:00
# Errors: 0, Warnings: 0
# Model Technology ModelSim SE-64 vlog 2020.4 Compiler 2020.10 Oct 13 2020
# Start time: 15:26:45 on Mar 13,2025
# vlog -reportprogress 300 -work work ../rtl/01_user_ip/pulse_gen.v 
# -- Compiling module PULSE_GEN
# 
# Top level modules:
# 	PULSE_GEN
# End time: 15:26:45 on Mar 13,2025, Elapsed time: 0:00:00
# Errors: 0, Warnings: 0
# Model Technology ModelSim SE-64 vlog 2020.4 Compiler 2020.10 Oct 13 2020
# Start time: 15:26:45 on Mar 13,2025
# vlog -reportprogress 300 -work work ../rtl/03_pcie_if_gx/pcie_dn_arbit.v ../rtl/03_pcie_if_gx/pcie_dn_cpld_dpk.v ../rtl/03_pcie_if_gx/pcie_dn_cpld_if.v ../rtl/03_pcie_if_gx/pcie_dn_dek.v ../rtl/03_pcie_if_gx/pcie_dn_dma.v ../rtl/03_pcie_if_gx/pcie_dn_if.v ../rtl/03_pcie_if_gx/pcie_dn_lbuf.v ../rtl/03_pcie_if_gx/pcie_dn_reg.v ../rtl/03_pcie_if_gx/pcie_if_gx_x1.v ../rtl/03_pcie_if_gx/pcie_int.v ../rtl/03_pcie_if_gx/pcie_reg_ack.v ../rtl/03_pcie_if_gx/pcie_reg_if.v ../rtl/03_pcie_if_gx/pcie_reg_int.v ../rtl/03_pcie_if_gx/pcie_rx.v ../rtl/03_pcie_if_gx/pcie_tx.v ../rtl/03_pcie_if_gx/pcie_up_arbit.v ../rtl/03_pcie_if_gx/pcie_up_dma.v ../rtl/03_pcie_if_gx/pcie_up_if.v ../rtl/03_pcie_if_gx/pcie_up_lbuf.v ../rtl/03_pcie_if_gx/pcie_up_reg.v ../rtl/03_pcie_if_gx/pcie_up_ufk.v 
# -- Compiling module PCIE_DN_ARBIT
# -- Compiling module PCIE_DN_CPLD_DPK
# -- Compiling module PCIE_DN_CPLD_IF
# -- Compiling module PCIE_DN_DEK
# -- Compiling module PCIE_DN_DMA
# -- Compiling module PCIE_DN_IF
# -- Compiling module PCIE_DN_LBUF
# -- Compiling module PCIE_DN_REG
# -- Compiling module PCIE_IF_GX
# -- Compiling module PCIE_INT
# -- Compiling module PCIE_REG_ACK
# -- Compiling module PCIE_REG_IF
# -- Compiling module PCIE_REG_INT
# -- Compiling module PCIE_RX
# -- Compiling module PCIE_TX
# -- Compiling module PCIE_UP_ARBIT
# -- Compiling module PCIE_UP_DMA
# -- Compiling module PCIE_UP_IF
# -- Compiling module PCIE_UP_LBUF
# -- Compiling module PCIE_UP_REG
# -- Compiling module PCIE_UP_UFK
# 
# Top level modules:
# 	PCIE_IF_GX
# 	PCIE_INT
# End time: 15:26:45 on Mar 13,2025, Elapsed time: 0:00:00
# Errors: 0, Warnings: 0
# Model Technology ModelSim SE-64 vlog 2020.4 Compiler 2020.10 Oct 13 2020
# Start time: 15:26:45 on Mar 13,2025
# vlog -reportprogress 300 -work work ../rtl/04_bist/bist_reg.v ../rtl/04_bist/ram_bist.v 
# -- Compiling module BIST_REG
# -- Compiling module RAM_BIST
# 
# Top level modules:
# 	BIST_REG
# 	RAM_BIST
# End time: 15:26:45 on Mar 13,2025, Elapsed time: 0:00:00
# Errors: 0, Warnings: 0
# Model Technology ModelSim SE-64 vlog 2020.4 Compiler 2020.10 Oct 13 2020
# Start time: 15:26:45 on Mar 13,2025
# vlog -reportprogress 300 -work work ../rtl/05_pc_sim/pc_sim.v 
# -- Compiling module PC_SIM
# 
# Top level modules:
# 	PC_SIM
# End time: 15:26:45 on Mar 13,2025, Elapsed time: 0:00:00
# Errors: 0, Warnings: 0
# Model Technology ModelSim SE-64 vlog 2020.4 Compiler 2020.10 Oct 13 2020
# Start time: 15:26:45 on Mar 13,2025
# vlog -reportprogress 300 -work work ../rtl/fpga_top_sim.V 
# -- Compiling module FPGA_TOP_SIM
# 
# Top level modules:
# 	FPGA_TOP_SIM
# End time: 15:26:46 on Mar 13,2025, Elapsed time: 0:00:01
# Errors: 0, Warnings: 0
# ** Warning: (vlib-34) Library already exists at "work".
# Errors: 0, Warnings: 1
# Model Technology ModelSim SE-64 vmap 2020.4 Lib Mapping Utility 2020.10 Oct 13 2020
# vmap work 
# Reading C:/modeltech64_2020.4/win64/../modelsim.ini
# "work" maps to directory ./work. (Default mapping)
# Model Technology ModelSim SE-64 vlog 2020.4 Compiler 2020.10 Oct 13 2020
# Start time: 15:26:46 on Mar 13,2025
# vlog -reportprogress 300 -work work sim_model/define/define.v 
# End time: 15:26:46 on Mar 13,2025, Elapsed time: 0:00:00
# Errors: 0, Warnings: 0
# Model Technology ModelSim SE-64 vlog 2020.4 Compiler 2020.10 Oct 13 2020
# Start time: 15:26:46 on Mar 13,2025
# vlog -reportprogress 300 "+define+tb_00=1" -work work "+incdir+{sim_model/define}" sim_model/sim_model.v 
# -- Compiling module SIM_MODEL
# 
# Top level modules:
# 	SIM_MODEL
# End time: 15:26:46 on Mar 13,2025, Elapsed time: 0:00:00
# Errors: 0, Warnings: 0
# Model Technology ModelSim SE-64 vlog 2020.4 Compiler 2020.10 Oct 13 2020
# Start time: 15:26:46 on Mar 13,2025
# vlog -reportprogress 300 "+define+tb_00=1" -work work "+incdir+{sim_model/define}" sim_model/tb_top.v 
# -- Compiling module tb_top
# 
# Top level modules:
# 	tb_top
# End time: 15:26:46 on Mar 13,2025, Elapsed time: 0:00:00
# Errors: 0, Warnings: 0
do do/tb_01.do
# Model Technology ModelSim SE-64 vlog 2020.4 Compiler 2020.10 Oct 13 2020
# Start time: 15:26:48 on Mar 13,2025
# vlog -reportprogress 300 "+define+tb_01=1" -work work sim_model\define\define.v 
# End time: 15:26:48 on Mar 13,2025, Elapsed time: 0:00:00
# Errors: 0, Warnings: 0
# Model Technology ModelSim SE-64 vlog 2020.4 Compiler 2020.10 Oct 13 2020
# Start time: 15:26:48 on Mar 13,2025
# vlog -reportprogress 300 "+define+tb_01=1" -work work "+incdir+{sim_modeldefine}" sim_model\tb_top.v 
# -- Compiling module tb_top
# 
# Top level modules:
# 	tb_top
# End time: 15:26:48 on Mar 13,2025, Elapsed time: 0:00:00
# Errors: 0, Warnings: 0
# End time: 15:26:51 on Mar 13,2025, Elapsed time: 0:06:03
# Errors: 0, Warnings: 1
# vsim -t 1ps -c -l ./log/vsim_tb_01_report.log work.tb_top -L UNISIMS_VER -L SECUREIP -L SIMPRIMS_VER -L work -voptargs="+acc" work.glbl -wav ./wave/tb_01.wlf 
# Start time: 15:26:51 on Mar 13,2025
# ** Note: (vsim-8009) Loading existing optimized design _opt
# Loading work.tb_top(fast)
# Loading work.SIM_MODEL(fast)
# Loading work.PC_SIM(fast)
# Loading work.PCIE_IF_GX(fast)
# Loading work.PCIE_RX(fast)
# Loading work.sfifo_i180_o180_d512(fast)
# Loading UNISIMS_VER.GND(fast)
# Loading UNISIMS_VER.LUT1(fast)
# Loading UNISIMS_VER.LUT2(fast)
# Loading UNISIMS_VER.LUT3(fast)
# Loading UNISIMS_VER.FDRE(fast)
# Loading UNISIMS_VER.CARRY4(fast)
# Loading UNISIMS_VER.LUT5(fast)
# Loading UNISIMS_VER.LUT5(fast__1)
# Loading UNISIMS_VER.FDSE(fast)
# Loading UNISIMS_VER.LUT4(fast)
# Loading UNISIMS_VER.LUT4(fast__1)
# Loading UNISIMS_VER.LUT3(fast__1)
# Loading UNISIMS_VER.LUT3(fast__2)
# Loading UNISIMS_VER.LUT4(fast__2)
# Loading UNISIMS_VER.LUT6(fast)
# Loading UNISIMS_VER.LUT2(fast__1)
# Loading UNISIMS_VER.LUT3(fast__3)
# Loading UNISIMS_VER.LUT4(fast__3)
# Loading UNISIMS_VER.LUT5(fast__2)
# Loading UNISIMS_VER.LUT6(fast__1)
# Loading UNISIMS_VER.LUT6(fast__2)
# Loading UNISIMS_VER.LUT4(fast__4)
# Loading UNISIMS_VER.LUT2(fast__2)
# Loading UNISIMS_VER.LUT5(fast__3)
# Loading UNISIMS_VER.LUT4(fast__5)
# Loading UNISIMS_VER.LUT6(fast__3)
# Loading UNISIMS_VER.LUT1(fast__1)
# Loading UNISIMS_VER.RAMB18E1(fast)
# Loading UNISIMS_VER.RB18_INTERNAL_VLOG(fast)
# Loading UNISIMS_VER.RAMB36E1(fast)
# Loading UNISIMS_VER.RB36_INTERNAL_VLOG(fast)
# Loading work.PCIE_TX(fast)
# Loading work.sfifo_i72o72_d512(fast)
# Loading UNISIMS_VER.LUT2(fast__3)
# Loading UNISIMS_VER.RAMB36E1(fast__1)
# Loading UNISIMS_VER.RB36_INTERNAL_VLOG(fast__1)
# Loading work.PCIE_REG_IF(fast)
# Loading work.PCIE_REG_ACK(fast)
# Loading work.PCIE_REG_INT(fast)
# Loading work.PCIE_DN_REG(fast)
# Loading work.PCIE_UP_REG(fast)
# Loading work.PCIE_DN_CPLD_IF(fast)
# Loading work.PCIE_DN_IF(fast)
# Loading work.afifo_i90o90_d512(fast)
# Loading work.afifo_i90o90_d512_xpm_cdc_gray(fast)
# Loading UNISIMS_VER.LUT4(fast__6)
# Loading UNISIMS_VER.LUT3(fast__4)
# Loading UNISIMS_VER.LUT6(fast__4)
# Loading UNISIMS_VER.LUT5(fast__4)
# Loading work.afifo_i90o90_d512_xpm_cdc_gray__2(fast)
# Loading UNISIMS_VER.FDPE(fast)
# Loading UNISIMS_VER.LUT4(fast__7)
# Loading UNISIMS_VER.FDCE(fast)
# Loading UNISIMS_VER.LUT4(fast__8)
# Loading UNISIMS_VER.LUT6(fast__5)
# Loading UNISIMS_VER.LUT5(fast__5)
# Loading UNISIMS_VER.LUT6(fast__6)
# Loading UNISIMS_VER.LUT5(fast__6)
# Loading UNISIMS_VER.LUT5(fast__7)
# Loading UNISIMS_VER.LUT5(fast__8)
# Loading UNISIMS_VER.LUT5(fast__9)
# Loading UNISIMS_VER.RAM64M(fast)
# Loading UNISIMS_VER.LUT6(fast__7)
# Loading UNISIMS_VER.MUXF7(fast)
# Loading UNISIMS_VER.LUT2(fast__4)
# Loading work.afifo_i90o90_d512_xpm_cdc_async_rst(fast)
# Loading UNISIMS_VER.FDPE(fast__1)
# Loading UNISIMS_VER.LUT3(fast__5)
# Loading UNISIMS_VER.LUT5(fast__10)
# Loading work.afifo_i90o90_d512_xpm_cdc_single(fast)
# Loading work.afifo_i90o90_d512_xpm_cdc_single__2(fast)
# Loading work.afifo_i90o90_d512_xpm_cdc_async_rst__1(fast)
# Loading work.PCIE_DN_LBUF(fast)
# Loading work.afifo_i72o72_d2048(fast)
# Loading work.afifo_i72o72_d2048_xpm_cdc_gray(fast)
# Loading work.afifo_i72o72_d2048_xpm_cdc_gray__2(fast)
# Loading UNISIMS_VER.LUT6(fast__8)
# Loading UNISIMS_VER.LUT6(fast__9)
# Loading UNISIMS_VER.LUT6(fast__10)
# Loading UNISIMS_VER.LUT6(fast__11)
# Loading UNISIMS_VER.LUT6(fast__12)
# Loading work.afifo_i72o72_d2048_xpm_cdc_async_rst(fast)
# Loading work.afifo_i72o72_d2048_xpm_cdc_single(fast)
# Loading work.afifo_i72o72_d2048_xpm_cdc_single__2(fast)
# Loading work.afifo_i72o72_d2048_xpm_cdc_async_rst__1(fast)
# Loading work.PULSE_GEN(fast)
# Loading work.PCIE_DN_DEK(fast)
# Loading work.PCIE_DN_DMA(fast)
# Loading work.PCIE_DN_CPLD_DPK(fast)
# Loading work.PCIE_DN_DEK(fast__1)
# Loading work.PCIE_DN_DMA(fast__1)
# Loading work.PCIE_DN_ARBIT(fast)
# Loading work.PCIE_UP_IF(fast)
# Loading work.PCIE_UP_LBUF(fast)
# Loading work.PCIE_UP_UFK(fast)
# Loading work.PCIE_UP_DMA(fast)
# Loading work.PCIE_UP_UFK(fast__1)
# Loading work.PCIE_UP_DMA(fast__1)
# Loading work.PCIE_UP_ARBIT(fast)
# Loading work.BIST_REG(fast)
# Loading work.glbl(fast)
# ** Warning: (vsim-3015) [PCDPC] - Port size (12) does not match connection size (16) for port 'DRAM_WR_SIZE'. The port definition is at: ../rtl/05_pc_sim/pc_sim.v(26).
#    Time: 0 ps  Iteration: 0  Instance: /tb_top/U_PC_SIM File: sim_model/tb_top.v Line: 708
#  
# ******<<<<<<<<<<<<<<<<<<<<<<Simulation tb_01 start>>>>>>>>>>>>>>>>>>>>>>> ******
#  
# ---- Initial simulation
# ---- clock ---- 1111 ---- enable
# ---- Wait for  64 cycles
# ---- Wait for  64 cycles end
# ---- Wait for  16 cycles
# ---- Wait for  16 cycles end
# ---- reseting by cycle
# ---- reset0   64 cycle end
# ---- Wait for  16 cycles
# ---- Wait for  16 cycles end
# ---- reseting by ns
# ---- reset1  255 ns end
# ---- DRAM write PORT :0x02    ADD :0x0000000    SIZE :0x400
# ---- DRAM write end
# ---- Wait for  16 cycles
# ---- Wait for  16 cycles end
# ---- DRAM write PORT :0x01    ADD :0x0000000    SIZE :0x010
# ---- DRAM write end
# ---- Wait for  16 cycles
# ---- Wait for  16 cycles end
# ---- DRAM write PORT :0x01    ADD :0x0000000    SIZE :0x010
# ---- DRAM write end
# ---- Wait for  16 cycles
# ---- Wait for  16 cycles end
# ---- DRAM write PORT :0x01    ADD :0x0000000    SIZE :0x010
# ---- DRAM write end
# ---- Wait for  16 cycles
# ---- Wait for  16 cycles end
# ---- DRAM write PORT :0x01    ADD :0x0000000    SIZE :0x010
# ---- DRAM write end
# ---- Wait for  16 cycles
# ---- Wait for  16 cycles end
# ---- DRAM write PORT :0x01    ADD :0x0000000    SIZE :0x010
# ---- DRAM write end
# ---- Wait for  16 cycles
# ---- Wait for  16 cycles end
# ---- DRAM write PORT :0x01    ADD :0x0000000    SIZE :0x010
# ---- DRAM write end
# ---- Wait for 255 cycles
# ---- Wait for 255 cycles end
# ---- Wait for   8 us
# ---- Wait           1 us of   8 us
# ---- Wait           2 us of   8 us
# ---- Wait           3 us of   8 us
# ---- Wait           4 us of   8 us
# ---- Wait           5 us of   8 us
# ---- Wait           6 us of   8 us
# ---- Wait           7 us of   8 us
# ---- Wait           8 us of   8 us
# ---- Wait for   8 us end
# ---- tb_01 test completed !
#  
# ******<<<<<<<<<<<<<<<<<<<<Simulation tb_01 Successful End>>>>>>>>>>>>>>>>>>> ******
#  
do do/compile_all.do
# ** Warning: (vlib-34) Library already exists at "work".
# Errors: 0, Warnings: 1
# Model Technology ModelSim SE-64 vmap 2020.4 Lib Mapping Utility 2020.10 Oct 13 2020
# vmap work 
# Reading C:/modeltech64_2020.4/win64/../modelsim.ini
# "work" maps to directory ./work. (Default mapping)
# Model Technology ModelSim SE-64 vlog 2020.4 Compiler 2020.10 Oct 13 2020
# Start time: 15:27:35 on Mar 13,2025
# vlog -reportprogress 300 -work work sim_model/lib/glbl.v 
# -- Compiling module glbl
# 
# Top level modules:
# 	glbl
# End time: 15:27:35 on Mar 13,2025, Elapsed time: 0:00:00
# Errors: 0, Warnings: 0
# ** Warning: (vlib-34) Library already exists at "work".
# Errors: 0, Warnings: 1
# Model Technology ModelSim SE-64 vmap 2020.4 Lib Mapping Utility 2020.10 Oct 13 2020
# vmap work 
# Reading C:/modeltech64_2020.4/win64/../modelsim.ini
# "work" maps to directory ./work. (Default mapping)
# Model Technology ModelSim SE-64 vlog 2020.4 Compiler 2020.10 Oct 13 2020
# Start time: 15:27:35 on Mar 13,2025
# vlog -reportprogress 300 -work work ../rtl/00_xilinx_ip/0_sbram/sram_i64o64_d256/sram_i64o64_d256_sim_netlist.V 
# -- Compiling module sram_i64o64_d256
# -- Compiling module glbl
# 
# Top level modules:
# 	sram_i64o64_d256
# 	glbl
# End time: 15:27:35 on Mar 13,2025, Elapsed time: 0:00:00
# Errors: 0, Warnings: 0
# Model Technology ModelSim SE-64 vlog 2020.4 Compiler 2020.10 Oct 13 2020
# Start time: 15:27:36 on Mar 13,2025
# vlog -reportprogress 300 -work work ../rtl/00_xilinx_ip/1_afifo/afifo_i72o72_d2048/afifo_i72o72_d2048_sim_netlist.V 
# -- Compiling module afifo_i72o72_d2048
# -- Compiling module afifo_i72o72_d2048_xpm_cdc_async_rst
# -- Compiling module afifo_i72o72_d2048_xpm_cdc_async_rst__1
# -- Compiling module afifo_i72o72_d2048_xpm_cdc_gray
# -- Compiling module afifo_i72o72_d2048_xpm_cdc_gray__2
# -- Compiling module afifo_i72o72_d2048_xpm_cdc_single
# -- Compiling module afifo_i72o72_d2048_xpm_cdc_single__2
# -- Compiling module glbl
# 
# Top level modules:
# 	afifo_i72o72_d2048
# 	glbl
# End time: 15:27:36 on Mar 13,2025, Elapsed time: 0:00:00
# Errors: 0, Warnings: 0
# Model Technology ModelSim SE-64 vlog 2020.4 Compiler 2020.10 Oct 13 2020
# Start time: 15:27:36 on Mar 13,2025
# vlog -reportprogress 300 -work work ../rtl/00_xilinx_ip/1_afifo/afifo_i90o90_d512/afifo_i90o90_d512_sim_netlist.V 
# -- Compiling module afifo_i90o90_d512
# -- Compiling module afifo_i90o90_d512_xpm_cdc_async_rst
# -- Compiling module afifo_i90o90_d512_xpm_cdc_async_rst__1
# -- Compiling module afifo_i90o90_d512_xpm_cdc_gray
# -- Compiling module afifo_i90o90_d512_xpm_cdc_gray__2
# -- Compiling module afifo_i90o90_d512_xpm_cdc_single
# -- Compiling module afifo_i90o90_d512_xpm_cdc_single__2
# -- Compiling module glbl
# 
# Top level modules:
# 	afifo_i90o90_d512
# 	glbl
# End time: 15:27:37 on Mar 13,2025, Elapsed time: 0:00:01
# Errors: 0, Warnings: 0
# Model Technology ModelSim SE-64 vlog 2020.4 Compiler 2020.10 Oct 13 2020
# Start time: 15:27:37 on Mar 13,2025
# vlog -reportprogress 300 -work work ../rtl/00_xilinx_ip/2_sfifo/sfifo_i72o72_d512/sfifo_i72o72_d512_sim_netlist.V 
# -- Compiling module sfifo_i72o72_d512
# -- Compiling module glbl
# 
# Top level modules:
# 	sfifo_i72o72_d512
# 	glbl
# End time: 15:27:37 on Mar 13,2025, Elapsed time: 0:00:00
# Errors: 0, Warnings: 0
# Model Technology ModelSim SE-64 vlog 2020.4 Compiler 2020.10 Oct 13 2020
# Start time: 15:27:37 on Mar 13,2025
# vlog -reportprogress 300 -work work ../rtl/00_xilinx_ip/2_sfifo/sfifo_i180_o180_d512/sfifo_i180_o180_d512_sim_netlist.V 
# -- Compiling module sfifo_i180_o180_d512
# -- Compiling module glbl
# 
# Top level modules:
# 	sfifo_i180_o180_d512
# 	glbl
# End time: 15:27:37 on Mar 13,2025, Elapsed time: 0:00:00
# Errors: 0, Warnings: 0
# Model Technology ModelSim SE-64 vlog 2020.4 Compiler 2020.10 Oct 13 2020
# Start time: 15:27:37 on Mar 13,2025
# vlog -reportprogress 300 -work work ../rtl/00_xilinx_ip/2_sfifo/sfifo_i108o108_d512/sfifo_i108o108_d512_sim_netlist.V 
# -- Compiling module sfifo_i108o108_d512
# -- Compiling module glbl
# 
# Top level modules:
# 	sfifo_i108o108_d512
# 	glbl
# End time: 15:27:38 on Mar 13,2025, Elapsed time: 0:00:01
# Errors: 0, Warnings: 0
# Model Technology ModelSim SE-64 vlog 2020.4 Compiler 2020.10 Oct 13 2020
# Start time: 15:27:38 on Mar 13,2025
# vlog -reportprogress 300 -work work ../rtl/01_user_ip/pulse_gen.v 
# -- Compiling module PULSE_GEN
# 
# Top level modules:
# 	PULSE_GEN
# End time: 15:27:38 on Mar 13,2025, Elapsed time: 0:00:00
# Errors: 0, Warnings: 0
# Model Technology ModelSim SE-64 vlog 2020.4 Compiler 2020.10 Oct 13 2020
# Start time: 15:27:38 on Mar 13,2025
# vlog -reportprogress 300 -work work ../rtl/03_pcie_if_gx/pcie_dn_arbit.v ../rtl/03_pcie_if_gx/pcie_dn_cpld_dpk.v ../rtl/03_pcie_if_gx/pcie_dn_cpld_if.v ../rtl/03_pcie_if_gx/pcie_dn_dek.v ../rtl/03_pcie_if_gx/pcie_dn_dma.v ../rtl/03_pcie_if_gx/pcie_dn_if.v ../rtl/03_pcie_if_gx/pcie_dn_lbuf.v ../rtl/03_pcie_if_gx/pcie_dn_reg.v ../rtl/03_pcie_if_gx/pcie_if_gx_x1.v ../rtl/03_pcie_if_gx/pcie_int.v ../rtl/03_pcie_if_gx/pcie_reg_ack.v ../rtl/03_pcie_if_gx/pcie_reg_if.v ../rtl/03_pcie_if_gx/pcie_reg_int.v ../rtl/03_pcie_if_gx/pcie_rx.v ../rtl/03_pcie_if_gx/pcie_tx.v ../rtl/03_pcie_if_gx/pcie_up_arbit.v ../rtl/03_pcie_if_gx/pcie_up_dma.v ../rtl/03_pcie_if_gx/pcie_up_if.v ../rtl/03_pcie_if_gx/pcie_up_lbuf.v ../rtl/03_pcie_if_gx/pcie_up_reg.v ../rtl/03_pcie_if_gx/pcie_up_ufk.v 
# -- Compiling module PCIE_DN_ARBIT
# -- Compiling module PCIE_DN_CPLD_DPK
# -- Compiling module PCIE_DN_CPLD_IF
# -- Compiling module PCIE_DN_DEK
# -- Compiling module PCIE_DN_DMA
# -- Compiling module PCIE_DN_IF
# -- Compiling module PCIE_DN_LBUF
# -- Compiling module PCIE_DN_REG
# -- Compiling module PCIE_IF_GX
# -- Compiling module PCIE_INT
# -- Compiling module PCIE_REG_ACK
# -- Compiling module PCIE_REG_IF
# -- Compiling module PCIE_REG_INT
# -- Compiling module PCIE_RX
# -- Compiling module PCIE_TX
# -- Compiling module PCIE_UP_ARBIT
# -- Compiling module PCIE_UP_DMA
# -- Compiling module PCIE_UP_IF
# -- Compiling module PCIE_UP_LBUF
# -- Compiling module PCIE_UP_REG
# -- Compiling module PCIE_UP_UFK
# 
# Top level modules:
# 	PCIE_IF_GX
# 	PCIE_INT
# End time: 15:27:38 on Mar 13,2025, Elapsed time: 0:00:00
# Errors: 0, Warnings: 0
# Model Technology ModelSim SE-64 vlog 2020.4 Compiler 2020.10 Oct 13 2020
# Start time: 15:27:38 on Mar 13,2025
# vlog -reportprogress 300 -work work ../rtl/04_bist/bist_reg.v ../rtl/04_bist/ram_bist.v 
# -- Compiling module BIST_REG
# -- Compiling module RAM_BIST
# 
# Top level modules:
# 	BIST_REG
# 	RAM_BIST
# End time: 15:27:38 on Mar 13,2025, Elapsed time: 0:00:00
# Errors: 0, Warnings: 0
# Model Technology ModelSim SE-64 vlog 2020.4 Compiler 2020.10 Oct 13 2020
# Start time: 15:27:38 on Mar 13,2025
# vlog -reportprogress 300 -work work ../rtl/05_pc_sim/pc_sim.v 
# -- Compiling module PC_SIM
# 
# Top level modules:
# 	PC_SIM
# End time: 15:27:38 on Mar 13,2025, Elapsed time: 0:00:00
# Errors: 0, Warnings: 0
# Model Technology ModelSim SE-64 vlog 2020.4 Compiler 2020.10 Oct 13 2020
# Start time: 15:27:39 on Mar 13,2025
# vlog -reportprogress 300 -work work ../rtl/fpga_top_sim.V 
# -- Compiling module FPGA_TOP_SIM
# 
# Top level modules:
# 	FPGA_TOP_SIM
# End time: 15:27:39 on Mar 13,2025, Elapsed time: 0:00:00
# Errors: 0, Warnings: 0
# ** Warning: (vlib-34) Library already exists at "work".
# Errors: 0, Warnings: 1
# Model Technology ModelSim SE-64 vmap 2020.4 Lib Mapping Utility 2020.10 Oct 13 2020
# vmap work 
# Reading C:/modeltech64_2020.4/win64/../modelsim.ini
# "work" maps to directory ./work. (Default mapping)
# Model Technology ModelSim SE-64 vlog 2020.4 Compiler 2020.10 Oct 13 2020
# Start time: 15:27:39 on Mar 13,2025
# vlog -reportprogress 300 -work work sim_model/define/define.v 
# End time: 15:27:39 on Mar 13,2025, Elapsed time: 0:00:00
# Errors: 0, Warnings: 0
# Model Technology ModelSim SE-64 vlog 2020.4 Compiler 2020.10 Oct 13 2020
# Start time: 15:27:39 on Mar 13,2025
# vlog -reportprogress 300 "+define+tb_00=1" -work work "+incdir+{sim_model/define}" sim_model/sim_model.v 
# -- Compiling module SIM_MODEL
# 
# Top level modules:
# 	SIM_MODEL
# End time: 15:27:39 on Mar 13,2025, Elapsed time: 0:00:00
# Errors: 0, Warnings: 0
# Model Technology ModelSim SE-64 vlog 2020.4 Compiler 2020.10 Oct 13 2020
# Start time: 15:27:39 on Mar 13,2025
# vlog -reportprogress 300 "+define+tb_00=1" -work work "+incdir+{sim_model/define}" sim_model/tb_top.v 
# -- Compiling module tb_top
# 
# Top level modules:
# 	tb_top
# End time: 15:27:39 on Mar 13,2025, Elapsed time: 0:00:00
# Errors: 0, Warnings: 0
do do/tb_01.do
# Model Technology ModelSim SE-64 vlog 2020.4 Compiler 2020.10 Oct 13 2020
# Start time: 15:27:41 on Mar 13,2025
# vlog -reportprogress 300 "+define+tb_01=1" -work work sim_model\define\define.v 
# End time: 15:27:41 on Mar 13,2025, Elapsed time: 0:00:00
# Errors: 0, Warnings: 0
# Model Technology ModelSim SE-64 vlog 2020.4 Compiler 2020.10 Oct 13 2020
# Start time: 15:27:42 on Mar 13,2025
# vlog -reportprogress 300 "+define+tb_01=1" -work work "+incdir+{sim_modeldefine}" sim_model\tb_top.v 
# -- Compiling module tb_top
# 
# Top level modules:
# 	tb_top
# End time: 15:27:42 on Mar 13,2025, Elapsed time: 0:00:00
# Errors: 0, Warnings: 0
# End time: 15:27:44 on Mar 13,2025, Elapsed time: 0:00:53
# Errors: 0, Warnings: 1
# vsim -t 1ps -c -l ./log/vsim_tb_01_report.log work.tb_top -L UNISIMS_VER -L SECUREIP -L SIMPRIMS_VER -L work -voptargs="+acc" work.glbl -wav ./wave/tb_01.wlf 
# Start time: 15:27:44 on Mar 13,2025
# ** Note: (vsim-3813) Design is being optimized due to module recompilation...
# ** Note: (vopt-143) Recognized 1 FSM in module "PCIE_DN_DMA(fast__1)".
# ** Note: (vopt-143) Recognized 1 FSM in module "PCIE_DN_DMA(fast)".
# Loading work.tb_top(fast)
# Loading work.SIM_MODEL(fast)
# Loading work.PC_SIM(fast)
# Loading work.PCIE_IF_GX(fast)
# Loading work.PCIE_RX(fast)
# Loading work.sfifo_i180_o180_d512(fast)
# Loading UNISIMS_VER.GND(fast)
# Loading UNISIMS_VER.LUT1(fast)
# Loading UNISIMS_VER.LUT2(fast)
# Loading UNISIMS_VER.LUT3(fast)
# Loading UNISIMS_VER.FDRE(fast)
# Loading UNISIMS_VER.CARRY4(fast)
# Loading UNISIMS_VER.LUT5(fast)
# Loading UNISIMS_VER.LUT5(fast__1)
# Loading UNISIMS_VER.FDSE(fast)
# Loading UNISIMS_VER.LUT4(fast)
# Loading UNISIMS_VER.LUT4(fast__1)
# Loading UNISIMS_VER.LUT3(fast__1)
# Loading UNISIMS_VER.LUT3(fast__2)
# Loading UNISIMS_VER.LUT4(fast__2)
# Loading UNISIMS_VER.LUT6(fast)
# Loading UNISIMS_VER.LUT2(fast__1)
# Loading UNISIMS_VER.LUT3(fast__3)
# Loading UNISIMS_VER.LUT4(fast__3)
# Loading UNISIMS_VER.LUT5(fast__2)
# Loading UNISIMS_VER.LUT6(fast__1)
# Loading UNISIMS_VER.LUT6(fast__2)
# Loading UNISIMS_VER.LUT4(fast__4)
# Loading UNISIMS_VER.LUT2(fast__2)
# Loading UNISIMS_VER.LUT5(fast__3)
# Loading UNISIMS_VER.LUT4(fast__5)
# Loading UNISIMS_VER.LUT6(fast__3)
# Loading UNISIMS_VER.LUT1(fast__1)
# Loading UNISIMS_VER.RAMB18E1(fast)
# Loading UNISIMS_VER.RB18_INTERNAL_VLOG(fast)
# Loading UNISIMS_VER.RAMB36E1(fast)
# Loading UNISIMS_VER.RB36_INTERNAL_VLOG(fast)
# Loading work.PCIE_TX(fast)
# Loading work.sfifo_i72o72_d512(fast)
# Loading UNISIMS_VER.LUT2(fast__3)
# Loading UNISIMS_VER.RAMB36E1(fast__1)
# Loading UNISIMS_VER.RB36_INTERNAL_VLOG(fast__1)
# Loading work.PCIE_REG_IF(fast)
# Loading work.PCIE_REG_ACK(fast)
# Loading work.PCIE_REG_INT(fast)
# Loading work.PCIE_DN_REG(fast)
# Loading work.PCIE_UP_REG(fast)
# Loading work.PCIE_DN_CPLD_IF(fast)
# Loading work.PCIE_DN_IF(fast)
# Loading work.afifo_i90o90_d512(fast)
# Loading work.afifo_i90o90_d512_xpm_cdc_gray(fast)
# Loading UNISIMS_VER.LUT4(fast__6)
# Loading UNISIMS_VER.LUT3(fast__4)
# Loading UNISIMS_VER.LUT6(fast__4)
# Loading UNISIMS_VER.LUT5(fast__4)
# Loading work.afifo_i90o90_d512_xpm_cdc_gray__2(fast)
# Loading UNISIMS_VER.FDPE(fast)
# Loading UNISIMS_VER.LUT4(fast__7)
# Loading UNISIMS_VER.FDCE(fast)
# Loading UNISIMS_VER.LUT4(fast__8)
# Loading UNISIMS_VER.LUT6(fast__5)
# Loading UNISIMS_VER.LUT5(fast__5)
# Loading UNISIMS_VER.LUT6(fast__6)
# Loading UNISIMS_VER.LUT5(fast__6)
# Loading UNISIMS_VER.LUT5(fast__7)
# Loading UNISIMS_VER.LUT5(fast__8)
# Loading UNISIMS_VER.LUT5(fast__9)
# Loading UNISIMS_VER.RAM64M(fast)
# Loading UNISIMS_VER.LUT6(fast__7)
# Loading UNISIMS_VER.MUXF7(fast)
# Loading UNISIMS_VER.LUT2(fast__4)
# Loading work.afifo_i90o90_d512_xpm_cdc_async_rst(fast)
# Loading UNISIMS_VER.FDPE(fast__1)
# Loading UNISIMS_VER.LUT3(fast__5)
# Loading UNISIMS_VER.LUT5(fast__10)
# Loading work.afifo_i90o90_d512_xpm_cdc_single(fast)
# Loading work.afifo_i90o90_d512_xpm_cdc_single__2(fast)
# Loading work.afifo_i90o90_d512_xpm_cdc_async_rst__1(fast)
# Loading work.PCIE_DN_LBUF(fast)
# Loading work.afifo_i72o72_d2048(fast)
# Loading work.afifo_i72o72_d2048_xpm_cdc_gray(fast)
# Loading work.afifo_i72o72_d2048_xpm_cdc_gray__2(fast)
# Loading UNISIMS_VER.LUT6(fast__8)
# Loading UNISIMS_VER.LUT6(fast__9)
# Loading UNISIMS_VER.LUT6(fast__10)
# Loading UNISIMS_VER.LUT6(fast__11)
# Loading UNISIMS_VER.LUT6(fast__12)
# Loading work.afifo_i72o72_d2048_xpm_cdc_async_rst(fast)
# Loading work.afifo_i72o72_d2048_xpm_cdc_single(fast)
# Loading work.afifo_i72o72_d2048_xpm_cdc_single__2(fast)
# Loading work.afifo_i72o72_d2048_xpm_cdc_async_rst__1(fast)
# Loading work.PULSE_GEN(fast)
# Loading work.PCIE_DN_DEK(fast)
# Loading work.PCIE_DN_DMA(fast)
# Loading work.PCIE_DN_CPLD_DPK(fast)
# Loading work.PCIE_DN_DEK(fast__1)
# Loading work.PCIE_DN_DMA(fast__1)
# Loading work.PCIE_DN_ARBIT(fast)
# Loading work.PCIE_UP_IF(fast)
# Loading work.PCIE_UP_LBUF(fast)
# Loading work.PCIE_UP_UFK(fast)
# Loading work.PCIE_UP_DMA(fast)
# Loading work.PCIE_UP_UFK(fast__1)
# Loading work.PCIE_UP_DMA(fast__1)
# Loading work.PCIE_UP_ARBIT(fast)
# Loading work.BIST_REG(fast)
# Loading work.glbl(fast)
# ** Warning: (vsim-3015) [PCDPC] - Port size (12) does not match connection size (16) for port 'DRAM_WR_SIZE'. The port definition is at: ../rtl/05_pc_sim/pc_sim.v(26).
#    Time: 0 ps  Iteration: 0  Instance: /tb_top/U_PC_SIM File: sim_model/tb_top.v Line: 708
#  
# ******<<<<<<<<<<<<<<<<<<<<<<Simulation tb_01 start>>>>>>>>>>>>>>>>>>>>>>> ******
#  
# ---- Initial simulation
# ---- clock ---- 1111 ---- enable
# ---- Wait for  64 cycles
# ---- Wait for  64 cycles end
# ---- Wait for  16 cycles
# ---- Wait for  16 cycles end
# ---- reseting by cycle
# ---- reset0   64 cycle end
# ---- Wait for  16 cycles
# ---- Wait for  16 cycles end
# ---- reseting by ns
# ---- reset1  255 ns end
# ---- DRAM write PORT :0x02    ADD :0x0000000    SIZE :0x400
# ---- DRAM write end
# ---- Wait for  16 cycles
# ---- Wait for  16 cycles end
# ---- DRAM write PORT :0x01    ADD :0x0000000    SIZE :0x010
# ---- DRAM write end
# ---- Wait for  16 cycles
# ---- Wait for  16 cycles end
# ---- DRAM write PORT :0x01    ADD :0x0000000    SIZE :0x010
# ---- DRAM write end
# ---- Wait for  16 cycles
# ---- Wait for  16 cycles end
# ---- DRAM write PORT :0x01    ADD :0x0000000    SIZE :0x010
# ---- DRAM write end
# ---- Wait for  16 cycles
# ---- Wait for  16 cycles end
# ---- DRAM write PORT :0x01    ADD :0x0000000    SIZE :0x010
# ---- DRAM write end
# ---- Wait for  16 cycles
# ---- Wait for  16 cycles end
# ---- DRAM write PORT :0x01    ADD :0x0000000    SIZE :0x010
# ---- DRAM write end
# ---- Wait for  16 cycles
# ---- Wait for  16 cycles end
# ---- DRAM write PORT :0x01    ADD :0x0000000    SIZE :0x010
# ---- DRAM write end
# ---- Wait for 255 cycles
# ---- Wait for 255 cycles end
# ---- Wait for   8 us
# ---- Wait           1 us of   8 us
# ---- Wait           2 us of   8 us
# ---- Wait           3 us of   8 us
# ---- Wait           4 us of   8 us
# ---- Wait           5 us of   8 us
# ---- Wait           6 us of   8 us
# ---- Wait           7 us of   8 us
# ---- Wait           8 us of   8 us
# ---- Wait for   8 us end
# ---- tb_01 test completed !
#  
# ******<<<<<<<<<<<<<<<<<<<<Simulation tb_01 Successful End>>>>>>>>>>>>>>>>>>> ******
#  
do do/compile_all.do
# ** Warning: (vlib-34) Library already exists at "work".
# Errors: 0, Warnings: 1
# Model Technology ModelSim SE-64 vmap 2020.4 Lib Mapping Utility 2020.10 Oct 13 2020
# vmap work 
# Reading C:/modeltech64_2020.4/win64/../modelsim.ini
# "work" maps to directory ./work. (Default mapping)
# Model Technology ModelSim SE-64 vlog 2020.4 Compiler 2020.10 Oct 13 2020
# Start time: 15:28:35 on Mar 13,2025
# vlog -reportprogress 300 -work work sim_model/lib/glbl.v 
# -- Compiling module glbl
# 
# Top level modules:
# 	glbl
# End time: 15:28:35 on Mar 13,2025, Elapsed time: 0:00:00
# Errors: 0, Warnings: 0
# ** Warning: (vlib-34) Library already exists at "work".
# Errors: 0, Warnings: 1
# Model Technology ModelSim SE-64 vmap 2020.4 Lib Mapping Utility 2020.10 Oct 13 2020
# vmap work 
# Reading C:/modeltech64_2020.4/win64/../modelsim.ini
# "work" maps to directory ./work. (Default mapping)
# Model Technology ModelSim SE-64 vlog 2020.4 Compiler 2020.10 Oct 13 2020
# Start time: 15:28:35 on Mar 13,2025
# vlog -reportprogress 300 -work work ../rtl/00_xilinx_ip/0_sbram/sram_i64o64_d256/sram_i64o64_d256_sim_netlist.V 
# -- Compiling module sram_i64o64_d256
# -- Compiling module glbl
# 
# Top level modules:
# 	sram_i64o64_d256
# 	glbl
# End time: 15:28:36 on Mar 13,2025, Elapsed time: 0:00:01
# Errors: 0, Warnings: 0
# Model Technology ModelSim SE-64 vlog 2020.4 Compiler 2020.10 Oct 13 2020
# Start time: 15:28:36 on Mar 13,2025
# vlog -reportprogress 300 -work work ../rtl/00_xilinx_ip/1_afifo/afifo_i72o72_d2048/afifo_i72o72_d2048_sim_netlist.V 
# -- Compiling module afifo_i72o72_d2048
# -- Compiling module afifo_i72o72_d2048_xpm_cdc_async_rst
# -- Compiling module afifo_i72o72_d2048_xpm_cdc_async_rst__1
# -- Compiling module afifo_i72o72_d2048_xpm_cdc_gray
# -- Compiling module afifo_i72o72_d2048_xpm_cdc_gray__2
# -- Compiling module afifo_i72o72_d2048_xpm_cdc_single
# -- Compiling module afifo_i72o72_d2048_xpm_cdc_single__2
# -- Compiling module glbl
# 
# Top level modules:
# 	afifo_i72o72_d2048
# 	glbl
# End time: 15:28:36 on Mar 13,2025, Elapsed time: 0:00:00
# Errors: 0, Warnings: 0
# Model Technology ModelSim SE-64 vlog 2020.4 Compiler 2020.10 Oct 13 2020
# Start time: 15:28:36 on Mar 13,2025
# vlog -reportprogress 300 -work work ../rtl/00_xilinx_ip/1_afifo/afifo_i90o90_d512/afifo_i90o90_d512_sim_netlist.V 
# -- Compiling module afifo_i90o90_d512
# -- Compiling module afifo_i90o90_d512_xpm_cdc_async_rst
# -- Compiling module afifo_i90o90_d512_xpm_cdc_async_rst__1
# -- Compiling module afifo_i90o90_d512_xpm_cdc_gray
# -- Compiling module afifo_i90o90_d512_xpm_cdc_gray__2
# -- Compiling module afifo_i90o90_d512_xpm_cdc_single
# -- Compiling module afifo_i90o90_d512_xpm_cdc_single__2
# -- Compiling module glbl
# 
# Top level modules:
# 	afifo_i90o90_d512
# 	glbl
# End time: 15:28:37 on Mar 13,2025, Elapsed time: 0:00:01
# Errors: 0, Warnings: 0
# Model Technology ModelSim SE-64 vlog 2020.4 Compiler 2020.10 Oct 13 2020
# Start time: 15:28:37 on Mar 13,2025
# vlog -reportprogress 300 -work work ../rtl/00_xilinx_ip/2_sfifo/sfifo_i72o72_d512/sfifo_i72o72_d512_sim_netlist.V 
# -- Compiling module sfifo_i72o72_d512
# -- Compiling module glbl
# 
# Top level modules:
# 	sfifo_i72o72_d512
# 	glbl
# End time: 15:28:37 on Mar 13,2025, Elapsed time: 0:00:00
# Errors: 0, Warnings: 0
# Model Technology ModelSim SE-64 vlog 2020.4 Compiler 2020.10 Oct 13 2020
# Start time: 15:28:37 on Mar 13,2025
# vlog -reportprogress 300 -work work ../rtl/00_xilinx_ip/2_sfifo/sfifo_i180_o180_d512/sfifo_i180_o180_d512_sim_netlist.V 
# -- Compiling module sfifo_i180_o180_d512
# -- Compiling module glbl
# 
# Top level modules:
# 	sfifo_i180_o180_d512
# 	glbl
# End time: 15:28:37 on Mar 13,2025, Elapsed time: 0:00:00
# Errors: 0, Warnings: 0
# Model Technology ModelSim SE-64 vlog 2020.4 Compiler 2020.10 Oct 13 2020
# Start time: 15:28:37 on Mar 13,2025
# vlog -reportprogress 300 -work work ../rtl/00_xilinx_ip/2_sfifo/sfifo_i108o108_d512/sfifo_i108o108_d512_sim_netlist.V 
# -- Compiling module sfifo_i108o108_d512
# -- Compiling module glbl
# 
# Top level modules:
# 	sfifo_i108o108_d512
# 	glbl
# End time: 15:28:38 on Mar 13,2025, Elapsed time: 0:00:01
# Errors: 0, Warnings: 0
# Model Technology ModelSim SE-64 vlog 2020.4 Compiler 2020.10 Oct 13 2020
# Start time: 15:28:38 on Mar 13,2025
# vlog -reportprogress 300 -work work ../rtl/01_user_ip/pulse_gen.v 
# -- Compiling module PULSE_GEN
# 
# Top level modules:
# 	PULSE_GEN
# End time: 15:28:38 on Mar 13,2025, Elapsed time: 0:00:00
# Errors: 0, Warnings: 0
# Model Technology ModelSim SE-64 vlog 2020.4 Compiler 2020.10 Oct 13 2020
# Start time: 15:28:38 on Mar 13,2025
# vlog -reportprogress 300 -work work ../rtl/03_pcie_if_gx/pcie_dn_arbit.v ../rtl/03_pcie_if_gx/pcie_dn_cpld_dpk.v ../rtl/03_pcie_if_gx/pcie_dn_cpld_if.v ../rtl/03_pcie_if_gx/pcie_dn_dek.v ../rtl/03_pcie_if_gx/pcie_dn_dma.v ../rtl/03_pcie_if_gx/pcie_dn_if.v ../rtl/03_pcie_if_gx/pcie_dn_lbuf.v ../rtl/03_pcie_if_gx/pcie_dn_reg.v ../rtl/03_pcie_if_gx/pcie_if_gx_x1.v ../rtl/03_pcie_if_gx/pcie_int.v ../rtl/03_pcie_if_gx/pcie_reg_ack.v ../rtl/03_pcie_if_gx/pcie_reg_if.v ../rtl/03_pcie_if_gx/pcie_reg_int.v ../rtl/03_pcie_if_gx/pcie_rx.v ../rtl/03_pcie_if_gx/pcie_tx.v ../rtl/03_pcie_if_gx/pcie_up_arbit.v ../rtl/03_pcie_if_gx/pcie_up_dma.v ../rtl/03_pcie_if_gx/pcie_up_if.v ../rtl/03_pcie_if_gx/pcie_up_lbuf.v ../rtl/03_pcie_if_gx/pcie_up_reg.v ../rtl/03_pcie_if_gx/pcie_up_ufk.v 
# -- Compiling module PCIE_DN_ARBIT
# -- Compiling module PCIE_DN_CPLD_DPK
# -- Compiling module PCIE_DN_CPLD_IF
# -- Compiling module PCIE_DN_DEK
# -- Compiling module PCIE_DN_DMA
# -- Compiling module PCIE_DN_IF
# -- Compiling module PCIE_DN_LBUF
# -- Compiling module PCIE_DN_REG
# -- Compiling module PCIE_IF_GX
# -- Compiling module PCIE_INT
# -- Compiling module PCIE_REG_ACK
# -- Compiling module PCIE_REG_IF
# -- Compiling module PCIE_REG_INT
# -- Compiling module PCIE_RX
# -- Compiling module PCIE_TX
# -- Compiling module PCIE_UP_ARBIT
# -- Compiling module PCIE_UP_DMA
# -- Compiling module PCIE_UP_IF
# -- Compiling module PCIE_UP_LBUF
# -- Compiling module PCIE_UP_REG
# -- Compiling module PCIE_UP_UFK
# 
# Top level modules:
# 	PCIE_IF_GX
# 	PCIE_INT
# End time: 15:28:38 on Mar 13,2025, Elapsed time: 0:00:00
# Errors: 0, Warnings: 0
# Model Technology ModelSim SE-64 vlog 2020.4 Compiler 2020.10 Oct 13 2020
# Start time: 15:28:38 on Mar 13,2025
# vlog -reportprogress 300 -work work ../rtl/04_bist/bist_reg.v ../rtl/04_bist/ram_bist.v 
# -- Compiling module BIST_REG
# -- Compiling module RAM_BIST
# 
# Top level modules:
# 	BIST_REG
# 	RAM_BIST
# End time: 15:28:38 on Mar 13,2025, Elapsed time: 0:00:00
# Errors: 0, Warnings: 0
# Model Technology ModelSim SE-64 vlog 2020.4 Compiler 2020.10 Oct 13 2020
# Start time: 15:28:39 on Mar 13,2025
# vlog -reportprogress 300 -work work ../rtl/05_pc_sim/pc_sim.v 
# -- Compiling module PC_SIM
# 
# Top level modules:
# 	PC_SIM
# End time: 15:28:39 on Mar 13,2025, Elapsed time: 0:00:00
# Errors: 0, Warnings: 0
# Model Technology ModelSim SE-64 vlog 2020.4 Compiler 2020.10 Oct 13 2020
# Start time: 15:28:39 on Mar 13,2025
# vlog -reportprogress 300 -work work ../rtl/fpga_top_sim.V 
# -- Compiling module FPGA_TOP_SIM
# 
# Top level modules:
# 	FPGA_TOP_SIM
# End time: 15:28:39 on Mar 13,2025, Elapsed time: 0:00:00
# Errors: 0, Warnings: 0
# ** Warning: (vlib-34) Library already exists at "work".
# Errors: 0, Warnings: 1
# Model Technology ModelSim SE-64 vmap 2020.4 Lib Mapping Utility 2020.10 Oct 13 2020
# vmap work 
# Reading C:/modeltech64_2020.4/win64/../modelsim.ini
# "work" maps to directory ./work. (Default mapping)
# Model Technology ModelSim SE-64 vlog 2020.4 Compiler 2020.10 Oct 13 2020
# Start time: 15:28:39 on Mar 13,2025
# vlog -reportprogress 300 -work work sim_model/define/define.v 
# End time: 15:28:39 on Mar 13,2025, Elapsed time: 0:00:00
# Errors: 0, Warnings: 0
# Model Technology ModelSim SE-64 vlog 2020.4 Compiler 2020.10 Oct 13 2020
# Start time: 15:28:39 on Mar 13,2025
# vlog -reportprogress 300 "+define+tb_00=1" -work work "+incdir+{sim_model/define}" sim_model/sim_model.v 
# -- Compiling module SIM_MODEL
# 
# Top level modules:
# 	SIM_MODEL
# End time: 15:28:39 on Mar 13,2025, Elapsed time: 0:00:00
# Errors: 0, Warnings: 0
# Model Technology ModelSim SE-64 vlog 2020.4 Compiler 2020.10 Oct 13 2020
# Start time: 15:28:39 on Mar 13,2025
# vlog -reportprogress 300 "+define+tb_00=1" -work work "+incdir+{sim_model/define}" sim_model/tb_top.v 
# -- Compiling module tb_top
# 
# Top level modules:
# 	tb_top
# End time: 15:28:39 on Mar 13,2025, Elapsed time: 0:00:00
# Errors: 0, Warnings: 0
do do/tb_01.do
# Model Technology ModelSim SE-64 vlog 2020.4 Compiler 2020.10 Oct 13 2020
# Start time: 15:28:42 on Mar 13,2025
# vlog -reportprogress 300 "+define+tb_01=1" -work work sim_model\define\define.v 
# End time: 15:28:42 on Mar 13,2025, Elapsed time: 0:00:00
# Errors: 0, Warnings: 0
# Model Technology ModelSim SE-64 vlog 2020.4 Compiler 2020.10 Oct 13 2020
# Start time: 15:28:42 on Mar 13,2025
# vlog -reportprogress 300 "+define+tb_01=1" -work work "+incdir+{sim_modeldefine}" sim_model\tb_top.v 
# -- Compiling module tb_top
# 
# Top level modules:
# 	tb_top
# End time: 15:28:42 on Mar 13,2025, Elapsed time: 0:00:00
# Errors: 0, Warnings: 0
# End time: 15:28:45 on Mar 13,2025, Elapsed time: 0:01:01
# Errors: 0, Warnings: 1
# vsim -t 1ps -c -l ./log/vsim_tb_01_report.log work.tb_top -L UNISIMS_VER -L SECUREIP -L SIMPRIMS_VER -L work -voptargs="+acc" work.glbl -wav ./wave/tb_01.wlf 
# Start time: 15:28:45 on Mar 13,2025
# ** Note: (vsim-3813) Design is being optimized due to module recompilation...
# ** Note: (vopt-143) Recognized 1 FSM in module "PCIE_DN_DMA(fast__1)".
# ** Note: (vopt-143) Recognized 1 FSM in module "PCIE_DN_DMA(fast)".
# Loading work.tb_top(fast)
# Loading work.SIM_MODEL(fast)
# Loading work.PC_SIM(fast)
# Loading work.PCIE_IF_GX(fast)
# Loading work.PCIE_RX(fast)
# Loading work.sfifo_i180_o180_d512(fast)
# Loading UNISIMS_VER.GND(fast)
# Loading UNISIMS_VER.LUT1(fast)
# Loading UNISIMS_VER.LUT2(fast)
# Loading UNISIMS_VER.LUT3(fast)
# Loading UNISIMS_VER.FDRE(fast)
# Loading UNISIMS_VER.CARRY4(fast)
# Loading UNISIMS_VER.LUT5(fast)
# Loading UNISIMS_VER.LUT5(fast__1)
# Loading UNISIMS_VER.FDSE(fast)
# Loading UNISIMS_VER.LUT4(fast)
# Loading UNISIMS_VER.LUT4(fast__1)
# Loading UNISIMS_VER.LUT3(fast__1)
# Loading UNISIMS_VER.LUT3(fast__2)
# Loading UNISIMS_VER.LUT4(fast__2)
# Loading UNISIMS_VER.LUT6(fast)
# Loading UNISIMS_VER.LUT2(fast__1)
# Loading UNISIMS_VER.LUT3(fast__3)
# Loading UNISIMS_VER.LUT4(fast__3)
# Loading UNISIMS_VER.LUT5(fast__2)
# Loading UNISIMS_VER.LUT6(fast__1)
# Loading UNISIMS_VER.LUT6(fast__2)
# Loading UNISIMS_VER.LUT4(fast__4)
# Loading UNISIMS_VER.LUT2(fast__2)
# Loading UNISIMS_VER.LUT5(fast__3)
# Loading UNISIMS_VER.LUT4(fast__5)
# Loading UNISIMS_VER.LUT6(fast__3)
# Loading UNISIMS_VER.LUT1(fast__1)
# Loading UNISIMS_VER.RAMB18E1(fast)
# Loading UNISIMS_VER.RB18_INTERNAL_VLOG(fast)
# Loading UNISIMS_VER.RAMB36E1(fast)
# Loading UNISIMS_VER.RB36_INTERNAL_VLOG(fast)
# Loading work.PCIE_TX(fast)
# Loading work.sfifo_i72o72_d512(fast)
# Loading UNISIMS_VER.LUT2(fast__3)
# Loading UNISIMS_VER.RAMB36E1(fast__1)
# Loading UNISIMS_VER.RB36_INTERNAL_VLOG(fast__1)
# Loading work.PCIE_REG_IF(fast)
# Loading work.PCIE_REG_ACK(fast)
# Loading work.PCIE_REG_INT(fast)
# Loading work.PCIE_DN_REG(fast)
# Loading work.PCIE_UP_REG(fast)
# Loading work.PCIE_DN_CPLD_IF(fast)
# Loading work.PCIE_DN_IF(fast)
# Loading work.afifo_i90o90_d512(fast)
# Loading work.afifo_i90o90_d512_xpm_cdc_gray(fast)
# Loading UNISIMS_VER.LUT4(fast__6)
# Loading UNISIMS_VER.LUT3(fast__4)
# Loading UNISIMS_VER.LUT6(fast__4)
# Loading UNISIMS_VER.LUT5(fast__4)
# Loading work.afifo_i90o90_d512_xpm_cdc_gray__2(fast)
# Loading UNISIMS_VER.FDPE(fast)
# Loading UNISIMS_VER.LUT4(fast__7)
# Loading UNISIMS_VER.FDCE(fast)
# Loading UNISIMS_VER.LUT4(fast__8)
# Loading UNISIMS_VER.LUT6(fast__5)
# Loading UNISIMS_VER.LUT5(fast__5)
# Loading UNISIMS_VER.LUT6(fast__6)
# Loading UNISIMS_VER.LUT5(fast__6)
# Loading UNISIMS_VER.LUT5(fast__7)
# Loading UNISIMS_VER.LUT5(fast__8)
# Loading UNISIMS_VER.LUT5(fast__9)
# Loading UNISIMS_VER.RAM64M(fast)
# Loading UNISIMS_VER.LUT6(fast__7)
# Loading UNISIMS_VER.MUXF7(fast)
# Loading UNISIMS_VER.LUT2(fast__4)
# Loading work.afifo_i90o90_d512_xpm_cdc_async_rst(fast)
# Loading UNISIMS_VER.FDPE(fast__1)
# Loading UNISIMS_VER.LUT3(fast__5)
# Loading UNISIMS_VER.LUT5(fast__10)
# Loading work.afifo_i90o90_d512_xpm_cdc_single(fast)
# Loading work.afifo_i90o90_d512_xpm_cdc_single__2(fast)
# Loading work.afifo_i90o90_d512_xpm_cdc_async_rst__1(fast)
# Loading work.PCIE_DN_LBUF(fast)
# Loading work.afifo_i72o72_d2048(fast)
# Loading work.afifo_i72o72_d2048_xpm_cdc_gray(fast)
# Loading work.afifo_i72o72_d2048_xpm_cdc_gray__2(fast)
# Loading UNISIMS_VER.LUT6(fast__8)
# Loading UNISIMS_VER.LUT6(fast__9)
# Loading UNISIMS_VER.LUT6(fast__10)
# Loading UNISIMS_VER.LUT6(fast__11)
# Loading UNISIMS_VER.LUT6(fast__12)
# Loading work.afifo_i72o72_d2048_xpm_cdc_async_rst(fast)
# Loading work.afifo_i72o72_d2048_xpm_cdc_single(fast)
# Loading work.afifo_i72o72_d2048_xpm_cdc_single__2(fast)
# Loading work.afifo_i72o72_d2048_xpm_cdc_async_rst__1(fast)
# Loading work.PULSE_GEN(fast)
# Loading work.PCIE_DN_DEK(fast)
# Loading work.PCIE_DN_DMA(fast)
# Loading work.PCIE_DN_CPLD_DPK(fast)
# Loading work.PCIE_DN_DEK(fast__1)
# Loading work.PCIE_DN_DMA(fast__1)
# Loading work.PCIE_DN_ARBIT(fast)
# Loading work.PCIE_UP_IF(fast)
# Loading work.PCIE_UP_LBUF(fast)
# Loading work.PCIE_UP_UFK(fast)
# Loading work.PCIE_UP_DMA(fast)
# Loading work.PCIE_UP_UFK(fast__1)
# Loading work.PCIE_UP_DMA(fast__1)
# Loading work.PCIE_UP_ARBIT(fast)
# Loading work.BIST_REG(fast)
# Loading work.glbl(fast)
# ** Warning: (vsim-3015) [PCDPC] - Port size (12) does not match connection size (16) for port 'DRAM_WR_SIZE'. The port definition is at: ../rtl/05_pc_sim/pc_sim.v(26).
#    Time: 0 ps  Iteration: 0  Instance: /tb_top/U_PC_SIM File: sim_model/tb_top.v Line: 708
#  
# ******<<<<<<<<<<<<<<<<<<<<<<Simulation tb_01 start>>>>>>>>>>>>>>>>>>>>>>> ******
#  
# ---- Initial simulation
# ---- clock ---- 1111 ---- enable
# ---- Wait for  64 cycles
# ---- Wait for  64 cycles end
# ---- Wait for  16 cycles
# ---- Wait for  16 cycles end
# ---- reseting by cycle
# ---- reset0   64 cycle end
# ---- Wait for  16 cycles
# ---- Wait for  16 cycles end
# ---- reseting by ns
# ---- reset1  255 ns end
# ---- DRAM write PORT :0x02    ADD :0x0000000    SIZE :0x400
# ---- DRAM write end
# ---- Wait for  16 cycles
# ---- Wait for  16 cycles end
# ---- DRAM write PORT :0x01    ADD :0x0000000    SIZE :0x010
# ---- DRAM write end
# ---- Wait for  16 cycles
# ---- Wait for  16 cycles end
# ---- DRAM write PORT :0x01    ADD :0x0000000    SIZE :0x010
# ---- DRAM write end
# ---- Wait for  16 cycles
# ---- Wait for  16 cycles end
# ---- DRAM write PORT :0x01    ADD :0x0000000    SIZE :0x010
# ---- DRAM write end
# ---- Wait for  16 cycles
# ---- Wait for  16 cycles end
# ---- DRAM write PORT :0x01    ADD :0x0000000    SIZE :0x010
# ---- DRAM write end
# ---- Wait for  16 cycles
# ---- Wait for  16 cycles end
# ---- DRAM write PORT :0x01    ADD :0x0000000    SIZE :0x010
# ---- DRAM write end
# ---- Wait for  16 cycles
# ---- Wait for  16 cycles end
# ---- DRAM write PORT :0x01    ADD :0x0000000    SIZE :0x010
# ---- DRAM write end
# ---- Wait for 255 cycles
# ---- Wait for 255 cycles end
# ---- Wait for   8 us
# ---- Wait           1 us of   8 us
# ---- Wait           2 us of   8 us
# ---- Wait           3 us of   8 us
# ---- Wait           4 us of   8 us
# ---- Wait           5 us of   8 us
# ---- Wait           6 us of   8 us
# ---- Wait           7 us of   8 us
# ---- Wait           8 us of   8 us
# ---- Wait for   8 us end
# ---- tb_01 test completed !
#  
# ******<<<<<<<<<<<<<<<<<<<<Simulation tb_01 Successful End>>>>>>>>>>>>>>>>>>> ******
#  
do do/tb_01.do
# Model Technology ModelSim SE-64 vlog 2020.4 Compiler 2020.10 Oct 13 2020
# Start time: 15:30:19 on Mar 13,2025
# vlog -reportprogress 300 "+define+tb_01=1" -work work sim_model\define\define.v 
# End time: 15:30:19 on Mar 13,2025, Elapsed time: 0:00:00
# Errors: 0, Warnings: 0
# Model Technology ModelSim SE-64 vlog 2020.4 Compiler 2020.10 Oct 13 2020
# Start time: 15:30:19 on Mar 13,2025
# vlog -reportprogress 300 "+define+tb_01=1" -work work "+incdir+{sim_modeldefine}" sim_model\tb_top.v 
# -- Compiling module tb_top
# 
# Top level modules:
# 	tb_top
# End time: 15:30:19 on Mar 13,2025, Elapsed time: 0:00:00
# Errors: 0, Warnings: 0
# End time: 15:30:21 on Mar 13,2025, Elapsed time: 0:01:36
# Errors: 0, Warnings: 1
# vsim -t 1ps -c -l ./log/vsim_tb_01_report.log work.tb_top -L UNISIMS_VER -L SECUREIP -L SIMPRIMS_VER -L work -voptargs="+acc" work.glbl -wav ./wave/tb_01.wlf 
# Start time: 15:30:22 on Mar 13,2025
# ** Note: (vsim-8009) Loading existing optimized design _opt
# Loading work.tb_top(fast)
# Loading work.SIM_MODEL(fast)
# Loading work.PC_SIM(fast)
# Loading work.PCIE_IF_GX(fast)
# Loading work.PCIE_RX(fast)
# Loading work.sfifo_i180_o180_d512(fast)
# Loading UNISIMS_VER.GND(fast)
# Loading UNISIMS_VER.LUT1(fast)
# Loading UNISIMS_VER.LUT2(fast)
# Loading UNISIMS_VER.LUT3(fast)
# Loading UNISIMS_VER.FDRE(fast)
# Loading UNISIMS_VER.CARRY4(fast)
# Loading UNISIMS_VER.LUT5(fast)
# Loading UNISIMS_VER.LUT5(fast__1)
# Loading UNISIMS_VER.FDSE(fast)
# Loading UNISIMS_VER.LUT4(fast)
# Loading UNISIMS_VER.LUT4(fast__1)
# Loading UNISIMS_VER.LUT3(fast__1)
# Loading UNISIMS_VER.LUT3(fast__2)
# Loading UNISIMS_VER.LUT4(fast__2)
# Loading UNISIMS_VER.LUT6(fast)
# Loading UNISIMS_VER.LUT2(fast__1)
# Loading UNISIMS_VER.LUT3(fast__3)
# Loading UNISIMS_VER.LUT4(fast__3)
# Loading UNISIMS_VER.LUT5(fast__2)
# Loading UNISIMS_VER.LUT6(fast__1)
# Loading UNISIMS_VER.LUT6(fast__2)
# Loading UNISIMS_VER.LUT4(fast__4)
# Loading UNISIMS_VER.LUT2(fast__2)
# Loading UNISIMS_VER.LUT5(fast__3)
# Loading UNISIMS_VER.LUT4(fast__5)
# Loading UNISIMS_VER.LUT6(fast__3)
# Loading UNISIMS_VER.LUT1(fast__1)
# Loading UNISIMS_VER.RAMB18E1(fast)
# Loading UNISIMS_VER.RB18_INTERNAL_VLOG(fast)
# Loading UNISIMS_VER.RAMB36E1(fast)
# Loading UNISIMS_VER.RB36_INTERNAL_VLOG(fast)
# Loading work.PCIE_TX(fast)
# Loading work.sfifo_i72o72_d512(fast)
# Loading UNISIMS_VER.LUT2(fast__3)
# Loading UNISIMS_VER.RAMB36E1(fast__1)
# Loading UNISIMS_VER.RB36_INTERNAL_VLOG(fast__1)
# Loading work.PCIE_REG_IF(fast)
# Loading work.PCIE_REG_ACK(fast)
# Loading work.PCIE_REG_INT(fast)
# Loading work.PCIE_DN_REG(fast)
# Loading work.PCIE_UP_REG(fast)
# Loading work.PCIE_DN_CPLD_IF(fast)
# Loading work.PCIE_DN_IF(fast)
# Loading work.afifo_i90o90_d512(fast)
# Loading work.afifo_i90o90_d512_xpm_cdc_gray(fast)
# Loading UNISIMS_VER.LUT4(fast__6)
# Loading UNISIMS_VER.LUT3(fast__4)
# Loading UNISIMS_VER.LUT6(fast__4)
# Loading UNISIMS_VER.LUT5(fast__4)
# Loading work.afifo_i90o90_d512_xpm_cdc_gray__2(fast)
# Loading UNISIMS_VER.FDPE(fast)
# Loading UNISIMS_VER.LUT4(fast__7)
# Loading UNISIMS_VER.FDCE(fast)
# Loading UNISIMS_VER.LUT4(fast__8)
# Loading UNISIMS_VER.LUT6(fast__5)
# Loading UNISIMS_VER.LUT5(fast__5)
# Loading UNISIMS_VER.LUT6(fast__6)
# Loading UNISIMS_VER.LUT5(fast__6)
# Loading UNISIMS_VER.LUT5(fast__7)
# Loading UNISIMS_VER.LUT5(fast__8)
# Loading UNISIMS_VER.LUT5(fast__9)
# Loading UNISIMS_VER.RAM64M(fast)
# Loading UNISIMS_VER.LUT6(fast__7)
# Loading UNISIMS_VER.MUXF7(fast)
# Loading UNISIMS_VER.LUT2(fast__4)
# Loading work.afifo_i90o90_d512_xpm_cdc_async_rst(fast)
# Loading UNISIMS_VER.FDPE(fast__1)
# Loading UNISIMS_VER.LUT3(fast__5)
# Loading UNISIMS_VER.LUT5(fast__10)
# Loading work.afifo_i90o90_d512_xpm_cdc_single(fast)
# Loading work.afifo_i90o90_d512_xpm_cdc_single__2(fast)
# Loading work.afifo_i90o90_d512_xpm_cdc_async_rst__1(fast)
# Loading work.PCIE_DN_LBUF(fast)
# Loading work.afifo_i72o72_d2048(fast)
# Loading work.afifo_i72o72_d2048_xpm_cdc_gray(fast)
# Loading work.afifo_i72o72_d2048_xpm_cdc_gray__2(fast)
# Loading UNISIMS_VER.LUT6(fast__8)
# Loading UNISIMS_VER.LUT6(fast__9)
# Loading UNISIMS_VER.LUT6(fast__10)
# Loading UNISIMS_VER.LUT6(fast__11)
# Loading UNISIMS_VER.LUT6(fast__12)
# Loading work.afifo_i72o72_d2048_xpm_cdc_async_rst(fast)
# Loading work.afifo_i72o72_d2048_xpm_cdc_single(fast)
# Loading work.afifo_i72o72_d2048_xpm_cdc_single__2(fast)
# Loading work.afifo_i72o72_d2048_xpm_cdc_async_rst__1(fast)
# Loading work.PULSE_GEN(fast)
# Loading work.PCIE_DN_DEK(fast)
# Loading work.PCIE_DN_DMA(fast)
# Loading work.PCIE_DN_CPLD_DPK(fast)
# Loading work.PCIE_DN_DEK(fast__1)
# Loading work.PCIE_DN_DMA(fast__1)
# Loading work.PCIE_DN_ARBIT(fast)
# Loading work.PCIE_UP_IF(fast)
# Loading work.PCIE_UP_LBUF(fast)
# Loading work.PCIE_UP_UFK(fast)
# Loading work.PCIE_UP_DMA(fast)
# Loading work.PCIE_UP_UFK(fast__1)
# Loading work.PCIE_UP_DMA(fast__1)
# Loading work.PCIE_UP_ARBIT(fast)
# Loading work.BIST_REG(fast)
# Loading work.glbl(fast)
# ** Warning: (vsim-3015) [PCDPC] - Port size (12) does not match connection size (16) for port 'DRAM_WR_SIZE'. The port definition is at: ../rtl/05_pc_sim/pc_sim.v(26).
#    Time: 0 ps  Iteration: 0  Instance: /tb_top/U_PC_SIM File: sim_model/tb_top.v Line: 708
#  
# ******<<<<<<<<<<<<<<<<<<<<<<Simulation tb_01 start>>>>>>>>>>>>>>>>>>>>>>> ******
#  
# ---- Initial simulation
# ---- clock ---- 1111 ---- enable
# ---- Wait for  64 cycles
# ---- Wait for  64 cycles end
# ---- Wait for  16 cycles
# ---- Wait for  16 cycles end
# ---- reseting by cycle
# ---- reset0   64 cycle end
# ---- Wait for  16 cycles
# ---- Wait for  16 cycles end
# ---- reseting by ns
# ---- reset1  255 ns end
# ---- DRAM write PORT :0x02    ADD :0x0000000    SIZE :0x400
# ---- DRAM write end
# ---- Wait for  16 cycles
# ---- Wait for  16 cycles end
# ---- DRAM write PORT :0x01    ADD :0x0000000    SIZE :0x010
# ---- DRAM write end
# ---- Wait for  16 cycles
# ---- Wait for  16 cycles end
# ---- DRAM write PORT :0x01    ADD :0x0000000    SIZE :0x010
# ---- DRAM write end
# ---- Wait for  16 cycles
# ---- Wait for  16 cycles end
# ---- DRAM write PORT :0x01    ADD :0x0000000    SIZE :0x010
# ---- DRAM write end
# ---- Wait for  16 cycles
# ---- Wait for  16 cycles end
# ---- DRAM write PORT :0x01    ADD :0x0000000    SIZE :0x010
# ---- DRAM write end
# ---- Wait for  16 cycles
# ---- Wait for  16 cycles end
# ---- DRAM write PORT :0x01    ADD :0x0000000    SIZE :0x010
# ---- DRAM write end
# ---- Wait for  16 cycles
# ---- Wait for  16 cycles end
# ---- DRAM write PORT :0x01    ADD :0x0000000    SIZE :0x010
# ---- DRAM write end
# ---- Wait for  64 cycles
# ---- Wait for  64 cycles end
# ---- DRAM write PORT :0x01    ADD :0x0000000    SIZE :0x010
# ---- DRAM write end
# ---- Wait for 255 cycles
# ---- Wait for 255 cycles end
# ---- Wait for   8 us
# ---- Wait           1 us of   8 us
# ---- Wait           2 us of   8 us
# ---- Wait           3 us of   8 us
# ---- Wait           4 us of   8 us
# ---- Wait           5 us of   8 us
# ---- Wait           6 us of   8 us
# ---- Wait           7 us of   8 us
# ---- Wait           8 us of   8 us
# ---- Wait for   8 us end
# ---- tb_01 test completed !
#  
# ******<<<<<<<<<<<<<<<<<<<<Simulation tb_01 Successful End>>>>>>>>>>>>>>>>>>> ******
#  
do do/tb_01.do
# Model Technology ModelSim SE-64 vlog 2020.4 Compiler 2020.10 Oct 13 2020
# Start time: 15:31:31 on Mar 13,2025
# vlog -reportprogress 300 "+define+tb_01=1" -work work sim_model\define\define.v 
# End time: 15:31:31 on Mar 13,2025, Elapsed time: 0:00:00
# Errors: 0, Warnings: 0
# Model Technology ModelSim SE-64 vlog 2020.4 Compiler 2020.10 Oct 13 2020
# Start time: 15:31:31 on Mar 13,2025
# vlog -reportprogress 300 "+define+tb_01=1" -work work "+incdir+{sim_modeldefine}" sim_model\tb_top.v 
# -- Compiling module tb_top
# 
# Top level modules:
# 	tb_top
# End time: 15:31:31 on Mar 13,2025, Elapsed time: 0:00:00
# Errors: 0, Warnings: 0
# End time: 15:31:34 on Mar 13,2025, Elapsed time: 0:01:12
# Errors: 0, Warnings: 1
# vsim -t 1ps -c -l ./log/vsim_tb_01_report.log work.tb_top -L UNISIMS_VER -L SECUREIP -L SIMPRIMS_VER -L work -voptargs="+acc" work.glbl -wav ./wave/tb_01.wlf 
# Start time: 15:31:34 on Mar 13,2025
# ** Note: (vsim-8009) Loading existing optimized design _opt
# Loading work.tb_top(fast)
# Loading work.SIM_MODEL(fast)
# Loading work.PC_SIM(fast)
# Loading work.PCIE_IF_GX(fast)
# Loading work.PCIE_RX(fast)
# Loading work.sfifo_i180_o180_d512(fast)
# Loading UNISIMS_VER.GND(fast)
# Loading UNISIMS_VER.LUT1(fast)
# Loading UNISIMS_VER.LUT2(fast)
# Loading UNISIMS_VER.LUT3(fast)
# Loading UNISIMS_VER.FDRE(fast)
# Loading UNISIMS_VER.CARRY4(fast)
# Loading UNISIMS_VER.LUT5(fast)
# Loading UNISIMS_VER.LUT5(fast__1)
# Loading UNISIMS_VER.FDSE(fast)
# Loading UNISIMS_VER.LUT4(fast)
# Loading UNISIMS_VER.LUT4(fast__1)
# Loading UNISIMS_VER.LUT3(fast__1)
# Loading UNISIMS_VER.LUT3(fast__2)
# Loading UNISIMS_VER.LUT4(fast__2)
# Loading UNISIMS_VER.LUT6(fast)
# Loading UNISIMS_VER.LUT2(fast__1)
# Loading UNISIMS_VER.LUT3(fast__3)
# Loading UNISIMS_VER.LUT4(fast__3)
# Loading UNISIMS_VER.LUT5(fast__2)
# Loading UNISIMS_VER.LUT6(fast__1)
# Loading UNISIMS_VER.LUT6(fast__2)
# Loading UNISIMS_VER.LUT4(fast__4)
# Loading UNISIMS_VER.LUT2(fast__2)
# Loading UNISIMS_VER.LUT5(fast__3)
# Loading UNISIMS_VER.LUT4(fast__5)
# Loading UNISIMS_VER.LUT6(fast__3)
# Loading UNISIMS_VER.LUT1(fast__1)
# Loading UNISIMS_VER.RAMB18E1(fast)
# Loading UNISIMS_VER.RB18_INTERNAL_VLOG(fast)
# Loading UNISIMS_VER.RAMB36E1(fast)
# Loading UNISIMS_VER.RB36_INTERNAL_VLOG(fast)
# Loading work.PCIE_TX(fast)
# Loading work.sfifo_i72o72_d512(fast)
# Loading UNISIMS_VER.LUT2(fast__3)
# Loading UNISIMS_VER.RAMB36E1(fast__1)
# Loading UNISIMS_VER.RB36_INTERNAL_VLOG(fast__1)
# Loading work.PCIE_REG_IF(fast)
# Loading work.PCIE_REG_ACK(fast)
# Loading work.PCIE_REG_INT(fast)
# Loading work.PCIE_DN_REG(fast)
# Loading work.PCIE_UP_REG(fast)
# Loading work.PCIE_DN_CPLD_IF(fast)
# Loading work.PCIE_DN_IF(fast)
# Loading work.afifo_i90o90_d512(fast)
# Loading work.afifo_i90o90_d512_xpm_cdc_gray(fast)
# Loading UNISIMS_VER.LUT4(fast__6)
# Loading UNISIMS_VER.LUT3(fast__4)
# Loading UNISIMS_VER.LUT6(fast__4)
# Loading UNISIMS_VER.LUT5(fast__4)
# Loading work.afifo_i90o90_d512_xpm_cdc_gray__2(fast)
# Loading UNISIMS_VER.FDPE(fast)
# Loading UNISIMS_VER.LUT4(fast__7)
# Loading UNISIMS_VER.FDCE(fast)
# Loading UNISIMS_VER.LUT4(fast__8)
# Loading UNISIMS_VER.LUT6(fast__5)
# Loading UNISIMS_VER.LUT5(fast__5)
# Loading UNISIMS_VER.LUT6(fast__6)
# Loading UNISIMS_VER.LUT5(fast__6)
# Loading UNISIMS_VER.LUT5(fast__7)
# Loading UNISIMS_VER.LUT5(fast__8)
# Loading UNISIMS_VER.LUT5(fast__9)
# Loading UNISIMS_VER.RAM64M(fast)
# Loading UNISIMS_VER.LUT6(fast__7)
# Loading UNISIMS_VER.MUXF7(fast)
# Loading UNISIMS_VER.LUT2(fast__4)
# Loading work.afifo_i90o90_d512_xpm_cdc_async_rst(fast)
# Loading UNISIMS_VER.FDPE(fast__1)
# Loading UNISIMS_VER.LUT3(fast__5)
# Loading UNISIMS_VER.LUT5(fast__10)
# Loading work.afifo_i90o90_d512_xpm_cdc_single(fast)
# Loading work.afifo_i90o90_d512_xpm_cdc_single__2(fast)
# Loading work.afifo_i90o90_d512_xpm_cdc_async_rst__1(fast)
# Loading work.PCIE_DN_LBUF(fast)
# Loading work.afifo_i72o72_d2048(fast)
# Loading work.afifo_i72o72_d2048_xpm_cdc_gray(fast)
# Loading work.afifo_i72o72_d2048_xpm_cdc_gray__2(fast)
# Loading UNISIMS_VER.LUT6(fast__8)
# Loading UNISIMS_VER.LUT6(fast__9)
# Loading UNISIMS_VER.LUT6(fast__10)
# Loading UNISIMS_VER.LUT6(fast__11)
# Loading UNISIMS_VER.LUT6(fast__12)
# Loading work.afifo_i72o72_d2048_xpm_cdc_async_rst(fast)
# Loading work.afifo_i72o72_d2048_xpm_cdc_single(fast)
# Loading work.afifo_i72o72_d2048_xpm_cdc_single__2(fast)
# Loading work.afifo_i72o72_d2048_xpm_cdc_async_rst__1(fast)
# Loading work.PULSE_GEN(fast)
# Loading work.PCIE_DN_DEK(fast)
# Loading work.PCIE_DN_DMA(fast)
# Loading work.PCIE_DN_CPLD_DPK(fast)
# Loading work.PCIE_DN_DEK(fast__1)
# Loading work.PCIE_DN_DMA(fast__1)
# Loading work.PCIE_DN_ARBIT(fast)
# Loading work.PCIE_UP_IF(fast)
# Loading work.PCIE_UP_LBUF(fast)
# Loading work.PCIE_UP_UFK(fast)
# Loading work.PCIE_UP_DMA(fast)
# Loading work.PCIE_UP_UFK(fast__1)
# Loading work.PCIE_UP_DMA(fast__1)
# Loading work.PCIE_UP_ARBIT(fast)
# Loading work.BIST_REG(fast)
# Loading work.glbl(fast)
# ** Warning: (vsim-3015) [PCDPC] - Port size (12) does not match connection size (16) for port 'DRAM_WR_SIZE'. The port definition is at: ../rtl/05_pc_sim/pc_sim.v(26).
#    Time: 0 ps  Iteration: 0  Instance: /tb_top/U_PC_SIM File: sim_model/tb_top.v Line: 708
#  
# ******<<<<<<<<<<<<<<<<<<<<<<Simulation tb_01 start>>>>>>>>>>>>>>>>>>>>>>> ******
#  
# ---- Initial simulation
# ---- clock ---- 1111 ---- enable
# ---- Wait for  64 cycles
# ---- Wait for  64 cycles end
# ---- Wait for  16 cycles
# ---- Wait for  16 cycles end
# ---- reseting by cycle
# ---- reset0   64 cycle end
# ---- Wait for  16 cycles
# ---- Wait for  16 cycles end
# ---- reseting by ns
# ---- reset1  255 ns end
# ---- DRAM write PORT :0x02    ADD :0x0000000    SIZE :0x400
# ---- DRAM write end
# ---- Wait for  16 cycles
# ---- Wait for  16 cycles end
# ---- DRAM write PORT :0x01    ADD :0x0000000    SIZE :0x010
# ---- DRAM write end
# ---- Wait for  16 cycles
# ---- Wait for  16 cycles end
# ---- DRAM write PORT :0x01    ADD :0x0000000    SIZE :0x010
# ---- DRAM write end
# ---- Wait for  16 cycles
# ---- Wait for  16 cycles end
# ---- DRAM write PORT :0x01    ADD :0x0000000    SIZE :0x010
# ---- DRAM write end
# ---- Wait for  16 cycles
# ---- Wait for  16 cycles end
# ---- DRAM write PORT :0x01    ADD :0x0000000    SIZE :0x010
# ---- DRAM write end
# ---- Wait for  16 cycles
# ---- Wait for  16 cycles end
# ---- DRAM write PORT :0x01    ADD :0x0000000    SIZE :0x010
# ---- DRAM write end
# ---- Wait for  16 cycles
# ---- Wait for  16 cycles end
# ---- DRAM write PORT :0x01    ADD :0x0000000    SIZE :0x010
# ---- DRAM write end
# ---- Wait for   2 us
# ---- Wait           1 us of   2 us
# ---- Wait           2 us of   2 us
# ---- Wait for   2 us end
# ---- DRAM write PORT :0x01    ADD :0x0000000    SIZE :0x010
# ---- DRAM write end
# ---- Wait for 255 cycles
# ---- Wait for 255 cycles end
# ---- Wait for   8 us
# ---- Wait           1 us of   8 us
# ---- Wait           2 us of   8 us
# ---- Wait           3 us of   8 us
# ---- Wait           4 us of   8 us
# ---- Wait           5 us of   8 us
# ---- Wait           6 us of   8 us
# ---- Wait           7 us of   8 us
# ---- Wait           8 us of   8 us
# ---- Wait for   8 us end
# ---- tb_01 test completed !
#  
# ******<<<<<<<<<<<<<<<<<<<<Simulation tb_01 Successful End>>>>>>>>>>>>>>>>>>> ******
#  
do do/tb_01.do
# Model Technology ModelSim SE-64 vlog 2020.4 Compiler 2020.10 Oct 13 2020
# Start time: 15:33:19 on Mar 13,2025
# vlog -reportprogress 300 "+define+tb_01=1" -work work sim_model\define\define.v 
# End time: 15:33:19 on Mar 13,2025, Elapsed time: 0:00:00
# Errors: 0, Warnings: 0
# Model Technology ModelSim SE-64 vlog 2020.4 Compiler 2020.10 Oct 13 2020
# Start time: 15:33:19 on Mar 13,2025
# vlog -reportprogress 300 "+define+tb_01=1" -work work "+incdir+{sim_modeldefine}" sim_model\tb_top.v 
# -- Compiling module tb_top
# 
# Top level modules:
# 	tb_top
# End time: 15:33:19 on Mar 13,2025, Elapsed time: 0:00:00
# Errors: 0, Warnings: 0
# End time: 15:33:22 on Mar 13,2025, Elapsed time: 0:01:48
# Errors: 0, Warnings: 1
# vsim -t 1ps -c -l ./log/vsim_tb_01_report.log work.tb_top -L UNISIMS_VER -L SECUREIP -L SIMPRIMS_VER -L work -voptargs="+acc" work.glbl -wav ./wave/tb_01.wlf 
# Start time: 15:33:22 on Mar 13,2025
# ** Note: (vsim-8009) Loading existing optimized design _opt
# Loading work.tb_top(fast)
# Loading work.SIM_MODEL(fast)
# Loading work.PC_SIM(fast)
# Loading work.PCIE_IF_GX(fast)
# Loading work.PCIE_RX(fast)
# Loading work.sfifo_i180_o180_d512(fast)
# Loading UNISIMS_VER.GND(fast)
# Loading UNISIMS_VER.LUT1(fast)
# Loading UNISIMS_VER.LUT2(fast)
# Loading UNISIMS_VER.LUT3(fast)
# Loading UNISIMS_VER.FDRE(fast)
# Loading UNISIMS_VER.CARRY4(fast)
# Loading UNISIMS_VER.LUT5(fast)
# Loading UNISIMS_VER.LUT5(fast__1)
# Loading UNISIMS_VER.FDSE(fast)
# Loading UNISIMS_VER.LUT4(fast)
# Loading UNISIMS_VER.LUT4(fast__1)
# Loading UNISIMS_VER.LUT3(fast__1)
# Loading UNISIMS_VER.LUT3(fast__2)
# Loading UNISIMS_VER.LUT4(fast__2)
# Loading UNISIMS_VER.LUT6(fast)
# Loading UNISIMS_VER.LUT2(fast__1)
# Loading UNISIMS_VER.LUT3(fast__3)
# Loading UNISIMS_VER.LUT4(fast__3)
# Loading UNISIMS_VER.LUT5(fast__2)
# Loading UNISIMS_VER.LUT6(fast__1)
# Loading UNISIMS_VER.LUT6(fast__2)
# Loading UNISIMS_VER.LUT4(fast__4)
# Loading UNISIMS_VER.LUT2(fast__2)
# Loading UNISIMS_VER.LUT5(fast__3)
# Loading UNISIMS_VER.LUT4(fast__5)
# Loading UNISIMS_VER.LUT6(fast__3)
# Loading UNISIMS_VER.LUT1(fast__1)
# Loading UNISIMS_VER.RAMB18E1(fast)
# Loading UNISIMS_VER.RB18_INTERNAL_VLOG(fast)
# Loading UNISIMS_VER.RAMB36E1(fast)
# Loading UNISIMS_VER.RB36_INTERNAL_VLOG(fast)
# Loading work.PCIE_TX(fast)
# Loading work.sfifo_i72o72_d512(fast)
# Loading UNISIMS_VER.LUT2(fast__3)
# Loading UNISIMS_VER.RAMB36E1(fast__1)
# Loading UNISIMS_VER.RB36_INTERNAL_VLOG(fast__1)
# Loading work.PCIE_REG_IF(fast)
# Loading work.PCIE_REG_ACK(fast)
# Loading work.PCIE_REG_INT(fast)
# Loading work.PCIE_DN_REG(fast)
# Loading work.PCIE_UP_REG(fast)
# Loading work.PCIE_DN_CPLD_IF(fast)
# Loading work.PCIE_DN_IF(fast)
# Loading work.afifo_i90o90_d512(fast)
# Loading work.afifo_i90o90_d512_xpm_cdc_gray(fast)
# Loading UNISIMS_VER.LUT4(fast__6)
# Loading UNISIMS_VER.LUT3(fast__4)
# Loading UNISIMS_VER.LUT6(fast__4)
# Loading UNISIMS_VER.LUT5(fast__4)
# Loading work.afifo_i90o90_d512_xpm_cdc_gray__2(fast)
# Loading UNISIMS_VER.FDPE(fast)
# Loading UNISIMS_VER.LUT4(fast__7)
# Loading UNISIMS_VER.FDCE(fast)
# Loading UNISIMS_VER.LUT4(fast__8)
# Loading UNISIMS_VER.LUT6(fast__5)
# Loading UNISIMS_VER.LUT5(fast__5)
# Loading UNISIMS_VER.LUT6(fast__6)
# Loading UNISIMS_VER.LUT5(fast__6)
# Loading UNISIMS_VER.LUT5(fast__7)
# Loading UNISIMS_VER.LUT5(fast__8)
# Loading UNISIMS_VER.LUT5(fast__9)
# Loading UNISIMS_VER.RAM64M(fast)
# Loading UNISIMS_VER.LUT6(fast__7)
# Loading UNISIMS_VER.MUXF7(fast)
# Loading UNISIMS_VER.LUT2(fast__4)
# Loading work.afifo_i90o90_d512_xpm_cdc_async_rst(fast)
# Loading UNISIMS_VER.FDPE(fast__1)
# Loading UNISIMS_VER.LUT3(fast__5)
# Loading UNISIMS_VER.LUT5(fast__10)
# Loading work.afifo_i90o90_d512_xpm_cdc_single(fast)
# Loading work.afifo_i90o90_d512_xpm_cdc_single__2(fast)
# Loading work.afifo_i90o90_d512_xpm_cdc_async_rst__1(fast)
# Loading work.PCIE_DN_LBUF(fast)
# Loading work.afifo_i72o72_d2048(fast)
# Loading work.afifo_i72o72_d2048_xpm_cdc_gray(fast)
# Loading work.afifo_i72o72_d2048_xpm_cdc_gray__2(fast)
# Loading UNISIMS_VER.LUT6(fast__8)
# Loading UNISIMS_VER.LUT6(fast__9)
# Loading UNISIMS_VER.LUT6(fast__10)
# Loading UNISIMS_VER.LUT6(fast__11)
# Loading UNISIMS_VER.LUT6(fast__12)
# Loading work.afifo_i72o72_d2048_xpm_cdc_async_rst(fast)
# Loading work.afifo_i72o72_d2048_xpm_cdc_single(fast)
# Loading work.afifo_i72o72_d2048_xpm_cdc_single__2(fast)
# Loading work.afifo_i72o72_d2048_xpm_cdc_async_rst__1(fast)
# Loading work.PULSE_GEN(fast)
# Loading work.PCIE_DN_DEK(fast)
# Loading work.PCIE_DN_DMA(fast)
# Loading work.PCIE_DN_CPLD_DPK(fast)
# Loading work.PCIE_DN_DEK(fast__1)
# Loading work.PCIE_DN_DMA(fast__1)
# Loading work.PCIE_DN_ARBIT(fast)
# Loading work.PCIE_UP_IF(fast)
# Loading work.PCIE_UP_LBUF(fast)
# Loading work.PCIE_UP_UFK(fast)
# Loading work.PCIE_UP_DMA(fast)
# Loading work.PCIE_UP_UFK(fast__1)
# Loading work.PCIE_UP_DMA(fast__1)
# Loading work.PCIE_UP_ARBIT(fast)
# Loading work.BIST_REG(fast)
# Loading work.glbl(fast)
# ** Warning: (vsim-3015) [PCDPC] - Port size (12) does not match connection size (16) for port 'DRAM_WR_SIZE'. The port definition is at: ../rtl/05_pc_sim/pc_sim.v(26).
#    Time: 0 ps  Iteration: 0  Instance: /tb_top/U_PC_SIM File: sim_model/tb_top.v Line: 708
#  
# ******<<<<<<<<<<<<<<<<<<<<<<Simulation tb_01 start>>>>>>>>>>>>>>>>>>>>>>> ******
#  
# ---- Initial simulation
# ---- clock ---- 1111 ---- enable
# ---- Wait for  64 cycles
# ---- Wait for  64 cycles end
# ---- Wait for  16 cycles
# ---- Wait for  16 cycles end
# ---- reseting by cycle
# ---- reset0   64 cycle end
# ---- Wait for  16 cycles
# ---- Wait for  16 cycles end
# ---- reseting by ns
# ---- reset1  255 ns end
# ---- DRAM write PORT :0x02    ADD :0x0000000    SIZE :0x400
# ---- DRAM write end
# ---- Wait for  16 cycles
# ---- Wait for  16 cycles end
# ---- DRAM write PORT :0x01    ADD :0x0000000    SIZE :0x010
# ---- DRAM write end
# ---- Wait for  16 cycles
# ---- Wait for  16 cycles end
# ---- DRAM write PORT :0x01    ADD :0x0000000    SIZE :0x010
# ---- DRAM write end
# ---- Wait for  16 cycles
# ---- Wait for  16 cycles end
# ---- DRAM write PORT :0x01    ADD :0x0000000    SIZE :0x010
# ---- DRAM write end
# ---- Wait for  16 cycles
# ---- Wait for  16 cycles end
# ---- DRAM write PORT :0x01    ADD :0x0000000    SIZE :0x010
# ---- DRAM write end
# ---- Wait for  16 cycles
# ---- Wait for  16 cycles end
# ---- DRAM write PORT :0x01    ADD :0x0000000    SIZE :0x010
# ---- DRAM write end
# ---- Wait for  16 cycles
# ---- Wait for  16 cycles end
# ---- DRAM write PORT :0x01    ADD :0x0000000    SIZE :0x010
# ---- DRAM write end
# ---- Wait for   4 us
# ---- Wait           1 us of   4 us
# ---- Wait           2 us of   4 us
# ---- Wait           3 us of   4 us
# ---- Wait           4 us of   4 us
# ---- Wait for   4 us end
# ---- DRAM write PORT :0x01    ADD :0x0000000    SIZE :0x010
# ---- DRAM write end
# ---- Wait for 255 cycles
# ---- Wait for 255 cycles end
# ---- Wait for   8 us
# ---- Wait           1 us of   8 us
# ---- Wait           2 us of   8 us
# ---- Wait           3 us of   8 us
# ---- Wait           4 us of   8 us
# ---- Wait           5 us of   8 us
# ---- Wait           6 us of   8 us
# ---- Wait           7 us of   8 us
# ---- Wait           8 us of   8 us
# ---- Wait for   8 us end
# ---- tb_01 test completed !
#  
# ******<<<<<<<<<<<<<<<<<<<<Simulation tb_01 Successful End>>>>>>>>>>>>>>>>>>> ******
#  
do do/compile_all.do
# ** Warning: (vlib-34) Library already exists at "work".
# Errors: 0, Warnings: 1
# Model Technology ModelSim SE-64 vmap 2020.4 Lib Mapping Utility 2020.10 Oct 13 2020
# vmap work 
# Reading C:/modeltech64_2020.4/win64/../modelsim.ini
# "work" maps to directory ./work. (Default mapping)
# Model Technology ModelSim SE-64 vlog 2020.4 Compiler 2020.10 Oct 13 2020
# Start time: 15:36:02 on Mar 13,2025
# vlog -reportprogress 300 -work work sim_model/lib/glbl.v 
# -- Compiling module glbl
# 
# Top level modules:
# 	glbl
# End time: 15:36:02 on Mar 13,2025, Elapsed time: 0:00:00
# Errors: 0, Warnings: 0
# ** Warning: (vlib-34) Library already exists at "work".
# Errors: 0, Warnings: 1
# Model Technology ModelSim SE-64 vmap 2020.4 Lib Mapping Utility 2020.10 Oct 13 2020
# vmap work 
# Reading C:/modeltech64_2020.4/win64/../modelsim.ini
# "work" maps to directory ./work. (Default mapping)
# Model Technology ModelSim SE-64 vlog 2020.4 Compiler 2020.10 Oct 13 2020
# Start time: 15:36:03 on Mar 13,2025
# vlog -reportprogress 300 -work work ../rtl/00_xilinx_ip/0_sbram/sram_i64o64_d256/sram_i64o64_d256_sim_netlist.V 
# -- Compiling module sram_i64o64_d256
# -- Compiling module glbl
# 
# Top level modules:
# 	sram_i64o64_d256
# 	glbl
# End time: 15:36:03 on Mar 13,2025, Elapsed time: 0:00:00
# Errors: 0, Warnings: 0
# Model Technology ModelSim SE-64 vlog 2020.4 Compiler 2020.10 Oct 13 2020
# Start time: 15:36:03 on Mar 13,2025
# vlog -reportprogress 300 -work work ../rtl/00_xilinx_ip/1_afifo/afifo_i72o72_d2048/afifo_i72o72_d2048_sim_netlist.V 
# -- Compiling module afifo_i72o72_d2048
# -- Compiling module afifo_i72o72_d2048_xpm_cdc_async_rst
# -- Compiling module afifo_i72o72_d2048_xpm_cdc_async_rst__1
# -- Compiling module afifo_i72o72_d2048_xpm_cdc_gray
# -- Compiling module afifo_i72o72_d2048_xpm_cdc_gray__2
# -- Compiling module afifo_i72o72_d2048_xpm_cdc_single
# -- Compiling module afifo_i72o72_d2048_xpm_cdc_single__2
# -- Compiling module glbl
# 
# Top level modules:
# 	afifo_i72o72_d2048
# 	glbl
# End time: 15:36:04 on Mar 13,2025, Elapsed time: 0:00:01
# Errors: 0, Warnings: 0
# Model Technology ModelSim SE-64 vlog 2020.4 Compiler 2020.10 Oct 13 2020
# Start time: 15:36:04 on Mar 13,2025
# vlog -reportprogress 300 -work work ../rtl/00_xilinx_ip/1_afifo/afifo_i90o90_d512/afifo_i90o90_d512_sim_netlist.V 
# -- Compiling module afifo_i90o90_d512
# -- Compiling module afifo_i90o90_d512_xpm_cdc_async_rst
# -- Compiling module afifo_i90o90_d512_xpm_cdc_async_rst__1
# -- Compiling module afifo_i90o90_d512_xpm_cdc_gray
# -- Compiling module afifo_i90o90_d512_xpm_cdc_gray__2
# -- Compiling module afifo_i90o90_d512_xpm_cdc_single
# -- Compiling module afifo_i90o90_d512_xpm_cdc_single__2
# -- Compiling module glbl
# 
# Top level modules:
# 	afifo_i90o90_d512
# 	glbl
# End time: 15:36:04 on Mar 13,2025, Elapsed time: 0:00:00
# Errors: 0, Warnings: 0
# Model Technology ModelSim SE-64 vlog 2020.4 Compiler 2020.10 Oct 13 2020
# Start time: 15:36:04 on Mar 13,2025
# vlog -reportprogress 300 -work work ../rtl/00_xilinx_ip/2_sfifo/sfifo_i72o72_d512/sfifo_i72o72_d512_sim_netlist.V 
# -- Compiling module sfifo_i72o72_d512
# -- Compiling module glbl
# 
# Top level modules:
# 	sfifo_i72o72_d512
# 	glbl
# End time: 15:36:04 on Mar 13,2025, Elapsed time: 0:00:00
# Errors: 0, Warnings: 0
# Model Technology ModelSim SE-64 vlog 2020.4 Compiler 2020.10 Oct 13 2020
# Start time: 15:36:04 on Mar 13,2025
# vlog -reportprogress 300 -work work ../rtl/00_xilinx_ip/2_sfifo/sfifo_i180_o180_d512/sfifo_i180_o180_d512_sim_netlist.V 
# -- Compiling module sfifo_i180_o180_d512
# -- Compiling module glbl
# 
# Top level modules:
# 	sfifo_i180_o180_d512
# 	glbl
# End time: 15:36:05 on Mar 13,2025, Elapsed time: 0:00:01
# Errors: 0, Warnings: 0
# Model Technology ModelSim SE-64 vlog 2020.4 Compiler 2020.10 Oct 13 2020
# Start time: 15:36:05 on Mar 13,2025
# vlog -reportprogress 300 -work work ../rtl/00_xilinx_ip/2_sfifo/sfifo_i108o108_d512/sfifo_i108o108_d512_sim_netlist.V 
# -- Compiling module sfifo_i108o108_d512
# -- Compiling module glbl
# 
# Top level modules:
# 	sfifo_i108o108_d512
# 	glbl
# End time: 15:36:05 on Mar 13,2025, Elapsed time: 0:00:00
# Errors: 0, Warnings: 0
# Model Technology ModelSim SE-64 vlog 2020.4 Compiler 2020.10 Oct 13 2020
# Start time: 15:36:05 on Mar 13,2025
# vlog -reportprogress 300 -work work ../rtl/01_user_ip/pulse_gen.v 
# -- Compiling module PULSE_GEN
# 
# Top level modules:
# 	PULSE_GEN
# End time: 15:36:05 on Mar 13,2025, Elapsed time: 0:00:00
# Errors: 0, Warnings: 0
# Model Technology ModelSim SE-64 vlog 2020.4 Compiler 2020.10 Oct 13 2020
# Start time: 15:36:05 on Mar 13,2025
# vlog -reportprogress 300 -work work ../rtl/03_pcie_if_gx/pcie_dn_arbit.v ../rtl/03_pcie_if_gx/pcie_dn_cpld_dpk.v ../rtl/03_pcie_if_gx/pcie_dn_cpld_if.v ../rtl/03_pcie_if_gx/pcie_dn_dek.v ../rtl/03_pcie_if_gx/pcie_dn_dma.v ../rtl/03_pcie_if_gx/pcie_dn_if.v ../rtl/03_pcie_if_gx/pcie_dn_lbuf.v ../rtl/03_pcie_if_gx/pcie_dn_reg.v ../rtl/03_pcie_if_gx/pcie_if_gx_x1.v ../rtl/03_pcie_if_gx/pcie_int.v ../rtl/03_pcie_if_gx/pcie_reg_ack.v ../rtl/03_pcie_if_gx/pcie_reg_if.v ../rtl/03_pcie_if_gx/pcie_reg_int.v ../rtl/03_pcie_if_gx/pcie_rx.v ../rtl/03_pcie_if_gx/pcie_tx.v ../rtl/03_pcie_if_gx/pcie_up_arbit.v ../rtl/03_pcie_if_gx/pcie_up_dma.v ../rtl/03_pcie_if_gx/pcie_up_if.v ../rtl/03_pcie_if_gx/pcie_up_lbuf.v ../rtl/03_pcie_if_gx/pcie_up_reg.v ../rtl/03_pcie_if_gx/pcie_up_ufk.v 
# -- Compiling module PCIE_DN_ARBIT
# -- Compiling module PCIE_DN_CPLD_DPK
# -- Compiling module PCIE_DN_CPLD_IF
# -- Compiling module PCIE_DN_DEK
# -- Compiling module PCIE_DN_DMA
# -- Compiling module PCIE_DN_IF
# -- Compiling module PCIE_DN_LBUF
# -- Compiling module PCIE_DN_REG
# -- Compiling module PCIE_IF_GX
# -- Compiling module PCIE_INT
# -- Compiling module PCIE_REG_ACK
# -- Compiling module PCIE_REG_IF
# -- Compiling module PCIE_REG_INT
# -- Compiling module PCIE_RX
# -- Compiling module PCIE_TX
# -- Compiling module PCIE_UP_ARBIT
# -- Compiling module PCIE_UP_DMA
# -- Compiling module PCIE_UP_IF
# -- Compiling module PCIE_UP_LBUF
# -- Compiling module PCIE_UP_REG
# -- Compiling module PCIE_UP_UFK
# 
# Top level modules:
# 	PCIE_IF_GX
# 	PCIE_INT
# End time: 15:36:05 on Mar 13,2025, Elapsed time: 0:00:00
# Errors: 0, Warnings: 0
# Model Technology ModelSim SE-64 vlog 2020.4 Compiler 2020.10 Oct 13 2020
# Start time: 15:36:06 on Mar 13,2025
# vlog -reportprogress 300 -work work ../rtl/04_bist/bist_reg.v ../rtl/04_bist/ram_bist.v 
# -- Compiling module BIST_REG
# -- Compiling module RAM_BIST
# 
# Top level modules:
# 	BIST_REG
# 	RAM_BIST
# End time: 15:36:06 on Mar 13,2025, Elapsed time: 0:00:00
# Errors: 0, Warnings: 0
# Model Technology ModelSim SE-64 vlog 2020.4 Compiler 2020.10 Oct 13 2020
# Start time: 15:36:06 on Mar 13,2025
# vlog -reportprogress 300 -work work ../rtl/05_pc_sim/pc_sim.v 
# -- Compiling module PC_SIM
# 
# Top level modules:
# 	PC_SIM
# End time: 15:36:06 on Mar 13,2025, Elapsed time: 0:00:00
# Errors: 0, Warnings: 0
# Model Technology ModelSim SE-64 vlog 2020.4 Compiler 2020.10 Oct 13 2020
# Start time: 15:36:06 on Mar 13,2025
# vlog -reportprogress 300 -work work ../rtl/fpga_top_sim.V 
# -- Compiling module FPGA_TOP_SIM
# 
# Top level modules:
# 	FPGA_TOP_SIM
# End time: 15:36:06 on Mar 13,2025, Elapsed time: 0:00:00
# Errors: 0, Warnings: 0
# ** Warning: (vlib-34) Library already exists at "work".
# Errors: 0, Warnings: 1
# Model Technology ModelSim SE-64 vmap 2020.4 Lib Mapping Utility 2020.10 Oct 13 2020
# vmap work 
# Reading C:/modeltech64_2020.4/win64/../modelsim.ini
# "work" maps to directory ./work. (Default mapping)
# Model Technology ModelSim SE-64 vlog 2020.4 Compiler 2020.10 Oct 13 2020
# Start time: 15:36:06 on Mar 13,2025
# vlog -reportprogress 300 -work work sim_model/define/define.v 
# End time: 15:36:06 on Mar 13,2025, Elapsed time: 0:00:00
# Errors: 0, Warnings: 0
# Model Technology ModelSim SE-64 vlog 2020.4 Compiler 2020.10 Oct 13 2020
# Start time: 15:36:06 on Mar 13,2025
# vlog -reportprogress 300 "+define+tb_00=1" -work work "+incdir+{sim_model/define}" sim_model/sim_model.v 
# -- Compiling module SIM_MODEL
# 
# Top level modules:
# 	SIM_MODEL
# End time: 15:36:06 on Mar 13,2025, Elapsed time: 0:00:00
# Errors: 0, Warnings: 0
# Model Technology ModelSim SE-64 vlog 2020.4 Compiler 2020.10 Oct 13 2020
# Start time: 15:36:06 on Mar 13,2025
# vlog -reportprogress 300 "+define+tb_00=1" -work work "+incdir+{sim_model/define}" sim_model/tb_top.v 
# -- Compiling module tb_top
# 
# Top level modules:
# 	tb_top
# End time: 15:36:06 on Mar 13,2025, Elapsed time: 0:00:00
# Errors: 0, Warnings: 0
do do/tb_01.do
# Model Technology ModelSim SE-64 vlog 2020.4 Compiler 2020.10 Oct 13 2020
# Start time: 15:36:09 on Mar 13,2025
# vlog -reportprogress 300 "+define+tb_01=1" -work work sim_model\define\define.v 
# End time: 15:36:09 on Mar 13,2025, Elapsed time: 0:00:00
# Errors: 0, Warnings: 0
# Model Technology ModelSim SE-64 vlog 2020.4 Compiler 2020.10 Oct 13 2020
# Start time: 15:36:09 on Mar 13,2025
# vlog -reportprogress 300 "+define+tb_01=1" -work work "+incdir+{sim_modeldefine}" sim_model\tb_top.v 
# -- Compiling module tb_top
# 
# Top level modules:
# 	tb_top
# End time: 15:36:09 on Mar 13,2025, Elapsed time: 0:00:00
# Errors: 0, Warnings: 0
# End time: 15:36:11 on Mar 13,2025, Elapsed time: 0:02:49
# Errors: 0, Warnings: 1
# vsim -t 1ps -c -l ./log/vsim_tb_01_report.log work.tb_top -L UNISIMS_VER -L SECUREIP -L SIMPRIMS_VER -L work -voptargs="+acc" work.glbl -wav ./wave/tb_01.wlf 
# Start time: 15:36:11 on Mar 13,2025
# ** Note: (vsim-3813) Design is being optimized due to module recompilation...
# Loading work.tb_top(fast)
# Loading work.SIM_MODEL(fast)
# Loading work.PC_SIM(fast)
# Loading work.PCIE_IF_GX(fast)
# Loading work.PCIE_RX(fast)
# Loading work.sfifo_i180_o180_d512(fast)
# Loading UNISIMS_VER.GND(fast)
# Loading UNISIMS_VER.LUT1(fast)
# Loading UNISIMS_VER.LUT2(fast)
# Loading UNISIMS_VER.LUT3(fast)
# Loading UNISIMS_VER.FDRE(fast)
# Loading UNISIMS_VER.CARRY4(fast)
# Loading UNISIMS_VER.LUT5(fast)
# Loading UNISIMS_VER.LUT5(fast__1)
# Loading UNISIMS_VER.FDSE(fast)
# Loading UNISIMS_VER.LUT4(fast)
# Loading UNISIMS_VER.LUT4(fast__1)
# Loading UNISIMS_VER.LUT3(fast__1)
# Loading UNISIMS_VER.LUT3(fast__2)
# Loading UNISIMS_VER.LUT4(fast__2)
# Loading UNISIMS_VER.LUT6(fast)
# Loading UNISIMS_VER.LUT2(fast__1)
# Loading UNISIMS_VER.LUT3(fast__3)
# Loading UNISIMS_VER.LUT4(fast__3)
# Loading UNISIMS_VER.LUT5(fast__2)
# Loading UNISIMS_VER.LUT6(fast__1)
# Loading UNISIMS_VER.LUT6(fast__2)
# Loading UNISIMS_VER.LUT4(fast__4)
# Loading UNISIMS_VER.LUT2(fast__2)
# Loading UNISIMS_VER.LUT5(fast__3)
# Loading UNISIMS_VER.LUT4(fast__5)
# Loading UNISIMS_VER.LUT6(fast__3)
# Loading UNISIMS_VER.LUT1(fast__1)
# Loading UNISIMS_VER.RAMB18E1(fast)
# Loading UNISIMS_VER.RB18_INTERNAL_VLOG(fast)
# Loading UNISIMS_VER.RAMB36E1(fast)
# Loading UNISIMS_VER.RB36_INTERNAL_VLOG(fast)
# Loading work.PCIE_TX(fast)
# Loading work.sfifo_i72o72_d512(fast)
# Loading UNISIMS_VER.LUT2(fast__3)
# Loading UNISIMS_VER.RAMB36E1(fast__1)
# Loading UNISIMS_VER.RB36_INTERNAL_VLOG(fast__1)
# Loading work.PCIE_REG_IF(fast)
# Loading work.PCIE_REG_ACK(fast)
# Loading work.PCIE_REG_INT(fast)
# Loading work.PCIE_DN_REG(fast)
# Loading work.PCIE_UP_REG(fast)
# Loading work.PCIE_DN_CPLD_IF(fast)
# Loading work.PCIE_DN_IF(fast)
# Loading work.afifo_i90o90_d512(fast)
# Loading work.afifo_i90o90_d512_xpm_cdc_gray(fast)
# Loading UNISIMS_VER.LUT4(fast__6)
# Loading UNISIMS_VER.LUT3(fast__4)
# Loading UNISIMS_VER.LUT6(fast__4)
# Loading UNISIMS_VER.LUT5(fast__4)
# Loading work.afifo_i90o90_d512_xpm_cdc_gray__2(fast)
# Loading UNISIMS_VER.FDPE(fast)
# Loading UNISIMS_VER.LUT4(fast__7)
# Loading UNISIMS_VER.FDCE(fast)
# Loading UNISIMS_VER.LUT4(fast__8)
# Loading UNISIMS_VER.LUT6(fast__5)
# Loading UNISIMS_VER.LUT5(fast__5)
# Loading UNISIMS_VER.LUT6(fast__6)
# Loading UNISIMS_VER.LUT5(fast__6)
# Loading UNISIMS_VER.LUT5(fast__7)
# Loading UNISIMS_VER.LUT5(fast__8)
# Loading UNISIMS_VER.LUT5(fast__9)
# Loading UNISIMS_VER.RAM64M(fast)
# Loading UNISIMS_VER.LUT6(fast__7)
# Loading UNISIMS_VER.MUXF7(fast)
# Loading UNISIMS_VER.LUT2(fast__4)
# Loading work.afifo_i90o90_d512_xpm_cdc_async_rst(fast)
# Loading UNISIMS_VER.FDPE(fast__1)
# Loading UNISIMS_VER.LUT3(fast__5)
# Loading UNISIMS_VER.LUT5(fast__10)
# Loading work.afifo_i90o90_d512_xpm_cdc_single(fast)
# Loading work.afifo_i90o90_d512_xpm_cdc_single__2(fast)
# Loading work.afifo_i90o90_d512_xpm_cdc_async_rst__1(fast)
# Loading work.PCIE_DN_LBUF(fast)
# Loading work.afifo_i72o72_d2048(fast)
# Loading work.afifo_i72o72_d2048_xpm_cdc_gray(fast)
# Loading work.afifo_i72o72_d2048_xpm_cdc_gray__2(fast)
# Loading UNISIMS_VER.LUT6(fast__8)
# Loading UNISIMS_VER.LUT6(fast__9)
# Loading UNISIMS_VER.LUT6(fast__10)
# Loading UNISIMS_VER.LUT6(fast__11)
# Loading UNISIMS_VER.LUT6(fast__12)
# Loading work.afifo_i72o72_d2048_xpm_cdc_async_rst(fast)
# Loading work.afifo_i72o72_d2048_xpm_cdc_single(fast)
# Loading work.afifo_i72o72_d2048_xpm_cdc_single__2(fast)
# Loading work.afifo_i72o72_d2048_xpm_cdc_async_rst__1(fast)
# Loading work.PULSE_GEN(fast)
# Loading work.PCIE_DN_DEK(fast)
# Loading work.PCIE_DN_DMA(fast)
# Loading work.PCIE_DN_CPLD_DPK(fast)
# Loading work.PCIE_DN_DEK(fast__1)
# Loading work.PCIE_DN_DMA(fast__1)
# Loading work.PCIE_DN_ARBIT(fast)
# Loading work.PCIE_UP_IF(fast)
# Loading work.PCIE_UP_LBUF(fast)
# Loading work.PCIE_UP_UFK(fast)
# Loading work.PCIE_UP_DMA(fast)
# Loading work.PCIE_UP_UFK(fast__1)
# Loading work.PCIE_UP_DMA(fast__1)
# Loading work.PCIE_UP_ARBIT(fast)
# Loading work.BIST_REG(fast)
# Loading work.glbl(fast)
# ** Warning: (vsim-3015) [PCDPC] - Port size (12) does not match connection size (16) for port 'DRAM_WR_SIZE'. The port definition is at: ../rtl/05_pc_sim/pc_sim.v(26).
#    Time: 0 ps  Iteration: 0  Instance: /tb_top/U_PC_SIM File: sim_model/tb_top.v Line: 708
#  
# ******<<<<<<<<<<<<<<<<<<<<<<Simulation tb_01 start>>>>>>>>>>>>>>>>>>>>>>> ******
#  
# ---- Initial simulation
# ---- clock ---- 1111 ---- enable
# ---- Wait for  64 cycles
# ---- Wait for  64 cycles end
# ---- Wait for  16 cycles
# ---- Wait for  16 cycles end
# ---- reseting by cycle
# ---- reset0   64 cycle end
# ---- Wait for  16 cycles
# ---- Wait for  16 cycles end
# ---- reseting by ns
# ---- reset1  255 ns end
# ---- DRAM write PORT :0x02    ADD :0x0000000    SIZE :0x400
# ---- DRAM write end
# ---- Wait for  16 cycles
# ---- Wait for  16 cycles end
# ---- DRAM write PORT :0x01    ADD :0x0000000    SIZE :0x010
# ---- DRAM write end
# ---- Wait for  16 cycles
# ---- Wait for  16 cycles end
# ---- DRAM write PORT :0x01    ADD :0x0000000    SIZE :0x010
# ---- DRAM write end
# ---- Wait for  16 cycles
# ---- Wait for  16 cycles end
# ---- DRAM write PORT :0x01    ADD :0x0000000    SIZE :0x010
# ---- DRAM write end
# ---- Wait for  16 cycles
# ---- Wait for  16 cycles end
# ---- DRAM write PORT :0x01    ADD :0x0000000    SIZE :0x010
# ---- DRAM write end
# ---- Wait for  16 cycles
# ---- Wait for  16 cycles end
# ---- DRAM write PORT :0x01    ADD :0x0000000    SIZE :0x010
# ---- DRAM write end
# ---- Wait for  16 cycles
# ---- Wait for  16 cycles end
# ---- DRAM write PORT :0x01    ADD :0x0000000    SIZE :0x010
# ---- DRAM write end
# ---- Wait for   4 us
# ---- Wait           1 us of   4 us
# ---- Wait           2 us of   4 us
# ---- Wait           3 us of   4 us
# ---- Wait           4 us of   4 us
# ---- Wait for   4 us end
# ---- DRAM write PORT :0x01    ADD :0x0000000    SIZE :0x010
# ---- DRAM write end
# ---- Wait for 255 cycles
# ---- Wait for 255 cycles end
# ---- Wait for   8 us
# ---- Wait           1 us of   8 us
# ---- Wait           2 us of   8 us
# ---- Wait           3 us of   8 us
# ---- Wait           4 us of   8 us
# ---- Wait           5 us of   8 us
# ---- Wait           6 us of   8 us
# ---- Wait           7 us of   8 us
# ---- Wait           8 us of   8 us
# ---- Wait for   8 us end
# ---- tb_01 test completed !
#  
# ******<<<<<<<<<<<<<<<<<<<<Simulation tb_01 Successful End>>>>>>>>>>>>>>>>>>> ******
#  
do do/tb_01.do
# Model Technology ModelSim SE-64 vlog 2020.4 Compiler 2020.10 Oct 13 2020
# Start time: 15:43:37 on Mar 13,2025
# vlog -reportprogress 300 "+define+tb_01=1" -work work sim_model\define\define.v 
# End time: 15:43:38 on Mar 13,2025, Elapsed time: 0:00:01
# Errors: 0, Warnings: 0
# Model Technology ModelSim SE-64 vlog 2020.4 Compiler 2020.10 Oct 13 2020
# Start time: 15:43:38 on Mar 13,2025
# vlog -reportprogress 300 "+define+tb_01=1" -work work "+incdir+{sim_modeldefine}" sim_model\tb_top.v 
# -- Compiling module tb_top
# 
# Top level modules:
# 	tb_top
# End time: 15:43:38 on Mar 13,2025, Elapsed time: 0:00:00
# Errors: 0, Warnings: 0
# End time: 15:43:41 on Mar 13,2025, Elapsed time: 0:07:30
# Errors: 0, Warnings: 1
# vsim -t 1ps -c -l ./log/vsim_tb_01_report.log work.tb_top -L UNISIMS_VER -L SECUREIP -L SIMPRIMS_VER -L work -voptargs="+acc" work.glbl -wav ./wave/tb_01.wlf 
# Start time: 15:43:41 on Mar 13,2025
# ** Note: (vsim-8009) Loading existing optimized design _opt
# Loading work.tb_top(fast)
# Loading work.SIM_MODEL(fast)
# Loading work.PC_SIM(fast)
# Loading work.PCIE_IF_GX(fast)
# Loading work.PCIE_RX(fast)
# Loading work.sfifo_i180_o180_d512(fast)
# Loading UNISIMS_VER.GND(fast)
# Loading UNISIMS_VER.LUT1(fast)
# Loading UNISIMS_VER.LUT2(fast)
# Loading UNISIMS_VER.LUT3(fast)
# Loading UNISIMS_VER.FDRE(fast)
# Loading UNISIMS_VER.CARRY4(fast)
# Loading UNISIMS_VER.LUT5(fast)
# Loading UNISIMS_VER.LUT5(fast__1)
# Loading UNISIMS_VER.FDSE(fast)
# Loading UNISIMS_VER.LUT4(fast)
# Loading UNISIMS_VER.LUT4(fast__1)
# Loading UNISIMS_VER.LUT3(fast__1)
# Loading UNISIMS_VER.LUT3(fast__2)
# Loading UNISIMS_VER.LUT4(fast__2)
# Loading UNISIMS_VER.LUT6(fast)
# Loading UNISIMS_VER.LUT2(fast__1)
# Loading UNISIMS_VER.LUT3(fast__3)
# Loading UNISIMS_VER.LUT4(fast__3)
# Loading UNISIMS_VER.LUT5(fast__2)
# Loading UNISIMS_VER.LUT6(fast__1)
# Loading UNISIMS_VER.LUT6(fast__2)
# Loading UNISIMS_VER.LUT4(fast__4)
# Loading UNISIMS_VER.LUT2(fast__2)
# Loading UNISIMS_VER.LUT5(fast__3)
# Loading UNISIMS_VER.LUT4(fast__5)
# Loading UNISIMS_VER.LUT6(fast__3)
# Loading UNISIMS_VER.LUT1(fast__1)
# Loading UNISIMS_VER.RAMB18E1(fast)
# Loading UNISIMS_VER.RB18_INTERNAL_VLOG(fast)
# Loading UNISIMS_VER.RAMB36E1(fast)
# Loading UNISIMS_VER.RB36_INTERNAL_VLOG(fast)
# Loading work.PCIE_TX(fast)
# Loading work.sfifo_i72o72_d512(fast)
# Loading UNISIMS_VER.LUT2(fast__3)
# Loading UNISIMS_VER.RAMB36E1(fast__1)
# Loading UNISIMS_VER.RB36_INTERNAL_VLOG(fast__1)
# Loading work.PCIE_REG_IF(fast)
# Loading work.PCIE_REG_ACK(fast)
# Loading work.PCIE_REG_INT(fast)
# Loading work.PCIE_DN_REG(fast)
# Loading work.PCIE_UP_REG(fast)
# Loading work.PCIE_DN_CPLD_IF(fast)
# Loading work.PCIE_DN_IF(fast)
# Loading work.afifo_i90o90_d512(fast)
# Loading work.afifo_i90o90_d512_xpm_cdc_gray(fast)
# Loading UNISIMS_VER.LUT4(fast__6)
# Loading UNISIMS_VER.LUT3(fast__4)
# Loading UNISIMS_VER.LUT6(fast__4)
# Loading UNISIMS_VER.LUT5(fast__4)
# Loading work.afifo_i90o90_d512_xpm_cdc_gray__2(fast)
# Loading UNISIMS_VER.FDPE(fast)
# Loading UNISIMS_VER.LUT4(fast__7)
# Loading UNISIMS_VER.FDCE(fast)
# Loading UNISIMS_VER.LUT4(fast__8)
# Loading UNISIMS_VER.LUT6(fast__5)
# Loading UNISIMS_VER.LUT5(fast__5)
# Loading UNISIMS_VER.LUT6(fast__6)
# Loading UNISIMS_VER.LUT5(fast__6)
# Loading UNISIMS_VER.LUT5(fast__7)
# Loading UNISIMS_VER.LUT5(fast__8)
# Loading UNISIMS_VER.LUT5(fast__9)
# Loading UNISIMS_VER.RAM64M(fast)
# Loading UNISIMS_VER.LUT6(fast__7)
# Loading UNISIMS_VER.MUXF7(fast)
# Loading UNISIMS_VER.LUT2(fast__4)
# Loading work.afifo_i90o90_d512_xpm_cdc_async_rst(fast)
# Loading UNISIMS_VER.FDPE(fast__1)
# Loading UNISIMS_VER.LUT3(fast__5)
# Loading UNISIMS_VER.LUT5(fast__10)
# Loading work.afifo_i90o90_d512_xpm_cdc_single(fast)
# Loading work.afifo_i90o90_d512_xpm_cdc_single__2(fast)
# Loading work.afifo_i90o90_d512_xpm_cdc_async_rst__1(fast)
# Loading work.PCIE_DN_LBUF(fast)
# Loading work.afifo_i72o72_d2048(fast)
# Loading work.afifo_i72o72_d2048_xpm_cdc_gray(fast)
# Loading work.afifo_i72o72_d2048_xpm_cdc_gray__2(fast)
# Loading UNISIMS_VER.LUT6(fast__8)
# Loading UNISIMS_VER.LUT6(fast__9)
# Loading UNISIMS_VER.LUT6(fast__10)
# Loading UNISIMS_VER.LUT6(fast__11)
# Loading UNISIMS_VER.LUT6(fast__12)
# Loading work.afifo_i72o72_d2048_xpm_cdc_async_rst(fast)
# Loading work.afifo_i72o72_d2048_xpm_cdc_single(fast)
# Loading work.afifo_i72o72_d2048_xpm_cdc_single__2(fast)
# Loading work.afifo_i72o72_d2048_xpm_cdc_async_rst__1(fast)
# Loading work.PULSE_GEN(fast)
# Loading work.PCIE_DN_DEK(fast)
# Loading work.PCIE_DN_DMA(fast)
# Loading work.PCIE_DN_CPLD_DPK(fast)
# Loading work.PCIE_DN_DEK(fast__1)
# Loading work.PCIE_DN_DMA(fast__1)
# Loading work.PCIE_DN_ARBIT(fast)
# Loading work.PCIE_UP_IF(fast)
# Loading work.PCIE_UP_LBUF(fast)
# Loading work.PCIE_UP_UFK(fast)
# Loading work.PCIE_UP_DMA(fast)
# Loading work.PCIE_UP_UFK(fast__1)
# Loading work.PCIE_UP_DMA(fast__1)
# Loading work.PCIE_UP_ARBIT(fast)
# Loading work.BIST_REG(fast)
# Loading work.glbl(fast)
# ** Warning: (vsim-3015) [PCDPC] - Port size (12) does not match connection size (16) for port 'DRAM_WR_SIZE'. The port definition is at: ../rtl/05_pc_sim/pc_sim.v(26).
#    Time: 0 ps  Iteration: 0  Instance: /tb_top/U_PC_SIM File: sim_model/tb_top.v Line: 708
#  
# ******<<<<<<<<<<<<<<<<<<<<<<Simulation tb_01 start>>>>>>>>>>>>>>>>>>>>>>> ******
#  
# ---- Initial simulation
# ---- clock ---- 1111 ---- enable
# ---- Wait for  64 cycles
# ---- Wait for  64 cycles end
# ---- Wait for  16 cycles
# ---- Wait for  16 cycles end
# ---- reseting by cycle
# ---- reset0   64 cycle end
# ---- Wait for  16 cycles
# ---- Wait for  16 cycles end
# ---- reseting by ns
# ---- reset1  255 ns end
# ---- DRAM write PORT :0x01    ADD :0x0000000    SIZE :0x010
# ---- DRAM write end
# ---- Wait for  16 cycles
# ---- Wait for  16 cycles end
# ---- DRAM write PORT :0x02    ADD :0x0000000    SIZE :0x400
# ---- DRAM write end
# ---- Wait for  16 cycles
# ---- Wait for  16 cycles end
# ---- DRAM write PORT :0x01    ADD :0x0000000    SIZE :0x010
# ---- DRAM write end
# ---- Wait for  16 cycles
# ---- Wait for  16 cycles end
# ---- DRAM write PORT :0x01    ADD :0x0000000    SIZE :0x010
# ---- DRAM write end
# ---- Wait for  16 cycles
# ---- Wait for  16 cycles end
# ---- DRAM write PORT :0x01    ADD :0x0000000    SIZE :0x010
# ---- DRAM write end
# ---- Wait for  16 cycles
# ---- Wait for  16 cycles end
# ---- DRAM write PORT :0x01    ADD :0x0000000    SIZE :0x010
# ---- DRAM write end
# ---- Wait for  16 cycles
# ---- Wait for  16 cycles end
# ---- DRAM write PORT :0x01    ADD :0x0000000    SIZE :0x010
# ---- DRAM write end
# ---- Wait for  16 cycles
# ---- Wait for  16 cycles end
# ---- DRAM write PORT :0x01    ADD :0x0000000    SIZE :0x010
# ---- DRAM write end
# ---- Wait for   4 us
# ---- Wait           1 us of   4 us
# ---- Wait           2 us of   4 us
# ---- Wait           3 us of   4 us
# ---- Wait           4 us of   4 us
# ---- Wait for   4 us end
# ---- DRAM write PORT :0x01    ADD :0x0000000    SIZE :0x010
# ---- DRAM write end
# ---- Wait for 255 cycles
# ---- Wait for 255 cycles end
# ---- Wait for   8 us
# ---- Wait           1 us of   8 us
# ---- Wait           2 us of   8 us
# ---- Wait           3 us of   8 us
# ---- Wait           4 us of   8 us
# ---- Wait           5 us of   8 us
# ---- Wait           6 us of   8 us
# ---- Wait           7 us of   8 us
# ---- Wait           8 us of   8 us
# ---- Wait for   8 us end
# ---- tb_01 test completed !
#  
# ******<<<<<<<<<<<<<<<<<<<<Simulation tb_01 Successful End>>>>>>>>>>>>>>>>>>> ******
#  
do do/tb_02.do
# Model Technology ModelSim SE-64 vlog 2020.4 Compiler 2020.10 Oct 13 2020
# Start time: 17:44:49 on Mar 13,2025
# vlog -reportprogress 300 "+define+tb_02=1" -work work sim_model\define\define.v 
# End time: 17:44:49 on Mar 13,2025, Elapsed time: 0:00:00
# Errors: 0, Warnings: 0
# Model Technology ModelSim SE-64 vlog 2020.4 Compiler 2020.10 Oct 13 2020
# Start time: 17:44:49 on Mar 13,2025
# vlog -reportprogress 300 "+define+tb_02=1" -work work "+incdir+{sim_modeldefine}" sim_model\tb_top.v 
# -- Compiling module tb_top
# 
# Top level modules:
# 	tb_top
# End time: 17:44:49 on Mar 13,2025, Elapsed time: 0:00:00
# Errors: 0, Warnings: 0
