# vsim -t 1ps -c -l ./log/vsim_tb_02_report.log work.tb_top -L fifo_generator_v13_2_5 -L blk_mem_gen_v8_4_4 -L UNISIMS_VER -L SECUREIP -L SIMPRIMS_VER -L work -voptargs="+acc" work.glbl -wav ./wave/tb_02.wlf 
# Start time: 10:18:15 on Mar 17,2025
# ** Note: (vsim-3813) Design is being optimized due to module recompilation...
# ** Note: (vopt-143) Recognized 1 FSM in module "PCIE_DN_DMA(fast__1)".
# ** Note: (vopt-143) Recognized 1 FSM in module "PCIE_DN_DMA(fast)".
# Loading work.tb_top(fast)
# Loading work.SIM_MODEL(fast)
# Loading work.PC_SIM(fast)
# Loading work.PCIE_IF_GX(fast)
# Loading work.PCIE_RX(fast)
# Loading work.sfifo_i180_o180_d512(fast)
# Loading UNISIMS_VER.GND(fast)
# Loading UNISIMS_VER.LUT1(fast)
# Loading UNISIMS_VER.LUT2(fast)
# Loading UNISIMS_VER.LUT3(fast)
# Loading UNISIMS_VER.FDRE(fast)
# Loading UNISIMS_VER.CARRY4(fast)
# Loading UNISIMS_VER.LUT5(fast)
# Loading UNISIMS_VER.LUT5(fast__1)
# Loading UNISIMS_VER.FDSE(fast)
# Loading UNISIMS_VER.LUT4(fast)
# Loading UNISIMS_VER.LUT4(fast__1)
# Loading UNISIMS_VER.LUT3(fast__1)
# Loading UNISIMS_VER.LUT3(fast__2)
# Loading UNISIMS_VER.LUT4(fast__2)
# Loading UNISIMS_VER.LUT6(fast)
# Loading UNISIMS_VER.LUT2(fast__1)
# Loading UNISIMS_VER.LUT3(fast__3)
# Loading UNISIMS_VER.LUT4(fast__3)
# Loading UNISIMS_VER.LUT5(fast__2)
# Loading UNISIMS_VER.LUT6(fast__1)
# Loading UNISIMS_VER.LUT6(fast__2)
# Loading UNISIMS_VER.LUT4(fast__4)
# Loading UNISIMS_VER.LUT2(fast__2)
# Loading UNISIMS_VER.LUT5(fast__3)
# Loading UNISIMS_VER.LUT4(fast__5)
# Loading UNISIMS_VER.LUT6(fast__3)
# Loading UNISIMS_VER.LUT1(fast__1)
# Loading UNISIMS_VER.RAMB18E1(fast)
# Loading UNISIMS_VER.RB18_INTERNAL_VLOG(fast)
# Loading UNISIMS_VER.RAMB36E1(fast)
# Loading UNISIMS_VER.RB36_INTERNAL_VLOG(fast)
# Loading work.PCIE_TX(fast)
# Loading work.sfifo_i72o72_d512(fast)
# Loading UNISIMS_VER.LUT2(fast__3)
# Loading UNISIMS_VER.RAMB36E1(fast__1)
# Loading UNISIMS_VER.RB36_INTERNAL_VLOG(fast__1)
# Loading work.PCIE_REG_IF(fast)
# Loading work.PCIE_REG_ACK(fast)
# Loading work.PCIE_REG_INT(fast)
# Loading work.PCIE_DN_REG(fast)
# Loading work.PCIE_UP_REG(fast)
# Loading work.PCIE_DN_CPLD_IF(fast)
# Loading work.PCIE_DN_IF(fast)
# Loading work.afifo_i90o90_d512(fast)
# Loading work.afifo_i90o90_d512_xpm_cdc_gray(fast)
# Loading UNISIMS_VER.LUT4(fast__6)
# Loading UNISIMS_VER.LUT3(fast__4)
# Loading UNISIMS_VER.LUT6(fast__4)
# Loading UNISIMS_VER.LUT5(fast__4)
# Loading work.afifo_i90o90_d512_xpm_cdc_gray__2(fast)
# Loading UNISIMS_VER.FDPE(fast)
# Loading UNISIMS_VER.LUT4(fast__7)
# Loading UNISIMS_VER.FDCE(fast)
# Loading UNISIMS_VER.LUT4(fast__8)
# Loading UNISIMS_VER.LUT6(fast__5)
# Loading UNISIMS_VER.LUT5(fast__5)
# Loading UNISIMS_VER.LUT6(fast__6)
# Loading UNISIMS_VER.LUT5(fast__6)
# Loading UNISIMS_VER.LUT5(fast__7)
# Loading UNISIMS_VER.LUT5(fast__8)
# Loading UNISIMS_VER.LUT5(fast__9)
# Loading UNISIMS_VER.RAM64M(fast)
# Loading UNISIMS_VER.LUT6(fast__7)
# Loading UNISIMS_VER.MUXF7(fast)
# Loading UNISIMS_VER.LUT2(fast__4)
# Loading work.afifo_i90o90_d512_xpm_cdc_async_rst(fast)
# Loading UNISIMS_VER.FDPE(fast__1)
# Loading UNISIMS_VER.LUT3(fast__5)
# Loading UNISIMS_VER.LUT5(fast__10)
# Loading work.afifo_i90o90_d512_xpm_cdc_single(fast)
# Loading work.afifo_i90o90_d512_xpm_cdc_single__2(fast)
# Loading work.afifo_i90o90_d512_xpm_cdc_async_rst__1(fast)
# Loading work.PCIE_DN_LBUF(fast)
# Loading work.afifo_i72o72_d2048(fast)
# Loading work.afifo_i72o72_d2048_xpm_cdc_gray(fast)
# Loading work.afifo_i72o72_d2048_xpm_cdc_gray__2(fast)
# Loading UNISIMS_VER.LUT6(fast__8)
# Loading UNISIMS_VER.LUT6(fast__9)
# Loading UNISIMS_VER.LUT6(fast__10)
# Loading UNISIMS_VER.LUT6(fast__11)
# Loading UNISIMS_VER.LUT6(fast__12)
# Loading work.afifo_i72o72_d2048_xpm_cdc_async_rst(fast)
# Loading work.afifo_i72o72_d2048_xpm_cdc_single(fast)
# Loading work.afifo_i72o72_d2048_xpm_cdc_single__2(fast)
# Loading work.afifo_i72o72_d2048_xpm_cdc_async_rst__1(fast)
# Loading work.PULSE_GEN(fast)
# Loading work.PCIE_DN_DEK(fast)
# Loading work.PCIE_DN_DMA(fast)
# Loading work.PCIE_DN_CPLD_DPK(fast)
# Loading work.sram_i64o64_d256(fast)
# Loading UNISIMS_VER.RAMB36E1(fast__2)
# Loading UNISIMS_VER.RB36_INTERNAL_VLOG(fast__2)
# Loading UNISIMS_VER.LUT3(fast__6)
# Loading UNISIMS_VER.SRL16E(fast)
# Loading UNISIMS_VER.LUT4(fast__9)
# Loading work.PCIE_DN_DEK(fast__1)
# Loading work.PCIE_DN_DMA(fast__1)
# Loading work.PCIE_DN_ARBIT(fast)
# Loading work.PCIE_UP_IF(fast)
# Loading work.PCIE_UP_LBUF(fast)
# Loading work.PCIE_UP_UFK(fast)
# Loading work.PCIE_UP_DMA(fast)
# Loading work.PCIE_UP_UFK(fast__1)
# Loading work.PCIE_UP_DMA(fast__1)
# Loading work.PCIE_UP_ARBIT(fast)
# Loading work.BIST_REG(fast)
# Loading work.glbl(fast)
# ** Warning: (vsim-3015) [PCDPC] - Port size (12) does not match connection size (16) for port 'DRAM_WR_SIZE'. The port definition is at: ../rtl/05_pc_sim/pc_sim.v(26).
#    Time: 0 ps  Iteration: 0  Instance: /tb_top/U_PC_SIM File: sim_model/tb_top.v Line: 708
# ** Warning: (vsim-3015) [PCDPC] - Port size (1) does not match connection size (64) for port 'rsta_busy'. The port definition is at: ../rtl/00_xilinx_ip/0_sbram/sram_i64o64_d256/sram_i64o64_d256_sim_netlist.V(26).
#    Time: 0 ps  Iteration: 0  Instance: /tb_top/U_PCIE_IF_GX/GROUP_DN[0]/U_PCIE_DN_CPLD_DPK/U_DBUF File: ../rtl/03_pcie_if_gx/pcie_dn_cpld_dpk.v Line: 158
# ** Warning: (vsim-3015) [PCDPC] - Port size (1) does not match connection size (64) for port 'rstb_busy'. The port definition is at: ../rtl/00_xilinx_ip/0_sbram/sram_i64o64_d256/sram_i64o64_d256_sim_netlist.V(27).
#    Time: 0 ps  Iteration: 0  Instance: /tb_top/U_PCIE_IF_GX/GROUP_DN[0]/U_PCIE_DN_CPLD_DPK/U_DBUF File: ../rtl/03_pcie_if_gx/pcie_dn_cpld_dpk.v Line: 158
# ** Warning: (vsim-3015) [PCDPC] - Port size (1) does not match connection size (64) for port 'rsta_busy'. The port definition is at: ../rtl/00_xilinx_ip/0_sbram/sram_i64o64_d256/sram_i64o64_d256_sim_netlist.V(26).
#    Time: 0 ps  Iteration: 0  Instance: /tb_top/U_PCIE_IF_GX/GROUP_DN[1]/U_PCIE_DN_CPLD_DPK/U_DBUF File: ../rtl/03_pcie_if_gx/pcie_dn_cpld_dpk.v Line: 158
# ** Warning: (vsim-3015) [PCDPC] - Port size (1) does not match connection size (64) for port 'rstb_busy'. The port definition is at: ../rtl/00_xilinx_ip/0_sbram/sram_i64o64_d256/sram_i64o64_d256_sim_netlist.V(27).
#    Time: 0 ps  Iteration: 0  Instance: /tb_top/U_PCIE_IF_GX/GROUP_DN[1]/U_PCIE_DN_CPLD_DPK/U_DBUF File: ../rtl/03_pcie_if_gx/pcie_dn_cpld_dpk.v Line: 158
# ** Warning: (vsim-WLF-5000) WLF file currently in use: ./wave/tb_02.wlf
#           File in use by: DELL  Hostname: DESKTOP-OBM7L7C  ProcessID: 13856
#           Attempting to use alternate WLF file "./wave/wlft6z3x2w".
# ** Warning: (vsim-WLF-5001) Could not open WLF file: ./wave/tb_02.wlf
#           Using alternate file: ./wave/wlft6z3x2w
# ** Warning: (vsim-PLI-3407) Too many data words read on line 8193 of file "tb_pattern/tb_02/file_i/dram0_wr.txt". (Current address [8193], address range [1:8192])    : sim_model/sim_model.v(1198)
#    Time: 0 ps  Iteration: 0  Instance: /tb_top/U_SIM_MODEL
# ** Warning: (vsim-PLI-3407) Too many data words read on line 8193 of file "tb_pattern/tb_02/file_i/dram1_wr.txt". (Current address [8193], address range [1:8192])    : sim_model/sim_model.v(1199)
#    Time: 0 ps  Iteration: 0  Instance: /tb_top/U_SIM_MODEL
#  
# ******<<<<<<<<<<<<<<<<<<<<<<Simulation tb_02 start>>>>>>>>>>>>>>>>>>>>>>> ******
#  
# ---- Initial simulation
# ---- clock ---- 1111 ---- enable
# ---- Wait for  64 cycles
# Memory Collision Error on RAMB36E1 : tb_top.U_PCIE_IF_GX.GROUP_DN[1].U_PCIE_DN_CPLD_DPK.U_DBUF.U0.<protected>.<protected>.<protected>.<protected>.<protected>.<protected>.gen_tdp.INT_RAMB_TDP.chk_for_col_msg at simulation time 118.000 ns.
# A read was performed on address 801f (hex) of port B while a write was requested to the same address on port A.  The write will be successful however the read value on port B is unknown until the next CLKB cycle.
# Memory Collision Error on RAMB36E1 : tb_top.U_PCIE_IF_GX.GROUP_DN[1].U_PCIE_DN_CPLD_DPK.U_DBUF.U0.<protected>.<protected>.<protected>.<protected>.<protected>.<protected>.gen_tdp.INT_RAMB_TDP.chk_for_col_msg at simulation time 118.000 ns.
# A read was performed on address 801f (hex) of port B while a write was requested to the same address on port A.  The write will be successful however the read value on port B is unknown until the next CLKB cycle.
# Memory Collision Error on RAMB36E1 : tb_top.U_PCIE_IF_GX.GROUP_DN[0].U_PCIE_DN_CPLD_DPK.U_DBUF.U0.<protected>.<protected>.<protected>.<protected>.<protected>.<protected>.gen_tdp.INT_RAMB_TDP.chk_for_col_msg at simulation time 118.000 ns.
# A read was performed on address 801f (hex) of port B while a write was requested to the same address on port A.  The write will be successful however the read value on port B is unknown until the next CLKB cycle.
# Memory Collision Error on RAMB36E1 : tb_top.U_PCIE_IF_GX.GROUP_DN[0].U_PCIE_DN_CPLD_DPK.U_DBUF.U0.<protected>.<protected>.<protected>.<protected>.<protected>.<protected>.gen_tdp.INT_RAMB_TDP.chk_for_col_msg at simulation time 118.000 ns.
# A read was performed on address 801f (hex) of port B while a write was requested to the same address on port A.  The write will be successful however the read value on port B is unknown until the next CLKB cycle.
# Memory Collision Error on RAMB36E1 : tb_top.U_PCIE_IF_GX.GROUP_DN[1].U_PCIE_DN_CPLD_DPK.U_DBUF.U0.<protected>.<protected>.<protected>.<protected>.<protected>.<protected>.gen_tdp.INT_RAMB_TDP.chk_for_col_msg at simulation time 122.000 ns.
# A read was performed on address 801f (hex) of port B while a write was requested to the same address on port A.  The write will be successful however the read value on port B is unknown until the next CLKB cycle.
# Memory Collision Error on RAMB36E1 : tb_top.U_PCIE_IF_GX.GROUP_DN[1].U_PCIE_DN_CPLD_DPK.U_DBUF.U0.<protected>.<protected>.<protected>.<protected>.<protected>.<protected>.gen_tdp.INT_RAMB_TDP.chk_for_col_msg at simulation time 122.000 ns.
# A read was performed on address 801f (hex) of port B while a write was requested to the same address on port A.  The write will be successful however the read value on port B is unknown until the next CLKB cycle.
# Memory Collision Error on RAMB36E1 : tb_top.U_PCIE_IF_GX.GROUP_DN[0].U_PCIE_DN_CPLD_DPK.U_DBUF.U0.<protected>.<protected>.<protected>.<protected>.<protected>.<protected>.gen_tdp.INT_RAMB_TDP.chk_for_col_msg at simulation time 122.000 ns.
# A read was performed on address 801f (hex) of port B while a write was requested to the same address on port A.  The write will be successful however the read value on port B is unknown until the next CLKB cycle.
# Memory Collision Error on RAMB36E1 : tb_top.U_PCIE_IF_GX.GROUP_DN[0].U_PCIE_DN_CPLD_DPK.U_DBUF.U0.<protected>.<protected>.<protected>.<protected>.<protected>.<protected>.gen_tdp.INT_RAMB_TDP.chk_for_col_msg at simulation time 122.000 ns.
# A read was performed on address 801f (hex) of port B while a write was requested to the same address on port A.  The write will be successful however the read value on port B is unknown until the next CLKB cycle.
# Memory Collision Error on RAMB36E1 : tb_top.U_PCIE_IF_GX.GROUP_DN[1].U_PCIE_DN_CPLD_DPK.U_DBUF.U0.<protected>.<protected>.<protected>.<protected>.<protected>.<protected>.gen_tdp.INT_RAMB_TDP.chk_for_col_msg at simulation time 126.000 ns.
# A read was performed on address 801f (hex) of port B while a write was requested to the same address on port A.  The write will be successful however the read value on port B is unknown until the next CLKB cycle.
# Memory Collision Error on RAMB36E1 : tb_top.U_PCIE_IF_GX.GROUP_DN[1].U_PCIE_DN_CPLD_DPK.U_DBUF.U0.<protected>.<protected>.<protected>.<protected>.<protected>.<protected>.gen_tdp.INT_RAMB_TDP.chk_for_col_msg at simulation time 126.000 ns.
# A read was performed on address 801f (hex) of port B while a write was requested to the same address on port A.  The write will be successful however the read value on port B is unknown until the next CLKB cycle.
# Memory Collision Error on RAMB36E1 : tb_top.U_PCIE_IF_GX.GROUP_DN[0].U_PCIE_DN_CPLD_DPK.U_DBUF.U0.<protected>.<protected>.<protected>.<protected>.<protected>.<protected>.gen_tdp.INT_RAMB_TDP.chk_for_col_msg at simulation time 126.000 ns.
# A read was performed on address 801f (hex) of port B while a write was requested to the same address on port A.  The write will be successful however the read value on port B is unknown until the next CLKB cycle.
# Memory Collision Error on RAMB36E1 : tb_top.U_PCIE_IF_GX.GROUP_DN[0].U_PCIE_DN_CPLD_DPK.U_DBUF.U0.<protected>.<protected>.<protected>.<protected>.<protected>.<protected>.gen_tdp.INT_RAMB_TDP.chk_for_col_msg at simulation time 126.000 ns.
# A read was performed on address 801f (hex) of port B while a write was requested to the same address on port A.  The write will be successful however the read value on port B is unknown until the next CLKB cycle.
# Memory Collision Error on RAMB36E1 : tb_top.U_PCIE_IF_GX.GROUP_DN[1].U_PCIE_DN_CPLD_DPK.U_DBUF.U0.<protected>.<protected>.<protected>.<protected>.<protected>.<protected>.gen_tdp.INT_RAMB_TDP.chk_for_col_msg at simulation time 130.000 ns.
# A read was performed on address 801f (hex) of port B while a write was requested to the same address on port A.  The write will be successful however the read value on port B is unknown until the next CLKB cycle.
# Memory Collision Error on RAMB36E1 : tb_top.U_PCIE_IF_GX.GROUP_DN[1].U_PCIE_DN_CPLD_DPK.U_DBUF.U0.<protected>.<protected>.<protected>.<protected>.<protected>.<protected>.gen_tdp.INT_RAMB_TDP.chk_for_col_msg at simulation time 130.000 ns.
# A read was performed on address 801f (hex) of port B while a write was requested to the same address on port A.  The write will be successful however the read value on port B is unknown until the next CLKB cycle.
# Memory Collision Error on RAMB36E1 : tb_top.U_PCIE_IF_GX.GROUP_DN[0].U_PCIE_DN_CPLD_DPK.U_DBUF.U0.<protected>.<protected>.<protected>.<protected>.<protected>.<protected>.gen_tdp.INT_RAMB_TDP.chk_for_col_msg at simulation time 130.000 ns.
# A read was performed on address 801f (hex) of port B while a write was requested to the same address on port A.  The write will be successful however the read value on port B is unknown until the next CLKB cycle.
# Memory Collision Error on RAMB36E1 : tb_top.U_PCIE_IF_GX.GROUP_DN[0].U_PCIE_DN_CPLD_DPK.U_DBUF.U0.<protected>.<protected>.<protected>.<protected>.<protected>.<protected>.gen_tdp.INT_RAMB_TDP.chk_for_col_msg at simulation time 130.000 ns.
# A read was performed on address 801f (hex) of port B while a write was requested to the same address on port A.  The write will be successful however the read value on port B is unknown until the next CLKB cycle.
# ---- Wait for  64 cycles end
# ---- Wait for  16 cycles
# ---- Wait for  16 cycles end
# ---- reseting by cycle
# ---- reset0   64 cycle end
# ---- Wait for  16 cycles
# ---- Wait for  16 cycles end
# ---- reseting by ns
# ---- reset1  255 ns end
# ---- Wait for  16 cycles
# ---- Wait for  16 cycles end
# ---- DRAM write PORT :0x01    ADD :0x0000000    SIZE :0x010
# ---- DRAM write end
# ---- Wait for  16 cycles
# ---- Wait for  16 cycles end
# ---- DRAM write PORT :0x01    ADD :0x0000000    SIZE :0x010
# ---- DRAM write end
# ---- Wait for  16 cycles
# ---- Wait for  16 cycles end
# ---- DRAM write PORT :0x01    ADD :0x0000000    SIZE :0x010
# ---- DRAM write end
# ---- Wait for  16 cycles
# ---- Wait for  16 cycles end
# ---- DRAM write PORT :0x01    ADD :0x0000000    SIZE :0x010
# ---- DRAM write end
# ---- Wait for  16 cycles
# ---- Wait for  16 cycles end
# ---- DRAM write PORT :0x01    ADD :0x0000000    SIZE :0x010
# ---- DRAM write end
# ---- Wait for  16 cycles
# ---- Wait for  16 cycles end
# ---- DRAM write PORT :0x01    ADD :0x0000000    SIZE :0x010
# ---- DRAM write end
# ---- Wait for  16 cycles
# ---- Wait for  16 cycles end
# ---- DRAM write PORT :0x01    ADD :0x0000000    SIZE :0x010
# ---- DRAM write end
# ---- Wait for  16 cycles
# ---- Wait for  16 cycles end
# ---- DRAM write PORT :0x01    ADD :0x0000000    SIZE :0x010
# ---- DRAM write end
# ---- Wait for  16 cycles
# ---- Wait for  16 cycles end
# ---- DRAM write PORT :0x01    ADD :0x0000000    SIZE :0x010
# ---- DRAM write end
# ---- Wait for  16 cycles
# ---- Wait for  16 cycles end
# ---- DRAM write PORT :0x01    ADD :0x0000000    SIZE :0x090
# Memory Collision Error on RAMB36E1 : tb_top.U_PCIE_IF_GX.GROUP_DN[0].U_PCIE_DN_CPLD_DPK.U_DBUF.U0.<protected>.<protected>.<protected>.<protected>.<protected>.<protected>.gen_tdp.INT_RAMB_TDP.chk_for_col_msg at simulation time 2102.000 ns.
# A read was performed on address 801f (hex) of port B while a write was requested to the same address on port A.  The write will be successful however the read value on port B is unknown until the next CLKB cycle.
# Memory Collision Error on RAMB36E1 : tb_top.U_PCIE_IF_GX.GROUP_DN[0].U_PCIE_DN_CPLD_DPK.U_DBUF.U0.<protected>.<protected>.<protected>.<protected>.<protected>.<protected>.gen_tdp.INT_RAMB_TDP.chk_for_col_msg at simulation time 2102.000 ns.
# A read was performed on address 801f (hex) of port B while a write was requested to the same address on port A.  The write will be successful however the read value on port B is unknown until the next CLKB cycle.
# ---- DRAM write end
# ---- Wait for  16 cycles
# ---- Wait for  16 cycles end
# ---- DRAM write PORT :0x01    ADD :0x0000000    SIZE :0x090
# Memory Collision Error on RAMB36E1 : tb_top.U_PCIE_IF_GX.GROUP_DN[0].U_PCIE_DN_CPLD_DPK.U_DBUF.U0.<protected>.<protected>.<protected>.<protected>.<protected>.<protected>.gen_tdp.INT_RAMB_TDP.chk_for_col_msg at simulation time 2282.000 ns.
# A read was performed on address 821f (hex) of port B while a write was requested to the same address on port A.  The write will be successful however the read value on port B is unknown until the next CLKB cycle.
# Memory Collision Error on RAMB36E1 : tb_top.U_PCIE_IF_GX.GROUP_DN[0].U_PCIE_DN_CPLD_DPK.U_DBUF.U0.<protected>.<protected>.<protected>.<protected>.<protected>.<protected>.gen_tdp.INT_RAMB_TDP.chk_for_col_msg at simulation time 2282.000 ns.
# A read was performed on address 821f (hex) of port B while a write was requested to the same address on port A.  The write will be successful however the read value on port B is unknown until the next CLKB cycle.
# ---- DRAM write end
# ---- Wait for  16 cycles
# ---- Wait for  16 cycles end
# ---- DRAM write PORT :0x01    ADD :0x0000000    SIZE :0x090
# Memory Collision Error on RAMB36E1 : tb_top.U_PCIE_IF_GX.GROUP_DN[0].U_PCIE_DN_CPLD_DPK.U_DBUF.U0.<protected>.<protected>.<protected>.<protected>.<protected>.<protected>.gen_tdp.INT_RAMB_TDP.chk_for_col_msg at simulation time 2462.000 ns.
# A read was performed on address 841f (hex) of port B while a write was requested to the same address on port A.  The write will be successful however the read value on port B is unknown until the next CLKB cycle.
# Memory Collision Error on RAMB36E1 : tb_top.U_PCIE_IF_GX.GROUP_DN[0].U_PCIE_DN_CPLD_DPK.U_DBUF.U0.<protected>.<protected>.<protected>.<protected>.<protected>.<protected>.gen_tdp.INT_RAMB_TDP.chk_for_col_msg at simulation time 2462.000 ns.
# A read was performed on address 841f (hex) of port B while a write was requested to the same address on port A.  The write will be successful however the read value on port B is unknown until the next CLKB cycle.
# ---- DRAM write end
# ---- Wait for  16 cycles
# ---- Wait for  16 cycles end
# ---- DRAM write PORT :0x01    ADD :0x0000000    SIZE :0x090
# Memory Collision Error on RAMB36E1 : tb_top.U_PCIE_IF_GX.GROUP_DN[0].U_PCIE_DN_CPLD_DPK.U_DBUF.U0.<protected>.<protected>.<protected>.<protected>.<protected>.<protected>.gen_tdp.INT_RAMB_TDP.chk_for_col_msg at simulation time 2642.000 ns.
# A read was performed on address 861f (hex) of port B while a write was requested to the same address on port A.  The write will be successful however the read value on port B is unknown until the next CLKB cycle.
# Memory Collision Error on RAMB36E1 : tb_top.U_PCIE_IF_GX.GROUP_DN[0].U_PCIE_DN_CPLD_DPK.U_DBUF.U0.<protected>.<protected>.<protected>.<protected>.<protected>.<protected>.gen_tdp.INT_RAMB_TDP.chk_for_col_msg at simulation time 2642.000 ns.
# A read was performed on address 861f (hex) of port B while a write was requested to the same address on port A.  The write will be successful however the read value on port B is unknown until the next CLKB cycle.
# ---- DRAM write end
# ---- Wait for  16 cycles
# ---- Wait for  16 cycles end
# ---- DRAM write PORT :0x01    ADD :0x0000000    SIZE :0x090
# Memory Collision Error on RAMB36E1 : tb_top.U_PCIE_IF_GX.GROUP_DN[0].U_PCIE_DN_CPLD_DPK.U_DBUF.U0.<protected>.<protected>.<protected>.<protected>.<protected>.<protected>.gen_tdp.INT_RAMB_TDP.chk_for_col_msg at simulation time 2822.000 ns.
# A read was performed on address 881f (hex) of port B while a write was requested to the same address on port A.  The write will be successful however the read value on port B is unknown until the next CLKB cycle.
# Memory Collision Error on RAMB36E1 : tb_top.U_PCIE_IF_GX.GROUP_DN[0].U_PCIE_DN_CPLD_DPK.U_DBUF.U0.<protected>.<protected>.<protected>.<protected>.<protected>.<protected>.gen_tdp.INT_RAMB_TDP.chk_for_col_msg at simulation time 2822.000 ns.
# A read was performed on address 881f (hex) of port B while a write was requested to the same address on port A.  The write will be successful however the read value on port B is unknown until the next CLKB cycle.
# ---- DRAM write end
# ---- Wait for  16 cycles
# ---- Wait for  16 cycles end
# ---- DRAM write PORT :0x01    ADD :0x0000000    SIZE :0x090
# Memory Collision Error on RAMB36E1 : tb_top.U_PCIE_IF_GX.GROUP_DN[0].U_PCIE_DN_CPLD_DPK.U_DBUF.U0.<protected>.<protected>.<protected>.<protected>.<protected>.<protected>.gen_tdp.INT_RAMB_TDP.chk_for_col_msg at simulation time 3002.000 ns.
# A read was performed on address 8a1f (hex) of port B while a write was requested to the same address on port A.  The write will be successful however the read value on port B is unknown until the next CLKB cycle.
# Memory Collision Error on RAMB36E1 : tb_top.U_PCIE_IF_GX.GROUP_DN[0].U_PCIE_DN_CPLD_DPK.U_DBUF.U0.<protected>.<protected>.<protected>.<protected>.<protected>.<protected>.gen_tdp.INT_RAMB_TDP.chk_for_col_msg at simulation time 3002.000 ns.
# A read was performed on address 8a1f (hex) of port B while a write was requested to the same address on port A.  The write will be successful however the read value on port B is unknown until the next CLKB cycle.
# ---- DRAM write end
# ---- Wait for  16 cycles
# ---- Wait for  16 cycles end
# ---- DRAM write PORT :0x01    ADD :0x0000000    SIZE :0x090
# Memory Collision Error on RAMB36E1 : tb_top.U_PCIE_IF_GX.GROUP_DN[0].U_PCIE_DN_CPLD_DPK.U_DBUF.U0.<protected>.<protected>.<protected>.<protected>.<protected>.<protected>.gen_tdp.INT_RAMB_TDP.chk_for_col_msg at simulation time 3182.000 ns.
# A read was performed on address 8c1f (hex) of port B while a write was requested to the same address on port A.  The write will be successful however the read value on port B is unknown until the next CLKB cycle.
# Memory Collision Error on RAMB36E1 : tb_top.U_PCIE_IF_GX.GROUP_DN[0].U_PCIE_DN_CPLD_DPK.U_DBUF.U0.<protected>.<protected>.<protected>.<protected>.<protected>.<protected>.gen_tdp.INT_RAMB_TDP.chk_for_col_msg at simulation time 3182.000 ns.
# A read was performed on address 8c1f (hex) of port B while a write was requested to the same address on port A.  The write will be successful however the read value on port B is unknown until the next CLKB cycle.
# ---- DRAM write end
# ---- Wait for  16 cycles
# ---- Wait for  16 cycles end
# ---- DRAM write PORT :0x01    ADD :0x0000000    SIZE :0x090
# Memory Collision Error on RAMB36E1 : tb_top.U_PCIE_IF_GX.GROUP_DN[0].U_PCIE_DN_CPLD_DPK.U_DBUF.U0.<protected>.<protected>.<protected>.<protected>.<protected>.<protected>.gen_tdp.INT_RAMB_TDP.chk_for_col_msg at simulation time 3362.000 ns.
# A read was performed on address 8e1f (hex) of port B while a write was requested to the same address on port A.  The write will be successful however the read value on port B is unknown until the next CLKB cycle.
# Memory Collision Error on RAMB36E1 : tb_top.U_PCIE_IF_GX.GROUP_DN[0].U_PCIE_DN_CPLD_DPK.U_DBUF.U0.<protected>.<protected>.<protected>.<protected>.<protected>.<protected>.gen_tdp.INT_RAMB_TDP.chk_for_col_msg at simulation time 3362.000 ns.
# A read was performed on address 8e1f (hex) of port B while a write was requested to the same address on port A.  The write will be successful however the read value on port B is unknown until the next CLKB cycle.
# ---- DRAM write end
# ---- Wait for 255 cycles
# ---- Wait for 255 cycles end
# ---- Wait for   8 us
# ---- Wait           1 us of   8 us
# ---- Wait           2 us of   8 us
# ---- Wait           3 us of   8 us
# ---- Wait           4 us of   8 us
# ---- Wait           5 us of   8 us
# ---- Wait           6 us of   8 us
# ---- Wait           7 us of   8 us
# ---- Wait           8 us of   8 us
# ---- Wait for   8 us end
# ---- tb_02 test completed !
#  
# ******<<<<<<<<<<<<<<<<<<<<Simulation tb_02 Successful End>>>>>>>>>>>>>>>>>>> ******
#  
do do/compile_all.do
# ** Warning: (vlib-34) Library already exists at "work".
# Errors: 0, Warnings: 1
# Model Technology ModelSim SE-64 vmap 2020.4 Lib Mapping Utility 2020.10 Oct 13 2020
# vmap work 
# Reading C:/modeltech64_2020.4/win64/../modelsim.ini
# "work" maps to directory ./work. (Default mapping)
# Model Technology ModelSim SE-64 vlog 2020.4 Compiler 2020.10 Oct 13 2020
# Start time: 13:26:21 on Mar 17,2025
# vlog -reportprogress 300 -work work sim_model/lib/glbl.v 
# -- Compiling module glbl
# 
# Top level modules:
# 	glbl
# End time: 13:26:21 on Mar 17,2025, Elapsed time: 0:00:00
# Errors: 0, Warnings: 0
# ** Warning: (vlib-34) Library already exists at "work".
# Errors: 0, Warnings: 1
# Model Technology ModelSim SE-64 vmap 2020.4 Lib Mapping Utility 2020.10 Oct 13 2020
# vmap work 
# Reading C:/modeltech64_2020.4/win64/../modelsim.ini
# "work" maps to directory ./work. (Default mapping)
# Model Technology ModelSim SE-64 vlog 2020.4 Compiler 2020.10 Oct 13 2020
# Start time: 13:26:22 on Mar 17,2025
# vlog -reportprogress 300 -work work ../rtl/00_xilinx_ip/0_sbram/sram_i64o64_d256/sram_i64o64_d256_sim_netlist.V 
# -- Compiling module sram_i64o64_d256
# -- Compiling module glbl
# 
# Top level modules:
# 	sram_i64o64_d256
# 	glbl
# End time: 13:26:22 on Mar 17,2025, Elapsed time: 0:00:00
# Errors: 0, Warnings: 0
# Model Technology ModelSim SE-64 vlog 2020.4 Compiler 2020.10 Oct 13 2020
# Start time: 13:26:22 on Mar 17,2025
# vlog -reportprogress 300 -work work ../rtl/00_xilinx_ip/1_afifo/afifo_i72o72_d2048/afifo_i72o72_d2048_sim_netlist.V 
# -- Compiling module afifo_i72o72_d2048
# -- Compiling module afifo_i72o72_d2048_xpm_cdc_async_rst
# -- Compiling module afifo_i72o72_d2048_xpm_cdc_async_rst__1
# -- Compiling module afifo_i72o72_d2048_xpm_cdc_gray
# -- Compiling module afifo_i72o72_d2048_xpm_cdc_gray__2
# -- Compiling module afifo_i72o72_d2048_xpm_cdc_single
# -- Compiling module afifo_i72o72_d2048_xpm_cdc_single__2
# -- Compiling module glbl
# 
# Top level modules:
# 	afifo_i72o72_d2048
# 	glbl
# End time: 13:26:22 on Mar 17,2025, Elapsed time: 0:00:00
# Errors: 0, Warnings: 0
# Model Technology ModelSim SE-64 vlog 2020.4 Compiler 2020.10 Oct 13 2020
# Start time: 13:26:22 on Mar 17,2025
# vlog -reportprogress 300 -work work ../rtl/00_xilinx_ip/1_afifo/afifo_i90o90_d512/afifo_i90o90_d512_sim_netlist.V 
# -- Compiling module afifo_i90o90_d512
# -- Compiling module afifo_i90o90_d512_xpm_cdc_async_rst
# -- Compiling module afifo_i90o90_d512_xpm_cdc_async_rst__1
# -- Compiling module afifo_i90o90_d512_xpm_cdc_gray
# -- Compiling module afifo_i90o90_d512_xpm_cdc_gray__2
# -- Compiling module afifo_i90o90_d512_xpm_cdc_single
# -- Compiling module afifo_i90o90_d512_xpm_cdc_single__2
# -- Compiling module glbl
# 
# Top level modules:
# 	afifo_i90o90_d512
# 	glbl
# End time: 13:26:23 on Mar 17,2025, Elapsed time: 0:00:01
# Errors: 0, Warnings: 0
# Model Technology ModelSim SE-64 vlog 2020.4 Compiler 2020.10 Oct 13 2020
# Start time: 13:26:23 on Mar 17,2025
# vlog -reportprogress 300 -work work ../rtl/00_xilinx_ip/2_sfifo/sfifo_i72o72_d512/sfifo_i72o72_d512_sim_netlist.V 
# -- Compiling module sfifo_i72o72_d512
# -- Compiling module glbl
# 
# Top level modules:
# 	sfifo_i72o72_d512
# 	glbl
# End time: 13:26:23 on Mar 17,2025, Elapsed time: 0:00:00
# Errors: 0, Warnings: 0
# Model Technology ModelSim SE-64 vlog 2020.4 Compiler 2020.10 Oct 13 2020
# Start time: 13:26:23 on Mar 17,2025
# vlog -reportprogress 300 -work work ../rtl/00_xilinx_ip/2_sfifo/sfifo_i180_o180_d512/sfifo_i180_o180_d512_sim_netlist.V 
# -- Compiling module sfifo_i180_o180_d512
# -- Compiling module glbl
# 
# Top level modules:
# 	sfifo_i180_o180_d512
# 	glbl
# End time: 13:26:24 on Mar 17,2025, Elapsed time: 0:00:01
# Errors: 0, Warnings: 0
# Model Technology ModelSim SE-64 vlog 2020.4 Compiler 2020.10 Oct 13 2020
# Start time: 13:26:24 on Mar 17,2025
# vlog -reportprogress 300 -work work ../rtl/00_xilinx_ip/2_sfifo/sfifo_i108o108_d512/sfifo_i108o108_d512_sim_netlist.V 
# -- Compiling module sfifo_i108o108_d512
# -- Compiling module glbl
# 
# Top level modules:
# 	sfifo_i108o108_d512
# 	glbl
# End time: 13:26:24 on Mar 17,2025, Elapsed time: 0:00:00
# Errors: 0, Warnings: 0
# Model Technology ModelSim SE-64 vlog 2020.4 Compiler 2020.10 Oct 13 2020
# Start time: 13:26:24 on Mar 17,2025
# vlog -reportprogress 300 -work work ../rtl/01_user_ip/pulse_gen.v 
# -- Compiling module PULSE_GEN
# 
# Top level modules:
# 	PULSE_GEN
# End time: 13:26:24 on Mar 17,2025, Elapsed time: 0:00:00
# Errors: 0, Warnings: 0
# Model Technology ModelSim SE-64 vlog 2020.4 Compiler 2020.10 Oct 13 2020
# Start time: 13:26:24 on Mar 17,2025
# vlog -reportprogress 300 -work work ../rtl/03_pcie_if_gx/pcie_dn_arbit.v ../rtl/03_pcie_if_gx/pcie_dn_cpld_dpk.v ../rtl/03_pcie_if_gx/pcie_dn_cpld_if.v ../rtl/03_pcie_if_gx/pcie_dn_dek.v ../rtl/03_pcie_if_gx/pcie_dn_dma - 副本 (2).v ../rtl/03_pcie_if_gx/pcie_dn_dma - 副本.v ../rtl/03_pcie_if_gx/pcie_dn_dma.v ../rtl/03_pcie_if_gx/pcie_dn_if.v ../rtl/03_pcie_if_gx/pcie_dn_lbuf.v ../rtl/03_pcie_if_gx/pcie_dn_reg.v ../rtl/03_pcie_if_gx/pcie_if_gx_x1.v ../rtl/03_pcie_if_gx/pcie_int.v ../rtl/03_pcie_if_gx/pcie_reg_ack.v ../rtl/03_pcie_if_gx/pcie_reg_if.v ../rtl/03_pcie_if_gx/pcie_reg_int.v ../rtl/03_pcie_if_gx/pcie_rx.v ../rtl/03_pcie_if_gx/pcie_tx.v ../rtl/03_pcie_if_gx/pcie_up_arbit.v ../rtl/03_pcie_if_gx/pcie_up_dma.v ../rtl/03_pcie_if_gx/pcie_up_if.v ../rtl/03_pcie_if_gx/pcie_up_lbuf.v ../rtl/03_pcie_if_gx/pcie_up_reg.v ../rtl/03_pcie_if_gx/pcie_up_ufk.v 
# -- Compiling module PCIE_DN_ARBIT
# -- Compiling module PCIE_DN_CPLD_DPK
# -- Compiling module PCIE_DN_CPLD_IF
# -- Compiling module PCIE_DN_DEK
# -- Compiling module PCIE_DN_DMA
# -- Compiling module PCIE_DN_DMA
# ** Warning: ../rtl/03_pcie_if_gx/pcie_dn_dma - 副本.v(17): (vlog-2275) Existing module 'PCIE_DN_DMA' at ../rtl/03_pcie_if_gx/pcie_dn_dma - 副本 (2).v(17) will be overwritten.
# -- Compiling module PCIE_DN_DMA
# ** Warning: ../rtl/03_pcie_if_gx/pcie_dn_dma.v(17): (vlog-2275) Existing module 'PCIE_DN_DMA' at ../rtl/03_pcie_if_gx/pcie_dn_dma - 副本.v(17) will be overwritten.
# ** Error: (vlog-13069) ../rtl/03_pcie_if_gx/pcie_dn_dma.v(328): near "always": syntax error, unexpected always.
# -- Compiling module PCIE_DN_IF
# -- Compiling module PCIE_DN_LBUF
# -- Compiling module PCIE_DN_REG
# -- Compiling module PCIE_IF_GX
# -- Compiling module PCIE_INT
# -- Compiling module PCIE_REG_ACK
# -- Compiling module PCIE_REG_IF
# -- Compiling module PCIE_REG_INT
# -- Compiling module PCIE_RX
# -- Compiling module PCIE_TX
# -- Compiling module PCIE_UP_ARBIT
# -- Compiling module PCIE_UP_DMA
# -- Compiling module PCIE_UP_IF
# -- Compiling module PCIE_UP_LBUF
# -- Compiling module PCIE_UP_REG
# -- Compiling module PCIE_UP_UFK
# End time: 13:26:24 on Mar 17,2025, Elapsed time: 0:00:00
# Errors: 1, Warnings: 2
# ** Error: C:/modeltech64_2020.4/win64/vlog failed.
# Error in macro ./do/compile_rtl.do line 22
# C:/modeltech64_2020.4/win64/vlog failed.
#     while executing
# "vlog    -reportprogress 300 -work work      ../rtl/03_pcie_if_gx/*.V"
do do/compile_all.do
# ** Warning: (vlib-34) Library already exists at "work".
# Errors: 0, Warnings: 1
# Model Technology ModelSim SE-64 vmap 2020.4 Lib Mapping Utility 2020.10 Oct 13 2020
# vmap work 
# Reading C:/modeltech64_2020.4/win64/../modelsim.ini
# "work" maps to directory ./work. (Default mapping)
# Model Technology ModelSim SE-64 vlog 2020.4 Compiler 2020.10 Oct 13 2020
# Start time: 13:26:46 on Mar 17,2025
# vlog -reportprogress 300 -work work sim_model/lib/glbl.v 
# -- Compiling module glbl
# 
# Top level modules:
# 	glbl
# End time: 13:26:46 on Mar 17,2025, Elapsed time: 0:00:00
# Errors: 0, Warnings: 0
# ** Warning: (vlib-34) Library already exists at "work".
# Errors: 0, Warnings: 1
# Model Technology ModelSim SE-64 vmap 2020.4 Lib Mapping Utility 2020.10 Oct 13 2020
# vmap work 
# Reading C:/modeltech64_2020.4/win64/../modelsim.ini
# "work" maps to directory ./work. (Default mapping)
# Model Technology ModelSim SE-64 vlog 2020.4 Compiler 2020.10 Oct 13 2020
# Start time: 13:26:47 on Mar 17,2025
# vlog -reportprogress 300 -work work ../rtl/00_xilinx_ip/0_sbram/sram_i64o64_d256/sram_i64o64_d256_sim_netlist.V 
# -- Compiling module sram_i64o64_d256
# -- Compiling module glbl
# 
# Top level modules:
# 	sram_i64o64_d256
# 	glbl
# End time: 13:26:47 on Mar 17,2025, Elapsed time: 0:00:00
# Errors: 0, Warnings: 0
# Model Technology ModelSim SE-64 vlog 2020.4 Compiler 2020.10 Oct 13 2020
# Start time: 13:26:47 on Mar 17,2025
# vlog -reportprogress 300 -work work ../rtl/00_xilinx_ip/1_afifo/afifo_i72o72_d2048/afifo_i72o72_d2048_sim_netlist.V 
# -- Compiling module afifo_i72o72_d2048
# -- Compiling module afifo_i72o72_d2048_xpm_cdc_async_rst
# -- Compiling module afifo_i72o72_d2048_xpm_cdc_async_rst__1
# -- Compiling module afifo_i72o72_d2048_xpm_cdc_gray
# -- Compiling module afifo_i72o72_d2048_xpm_cdc_gray__2
# -- Compiling module afifo_i72o72_d2048_xpm_cdc_single
# -- Compiling module afifo_i72o72_d2048_xpm_cdc_single__2
# -- Compiling module glbl
# 
# Top level modules:
# 	afifo_i72o72_d2048
# 	glbl
# End time: 13:26:47 on Mar 17,2025, Elapsed time: 0:00:00
# Errors: 0, Warnings: 0
# Model Technology ModelSim SE-64 vlog 2020.4 Compiler 2020.10 Oct 13 2020
# Start time: 13:26:48 on Mar 17,2025
# vlog -reportprogress 300 -work work ../rtl/00_xilinx_ip/1_afifo/afifo_i90o90_d512/afifo_i90o90_d512_sim_netlist.V 
# -- Compiling module afifo_i90o90_d512
# -- Compiling module afifo_i90o90_d512_xpm_cdc_async_rst
# -- Compiling module afifo_i90o90_d512_xpm_cdc_async_rst__1
# -- Compiling module afifo_i90o90_d512_xpm_cdc_gray
# -- Compiling module afifo_i90o90_d512_xpm_cdc_gray__2
# -- Compiling module afifo_i90o90_d512_xpm_cdc_single
# -- Compiling module afifo_i90o90_d512_xpm_cdc_single__2
# -- Compiling module glbl
# 
# Top level modules:
# 	afifo_i90o90_d512
# 	glbl
# End time: 13:26:48 on Mar 17,2025, Elapsed time: 0:00:00
# Errors: 0, Warnings: 0
# Model Technology ModelSim SE-64 vlog 2020.4 Compiler 2020.10 Oct 13 2020
# Start time: 13:26:48 on Mar 17,2025
# vlog -reportprogress 300 -work work ../rtl/00_xilinx_ip/2_sfifo/sfifo_i72o72_d512/sfifo_i72o72_d512_sim_netlist.V 
# -- Compiling module sfifo_i72o72_d512
# -- Compiling module glbl
# 
# Top level modules:
# 	sfifo_i72o72_d512
# 	glbl
# End time: 13:26:48 on Mar 17,2025, Elapsed time: 0:00:00
# Errors: 0, Warnings: 0
# Model Technology ModelSim SE-64 vlog 2020.4 Compiler 2020.10 Oct 13 2020
# Start time: 13:26:49 on Mar 17,2025
# vlog -reportprogress 300 -work work ../rtl/00_xilinx_ip/2_sfifo/sfifo_i180_o180_d512/sfifo_i180_o180_d512_sim_netlist.V 
# -- Compiling module sfifo_i180_o180_d512
# -- Compiling module glbl
# 
# Top level modules:
# 	sfifo_i180_o180_d512
# 	glbl
# End time: 13:26:49 on Mar 17,2025, Elapsed time: 0:00:00
# Errors: 0, Warnings: 0
# Model Technology ModelSim SE-64 vlog 2020.4 Compiler 2020.10 Oct 13 2020
# Start time: 13:26:49 on Mar 17,2025
# vlog -reportprogress 300 -work work ../rtl/00_xilinx_ip/2_sfifo/sfifo_i108o108_d512/sfifo_i108o108_d512_sim_netlist.V 
# -- Compiling module sfifo_i108o108_d512
# -- Compiling module glbl
# 
# Top level modules:
# 	sfifo_i108o108_d512
# 	glbl
# End time: 13:26:49 on Mar 17,2025, Elapsed time: 0:00:00
# Errors: 0, Warnings: 0
# Model Technology ModelSim SE-64 vlog 2020.4 Compiler 2020.10 Oct 13 2020
# Start time: 13:26:49 on Mar 17,2025
# vlog -reportprogress 300 -work work ../rtl/01_user_ip/pulse_gen.v 
# -- Compiling module PULSE_GEN
# 
# Top level modules:
# 	PULSE_GEN
# End time: 13:26:49 on Mar 17,2025, Elapsed time: 0:00:00
# Errors: 0, Warnings: 0
# Model Technology ModelSim SE-64 vlog 2020.4 Compiler 2020.10 Oct 13 2020
# Start time: 13:26:49 on Mar 17,2025
# vlog -reportprogress 300 -work work ../rtl/03_pcie_if_gx/pcie_dn_arbit.v ../rtl/03_pcie_if_gx/pcie_dn_cpld_dpk.v ../rtl/03_pcie_if_gx/pcie_dn_cpld_if.v ../rtl/03_pcie_if_gx/pcie_dn_dek.v ../rtl/03_pcie_if_gx/pcie_dn_dma - 副本 (2).v ../rtl/03_pcie_if_gx/pcie_dn_dma - 副本.v ../rtl/03_pcie_if_gx/pcie_dn_dma.v ../rtl/03_pcie_if_gx/pcie_dn_if.v ../rtl/03_pcie_if_gx/pcie_dn_lbuf.v ../rtl/03_pcie_if_gx/pcie_dn_reg.v ../rtl/03_pcie_if_gx/pcie_if_gx_x1.v ../rtl/03_pcie_if_gx/pcie_int.v ../rtl/03_pcie_if_gx/pcie_reg_ack.v ../rtl/03_pcie_if_gx/pcie_reg_if.v ../rtl/03_pcie_if_gx/pcie_reg_int.v ../rtl/03_pcie_if_gx/pcie_rx.v ../rtl/03_pcie_if_gx/pcie_tx.v ../rtl/03_pcie_if_gx/pcie_up_arbit.v ../rtl/03_pcie_if_gx/pcie_up_dma.v ../rtl/03_pcie_if_gx/pcie_up_if.v ../rtl/03_pcie_if_gx/pcie_up_lbuf.v ../rtl/03_pcie_if_gx/pcie_up_reg.v ../rtl/03_pcie_if_gx/pcie_up_ufk.v 
# -- Compiling module PCIE_DN_ARBIT
# -- Compiling module PCIE_DN_CPLD_DPK
# -- Compiling module PCIE_DN_CPLD_IF
# -- Compiling module PCIE_DN_DEK
# -- Compiling module PCIE_DN_DMA
# -- Compiling module PCIE_DN_DMA
# ** Warning: ../rtl/03_pcie_if_gx/pcie_dn_dma - 副本.v(17): (vlog-2275) Existing module 'PCIE_DN_DMA' at ../rtl/03_pcie_if_gx/pcie_dn_dma - 副本 (2).v(17) will be overwritten.
# -- Compiling module PCIE_DN_DMA
# ** Warning: ../rtl/03_pcie_if_gx/pcie_dn_dma.v(17): (vlog-2275) Existing module 'PCIE_DN_DMA' at ../rtl/03_pcie_if_gx/pcie_dn_dma - 副本.v(17) will be overwritten.
# -- Compiling module PCIE_DN_IF
# -- Compiling module PCIE_DN_LBUF
# -- Compiling module PCIE_DN_REG
# -- Compiling module PCIE_IF_GX
# -- Compiling module PCIE_INT
# -- Compiling module PCIE_REG_ACK
# -- Compiling module PCIE_REG_IF
# -- Compiling module PCIE_REG_INT
# -- Compiling module PCIE_RX
# -- Compiling module PCIE_TX
# -- Compiling module PCIE_UP_ARBIT
# -- Compiling module PCIE_UP_DMA
# -- Compiling module PCIE_UP_IF
# -- Compiling module PCIE_UP_LBUF
# -- Compiling module PCIE_UP_REG
# -- Compiling module PCIE_UP_UFK
# 
# Top level modules:
# 	PCIE_IF_GX
# 	PCIE_INT
# End time: 13:26:49 on Mar 17,2025, Elapsed time: 0:00:00
# Errors: 0, Warnings: 2
# Model Technology ModelSim SE-64 vlog 2020.4 Compiler 2020.10 Oct 13 2020
# Start time: 13:26:50 on Mar 17,2025
# vlog -reportprogress 300 -work work ../rtl/04_bist/bist_reg.v ../rtl/04_bist/ram_bist.v 
# -- Compiling module BIST_REG
# -- Compiling module RAM_BIST
# 
# Top level modules:
# 	BIST_REG
# 	RAM_BIST
# End time: 13:26:50 on Mar 17,2025, Elapsed time: 0:00:00
# Errors: 0, Warnings: 0
# Model Technology ModelSim SE-64 vlog 2020.4 Compiler 2020.10 Oct 13 2020
# Start time: 13:26:50 on Mar 17,2025
# vlog -reportprogress 300 -work work ../rtl/05_pc_sim/pc_sim.v 
# -- Compiling module PC_SIM
# 
# Top level modules:
# 	PC_SIM
# End time: 13:26:50 on Mar 17,2025, Elapsed time: 0:00:00
# Errors: 0, Warnings: 0
# Model Technology ModelSim SE-64 vlog 2020.4 Compiler 2020.10 Oct 13 2020
# Start time: 13:26:50 on Mar 17,2025
# vlog -reportprogress 300 -work work ../rtl/fpga_top_sim.V 
# -- Compiling module FPGA_TOP_SIM
# 
# Top level modules:
# 	FPGA_TOP_SIM
# End time: 13:26:50 on Mar 17,2025, Elapsed time: 0:00:00
# Errors: 0, Warnings: 0
# ** Warning: (vlib-34) Library already exists at "work".
# Errors: 0, Warnings: 1
# Model Technology ModelSim SE-64 vmap 2020.4 Lib Mapping Utility 2020.10 Oct 13 2020
# vmap work 
# Reading C:/modeltech64_2020.4/win64/../modelsim.ini
# "work" maps to directory ./work. (Default mapping)
# Model Technology ModelSim SE-64 vlog 2020.4 Compiler 2020.10 Oct 13 2020
# Start time: 13:26:51 on Mar 17,2025
# vlog -reportprogress 300 -work work sim_model/define/define.v 
# End time: 13:26:51 on Mar 17,2025, Elapsed time: 0:00:00
# Errors: 0, Warnings: 0
# Model Technology ModelSim SE-64 vlog 2020.4 Compiler 2020.10 Oct 13 2020
# Start time: 13:26:51 on Mar 17,2025
# vlog -reportprogress 300 "+define+tb_00=1" -work work "+incdir+{sim_model/define}" sim_model/sim_model.v 
# -- Compiling module SIM_MODEL
# 
# Top level modules:
# 	SIM_MODEL
# End time: 13:26:51 on Mar 17,2025, Elapsed time: 0:00:00
# Errors: 0, Warnings: 0
# Model Technology ModelSim SE-64 vlog 2020.4 Compiler 2020.10 Oct 13 2020
# Start time: 13:26:51 on Mar 17,2025
# vlog -reportprogress 300 "+define+tb_00=1" -work work "+incdir+{sim_model/define}" sim_model/tb_top.v 
# -- Compiling module tb_top
# 
# Top level modules:
# 	tb_top
# End time: 13:26:51 on Mar 17,2025, Elapsed time: 0:00:00
# Errors: 0, Warnings: 0
do do/tb_02.do
# Model Technology ModelSim SE-64 vlog 2020.4 Compiler 2020.10 Oct 13 2020
# Start time: 13:26:53 on Mar 17,2025
# vlog -reportprogress 300 "+define+tb_02=1" -work work sim_model\define\define.v 
# End time: 13:26:53 on Mar 17,2025, Elapsed time: 0:00:00
# Errors: 0, Warnings: 0
# Model Technology ModelSim SE-64 vlog 2020.4 Compiler 2020.10 Oct 13 2020
# Start time: 13:26:53 on Mar 17,2025
# vlog -reportprogress 300 "+define+tb_02=1" -work work "+incdir+{sim_modeldefine}" sim_model\tb_top.v 
# -- Compiling module tb_top
# 
# Top level modules:
# 	tb_top
# End time: 13:26:53 on Mar 17,2025, Elapsed time: 0:00:00
# Errors: 0, Warnings: 0
# End time: 13:26:56 on Mar 17,2025, Elapsed time: 3:08:41
# Errors: 1, Warnings: 9
# vsim -t 1ps -c -l ./log/vsim_tb_02_report.log work.tb_top -L fifo_generator_v13_2_5 -L blk_mem_gen_v8_4_4 -L UNISIMS_VER -L SECUREIP -L SIMPRIMS_VER -L work -voptargs="+acc" work.glbl -wav ./wave/tb_02.wlf 
# Start time: 13:26:56 on Mar 17,2025
# ** Note: (vsim-3813) Design is being optimized due to module recompilation...
# ** Note: (vopt-143) Recognized 1 FSM in module "PCIE_DN_DMA(fast__1)".
# ** Note: (vopt-143) Recognized 1 FSM in module "PCIE_DN_DMA(fast)".
# Loading work.tb_top(fast)
# Loading work.SIM_MODEL(fast)
# Loading work.PC_SIM(fast)
# Loading work.PCIE_IF_GX(fast)
# Loading work.PCIE_RX(fast)
# Loading work.sfifo_i180_o180_d512(fast)
# Loading UNISIMS_VER.GND(fast)
# Loading UNISIMS_VER.LUT1(fast)
# Loading UNISIMS_VER.LUT2(fast)
# Loading UNISIMS_VER.LUT3(fast)
# Loading UNISIMS_VER.FDRE(fast)
# Loading UNISIMS_VER.CARRY4(fast)
# Loading UNISIMS_VER.LUT5(fast)
# Loading UNISIMS_VER.LUT5(fast__1)
# Loading UNISIMS_VER.FDSE(fast)
# Loading UNISIMS_VER.LUT4(fast)
# Loading UNISIMS_VER.LUT4(fast__1)
# Loading UNISIMS_VER.LUT3(fast__1)
# Loading UNISIMS_VER.LUT3(fast__2)
# Loading UNISIMS_VER.LUT4(fast__2)
# Loading UNISIMS_VER.LUT6(fast)
# Loading UNISIMS_VER.LUT2(fast__1)
# Loading UNISIMS_VER.LUT3(fast__3)
# Loading UNISIMS_VER.LUT4(fast__3)
# Loading UNISIMS_VER.LUT5(fast__2)
# Loading UNISIMS_VER.LUT6(fast__1)
# Loading UNISIMS_VER.LUT6(fast__2)
# Loading UNISIMS_VER.LUT4(fast__4)
# Loading UNISIMS_VER.LUT2(fast__2)
# Loading UNISIMS_VER.LUT5(fast__3)
# Loading UNISIMS_VER.LUT4(fast__5)
# Loading UNISIMS_VER.LUT6(fast__3)
# Loading UNISIMS_VER.LUT1(fast__1)
# Loading UNISIMS_VER.RAMB18E1(fast)
# Loading UNISIMS_VER.RB18_INTERNAL_VLOG(fast)
# Loading UNISIMS_VER.RAMB36E1(fast)
# Loading UNISIMS_VER.RB36_INTERNAL_VLOG(fast)
# Loading work.PCIE_TX(fast)
# Loading work.sfifo_i72o72_d512(fast)
# Loading UNISIMS_VER.LUT2(fast__3)
# Loading UNISIMS_VER.RAMB36E1(fast__1)
# Loading UNISIMS_VER.RB36_INTERNAL_VLOG(fast__1)
# Loading work.PCIE_REG_IF(fast)
# Loading work.PCIE_REG_ACK(fast)
# Loading work.PCIE_REG_INT(fast)
# Loading work.PCIE_DN_REG(fast)
# Loading work.PCIE_UP_REG(fast)
# Loading work.PCIE_DN_CPLD_IF(fast)
# Loading work.PCIE_DN_IF(fast)
# Loading work.afifo_i90o90_d512(fast)
# Loading work.afifo_i90o90_d512_xpm_cdc_gray(fast)
# Loading UNISIMS_VER.LUT4(fast__6)
# Loading UNISIMS_VER.LUT3(fast__4)
# Loading UNISIMS_VER.LUT6(fast__4)
# Loading UNISIMS_VER.LUT5(fast__4)
# Loading work.afifo_i90o90_d512_xpm_cdc_gray__2(fast)
# Loading UNISIMS_VER.FDPE(fast)
# Loading UNISIMS_VER.LUT4(fast__7)
# Loading UNISIMS_VER.FDCE(fast)
# Loading UNISIMS_VER.LUT4(fast__8)
# Loading UNISIMS_VER.LUT6(fast__5)
# Loading UNISIMS_VER.LUT5(fast__5)
# Loading UNISIMS_VER.LUT6(fast__6)
# Loading UNISIMS_VER.LUT5(fast__6)
# Loading UNISIMS_VER.LUT5(fast__7)
# Loading UNISIMS_VER.LUT5(fast__8)
# Loading UNISIMS_VER.LUT5(fast__9)
# Loading UNISIMS_VER.RAM64M(fast)
# Loading UNISIMS_VER.LUT6(fast__7)
# Loading UNISIMS_VER.MUXF7(fast)
# Loading UNISIMS_VER.LUT2(fast__4)
# Loading work.afifo_i90o90_d512_xpm_cdc_async_rst(fast)
# Loading UNISIMS_VER.FDPE(fast__1)
# Loading UNISIMS_VER.LUT3(fast__5)
# Loading UNISIMS_VER.LUT5(fast__10)
# Loading work.afifo_i90o90_d512_xpm_cdc_single(fast)
# Loading work.afifo_i90o90_d512_xpm_cdc_single__2(fast)
# Loading work.afifo_i90o90_d512_xpm_cdc_async_rst__1(fast)
# Loading work.PCIE_DN_LBUF(fast)
# Loading work.afifo_i72o72_d2048(fast)
# Loading work.afifo_i72o72_d2048_xpm_cdc_gray(fast)
# Loading work.afifo_i72o72_d2048_xpm_cdc_gray__2(fast)
# Loading UNISIMS_VER.LUT6(fast__8)
# Loading UNISIMS_VER.LUT6(fast__9)
# Loading UNISIMS_VER.LUT6(fast__10)
# Loading UNISIMS_VER.LUT6(fast__11)
# Loading UNISIMS_VER.LUT6(fast__12)
# Loading work.afifo_i72o72_d2048_xpm_cdc_async_rst(fast)
# Loading work.afifo_i72o72_d2048_xpm_cdc_single(fast)
# Loading work.afifo_i72o72_d2048_xpm_cdc_single__2(fast)
# Loading work.afifo_i72o72_d2048_xpm_cdc_async_rst__1(fast)
# Loading work.PULSE_GEN(fast)
# Loading work.PCIE_DN_DEK(fast)
# Loading work.PCIE_DN_DMA(fast)
# Loading work.PCIE_DN_CPLD_DPK(fast)
# Loading work.sram_i64o64_d256(fast)
# Loading UNISIMS_VER.RAMB36E1(fast__2)
# Loading UNISIMS_VER.RB36_INTERNAL_VLOG(fast__2)
# Loading UNISIMS_VER.LUT3(fast__6)
# Loading UNISIMS_VER.SRL16E(fast)
# Loading UNISIMS_VER.LUT4(fast__9)
# Loading work.PCIE_DN_DEK(fast__1)
# Loading work.PCIE_DN_DMA(fast__1)
# Loading work.PCIE_DN_ARBIT(fast)
# Loading work.PCIE_UP_IF(fast)
# Loading work.PCIE_UP_LBUF(fast)
# Loading work.PCIE_UP_UFK(fast)
# Loading work.PCIE_UP_DMA(fast)
# Loading work.PCIE_UP_UFK(fast__1)
# Loading work.PCIE_UP_DMA(fast__1)
# Loading work.PCIE_UP_ARBIT(fast)
# Loading work.BIST_REG(fast)
# Loading work.glbl(fast)
# ** Warning: (vsim-3015) [PCDPC] - Port size (12) does not match connection size (16) for port 'DRAM_WR_SIZE'. The port definition is at: ../rtl/05_pc_sim/pc_sim.v(26).
#    Time: 0 ps  Iteration: 0  Instance: /tb_top/U_PC_SIM File: sim_model/tb_top.v Line: 708
# ** Warning: (vsim-3015) [PCDPC] - Port size (1) does not match connection size (64) for port 'rsta_busy'. The port definition is at: ../rtl/00_xilinx_ip/0_sbram/sram_i64o64_d256/sram_i64o64_d256_sim_netlist.V(26).
#    Time: 0 ps  Iteration: 0  Instance: /tb_top/U_PCIE_IF_GX/GROUP_DN[0]/U_PCIE_DN_CPLD_DPK/U_DBUF File: ../rtl/03_pcie_if_gx/pcie_dn_cpld_dpk.v Line: 158
# ** Warning: (vsim-3015) [PCDPC] - Port size (1) does not match connection size (64) for port 'rstb_busy'. The port definition is at: ../rtl/00_xilinx_ip/0_sbram/sram_i64o64_d256/sram_i64o64_d256_sim_netlist.V(27).
#    Time: 0 ps  Iteration: 0  Instance: /tb_top/U_PCIE_IF_GX/GROUP_DN[0]/U_PCIE_DN_CPLD_DPK/U_DBUF File: ../rtl/03_pcie_if_gx/pcie_dn_cpld_dpk.v Line: 158
# ** Warning: (vsim-3015) [PCDPC] - Port size (1) does not match connection size (64) for port 'rsta_busy'. The port definition is at: ../rtl/00_xilinx_ip/0_sbram/sram_i64o64_d256/sram_i64o64_d256_sim_netlist.V(26).
#    Time: 0 ps  Iteration: 0  Instance: /tb_top/U_PCIE_IF_GX/GROUP_DN[1]/U_PCIE_DN_CPLD_DPK/U_DBUF File: ../rtl/03_pcie_if_gx/pcie_dn_cpld_dpk.v Line: 158
# ** Warning: (vsim-3015) [PCDPC] - Port size (1) does not match connection size (64) for port 'rstb_busy'. The port definition is at: ../rtl/00_xilinx_ip/0_sbram/sram_i64o64_d256/sram_i64o64_d256_sim_netlist.V(27).
#    Time: 0 ps  Iteration: 0  Instance: /tb_top/U_PCIE_IF_GX/GROUP_DN[1]/U_PCIE_DN_CPLD_DPK/U_DBUF File: ../rtl/03_pcie_if_gx/pcie_dn_cpld_dpk.v Line: 158
# ** Warning: (vsim-WLF-5000) WLF file currently in use: ./wave/tb_02.wlf
#           File in use by: DELL  Hostname: DESKTOP-OBM7L7C  ProcessID: 13856
#           Attempting to use alternate WLF file "./wave/wlftkbnxac".
# ** Warning: (vsim-WLF-5001) Could not open WLF file: ./wave/tb_02.wlf
#           Using alternate file: ./wave/wlftkbnxac
# ** Warning: (vsim-PLI-3407) Too many data words read on line 8193 of file "tb_pattern/tb_02/file_i/dram0_wr.txt". (Current address [8193], address range [1:8192])    : sim_model/sim_model.v(1198)
#    Time: 0 ps  Iteration: 0  Instance: /tb_top/U_SIM_MODEL
# ** Warning: (vsim-PLI-3407) Too many data words read on line 8193 of file "tb_pattern/tb_02/file_i/dram1_wr.txt". (Current address [8193], address range [1:8192])    : sim_model/sim_model.v(1199)
#    Time: 0 ps  Iteration: 0  Instance: /tb_top/U_SIM_MODEL
#  
# ******<<<<<<<<<<<<<<<<<<<<<<Simulation tb_02 start>>>>>>>>>>>>>>>>>>>>>>> ******
#  
# ---- Initial simulation
# ---- clock ---- 1111 ---- enable
# ---- Wait for  64 cycles
# Memory Collision Error on RAMB36E1 : tb_top.U_PCIE_IF_GX.GROUP_DN[1].U_PCIE_DN_CPLD_DPK.U_DBUF.U0.<protected>.<protected>.<protected>.<protected>.<protected>.<protected>.gen_tdp.INT_RAMB_TDP.chk_for_col_msg at simulation time 118.000 ns.
# A read was performed on address 801f (hex) of port B while a write was requested to the same address on port A.  The write will be successful however the read value on port B is unknown until the next CLKB cycle.
# Memory Collision Error on RAMB36E1 : tb_top.U_PCIE_IF_GX.GROUP_DN[1].U_PCIE_DN_CPLD_DPK.U_DBUF.U0.<protected>.<protected>.<protected>.<protected>.<protected>.<protected>.gen_tdp.INT_RAMB_TDP.chk_for_col_msg at simulation time 118.000 ns.
# A read was performed on address 801f (hex) of port B while a write was requested to the same address on port A.  The write will be successful however the read value on port B is unknown until the next CLKB cycle.
# Memory Collision Error on RAMB36E1 : tb_top.U_PCIE_IF_GX.GROUP_DN[0].U_PCIE_DN_CPLD_DPK.U_DBUF.U0.<protected>.<protected>.<protected>.<protected>.<protected>.<protected>.gen_tdp.INT_RAMB_TDP.chk_for_col_msg at simulation time 118.000 ns.
# A read was performed on address 801f (hex) of port B while a write was requested to the same address on port A.  The write will be successful however the read value on port B is unknown until the next CLKB cycle.
# Memory Collision Error on RAMB36E1 : tb_top.U_PCIE_IF_GX.GROUP_DN[0].U_PCIE_DN_CPLD_DPK.U_DBUF.U0.<protected>.<protected>.<protected>.<protected>.<protected>.<protected>.gen_tdp.INT_RAMB_TDP.chk_for_col_msg at simulation time 118.000 ns.
# A read was performed on address 801f (hex) of port B while a write was requested to the same address on port A.  The write will be successful however the read value on port B is unknown until the next CLKB cycle.
# Memory Collision Error on RAMB36E1 : tb_top.U_PCIE_IF_GX.GROUP_DN[1].U_PCIE_DN_CPLD_DPK.U_DBUF.U0.<protected>.<protected>.<protected>.<protected>.<protected>.<protected>.gen_tdp.INT_RAMB_TDP.chk_for_col_msg at simulation time 122.000 ns.
# A read was performed on address 801f (hex) of port B while a write was requested to the same address on port A.  The write will be successful however the read value on port B is unknown until the next CLKB cycle.
# Memory Collision Error on RAMB36E1 : tb_top.U_PCIE_IF_GX.GROUP_DN[1].U_PCIE_DN_CPLD_DPK.U_DBUF.U0.<protected>.<protected>.<protected>.<protected>.<protected>.<protected>.gen_tdp.INT_RAMB_TDP.chk_for_col_msg at simulation time 122.000 ns.
# A read was performed on address 801f (hex) of port B while a write was requested to the same address on port A.  The write will be successful however the read value on port B is unknown until the next CLKB cycle.
# Memory Collision Error on RAMB36E1 : tb_top.U_PCIE_IF_GX.GROUP_DN[0].U_PCIE_DN_CPLD_DPK.U_DBUF.U0.<protected>.<protected>.<protected>.<protected>.<protected>.<protected>.gen_tdp.INT_RAMB_TDP.chk_for_col_msg at simulation time 122.000 ns.
# A read was performed on address 801f (hex) of port B while a write was requested to the same address on port A.  The write will be successful however the read value on port B is unknown until the next CLKB cycle.
# Memory Collision Error on RAMB36E1 : tb_top.U_PCIE_IF_GX.GROUP_DN[0].U_PCIE_DN_CPLD_DPK.U_DBUF.U0.<protected>.<protected>.<protected>.<protected>.<protected>.<protected>.gen_tdp.INT_RAMB_TDP.chk_for_col_msg at simulation time 122.000 ns.
# A read was performed on address 801f (hex) of port B while a write was requested to the same address on port A.  The write will be successful however the read value on port B is unknown until the next CLKB cycle.
# Memory Collision Error on RAMB36E1 : tb_top.U_PCIE_IF_GX.GROUP_DN[1].U_PCIE_DN_CPLD_DPK.U_DBUF.U0.<protected>.<protected>.<protected>.<protected>.<protected>.<protected>.gen_tdp.INT_RAMB_TDP.chk_for_col_msg at simulation time 126.000 ns.
# A read was performed on address 801f (hex) of port B while a write was requested to the same address on port A.  The write will be successful however the read value on port B is unknown until the next CLKB cycle.
# Memory Collision Error on RAMB36E1 : tb_top.U_PCIE_IF_GX.GROUP_DN[1].U_PCIE_DN_CPLD_DPK.U_DBUF.U0.<protected>.<protected>.<protected>.<protected>.<protected>.<protected>.gen_tdp.INT_RAMB_TDP.chk_for_col_msg at simulation time 126.000 ns.
# A read was performed on address 801f (hex) of port B while a write was requested to the same address on port A.  The write will be successful however the read value on port B is unknown until the next CLKB cycle.
# Memory Collision Error on RAMB36E1 : tb_top.U_PCIE_IF_GX.GROUP_DN[0].U_PCIE_DN_CPLD_DPK.U_DBUF.U0.<protected>.<protected>.<protected>.<protected>.<protected>.<protected>.gen_tdp.INT_RAMB_TDP.chk_for_col_msg at simulation time 126.000 ns.
# A read was performed on address 801f (hex) of port B while a write was requested to the same address on port A.  The write will be successful however the read value on port B is unknown until the next CLKB cycle.
# Memory Collision Error on RAMB36E1 : tb_top.U_PCIE_IF_GX.GROUP_DN[0].U_PCIE_DN_CPLD_DPK.U_DBUF.U0.<protected>.<protected>.<protected>.<protected>.<protected>.<protected>.gen_tdp.INT_RAMB_TDP.chk_for_col_msg at simulation time 126.000 ns.
# A read was performed on address 801f (hex) of port B while a write was requested to the same address on port A.  The write will be successful however the read value on port B is unknown until the next CLKB cycle.
# Memory Collision Error on RAMB36E1 : tb_top.U_PCIE_IF_GX.GROUP_DN[1].U_PCIE_DN_CPLD_DPK.U_DBUF.U0.<protected>.<protected>.<protected>.<protected>.<protected>.<protected>.gen_tdp.INT_RAMB_TDP.chk_for_col_msg at simulation time 130.000 ns.
# A read was performed on address 801f (hex) of port B while a write was requested to the same address on port A.  The write will be successful however the read value on port B is unknown until the next CLKB cycle.
# Memory Collision Error on RAMB36E1 : tb_top.U_PCIE_IF_GX.GROUP_DN[1].U_PCIE_DN_CPLD_DPK.U_DBUF.U0.<protected>.<protected>.<protected>.<protected>.<protected>.<protected>.gen_tdp.INT_RAMB_TDP.chk_for_col_msg at simulation time 130.000 ns.
# A read was performed on address 801f (hex) of port B while a write was requested to the same address on port A.  The write will be successful however the read value on port B is unknown until the next CLKB cycle.
# Memory Collision Error on RAMB36E1 : tb_top.U_PCIE_IF_GX.GROUP_DN[0].U_PCIE_DN_CPLD_DPK.U_DBUF.U0.<protected>.<protected>.<protected>.<protected>.<protected>.<protected>.gen_tdp.INT_RAMB_TDP.chk_for_col_msg at simulation time 130.000 ns.
# A read was performed on address 801f (hex) of port B while a write was requested to the same address on port A.  The write will be successful however the read value on port B is unknown until the next CLKB cycle.
# Memory Collision Error on RAMB36E1 : tb_top.U_PCIE_IF_GX.GROUP_DN[0].U_PCIE_DN_CPLD_DPK.U_DBUF.U0.<protected>.<protected>.<protected>.<protected>.<protected>.<protected>.gen_tdp.INT_RAMB_TDP.chk_for_col_msg at simulation time 130.000 ns.
# A read was performed on address 801f (hex) of port B while a write was requested to the same address on port A.  The write will be successful however the read value on port B is unknown until the next CLKB cycle.
# ---- Wait for  64 cycles end
# ---- Wait for  16 cycles
# ---- Wait for  16 cycles end
# ---- reseting by cycle
# ---- reset0   64 cycle end
# ---- Wait for  16 cycles
# ---- Wait for  16 cycles end
# ---- reseting by ns
# ---- reset1  255 ns end
# ---- Wait for  16 cycles
# ---- Wait for  16 cycles end
# ---- DRAM write PORT :0x01    ADD :0x0000000    SIZE :0x010
# ---- DRAM write end
# ---- Wait for  16 cycles
# ---- Wait for  16 cycles end
# ---- DRAM write PORT :0x01    ADD :0x0000000    SIZE :0x010
# ---- DRAM write end
# ---- Wait for  16 cycles
# ---- Wait for  16 cycles end
# ---- DRAM write PORT :0x01    ADD :0x0000000    SIZE :0x010
# ---- DRAM write end
# ---- Wait for  16 cycles
# ---- Wait for  16 cycles end
# ---- DRAM write PORT :0x01    ADD :0x0000000    SIZE :0x010
# ---- DRAM write end
# ---- Wait for  16 cycles
# ---- Wait for  16 cycles end
# ---- DRAM write PORT :0x01    ADD :0x0000000    SIZE :0x010
# ---- DRAM write end
# ---- Wait for  16 cycles
# ---- Wait for  16 cycles end
# ---- DRAM write PORT :0x01    ADD :0x0000000    SIZE :0x010
# ---- DRAM write end
# ---- Wait for  16 cycles
# ---- Wait for  16 cycles end
# ---- DRAM write PORT :0x01    ADD :0x0000000    SIZE :0x010
# ---- DRAM write end
# ---- Wait for  16 cycles
# ---- Wait for  16 cycles end
# ---- DRAM write PORT :0x01    ADD :0x0000000    SIZE :0x010
# ---- DRAM write end
# ---- Wait for  16 cycles
# ---- Wait for  16 cycles end
# ---- DRAM write PORT :0x01    ADD :0x0000000    SIZE :0x010
# ---- DRAM write end
# ---- Wait for  16 cycles
# ---- Wait for  16 cycles end
# ---- DRAM write PORT :0x01    ADD :0x0000000    SIZE :0x090
# Memory Collision Error on RAMB36E1 : tb_top.U_PCIE_IF_GX.GROUP_DN[0].U_PCIE_DN_CPLD_DPK.U_DBUF.U0.<protected>.<protected>.<protected>.<protected>.<protected>.<protected>.gen_tdp.INT_RAMB_TDP.chk_for_col_msg at simulation time 2102.000 ns.
# A read was performed on address 801f (hex) of port B while a write was requested to the same address on port A.  The write will be successful however the read value on port B is unknown until the next CLKB cycle.
# Memory Collision Error on RAMB36E1 : tb_top.U_PCIE_IF_GX.GROUP_DN[0].U_PCIE_DN_CPLD_DPK.U_DBUF.U0.<protected>.<protected>.<protected>.<protected>.<protected>.<protected>.gen_tdp.INT_RAMB_TDP.chk_for_col_msg at simulation time 2102.000 ns.
# A read was performed on address 801f (hex) of port B while a write was requested to the same address on port A.  The write will be successful however the read value on port B is unknown until the next CLKB cycle.
# ---- DRAM write end
# ---- Wait for  16 cycles
# ---- Wait for  16 cycles end
# ---- DRAM write PORT :0x01    ADD :0x0000000    SIZE :0x090
# Memory Collision Error on RAMB36E1 : tb_top.U_PCIE_IF_GX.GROUP_DN[0].U_PCIE_DN_CPLD_DPK.U_DBUF.U0.<protected>.<protected>.<protected>.<protected>.<protected>.<protected>.gen_tdp.INT_RAMB_TDP.chk_for_col_msg at simulation time 2282.000 ns.
# A read was performed on address 821f (hex) of port B while a write was requested to the same address on port A.  The write will be successful however the read value on port B is unknown until the next CLKB cycle.
# Memory Collision Error on RAMB36E1 : tb_top.U_PCIE_IF_GX.GROUP_DN[0].U_PCIE_DN_CPLD_DPK.U_DBUF.U0.<protected>.<protected>.<protected>.<protected>.<protected>.<protected>.gen_tdp.INT_RAMB_TDP.chk_for_col_msg at simulation time 2282.000 ns.
# A read was performed on address 821f (hex) of port B while a write was requested to the same address on port A.  The write will be successful however the read value on port B is unknown until the next CLKB cycle.
# ---- DRAM write end
# ---- Wait for  16 cycles
# ---- Wait for  16 cycles end
# ---- DRAM write PORT :0x01    ADD :0x0000000    SIZE :0x090
# Memory Collision Error on RAMB36E1 : tb_top.U_PCIE_IF_GX.GROUP_DN[0].U_PCIE_DN_CPLD_DPK.U_DBUF.U0.<protected>.<protected>.<protected>.<protected>.<protected>.<protected>.gen_tdp.INT_RAMB_TDP.chk_for_col_msg at simulation time 2462.000 ns.
# A read was performed on address 841f (hex) of port B while a write was requested to the same address on port A.  The write will be successful however the read value on port B is unknown until the next CLKB cycle.
# Memory Collision Error on RAMB36E1 : tb_top.U_PCIE_IF_GX.GROUP_DN[0].U_PCIE_DN_CPLD_DPK.U_DBUF.U0.<protected>.<protected>.<protected>.<protected>.<protected>.<protected>.gen_tdp.INT_RAMB_TDP.chk_for_col_msg at simulation time 2462.000 ns.
# A read was performed on address 841f (hex) of port B while a write was requested to the same address on port A.  The write will be successful however the read value on port B is unknown until the next CLKB cycle.
# ---- DRAM write end
# ---- Wait for  16 cycles
# ---- Wait for  16 cycles end
# ---- DRAM write PORT :0x01    ADD :0x0000000    SIZE :0x090
# Memory Collision Error on RAMB36E1 : tb_top.U_PCIE_IF_GX.GROUP_DN[0].U_PCIE_DN_CPLD_DPK.U_DBUF.U0.<protected>.<protected>.<protected>.<protected>.<protected>.<protected>.gen_tdp.INT_RAMB_TDP.chk_for_col_msg at simulation time 2642.000 ns.
# A read was performed on address 861f (hex) of port B while a write was requested to the same address on port A.  The write will be successful however the read value on port B is unknown until the next CLKB cycle.
# Memory Collision Error on RAMB36E1 : tb_top.U_PCIE_IF_GX.GROUP_DN[0].U_PCIE_DN_CPLD_DPK.U_DBUF.U0.<protected>.<protected>.<protected>.<protected>.<protected>.<protected>.gen_tdp.INT_RAMB_TDP.chk_for_col_msg at simulation time 2642.000 ns.
# A read was performed on address 861f (hex) of port B while a write was requested to the same address on port A.  The write will be successful however the read value on port B is unknown until the next CLKB cycle.
# ---- DRAM write end
# ---- Wait for  16 cycles
# ---- Wait for  16 cycles end
# ---- DRAM write PORT :0x01    ADD :0x0000000    SIZE :0x090
# Memory Collision Error on RAMB36E1 : tb_top.U_PCIE_IF_GX.GROUP_DN[0].U_PCIE_DN_CPLD_DPK.U_DBUF.U0.<protected>.<protected>.<protected>.<protected>.<protected>.<protected>.gen_tdp.INT_RAMB_TDP.chk_for_col_msg at simulation time 2822.000 ns.
# A read was performed on address 881f (hex) of port B while a write was requested to the same address on port A.  The write will be successful however the read value on port B is unknown until the next CLKB cycle.
# Memory Collision Error on RAMB36E1 : tb_top.U_PCIE_IF_GX.GROUP_DN[0].U_PCIE_DN_CPLD_DPK.U_DBUF.U0.<protected>.<protected>.<protected>.<protected>.<protected>.<protected>.gen_tdp.INT_RAMB_TDP.chk_for_col_msg at simulation time 2822.000 ns.
# A read was performed on address 881f (hex) of port B while a write was requested to the same address on port A.  The write will be successful however the read value on port B is unknown until the next CLKB cycle.
# ---- DRAM write end
# ---- Wait for  16 cycles
# ---- Wait for  16 cycles end
# ---- DRAM write PORT :0x01    ADD :0x0000000    SIZE :0x090
# Memory Collision Error on RAMB36E1 : tb_top.U_PCIE_IF_GX.GROUP_DN[0].U_PCIE_DN_CPLD_DPK.U_DBUF.U0.<protected>.<protected>.<protected>.<protected>.<protected>.<protected>.gen_tdp.INT_RAMB_TDP.chk_for_col_msg at simulation time 3002.000 ns.
# A read was performed on address 8a1f (hex) of port B while a write was requested to the same address on port A.  The write will be successful however the read value on port B is unknown until the next CLKB cycle.
# Memory Collision Error on RAMB36E1 : tb_top.U_PCIE_IF_GX.GROUP_DN[0].U_PCIE_DN_CPLD_DPK.U_DBUF.U0.<protected>.<protected>.<protected>.<protected>.<protected>.<protected>.gen_tdp.INT_RAMB_TDP.chk_for_col_msg at simulation time 3002.000 ns.
# A read was performed on address 8a1f (hex) of port B while a write was requested to the same address on port A.  The write will be successful however the read value on port B is unknown until the next CLKB cycle.
# ---- DRAM write end
# ---- Wait for  16 cycles
# ---- Wait for  16 cycles end
# ---- DRAM write PORT :0x01    ADD :0x0000000    SIZE :0x090
# Memory Collision Error on RAMB36E1 : tb_top.U_PCIE_IF_GX.GROUP_DN[0].U_PCIE_DN_CPLD_DPK.U_DBUF.U0.<protected>.<protected>.<protected>.<protected>.<protected>.<protected>.gen_tdp.INT_RAMB_TDP.chk_for_col_msg at simulation time 3182.000 ns.
# A read was performed on address 8c1f (hex) of port B while a write was requested to the same address on port A.  The write will be successful however the read value on port B is unknown until the next CLKB cycle.
# Memory Collision Error on RAMB36E1 : tb_top.U_PCIE_IF_GX.GROUP_DN[0].U_PCIE_DN_CPLD_DPK.U_DBUF.U0.<protected>.<protected>.<protected>.<protected>.<protected>.<protected>.gen_tdp.INT_RAMB_TDP.chk_for_col_msg at simulation time 3182.000 ns.
# A read was performed on address 8c1f (hex) of port B while a write was requested to the same address on port A.  The write will be successful however the read value on port B is unknown until the next CLKB cycle.
# ---- DRAM write end
# ---- Wait for  16 cycles
# ---- Wait for  16 cycles end
# ---- DRAM write PORT :0x01    ADD :0x0000000    SIZE :0x090
# Memory Collision Error on RAMB36E1 : tb_top.U_PCIE_IF_GX.GROUP_DN[0].U_PCIE_DN_CPLD_DPK.U_DBUF.U0.<protected>.<protected>.<protected>.<protected>.<protected>.<protected>.gen_tdp.INT_RAMB_TDP.chk_for_col_msg at simulation time 3362.000 ns.
# A read was performed on address 8e1f (hex) of port B while a write was requested to the same address on port A.  The write will be successful however the read value on port B is unknown until the next CLKB cycle.
# Memory Collision Error on RAMB36E1 : tb_top.U_PCIE_IF_GX.GROUP_DN[0].U_PCIE_DN_CPLD_DPK.U_DBUF.U0.<protected>.<protected>.<protected>.<protected>.<protected>.<protected>.gen_tdp.INT_RAMB_TDP.chk_for_col_msg at simulation time 3362.000 ns.
# A read was performed on address 8e1f (hex) of port B while a write was requested to the same address on port A.  The write will be successful however the read value on port B is unknown until the next CLKB cycle.
# ---- DRAM write end
# ---- Wait for 255 cycles
# ---- Wait for 255 cycles end
# ---- Wait for   8 us
# ---- Wait           1 us of   8 us
# ---- Wait           2 us of   8 us
# ---- Wait           3 us of   8 us
# ---- Wait           4 us of   8 us
# ---- Wait           5 us of   8 us
# ---- Wait           6 us of   8 us
# ---- Wait           7 us of   8 us
# ---- Wait           8 us of   8 us
# ---- Wait for   8 us end
# ---- tb_02 test completed !
#  
# ******<<<<<<<<<<<<<<<<<<<<Simulation tb_02 Successful End>>>>>>>>>>>>>>>>>>> ******
#  
do do/tb_02.do
# Model Technology ModelSim SE-64 vlog 2020.4 Compiler 2020.10 Oct 13 2020
# Start time: 13:39:52 on Mar 17,2025
# vlog -reportprogress 300 "+define+tb_02=1" -work work sim_model\define\define.v 
# End time: 13:39:52 on Mar 17,2025, Elapsed time: 0:00:00
# Errors: 0, Warnings: 0
# Model Technology ModelSim SE-64 vlog 2020.4 Compiler 2020.10 Oct 13 2020
# Start time: 13:39:53 on Mar 17,2025
# vlog -reportprogress 300 "+define+tb_02=1" -work work "+incdir+{sim_modeldefine}" sim_model\tb_top.v 
# -- Compiling module tb_top
# 
# Top level modules:
# 	tb_top
# End time: 13:39:53 on Mar 17,2025, Elapsed time: 0:00:00
# Errors: 0, Warnings: 0
# End time: 13:39:55 on Mar 17,2025, Elapsed time: 0:12:59
# Errors: 0, Warnings: 9
# vsim -t 1ps -c -l ./log/vsim_tb_02_report.log work.tb_top -L fifo_generator_v13_2_5 -L blk_mem_gen_v8_4_4 -L UNISIMS_VER -L SECUREIP -L SIMPRIMS_VER -L work -voptargs="+acc" work.glbl -wav ./wave/tb_02.wlf 
# Start time: 13:39:55 on Mar 17,2025
# ** Note: (vsim-8009) Loading existing optimized design _opt
# Loading work.tb_top(fast)
# Loading work.SIM_MODEL(fast)
# Loading work.PC_SIM(fast)
# Loading work.PCIE_IF_GX(fast)
# Loading work.PCIE_RX(fast)
# Loading work.sfifo_i180_o180_d512(fast)
# Loading UNISIMS_VER.GND(fast)
# Loading UNISIMS_VER.LUT1(fast)
# Loading UNISIMS_VER.LUT2(fast)
# Loading UNISIMS_VER.LUT3(fast)
# Loading UNISIMS_VER.FDRE(fast)
# Loading UNISIMS_VER.CARRY4(fast)
# Loading UNISIMS_VER.LUT5(fast)
# Loading UNISIMS_VER.LUT5(fast__1)
# Loading UNISIMS_VER.FDSE(fast)
# Loading UNISIMS_VER.LUT4(fast)
# Loading UNISIMS_VER.LUT4(fast__1)
# Loading UNISIMS_VER.LUT3(fast__1)
# Loading UNISIMS_VER.LUT3(fast__2)
# Loading UNISIMS_VER.LUT4(fast__2)
# Loading UNISIMS_VER.LUT6(fast)
# Loading UNISIMS_VER.LUT2(fast__1)
# Loading UNISIMS_VER.LUT3(fast__3)
# Loading UNISIMS_VER.LUT4(fast__3)
# Loading UNISIMS_VER.LUT5(fast__2)
# Loading UNISIMS_VER.LUT6(fast__1)
# Loading UNISIMS_VER.LUT6(fast__2)
# Loading UNISIMS_VER.LUT4(fast__4)
# Loading UNISIMS_VER.LUT2(fast__2)
# Loading UNISIMS_VER.LUT5(fast__3)
# Loading UNISIMS_VER.LUT4(fast__5)
# Loading UNISIMS_VER.LUT6(fast__3)
# Loading UNISIMS_VER.LUT1(fast__1)
# Loading UNISIMS_VER.RAMB18E1(fast)
# Loading UNISIMS_VER.RB18_INTERNAL_VLOG(fast)
# Loading UNISIMS_VER.RAMB36E1(fast)
# Loading UNISIMS_VER.RB36_INTERNAL_VLOG(fast)
# Loading work.PCIE_TX(fast)
# Loading work.sfifo_i72o72_d512(fast)
# Loading UNISIMS_VER.LUT2(fast__3)
# Loading UNISIMS_VER.RAMB36E1(fast__1)
# Loading UNISIMS_VER.RB36_INTERNAL_VLOG(fast__1)
# Loading work.PCIE_REG_IF(fast)
# Loading work.PCIE_REG_ACK(fast)
# Loading work.PCIE_REG_INT(fast)
# Loading work.PCIE_DN_REG(fast)
# Loading work.PCIE_UP_REG(fast)
# Loading work.PCIE_DN_CPLD_IF(fast)
# Loading work.PCIE_DN_IF(fast)
# Loading work.afifo_i90o90_d512(fast)
# Loading work.afifo_i90o90_d512_xpm_cdc_gray(fast)
# Loading UNISIMS_VER.LUT4(fast__6)
# Loading UNISIMS_VER.LUT3(fast__4)
# Loading UNISIMS_VER.LUT6(fast__4)
# Loading UNISIMS_VER.LUT5(fast__4)
# Loading work.afifo_i90o90_d512_xpm_cdc_gray__2(fast)
# Loading UNISIMS_VER.FDPE(fast)
# Loading UNISIMS_VER.LUT4(fast__7)
# Loading UNISIMS_VER.FDCE(fast)
# Loading UNISIMS_VER.LUT4(fast__8)
# Loading UNISIMS_VER.LUT6(fast__5)
# Loading UNISIMS_VER.LUT5(fast__5)
# Loading UNISIMS_VER.LUT6(fast__6)
# Loading UNISIMS_VER.LUT5(fast__6)
# Loading UNISIMS_VER.LUT5(fast__7)
# Loading UNISIMS_VER.LUT5(fast__8)
# Loading UNISIMS_VER.LUT5(fast__9)
# Loading UNISIMS_VER.RAM64M(fast)
# Loading UNISIMS_VER.LUT6(fast__7)
# Loading UNISIMS_VER.MUXF7(fast)
# Loading UNISIMS_VER.LUT2(fast__4)
# Loading work.afifo_i90o90_d512_xpm_cdc_async_rst(fast)
# Loading UNISIMS_VER.FDPE(fast__1)
# Loading UNISIMS_VER.LUT3(fast__5)
# Loading UNISIMS_VER.LUT5(fast__10)
# Loading work.afifo_i90o90_d512_xpm_cdc_single(fast)
# Loading work.afifo_i90o90_d512_xpm_cdc_single__2(fast)
# Loading work.afifo_i90o90_d512_xpm_cdc_async_rst__1(fast)
# Loading work.PCIE_DN_LBUF(fast)
# Loading work.afifo_i72o72_d2048(fast)
# Loading work.afifo_i72o72_d2048_xpm_cdc_gray(fast)
# Loading work.afifo_i72o72_d2048_xpm_cdc_gray__2(fast)
# Loading UNISIMS_VER.LUT6(fast__8)
# Loading UNISIMS_VER.LUT6(fast__9)
# Loading UNISIMS_VER.LUT6(fast__10)
# Loading UNISIMS_VER.LUT6(fast__11)
# Loading UNISIMS_VER.LUT6(fast__12)
# Loading work.afifo_i72o72_d2048_xpm_cdc_async_rst(fast)
# Loading work.afifo_i72o72_d2048_xpm_cdc_single(fast)
# Loading work.afifo_i72o72_d2048_xpm_cdc_single__2(fast)
# Loading work.afifo_i72o72_d2048_xpm_cdc_async_rst__1(fast)
# Loading work.PULSE_GEN(fast)
# Loading work.PCIE_DN_DEK(fast)
# Loading work.PCIE_DN_DMA(fast)
# Loading work.PCIE_DN_CPLD_DPK(fast)
# Loading work.sram_i64o64_d256(fast)
# Loading UNISIMS_VER.RAMB36E1(fast__2)
# Loading UNISIMS_VER.RB36_INTERNAL_VLOG(fast__2)
# Loading UNISIMS_VER.LUT3(fast__6)
# Loading UNISIMS_VER.SRL16E(fast)
# Loading UNISIMS_VER.LUT4(fast__9)
# Loading work.PCIE_DN_DEK(fast__1)
# Loading work.PCIE_DN_DMA(fast__1)
# Loading work.PCIE_DN_ARBIT(fast)
# Loading work.PCIE_UP_IF(fast)
# Loading work.PCIE_UP_LBUF(fast)
# Loading work.PCIE_UP_UFK(fast)
# Loading work.PCIE_UP_DMA(fast)
# Loading work.PCIE_UP_UFK(fast__1)
# Loading work.PCIE_UP_DMA(fast__1)
# Loading work.PCIE_UP_ARBIT(fast)
# Loading work.BIST_REG(fast)
# Loading work.glbl(fast)
# ** Warning: (vsim-3015) [PCDPC] - Port size (12) does not match connection size (16) for port 'DRAM_WR_SIZE'. The port definition is at: ../rtl/05_pc_sim/pc_sim.v(26).
#    Time: 0 ps  Iteration: 0  Instance: /tb_top/U_PC_SIM File: sim_model/tb_top.v Line: 708
# ** Warning: (vsim-3015) [PCDPC] - Port size (1) does not match connection size (64) for port 'rsta_busy'. The port definition is at: ../rtl/00_xilinx_ip/0_sbram/sram_i64o64_d256/sram_i64o64_d256_sim_netlist.V(26).
#    Time: 0 ps  Iteration: 0  Instance: /tb_top/U_PCIE_IF_GX/GROUP_DN[0]/U_PCIE_DN_CPLD_DPK/U_DBUF File: ../rtl/03_pcie_if_gx/pcie_dn_cpld_dpk.v Line: 158
# ** Warning: (vsim-3015) [PCDPC] - Port size (1) does not match connection size (64) for port 'rstb_busy'. The port definition is at: ../rtl/00_xilinx_ip/0_sbram/sram_i64o64_d256/sram_i64o64_d256_sim_netlist.V(27).
#    Time: 0 ps  Iteration: 0  Instance: /tb_top/U_PCIE_IF_GX/GROUP_DN[0]/U_PCIE_DN_CPLD_DPK/U_DBUF File: ../rtl/03_pcie_if_gx/pcie_dn_cpld_dpk.v Line: 158
# ** Warning: (vsim-3015) [PCDPC] - Port size (1) does not match connection size (64) for port 'rsta_busy'. The port definition is at: ../rtl/00_xilinx_ip/0_sbram/sram_i64o64_d256/sram_i64o64_d256_sim_netlist.V(26).
#    Time: 0 ps  Iteration: 0  Instance: /tb_top/U_PCIE_IF_GX/GROUP_DN[1]/U_PCIE_DN_CPLD_DPK/U_DBUF File: ../rtl/03_pcie_if_gx/pcie_dn_cpld_dpk.v Line: 158
# ** Warning: (vsim-3015) [PCDPC] - Port size (1) does not match connection size (64) for port 'rstb_busy'. The port definition is at: ../rtl/00_xilinx_ip/0_sbram/sram_i64o64_d256/sram_i64o64_d256_sim_netlist.V(27).
#    Time: 0 ps  Iteration: 0  Instance: /tb_top/U_PCIE_IF_GX/GROUP_DN[1]/U_PCIE_DN_CPLD_DPK/U_DBUF File: ../rtl/03_pcie_if_gx/pcie_dn_cpld_dpk.v Line: 158
# ** Warning: (vsim-WLF-5000) WLF file currently in use: ./wave/tb_02.wlf
#           File in use by: DELL  Hostname: DESKTOP-OBM7L7C  ProcessID: 13856
#           Attempting to use alternate WLF file "./wave/wlftxeecfa".
# ** Warning: (vsim-WLF-5001) Could not open WLF file: ./wave/tb_02.wlf
#           Using alternate file: ./wave/wlftxeecfa
# ** Warning: (vsim-PLI-3407) Too many data words read on line 8193 of file "tb_pattern/tb_02/file_i/dram0_wr.txt". (Current address [8193], address range [1:8192])    : sim_model/sim_model.v(1198)
#    Time: 0 ps  Iteration: 0  Instance: /tb_top/U_SIM_MODEL
# ** Warning: (vsim-PLI-3407) Too many data words read on line 8193 of file "tb_pattern/tb_02/file_i/dram1_wr.txt". (Current address [8193], address range [1:8192])    : sim_model/sim_model.v(1199)
#    Time: 0 ps  Iteration: 0  Instance: /tb_top/U_SIM_MODEL
#  
# ******<<<<<<<<<<<<<<<<<<<<<<Simulation tb_02 start>>>>>>>>>>>>>>>>>>>>>>> ******
#  
# ---- Initial simulation
# ---- clock ---- 1111 ---- enable
# ---- Wait for  64 cycles
# Memory Collision Error on RAMB36E1 : tb_top.U_PCIE_IF_GX.GROUP_DN[1].U_PCIE_DN_CPLD_DPK.U_DBUF.U0.<protected>.<protected>.<protected>.<protected>.<protected>.<protected>.gen_tdp.INT_RAMB_TDP.chk_for_col_msg at simulation time 118.000 ns.
# A read was performed on address 801f (hex) of port B while a write was requested to the same address on port A.  The write will be successful however the read value on port B is unknown until the next CLKB cycle.
# Memory Collision Error on RAMB36E1 : tb_top.U_PCIE_IF_GX.GROUP_DN[1].U_PCIE_DN_CPLD_DPK.U_DBUF.U0.<protected>.<protected>.<protected>.<protected>.<protected>.<protected>.gen_tdp.INT_RAMB_TDP.chk_for_col_msg at simulation time 118.000 ns.
# A read was performed on address 801f (hex) of port B while a write was requested to the same address on port A.  The write will be successful however the read value on port B is unknown until the next CLKB cycle.
# Memory Collision Error on RAMB36E1 : tb_top.U_PCIE_IF_GX.GROUP_DN[0].U_PCIE_DN_CPLD_DPK.U_DBUF.U0.<protected>.<protected>.<protected>.<protected>.<protected>.<protected>.gen_tdp.INT_RAMB_TDP.chk_for_col_msg at simulation time 118.000 ns.
# A read was performed on address 801f (hex) of port B while a write was requested to the same address on port A.  The write will be successful however the read value on port B is unknown until the next CLKB cycle.
# Memory Collision Error on RAMB36E1 : tb_top.U_PCIE_IF_GX.GROUP_DN[0].U_PCIE_DN_CPLD_DPK.U_DBUF.U0.<protected>.<protected>.<protected>.<protected>.<protected>.<protected>.gen_tdp.INT_RAMB_TDP.chk_for_col_msg at simulation time 118.000 ns.
# A read was performed on address 801f (hex) of port B while a write was requested to the same address on port A.  The write will be successful however the read value on port B is unknown until the next CLKB cycle.
# Memory Collision Error on RAMB36E1 : tb_top.U_PCIE_IF_GX.GROUP_DN[1].U_PCIE_DN_CPLD_DPK.U_DBUF.U0.<protected>.<protected>.<protected>.<protected>.<protected>.<protected>.gen_tdp.INT_RAMB_TDP.chk_for_col_msg at simulation time 122.000 ns.
# A read was performed on address 801f (hex) of port B while a write was requested to the same address on port A.  The write will be successful however the read value on port B is unknown until the next CLKB cycle.
# Memory Collision Error on RAMB36E1 : tb_top.U_PCIE_IF_GX.GROUP_DN[1].U_PCIE_DN_CPLD_DPK.U_DBUF.U0.<protected>.<protected>.<protected>.<protected>.<protected>.<protected>.gen_tdp.INT_RAMB_TDP.chk_for_col_msg at simulation time 122.000 ns.
# A read was performed on address 801f (hex) of port B while a write was requested to the same address on port A.  The write will be successful however the read value on port B is unknown until the next CLKB cycle.
# Memory Collision Error on RAMB36E1 : tb_top.U_PCIE_IF_GX.GROUP_DN[0].U_PCIE_DN_CPLD_DPK.U_DBUF.U0.<protected>.<protected>.<protected>.<protected>.<protected>.<protected>.gen_tdp.INT_RAMB_TDP.chk_for_col_msg at simulation time 122.000 ns.
# A read was performed on address 801f (hex) of port B while a write was requested to the same address on port A.  The write will be successful however the read value on port B is unknown until the next CLKB cycle.
# Memory Collision Error on RAMB36E1 : tb_top.U_PCIE_IF_GX.GROUP_DN[0].U_PCIE_DN_CPLD_DPK.U_DBUF.U0.<protected>.<protected>.<protected>.<protected>.<protected>.<protected>.gen_tdp.INT_RAMB_TDP.chk_for_col_msg at simulation time 122.000 ns.
# A read was performed on address 801f (hex) of port B while a write was requested to the same address on port A.  The write will be successful however the read value on port B is unknown until the next CLKB cycle.
# Memory Collision Error on RAMB36E1 : tb_top.U_PCIE_IF_GX.GROUP_DN[1].U_PCIE_DN_CPLD_DPK.U_DBUF.U0.<protected>.<protected>.<protected>.<protected>.<protected>.<protected>.gen_tdp.INT_RAMB_TDP.chk_for_col_msg at simulation time 126.000 ns.
# A read was performed on address 801f (hex) of port B while a write was requested to the same address on port A.  The write will be successful however the read value on port B is unknown until the next CLKB cycle.
# Memory Collision Error on RAMB36E1 : tb_top.U_PCIE_IF_GX.GROUP_DN[1].U_PCIE_DN_CPLD_DPK.U_DBUF.U0.<protected>.<protected>.<protected>.<protected>.<protected>.<protected>.gen_tdp.INT_RAMB_TDP.chk_for_col_msg at simulation time 126.000 ns.
# A read was performed on address 801f (hex) of port B while a write was requested to the same address on port A.  The write will be successful however the read value on port B is unknown until the next CLKB cycle.
# Memory Collision Error on RAMB36E1 : tb_top.U_PCIE_IF_GX.GROUP_DN[0].U_PCIE_DN_CPLD_DPK.U_DBUF.U0.<protected>.<protected>.<protected>.<protected>.<protected>.<protected>.gen_tdp.INT_RAMB_TDP.chk_for_col_msg at simulation time 126.000 ns.
# A read was performed on address 801f (hex) of port B while a write was requested to the same address on port A.  The write will be successful however the read value on port B is unknown until the next CLKB cycle.
# Memory Collision Error on RAMB36E1 : tb_top.U_PCIE_IF_GX.GROUP_DN[0].U_PCIE_DN_CPLD_DPK.U_DBUF.U0.<protected>.<protected>.<protected>.<protected>.<protected>.<protected>.gen_tdp.INT_RAMB_TDP.chk_for_col_msg at simulation time 126.000 ns.
# A read was performed on address 801f (hex) of port B while a write was requested to the same address on port A.  The write will be successful however the read value on port B is unknown until the next CLKB cycle.
# Memory Collision Error on RAMB36E1 : tb_top.U_PCIE_IF_GX.GROUP_DN[1].U_PCIE_DN_CPLD_DPK.U_DBUF.U0.<protected>.<protected>.<protected>.<protected>.<protected>.<protected>.gen_tdp.INT_RAMB_TDP.chk_for_col_msg at simulation time 130.000 ns.
# A read was performed on address 801f (hex) of port B while a write was requested to the same address on port A.  The write will be successful however the read value on port B is unknown until the next CLKB cycle.
# Memory Collision Error on RAMB36E1 : tb_top.U_PCIE_IF_GX.GROUP_DN[1].U_PCIE_DN_CPLD_DPK.U_DBUF.U0.<protected>.<protected>.<protected>.<protected>.<protected>.<protected>.gen_tdp.INT_RAMB_TDP.chk_for_col_msg at simulation time 130.000 ns.
# A read was performed on address 801f (hex) of port B while a write was requested to the same address on port A.  The write will be successful however the read value on port B is unknown until the next CLKB cycle.
# Memory Collision Error on RAMB36E1 : tb_top.U_PCIE_IF_GX.GROUP_DN[0].U_PCIE_DN_CPLD_DPK.U_DBUF.U0.<protected>.<protected>.<protected>.<protected>.<protected>.<protected>.gen_tdp.INT_RAMB_TDP.chk_for_col_msg at simulation time 130.000 ns.
# A read was performed on address 801f (hex) of port B while a write was requested to the same address on port A.  The write will be successful however the read value on port B is unknown until the next CLKB cycle.
# Memory Collision Error on RAMB36E1 : tb_top.U_PCIE_IF_GX.GROUP_DN[0].U_PCIE_DN_CPLD_DPK.U_DBUF.U0.<protected>.<protected>.<protected>.<protected>.<protected>.<protected>.gen_tdp.INT_RAMB_TDP.chk_for_col_msg at simulation time 130.000 ns.
# A read was performed on address 801f (hex) of port B while a write was requested to the same address on port A.  The write will be successful however the read value on port B is unknown until the next CLKB cycle.
# ---- Wait for  64 cycles end
# ---- Wait for  16 cycles
# ---- Wait for  16 cycles end
# ---- reseting by cycle
# ---- reset0   64 cycle end
# ---- Wait for  16 cycles
# ---- Wait for  16 cycles end
# ---- reseting by ns
# ---- reset1  255 ns end
# ---- Wait for  16 cycles
# ---- Wait for  16 cycles end
# ---- DRAM write PORT :0x01    ADD :0x0000000    SIZE :0x010
# ---- DRAM write end
# ---- Wait for  16 cycles
# ---- Wait for  16 cycles end
# ---- DRAM write PORT :0x01    ADD :0x0000000    SIZE :0x010
# ---- DRAM write end
# ---- Wait for  16 cycles
# ---- Wait for  16 cycles end
# ---- DRAM write PORT :0x01    ADD :0x0000000    SIZE :0x010
# ---- DRAM write end
# ---- Wait for  16 cycles
# ---- Wait for  16 cycles end
# ---- DRAM write PORT :0x01    ADD :0x0000000    SIZE :0x010
# ---- DRAM write end
# ---- Wait for  16 cycles
# ---- Wait for  16 cycles end
# ---- DRAM write PORT :0x01    ADD :0x0000000    SIZE :0x010
# ---- DRAM write end
# ---- Wait for  16 cycles
# ---- Wait for  16 cycles end
# ---- DRAM write PORT :0x01    ADD :0x0000000    SIZE :0x010
# ---- DRAM write end
# ---- Wait for  16 cycles
# ---- Wait for  16 cycles end
# ---- DRAM write PORT :0x01    ADD :0x0000000    SIZE :0x010
# ---- DRAM write end
# ---- Wait for  16 cycles
# ---- Wait for  16 cycles end
# ---- DRAM write PORT :0x01    ADD :0x0000000    SIZE :0x010
# ---- DRAM write end
# ---- Wait for  16 cycles
# ---- Wait for  16 cycles end
# ---- DRAM write PORT :0x01    ADD :0x0000000    SIZE :0x010
# ---- DRAM write end
# ---- Wait for  16 cycles
# ---- Wait for  16 cycles end
# ---- DRAM write PORT :0x01    ADD :0x0000000    SIZE :0x090
# Memory Collision Error on RAMB36E1 : tb_top.U_PCIE_IF_GX.GROUP_DN[0].U_PCIE_DN_CPLD_DPK.U_DBUF.U0.<protected>.<protected>.<protected>.<protected>.<protected>.<protected>.gen_tdp.INT_RAMB_TDP.chk_for_col_msg at simulation time 2102.000 ns.
# A read was performed on address 801f (hex) of port B while a write was requested to the same address on port A.  The write will be successful however the read value on port B is unknown until the next CLKB cycle.
# Memory Collision Error on RAMB36E1 : tb_top.U_PCIE_IF_GX.GROUP_DN[0].U_PCIE_DN_CPLD_DPK.U_DBUF.U0.<protected>.<protected>.<protected>.<protected>.<protected>.<protected>.gen_tdp.INT_RAMB_TDP.chk_for_col_msg at simulation time 2102.000 ns.
# A read was performed on address 801f (hex) of port B while a write was requested to the same address on port A.  The write will be successful however the read value on port B is unknown until the next CLKB cycle.
# ---- DRAM write end
# ---- Wait for  16 cycles
# ---- Wait for  16 cycles end
# ---- DRAM write PORT :0x01    ADD :0x0000000    SIZE :0x090
# Memory Collision Error on RAMB36E1 : tb_top.U_PCIE_IF_GX.GROUP_DN[0].U_PCIE_DN_CPLD_DPK.U_DBUF.U0.<protected>.<protected>.<protected>.<protected>.<protected>.<protected>.gen_tdp.INT_RAMB_TDP.chk_for_col_msg at simulation time 2282.000 ns.
# A read was performed on address 821f (hex) of port B while a write was requested to the same address on port A.  The write will be successful however the read value on port B is unknown until the next CLKB cycle.
# Memory Collision Error on RAMB36E1 : tb_top.U_PCIE_IF_GX.GROUP_DN[0].U_PCIE_DN_CPLD_DPK.U_DBUF.U0.<protected>.<protected>.<protected>.<protected>.<protected>.<protected>.gen_tdp.INT_RAMB_TDP.chk_for_col_msg at simulation time 2282.000 ns.
# A read was performed on address 821f (hex) of port B while a write was requested to the same address on port A.  The write will be successful however the read value on port B is unknown until the next CLKB cycle.
# ---- DRAM write end
# ---- Wait for  16 cycles
# ---- Wait for  16 cycles end
# ---- DRAM write PORT :0x01    ADD :0x0000000    SIZE :0x090
# Memory Collision Error on RAMB36E1 : tb_top.U_PCIE_IF_GX.GROUP_DN[0].U_PCIE_DN_CPLD_DPK.U_DBUF.U0.<protected>.<protected>.<protected>.<protected>.<protected>.<protected>.gen_tdp.INT_RAMB_TDP.chk_for_col_msg at simulation time 2462.000 ns.
# A read was performed on address 841f (hex) of port B while a write was requested to the same address on port A.  The write will be successful however the read value on port B is unknown until the next CLKB cycle.
# Memory Collision Error on RAMB36E1 : tb_top.U_PCIE_IF_GX.GROUP_DN[0].U_PCIE_DN_CPLD_DPK.U_DBUF.U0.<protected>.<protected>.<protected>.<protected>.<protected>.<protected>.gen_tdp.INT_RAMB_TDP.chk_for_col_msg at simulation time 2462.000 ns.
# A read was performed on address 841f (hex) of port B while a write was requested to the same address on port A.  The write will be successful however the read value on port B is unknown until the next CLKB cycle.
# ---- DRAM write end
# ---- Wait for  16 cycles
# ---- Wait for  16 cycles end
# ---- DRAM write PORT :0x01    ADD :0x0000000    SIZE :0x090
# Memory Collision Error on RAMB36E1 : tb_top.U_PCIE_IF_GX.GROUP_DN[0].U_PCIE_DN_CPLD_DPK.U_DBUF.U0.<protected>.<protected>.<protected>.<protected>.<protected>.<protected>.gen_tdp.INT_RAMB_TDP.chk_for_col_msg at simulation time 2642.000 ns.
# A read was performed on address 861f (hex) of port B while a write was requested to the same address on port A.  The write will be successful however the read value on port B is unknown until the next CLKB cycle.
# Memory Collision Error on RAMB36E1 : tb_top.U_PCIE_IF_GX.GROUP_DN[0].U_PCIE_DN_CPLD_DPK.U_DBUF.U0.<protected>.<protected>.<protected>.<protected>.<protected>.<protected>.gen_tdp.INT_RAMB_TDP.chk_for_col_msg at simulation time 2642.000 ns.
# A read was performed on address 861f (hex) of port B while a write was requested to the same address on port A.  The write will be successful however the read value on port B is unknown until the next CLKB cycle.
# ---- DRAM write end
# ---- Wait for  16 cycles
# ---- Wait for  16 cycles end
# ---- DRAM write PORT :0x01    ADD :0x0000000    SIZE :0x090
# Memory Collision Error on RAMB36E1 : tb_top.U_PCIE_IF_GX.GROUP_DN[0].U_PCIE_DN_CPLD_DPK.U_DBUF.U0.<protected>.<protected>.<protected>.<protected>.<protected>.<protected>.gen_tdp.INT_RAMB_TDP.chk_for_col_msg at simulation time 2822.000 ns.
# A read was performed on address 881f (hex) of port B while a write was requested to the same address on port A.  The write will be successful however the read value on port B is unknown until the next CLKB cycle.
# Memory Collision Error on RAMB36E1 : tb_top.U_PCIE_IF_GX.GROUP_DN[0].U_PCIE_DN_CPLD_DPK.U_DBUF.U0.<protected>.<protected>.<protected>.<protected>.<protected>.<protected>.gen_tdp.INT_RAMB_TDP.chk_for_col_msg at simulation time 2822.000 ns.
# A read was performed on address 881f (hex) of port B while a write was requested to the same address on port A.  The write will be successful however the read value on port B is unknown until the next CLKB cycle.
# ---- DRAM write end
# ---- Wait for  16 cycles
# ---- Wait for  16 cycles end
# ---- DRAM write PORT :0x01    ADD :0x0000000    SIZE :0x090
# Memory Collision Error on RAMB36E1 : tb_top.U_PCIE_IF_GX.GROUP_DN[0].U_PCIE_DN_CPLD_DPK.U_DBUF.U0.<protected>.<protected>.<protected>.<protected>.<protected>.<protected>.gen_tdp.INT_RAMB_TDP.chk_for_col_msg at simulation time 3002.000 ns.
# A read was performed on address 8a1f (hex) of port B while a write was requested to the same address on port A.  The write will be successful however the read value on port B is unknown until the next CLKB cycle.
# Memory Collision Error on RAMB36E1 : tb_top.U_PCIE_IF_GX.GROUP_DN[0].U_PCIE_DN_CPLD_DPK.U_DBUF.U0.<protected>.<protected>.<protected>.<protected>.<protected>.<protected>.gen_tdp.INT_RAMB_TDP.chk_for_col_msg at simulation time 3002.000 ns.
# A read was performed on address 8a1f (hex) of port B while a write was requested to the same address on port A.  The write will be successful however the read value on port B is unknown until the next CLKB cycle.
# ---- DRAM write end
# ---- Wait for  16 cycles
# ---- Wait for  16 cycles end
# ---- DRAM write PORT :0x01    ADD :0x0000000    SIZE :0x090
# Memory Collision Error on RAMB36E1 : tb_top.U_PCIE_IF_GX.GROUP_DN[0].U_PCIE_DN_CPLD_DPK.U_DBUF.U0.<protected>.<protected>.<protected>.<protected>.<protected>.<protected>.gen_tdp.INT_RAMB_TDP.chk_for_col_msg at simulation time 3182.000 ns.
# A read was performed on address 8c1f (hex) of port B while a write was requested to the same address on port A.  The write will be successful however the read value on port B is unknown until the next CLKB cycle.
# Memory Collision Error on RAMB36E1 : tb_top.U_PCIE_IF_GX.GROUP_DN[0].U_PCIE_DN_CPLD_DPK.U_DBUF.U0.<protected>.<protected>.<protected>.<protected>.<protected>.<protected>.gen_tdp.INT_RAMB_TDP.chk_for_col_msg at simulation time 3182.000 ns.
# A read was performed on address 8c1f (hex) of port B while a write was requested to the same address on port A.  The write will be successful however the read value on port B is unknown until the next CLKB cycle.
# ---- DRAM write end
# ---- Wait for  16 cycles
# ---- Wait for  16 cycles end
# ---- DRAM write PORT :0x01    ADD :0x0000000    SIZE :0x090
# Memory Collision Error on RAMB36E1 : tb_top.U_PCIE_IF_GX.GROUP_DN[0].U_PCIE_DN_CPLD_DPK.U_DBUF.U0.<protected>.<protected>.<protected>.<protected>.<protected>.<protected>.gen_tdp.INT_RAMB_TDP.chk_for_col_msg at simulation time 3362.000 ns.
# A read was performed on address 8e1f (hex) of port B while a write was requested to the same address on port A.  The write will be successful however the read value on port B is unknown until the next CLKB cycle.
# Memory Collision Error on RAMB36E1 : tb_top.U_PCIE_IF_GX.GROUP_DN[0].U_PCIE_DN_CPLD_DPK.U_DBUF.U0.<protected>.<protected>.<protected>.<protected>.<protected>.<protected>.gen_tdp.INT_RAMB_TDP.chk_for_col_msg at simulation time 3362.000 ns.
# A read was performed on address 8e1f (hex) of port B while a write was requested to the same address on port A.  The write will be successful however the read value on port B is unknown until the next CLKB cycle.
# ---- DRAM write end
# ---- Wait for 255 cycles
# ---- Wait for 255 cycles end
# ---- Wait for   8 us
# ---- Wait           1 us of   8 us
# ---- Wait           2 us of   8 us
# ---- Wait           3 us of   8 us
# ---- Wait           4 us of   8 us
# ---- Wait           5 us of   8 us
# ---- Wait           6 us of   8 us
# ---- Wait           7 us of   8 us
# ---- Wait           8 us of   8 us
# ---- Wait for   8 us end
# ---- tb_02 test completed !
#  
# ******<<<<<<<<<<<<<<<<<<<<Simulation tb_02 Successful End>>>>>>>>>>>>>>>>>>> ******
#  
do do/compile_all.do
# ** Warning: (vlib-34) Library already exists at "work".
# Errors: 0, Warnings: 1
# Model Technology ModelSim SE-64 vmap 2020.4 Lib Mapping Utility 2020.10 Oct 13 2020
# vmap work 
# Reading C:/modeltech64_2020.4/win64/../modelsim.ini
# "work" maps to directory ./work. (Default mapping)
# Model Technology ModelSim SE-64 vlog 2020.4 Compiler 2020.10 Oct 13 2020
# Start time: 13:41:31 on Mar 17,2025
# vlog -reportprogress 300 -work work sim_model/lib/glbl.v 
# -- Compiling module glbl
# 
# Top level modules:
# 	glbl
# End time: 13:41:31 on Mar 17,2025, Elapsed time: 0:00:00
# Errors: 0, Warnings: 0
# ** Warning: (vlib-34) Library already exists at "work".
# Errors: 0, Warnings: 1
# Model Technology ModelSim SE-64 vmap 2020.4 Lib Mapping Utility 2020.10 Oct 13 2020
# vmap work 
# Reading C:/modeltech64_2020.4/win64/../modelsim.ini
# "work" maps to directory ./work. (Default mapping)
# Model Technology ModelSim SE-64 vlog 2020.4 Compiler 2020.10 Oct 13 2020
# Start time: 13:41:31 on Mar 17,2025
# vlog -reportprogress 300 -work work ../rtl/00_xilinx_ip/0_sbram/sram_i64o64_d256/sram_i64o64_d256_sim_netlist.V 
# -- Compiling module sram_i64o64_d256
# -- Compiling module glbl
# 
# Top level modules:
# 	sram_i64o64_d256
# 	glbl
# End time: 13:41:31 on Mar 17,2025, Elapsed time: 0:00:00
# Errors: 0, Warnings: 0
# Model Technology ModelSim SE-64 vlog 2020.4 Compiler 2020.10 Oct 13 2020
# Start time: 13:41:31 on Mar 17,2025
# vlog -reportprogress 300 -work work ../rtl/00_xilinx_ip/1_afifo/afifo_i72o72_d2048/afifo_i72o72_d2048_sim_netlist.V 
# -- Compiling module afifo_i72o72_d2048
# -- Compiling module afifo_i72o72_d2048_xpm_cdc_async_rst
# -- Compiling module afifo_i72o72_d2048_xpm_cdc_async_rst__1
# -- Compiling module afifo_i72o72_d2048_xpm_cdc_gray
# -- Compiling module afifo_i72o72_d2048_xpm_cdc_gray__2
# -- Compiling module afifo_i72o72_d2048_xpm_cdc_single
# -- Compiling module afifo_i72o72_d2048_xpm_cdc_single__2
# -- Compiling module glbl
# 
# Top level modules:
# 	afifo_i72o72_d2048
# 	glbl
# End time: 13:41:32 on Mar 17,2025, Elapsed time: 0:00:01
# Errors: 0, Warnings: 0
# Model Technology ModelSim SE-64 vlog 2020.4 Compiler 2020.10 Oct 13 2020
# Start time: 13:41:32 on Mar 17,2025
# vlog -reportprogress 300 -work work ../rtl/00_xilinx_ip/1_afifo/afifo_i90o90_d512/afifo_i90o90_d512_sim_netlist.V 
# -- Compiling module afifo_i90o90_d512
# -- Compiling module afifo_i90o90_d512_xpm_cdc_async_rst
# -- Compiling module afifo_i90o90_d512_xpm_cdc_async_rst__1
# -- Compiling module afifo_i90o90_d512_xpm_cdc_gray
# -- Compiling module afifo_i90o90_d512_xpm_cdc_gray__2
# -- Compiling module afifo_i90o90_d512_xpm_cdc_single
# -- Compiling module afifo_i90o90_d512_xpm_cdc_single__2
# -- Compiling module glbl
# 
# Top level modules:
# 	afifo_i90o90_d512
# 	glbl
# End time: 13:41:32 on Mar 17,2025, Elapsed time: 0:00:00
# Errors: 0, Warnings: 0
# Model Technology ModelSim SE-64 vlog 2020.4 Compiler 2020.10 Oct 13 2020
# Start time: 13:41:32 on Mar 17,2025
# vlog -reportprogress 300 -work work ../rtl/00_xilinx_ip/2_sfifo/sfifo_i72o72_d512/sfifo_i72o72_d512_sim_netlist.V 
# -- Compiling module sfifo_i72o72_d512
# -- Compiling module glbl
# 
# Top level modules:
# 	sfifo_i72o72_d512
# 	glbl
# End time: 13:41:33 on Mar 17,2025, Elapsed time: 0:00:01
# Errors: 0, Warnings: 0
# Model Technology ModelSim SE-64 vlog 2020.4 Compiler 2020.10 Oct 13 2020
# Start time: 13:41:33 on Mar 17,2025
# vlog -reportprogress 300 -work work ../rtl/00_xilinx_ip/2_sfifo/sfifo_i180_o180_d512/sfifo_i180_o180_d512_sim_netlist.V 
# -- Compiling module sfifo_i180_o180_d512
# -- Compiling module glbl
# 
# Top level modules:
# 	sfifo_i180_o180_d512
# 	glbl
# End time: 13:41:33 on Mar 17,2025, Elapsed time: 0:00:00
# Errors: 0, Warnings: 0
# Model Technology ModelSim SE-64 vlog 2020.4 Compiler 2020.10 Oct 13 2020
# Start time: 13:41:33 on Mar 17,2025
# vlog -reportprogress 300 -work work ../rtl/00_xilinx_ip/2_sfifo/sfifo_i108o108_d512/sfifo_i108o108_d512_sim_netlist.V 
# -- Compiling module sfifo_i108o108_d512
# -- Compiling module glbl
# 
# Top level modules:
# 	sfifo_i108o108_d512
# 	glbl
# End time: 13:41:33 on Mar 17,2025, Elapsed time: 0:00:00
# Errors: 0, Warnings: 0
# Model Technology ModelSim SE-64 vlog 2020.4 Compiler 2020.10 Oct 13 2020
# Start time: 13:41:33 on Mar 17,2025
# vlog -reportprogress 300 -work work ../rtl/01_user_ip/pulse_gen.v 
# -- Compiling module PULSE_GEN
# 
# Top level modules:
# 	PULSE_GEN
# End time: 13:41:33 on Mar 17,2025, Elapsed time: 0:00:00
# Errors: 0, Warnings: 0
# Model Technology ModelSim SE-64 vlog 2020.4 Compiler 2020.10 Oct 13 2020
# Start time: 13:41:33 on Mar 17,2025
# vlog -reportprogress 300 -work work ../rtl/03_pcie_if_gx/pcie_dn_arbit.v ../rtl/03_pcie_if_gx/pcie_dn_cpld_dpk.v ../rtl/03_pcie_if_gx/pcie_dn_cpld_if.v ../rtl/03_pcie_if_gx/pcie_dn_dek.v ../rtl/03_pcie_if_gx/pcie_dn_dma - 副本 (2).v ../rtl/03_pcie_if_gx/pcie_dn_dma - 副本.v ../rtl/03_pcie_if_gx/pcie_dn_dma.v ../rtl/03_pcie_if_gx/pcie_dn_if.v ../rtl/03_pcie_if_gx/pcie_dn_lbuf.v ../rtl/03_pcie_if_gx/pcie_dn_reg.v ../rtl/03_pcie_if_gx/pcie_if_gx_x1.v ../rtl/03_pcie_if_gx/pcie_int.v ../rtl/03_pcie_if_gx/pcie_reg_ack.v ../rtl/03_pcie_if_gx/pcie_reg_if.v ../rtl/03_pcie_if_gx/pcie_reg_int.v ../rtl/03_pcie_if_gx/pcie_rx.v ../rtl/03_pcie_if_gx/pcie_tx.v ../rtl/03_pcie_if_gx/pcie_up_arbit.v ../rtl/03_pcie_if_gx/pcie_up_dma.v ../rtl/03_pcie_if_gx/pcie_up_if.v ../rtl/03_pcie_if_gx/pcie_up_lbuf.v ../rtl/03_pcie_if_gx/pcie_up_reg.v ../rtl/03_pcie_if_gx/pcie_up_ufk.v 
# -- Compiling module PCIE_DN_ARBIT
# -- Compiling module PCIE_DN_CPLD_DPK
# -- Compiling module PCIE_DN_CPLD_IF
# -- Compiling module PCIE_DN_DEK
# -- Compiling module PCIE_DN_DMA
# -- Compiling module PCIE_DN_DMA
# ** Warning: ../rtl/03_pcie_if_gx/pcie_dn_dma - 副本.v(17): (vlog-2275) Existing module 'PCIE_DN_DMA' at ../rtl/03_pcie_if_gx/pcie_dn_dma - 副本 (2).v(17) will be overwritten.
# -- Compiling module PCIE_DN_DMA
# ** Warning: ../rtl/03_pcie_if_gx/pcie_dn_dma.v(17): (vlog-2275) Existing module 'PCIE_DN_DMA' at ../rtl/03_pcie_if_gx/pcie_dn_dma - 副本.v(17) will be overwritten.
# -- Compiling module PCIE_DN_IF
# -- Compiling module PCIE_DN_LBUF
# -- Compiling module PCIE_DN_REG
# -- Compiling module PCIE_IF_GX
# -- Compiling module PCIE_INT
# -- Compiling module PCIE_REG_ACK
# -- Compiling module PCIE_REG_IF
# -- Compiling module PCIE_REG_INT
# -- Compiling module PCIE_RX
# -- Compiling module PCIE_TX
# -- Compiling module PCIE_UP_ARBIT
# -- Compiling module PCIE_UP_DMA
# -- Compiling module PCIE_UP_IF
# -- Compiling module PCIE_UP_LBUF
# -- Compiling module PCIE_UP_REG
# -- Compiling module PCIE_UP_UFK
# 
# Top level modules:
# 	PCIE_IF_GX
# 	PCIE_INT
# End time: 13:41:34 on Mar 17,2025, Elapsed time: 0:00:01
# Errors: 0, Warnings: 2
# Model Technology ModelSim SE-64 vlog 2020.4 Compiler 2020.10 Oct 13 2020
# Start time: 13:41:34 on Mar 17,2025
# vlog -reportprogress 300 -work work ../rtl/04_bist/bist_reg.v ../rtl/04_bist/ram_bist.v 
# -- Compiling module BIST_REG
# -- Compiling module RAM_BIST
# 
# Top level modules:
# 	BIST_REG
# 	RAM_BIST
# End time: 13:41:34 on Mar 17,2025, Elapsed time: 0:00:00
# Errors: 0, Warnings: 0
# Model Technology ModelSim SE-64 vlog 2020.4 Compiler 2020.10 Oct 13 2020
# Start time: 13:41:34 on Mar 17,2025
# vlog -reportprogress 300 -work work ../rtl/05_pc_sim/pc_sim.v 
# -- Compiling module PC_SIM
# 
# Top level modules:
# 	PC_SIM
# End time: 13:41:34 on Mar 17,2025, Elapsed time: 0:00:00
# Errors: 0, Warnings: 0
# Model Technology ModelSim SE-64 vlog 2020.4 Compiler 2020.10 Oct 13 2020
# Start time: 13:41:34 on Mar 17,2025
# vlog -reportprogress 300 -work work ../rtl/fpga_top_sim.V 
# -- Compiling module FPGA_TOP_SIM
# 
# Top level modules:
# 	FPGA_TOP_SIM
# End time: 13:41:34 on Mar 17,2025, Elapsed time: 0:00:00
# Errors: 0, Warnings: 0
# ** Warning: (vlib-34) Library already exists at "work".
# Errors: 0, Warnings: 1
# Model Technology ModelSim SE-64 vmap 2020.4 Lib Mapping Utility 2020.10 Oct 13 2020
# vmap work 
# Reading C:/modeltech64_2020.4/win64/../modelsim.ini
# "work" maps to directory ./work. (Default mapping)
# Model Technology ModelSim SE-64 vlog 2020.4 Compiler 2020.10 Oct 13 2020
# Start time: 13:41:35 on Mar 17,2025
# vlog -reportprogress 300 -work work sim_model/define/define.v 
# End time: 13:41:35 on Mar 17,2025, Elapsed time: 0:00:00
# Errors: 0, Warnings: 0
# Model Technology ModelSim SE-64 vlog 2020.4 Compiler 2020.10 Oct 13 2020
# Start time: 13:41:35 on Mar 17,2025
# vlog -reportprogress 300 "+define+tb_00=1" -work work "+incdir+{sim_model/define}" sim_model/sim_model.v 
# -- Compiling module SIM_MODEL
# 
# Top level modules:
# 	SIM_MODEL
# End time: 13:41:35 on Mar 17,2025, Elapsed time: 0:00:00
# Errors: 0, Warnings: 0
# Model Technology ModelSim SE-64 vlog 2020.4 Compiler 2020.10 Oct 13 2020
# Start time: 13:41:35 on Mar 17,2025
# vlog -reportprogress 300 "+define+tb_00=1" -work work "+incdir+{sim_model/define}" sim_model/tb_top.v 
# -- Compiling module tb_top
# 
# Top level modules:
# 	tb_top
# End time: 13:41:35 on Mar 17,2025, Elapsed time: 0:00:00
# Errors: 0, Warnings: 0
do do/tb_02.do
# Model Technology ModelSim SE-64 vlog 2020.4 Compiler 2020.10 Oct 13 2020
# Start time: 13:41:37 on Mar 17,2025
# vlog -reportprogress 300 "+define+tb_02=1" -work work sim_model\define\define.v 
# End time: 13:41:37 on Mar 17,2025, Elapsed time: 0:00:00
# Errors: 0, Warnings: 0
# Model Technology ModelSim SE-64 vlog 2020.4 Compiler 2020.10 Oct 13 2020
# Start time: 13:41:38 on Mar 17,2025
# vlog -reportprogress 300 "+define+tb_02=1" -work work "+incdir+{sim_modeldefine}" sim_model\tb_top.v 
# -- Compiling module tb_top
# 
# Top level modules:
# 	tb_top
# End time: 13:41:38 on Mar 17,2025, Elapsed time: 0:00:00
# Errors: 0, Warnings: 0
# End time: 13:41:40 on Mar 17,2025, Elapsed time: 0:01:45
# Errors: 0, Warnings: 9
# vsim -t 1ps -c -l ./log/vsim_tb_02_report.log work.tb_top -L fifo_generator_v13_2_5 -L blk_mem_gen_v8_4_4 -L UNISIMS_VER -L SECUREIP -L SIMPRIMS_VER -L work -voptargs="+acc" work.glbl -wav ./wave/tb_02.wlf 
# Start time: 13:41:40 on Mar 17,2025
# ** Note: (vsim-3813) Design is being optimized due to module recompilation...
# ** Note: (vopt-143) Recognized 1 FSM in module "PCIE_DN_DMA(fast__1)".
# ** Note: (vopt-143) Recognized 1 FSM in module "PCIE_DN_DMA(fast)".
# Loading work.tb_top(fast)
# Loading work.SIM_MODEL(fast)
# Loading work.PC_SIM(fast)
# Loading work.PCIE_IF_GX(fast)
# Loading work.PCIE_RX(fast)
# Loading work.sfifo_i180_o180_d512(fast)
# Loading UNISIMS_VER.GND(fast)
# Loading UNISIMS_VER.LUT1(fast)
# Loading UNISIMS_VER.LUT2(fast)
# Loading UNISIMS_VER.LUT3(fast)
# Loading UNISIMS_VER.FDRE(fast)
# Loading UNISIMS_VER.CARRY4(fast)
# Loading UNISIMS_VER.LUT5(fast)
# Loading UNISIMS_VER.LUT5(fast__1)
# Loading UNISIMS_VER.FDSE(fast)
# Loading UNISIMS_VER.LUT4(fast)
# Loading UNISIMS_VER.LUT4(fast__1)
# Loading UNISIMS_VER.LUT3(fast__1)
# Loading UNISIMS_VER.LUT3(fast__2)
# Loading UNISIMS_VER.LUT4(fast__2)
# Loading UNISIMS_VER.LUT6(fast)
# Loading UNISIMS_VER.LUT2(fast__1)
# Loading UNISIMS_VER.LUT3(fast__3)
# Loading UNISIMS_VER.LUT4(fast__3)
# Loading UNISIMS_VER.LUT5(fast__2)
# Loading UNISIMS_VER.LUT6(fast__1)
# Loading UNISIMS_VER.LUT6(fast__2)
# Loading UNISIMS_VER.LUT4(fast__4)
# Loading UNISIMS_VER.LUT2(fast__2)
# Loading UNISIMS_VER.LUT5(fast__3)
# Loading UNISIMS_VER.LUT4(fast__5)
# Loading UNISIMS_VER.LUT6(fast__3)
# Loading UNISIMS_VER.LUT1(fast__1)
# Loading UNISIMS_VER.RAMB18E1(fast)
# Loading UNISIMS_VER.RB18_INTERNAL_VLOG(fast)
# Loading UNISIMS_VER.RAMB36E1(fast)
# Loading UNISIMS_VER.RB36_INTERNAL_VLOG(fast)
# Loading work.PCIE_TX(fast)
# Loading work.sfifo_i72o72_d512(fast)
# Loading UNISIMS_VER.LUT2(fast__3)
# Loading UNISIMS_VER.RAMB36E1(fast__1)
# Loading UNISIMS_VER.RB36_INTERNAL_VLOG(fast__1)
# Loading work.PCIE_REG_IF(fast)
# Loading work.PCIE_REG_ACK(fast)
# Loading work.PCIE_REG_INT(fast)
# Loading work.PCIE_DN_REG(fast)
# Loading work.PCIE_UP_REG(fast)
# Loading work.PCIE_DN_CPLD_IF(fast)
# Loading work.PCIE_DN_IF(fast)
# Loading work.afifo_i90o90_d512(fast)
# Loading work.afifo_i90o90_d512_xpm_cdc_gray(fast)
# Loading UNISIMS_VER.LUT4(fast__6)
# Loading UNISIMS_VER.LUT3(fast__4)
# Loading UNISIMS_VER.LUT6(fast__4)
# Loading UNISIMS_VER.LUT5(fast__4)
# Loading work.afifo_i90o90_d512_xpm_cdc_gray__2(fast)
# Loading UNISIMS_VER.FDPE(fast)
# Loading UNISIMS_VER.LUT4(fast__7)
# Loading UNISIMS_VER.FDCE(fast)
# Loading UNISIMS_VER.LUT4(fast__8)
# Loading UNISIMS_VER.LUT6(fast__5)
# Loading UNISIMS_VER.LUT5(fast__5)
# Loading UNISIMS_VER.LUT6(fast__6)
# Loading UNISIMS_VER.LUT5(fast__6)
# Loading UNISIMS_VER.LUT5(fast__7)
# Loading UNISIMS_VER.LUT5(fast__8)
# Loading UNISIMS_VER.LUT5(fast__9)
# Loading UNISIMS_VER.RAM64M(fast)
# Loading UNISIMS_VER.LUT6(fast__7)
# Loading UNISIMS_VER.MUXF7(fast)
# Loading UNISIMS_VER.LUT2(fast__4)
# Loading work.afifo_i90o90_d512_xpm_cdc_async_rst(fast)
# Loading UNISIMS_VER.FDPE(fast__1)
# Loading UNISIMS_VER.LUT3(fast__5)
# Loading UNISIMS_VER.LUT5(fast__10)
# Loading work.afifo_i90o90_d512_xpm_cdc_single(fast)
# Loading work.afifo_i90o90_d512_xpm_cdc_single__2(fast)
# Loading work.afifo_i90o90_d512_xpm_cdc_async_rst__1(fast)
# Loading work.PCIE_DN_LBUF(fast)
# Loading work.afifo_i72o72_d2048(fast)
# Loading work.afifo_i72o72_d2048_xpm_cdc_gray(fast)
# Loading work.afifo_i72o72_d2048_xpm_cdc_gray__2(fast)
# Loading UNISIMS_VER.LUT6(fast__8)
# Loading UNISIMS_VER.LUT6(fast__9)
# Loading UNISIMS_VER.LUT6(fast__10)
# Loading UNISIMS_VER.LUT6(fast__11)
# Loading UNISIMS_VER.LUT6(fast__12)
# Loading work.afifo_i72o72_d2048_xpm_cdc_async_rst(fast)
# Loading work.afifo_i72o72_d2048_xpm_cdc_single(fast)
# Loading work.afifo_i72o72_d2048_xpm_cdc_single__2(fast)
# Loading work.afifo_i72o72_d2048_xpm_cdc_async_rst__1(fast)
# Loading work.PULSE_GEN(fast)
# Loading work.PCIE_DN_DEK(fast)
# Loading work.PCIE_DN_DMA(fast)
# Loading work.PCIE_DN_CPLD_DPK(fast)
# Loading work.sram_i64o64_d256(fast)
# Loading UNISIMS_VER.RAMB36E1(fast__2)
# Loading UNISIMS_VER.RB36_INTERNAL_VLOG(fast__2)
# Loading UNISIMS_VER.LUT3(fast__6)
# Loading UNISIMS_VER.SRL16E(fast)
# Loading UNISIMS_VER.LUT4(fast__9)
# Loading work.PCIE_DN_DEK(fast__1)
# Loading work.PCIE_DN_DMA(fast__1)
# Loading work.PCIE_DN_ARBIT(fast)
# Loading work.PCIE_UP_IF(fast)
# Loading work.PCIE_UP_LBUF(fast)
# Loading work.PCIE_UP_UFK(fast)
# Loading work.PCIE_UP_DMA(fast)
# Loading work.PCIE_UP_UFK(fast__1)
# Loading work.PCIE_UP_DMA(fast__1)
# Loading work.PCIE_UP_ARBIT(fast)
# Loading work.BIST_REG(fast)
# Loading work.glbl(fast)
# ** Warning: (vsim-3015) [PCDPC] - Port size (12) does not match connection size (16) for port 'DRAM_WR_SIZE'. The port definition is at: ../rtl/05_pc_sim/pc_sim.v(26).
#    Time: 0 ps  Iteration: 0  Instance: /tb_top/U_PC_SIM File: sim_model/tb_top.v Line: 708
# ** Warning: (vsim-3015) [PCDPC] - Port size (1) does not match connection size (64) for port 'rsta_busy'. The port definition is at: ../rtl/00_xilinx_ip/0_sbram/sram_i64o64_d256/sram_i64o64_d256_sim_netlist.V(26).
#    Time: 0 ps  Iteration: 0  Instance: /tb_top/U_PCIE_IF_GX/GROUP_DN[0]/U_PCIE_DN_CPLD_DPK/U_DBUF File: ../rtl/03_pcie_if_gx/pcie_dn_cpld_dpk.v Line: 158
# ** Warning: (vsim-3015) [PCDPC] - Port size (1) does not match connection size (64) for port 'rstb_busy'. The port definition is at: ../rtl/00_xilinx_ip/0_sbram/sram_i64o64_d256/sram_i64o64_d256_sim_netlist.V(27).
#    Time: 0 ps  Iteration: 0  Instance: /tb_top/U_PCIE_IF_GX/GROUP_DN[0]/U_PCIE_DN_CPLD_DPK/U_DBUF File: ../rtl/03_pcie_if_gx/pcie_dn_cpld_dpk.v Line: 158
# ** Warning: (vsim-3015) [PCDPC] - Port size (1) does not match connection size (64) for port 'rsta_busy'. The port definition is at: ../rtl/00_xilinx_ip/0_sbram/sram_i64o64_d256/sram_i64o64_d256_sim_netlist.V(26).
#    Time: 0 ps  Iteration: 0  Instance: /tb_top/U_PCIE_IF_GX/GROUP_DN[1]/U_PCIE_DN_CPLD_DPK/U_DBUF File: ../rtl/03_pcie_if_gx/pcie_dn_cpld_dpk.v Line: 158
# ** Warning: (vsim-3015) [PCDPC] - Port size (1) does not match connection size (64) for port 'rstb_busy'. The port definition is at: ../rtl/00_xilinx_ip/0_sbram/sram_i64o64_d256/sram_i64o64_d256_sim_netlist.V(27).
#    Time: 0 ps  Iteration: 0  Instance: /tb_top/U_PCIE_IF_GX/GROUP_DN[1]/U_PCIE_DN_CPLD_DPK/U_DBUF File: ../rtl/03_pcie_if_gx/pcie_dn_cpld_dpk.v Line: 158
# ** Warning: (vsim-WLF-5000) WLF file currently in use: ./wave/tb_02.wlf
#           File in use by: DELL  Hostname: DESKTOP-OBM7L7C  ProcessID: 13856
#           Attempting to use alternate WLF file "./wave/wlft1bh083".
# ** Warning: (vsim-WLF-5001) Could not open WLF file: ./wave/tb_02.wlf
#           Using alternate file: ./wave/wlft1bh083
# ** Warning: (vsim-PLI-3407) Too many data words read on line 8193 of file "tb_pattern/tb_02/file_i/dram0_wr.txt". (Current address [8193], address range [1:8192])    : sim_model/sim_model.v(1198)
#    Time: 0 ps  Iteration: 0  Instance: /tb_top/U_SIM_MODEL
# ** Warning: (vsim-PLI-3407) Too many data words read on line 8193 of file "tb_pattern/tb_02/file_i/dram1_wr.txt". (Current address [8193], address range [1:8192])    : sim_model/sim_model.v(1199)
#    Time: 0 ps  Iteration: 0  Instance: /tb_top/U_SIM_MODEL
#  
# ******<<<<<<<<<<<<<<<<<<<<<<Simulation tb_02 start>>>>>>>>>>>>>>>>>>>>>>> ******
#  
# ---- Initial simulation
# ---- clock ---- 1111 ---- enable
# ---- Wait for  64 cycles
# Memory Collision Error on RAMB36E1 : tb_top.U_PCIE_IF_GX.GROUP_DN[1].U_PCIE_DN_CPLD_DPK.U_DBUF.U0.<protected>.<protected>.<protected>.<protected>.<protected>.<protected>.gen_tdp.INT_RAMB_TDP.chk_for_col_msg at simulation time 118.000 ns.
# A read was performed on address 801f (hex) of port B while a write was requested to the same address on port A.  The write will be successful however the read value on port B is unknown until the next CLKB cycle.
# Memory Collision Error on RAMB36E1 : tb_top.U_PCIE_IF_GX.GROUP_DN[1].U_PCIE_DN_CPLD_DPK.U_DBUF.U0.<protected>.<protected>.<protected>.<protected>.<protected>.<protected>.gen_tdp.INT_RAMB_TDP.chk_for_col_msg at simulation time 118.000 ns.
# A read was performed on address 801f (hex) of port B while a write was requested to the same address on port A.  The write will be successful however the read value on port B is unknown until the next CLKB cycle.
# Memory Collision Error on RAMB36E1 : tb_top.U_PCIE_IF_GX.GROUP_DN[0].U_PCIE_DN_CPLD_DPK.U_DBUF.U0.<protected>.<protected>.<protected>.<protected>.<protected>.<protected>.gen_tdp.INT_RAMB_TDP.chk_for_col_msg at simulation time 118.000 ns.
# A read was performed on address 801f (hex) of port B while a write was requested to the same address on port A.  The write will be successful however the read value on port B is unknown until the next CLKB cycle.
# Memory Collision Error on RAMB36E1 : tb_top.U_PCIE_IF_GX.GROUP_DN[0].U_PCIE_DN_CPLD_DPK.U_DBUF.U0.<protected>.<protected>.<protected>.<protected>.<protected>.<protected>.gen_tdp.INT_RAMB_TDP.chk_for_col_msg at simulation time 118.000 ns.
# A read was performed on address 801f (hex) of port B while a write was requested to the same address on port A.  The write will be successful however the read value on port B is unknown until the next CLKB cycle.
# Memory Collision Error on RAMB36E1 : tb_top.U_PCIE_IF_GX.GROUP_DN[1].U_PCIE_DN_CPLD_DPK.U_DBUF.U0.<protected>.<protected>.<protected>.<protected>.<protected>.<protected>.gen_tdp.INT_RAMB_TDP.chk_for_col_msg at simulation time 122.000 ns.
# A read was performed on address 801f (hex) of port B while a write was requested to the same address on port A.  The write will be successful however the read value on port B is unknown until the next CLKB cycle.
# Memory Collision Error on RAMB36E1 : tb_top.U_PCIE_IF_GX.GROUP_DN[1].U_PCIE_DN_CPLD_DPK.U_DBUF.U0.<protected>.<protected>.<protected>.<protected>.<protected>.<protected>.gen_tdp.INT_RAMB_TDP.chk_for_col_msg at simulation time 122.000 ns.
# A read was performed on address 801f (hex) of port B while a write was requested to the same address on port A.  The write will be successful however the read value on port B is unknown until the next CLKB cycle.
# Memory Collision Error on RAMB36E1 : tb_top.U_PCIE_IF_GX.GROUP_DN[0].U_PCIE_DN_CPLD_DPK.U_DBUF.U0.<protected>.<protected>.<protected>.<protected>.<protected>.<protected>.gen_tdp.INT_RAMB_TDP.chk_for_col_msg at simulation time 122.000 ns.
# A read was performed on address 801f (hex) of port B while a write was requested to the same address on port A.  The write will be successful however the read value on port B is unknown until the next CLKB cycle.
# Memory Collision Error on RAMB36E1 : tb_top.U_PCIE_IF_GX.GROUP_DN[0].U_PCIE_DN_CPLD_DPK.U_DBUF.U0.<protected>.<protected>.<protected>.<protected>.<protected>.<protected>.gen_tdp.INT_RAMB_TDP.chk_for_col_msg at simulation time 122.000 ns.
# A read was performed on address 801f (hex) of port B while a write was requested to the same address on port A.  The write will be successful however the read value on port B is unknown until the next CLKB cycle.
# Memory Collision Error on RAMB36E1 : tb_top.U_PCIE_IF_GX.GROUP_DN[1].U_PCIE_DN_CPLD_DPK.U_DBUF.U0.<protected>.<protected>.<protected>.<protected>.<protected>.<protected>.gen_tdp.INT_RAMB_TDP.chk_for_col_msg at simulation time 126.000 ns.
# A read was performed on address 801f (hex) of port B while a write was requested to the same address on port A.  The write will be successful however the read value on port B is unknown until the next CLKB cycle.
# Memory Collision Error on RAMB36E1 : tb_top.U_PCIE_IF_GX.GROUP_DN[1].U_PCIE_DN_CPLD_DPK.U_DBUF.U0.<protected>.<protected>.<protected>.<protected>.<protected>.<protected>.gen_tdp.INT_RAMB_TDP.chk_for_col_msg at simulation time 126.000 ns.
# A read was performed on address 801f (hex) of port B while a write was requested to the same address on port A.  The write will be successful however the read value on port B is unknown until the next CLKB cycle.
# Memory Collision Error on RAMB36E1 : tb_top.U_PCIE_IF_GX.GROUP_DN[0].U_PCIE_DN_CPLD_DPK.U_DBUF.U0.<protected>.<protected>.<protected>.<protected>.<protected>.<protected>.gen_tdp.INT_RAMB_TDP.chk_for_col_msg at simulation time 126.000 ns.
# A read was performed on address 801f (hex) of port B while a write was requested to the same address on port A.  The write will be successful however the read value on port B is unknown until the next CLKB cycle.
# Memory Collision Error on RAMB36E1 : tb_top.U_PCIE_IF_GX.GROUP_DN[0].U_PCIE_DN_CPLD_DPK.U_DBUF.U0.<protected>.<protected>.<protected>.<protected>.<protected>.<protected>.gen_tdp.INT_RAMB_TDP.chk_for_col_msg at simulation time 126.000 ns.
# A read was performed on address 801f (hex) of port B while a write was requested to the same address on port A.  The write will be successful however the read value on port B is unknown until the next CLKB cycle.
# Memory Collision Error on RAMB36E1 : tb_top.U_PCIE_IF_GX.GROUP_DN[1].U_PCIE_DN_CPLD_DPK.U_DBUF.U0.<protected>.<protected>.<protected>.<protected>.<protected>.<protected>.gen_tdp.INT_RAMB_TDP.chk_for_col_msg at simulation time 130.000 ns.
# A read was performed on address 801f (hex) of port B while a write was requested to the same address on port A.  The write will be successful however the read value on port B is unknown until the next CLKB cycle.
# Memory Collision Error on RAMB36E1 : tb_top.U_PCIE_IF_GX.GROUP_DN[1].U_PCIE_DN_CPLD_DPK.U_DBUF.U0.<protected>.<protected>.<protected>.<protected>.<protected>.<protected>.gen_tdp.INT_RAMB_TDP.chk_for_col_msg at simulation time 130.000 ns.
# A read was performed on address 801f (hex) of port B while a write was requested to the same address on port A.  The write will be successful however the read value on port B is unknown until the next CLKB cycle.
# Memory Collision Error on RAMB36E1 : tb_top.U_PCIE_IF_GX.GROUP_DN[0].U_PCIE_DN_CPLD_DPK.U_DBUF.U0.<protected>.<protected>.<protected>.<protected>.<protected>.<protected>.gen_tdp.INT_RAMB_TDP.chk_for_col_msg at simulation time 130.000 ns.
# A read was performed on address 801f (hex) of port B while a write was requested to the same address on port A.  The write will be successful however the read value on port B is unknown until the next CLKB cycle.
# Memory Collision Error on RAMB36E1 : tb_top.U_PCIE_IF_GX.GROUP_DN[0].U_PCIE_DN_CPLD_DPK.U_DBUF.U0.<protected>.<protected>.<protected>.<protected>.<protected>.<protected>.gen_tdp.INT_RAMB_TDP.chk_for_col_msg at simulation time 130.000 ns.
# A read was performed on address 801f (hex) of port B while a write was requested to the same address on port A.  The write will be successful however the read value on port B is unknown until the next CLKB cycle.
# ---- Wait for  64 cycles end
# ---- Wait for  16 cycles
# ---- Wait for  16 cycles end
# ---- reseting by cycle
# ---- reset0   64 cycle end
# ---- Wait for  16 cycles
# ---- Wait for  16 cycles end
# ---- reseting by ns
# ---- reset1  255 ns end
# ---- Wait for  16 cycles
# ---- Wait for  16 cycles end
# ---- DRAM write PORT :0x01    ADD :0x0000000    SIZE :0x010
# ---- DRAM write end
# ---- Wait for  16 cycles
# ---- Wait for  16 cycles end
# ---- DRAM write PORT :0x01    ADD :0x0000000    SIZE :0x010
# ---- DRAM write end
# ---- Wait for  16 cycles
# ---- Wait for  16 cycles end
# ---- DRAM write PORT :0x01    ADD :0x0000000    SIZE :0x010
# ---- DRAM write end
# ---- Wait for  16 cycles
# ---- Wait for  16 cycles end
# ---- DRAM write PORT :0x01    ADD :0x0000000    SIZE :0x010
# ---- DRAM write end
# ---- Wait for  16 cycles
# ---- Wait for  16 cycles end
# ---- DRAM write PORT :0x01    ADD :0x0000000    SIZE :0x010
# ---- DRAM write end
# ---- Wait for  16 cycles
# ---- Wait for  16 cycles end
# ---- DRAM write PORT :0x01    ADD :0x0000000    SIZE :0x010
# ---- DRAM write end
# ---- Wait for  16 cycles
# ---- Wait for  16 cycles end
# ---- DRAM write PORT :0x01    ADD :0x0000000    SIZE :0x010
# ---- DRAM write end
# ---- Wait for  16 cycles
# ---- Wait for  16 cycles end
# ---- DRAM write PORT :0x01    ADD :0x0000000    SIZE :0x010
# ---- DRAM write end
# ---- Wait for  16 cycles
# ---- Wait for  16 cycles end
# ---- DRAM write PORT :0x01    ADD :0x0000000    SIZE :0x010
# ---- DRAM write end
# ---- Wait for  16 cycles
# ---- Wait for  16 cycles end
# ---- DRAM write PORT :0x01    ADD :0x0000000    SIZE :0x090
# Memory Collision Error on RAMB36E1 : tb_top.U_PCIE_IF_GX.GROUP_DN[0].U_PCIE_DN_CPLD_DPK.U_DBUF.U0.<protected>.<protected>.<protected>.<protected>.<protected>.<protected>.gen_tdp.INT_RAMB_TDP.chk_for_col_msg at simulation time 2102.000 ns.
# A read was performed on address 801f (hex) of port B while a write was requested to the same address on port A.  The write will be successful however the read value on port B is unknown until the next CLKB cycle.
# Memory Collision Error on RAMB36E1 : tb_top.U_PCIE_IF_GX.GROUP_DN[0].U_PCIE_DN_CPLD_DPK.U_DBUF.U0.<protected>.<protected>.<protected>.<protected>.<protected>.<protected>.gen_tdp.INT_RAMB_TDP.chk_for_col_msg at simulation time 2102.000 ns.
# A read was performed on address 801f (hex) of port B while a write was requested to the same address on port A.  The write will be successful however the read value on port B is unknown until the next CLKB cycle.
# ---- DRAM write end
# ---- Wait for  16 cycles
# ---- Wait for  16 cycles end
# ---- DRAM write PORT :0x01    ADD :0x0000000    SIZE :0x090
# Memory Collision Error on RAMB36E1 : tb_top.U_PCIE_IF_GX.GROUP_DN[0].U_PCIE_DN_CPLD_DPK.U_DBUF.U0.<protected>.<protected>.<protected>.<protected>.<protected>.<protected>.gen_tdp.INT_RAMB_TDP.chk_for_col_msg at simulation time 2282.000 ns.
# A read was performed on address 821f (hex) of port B while a write was requested to the same address on port A.  The write will be successful however the read value on port B is unknown until the next CLKB cycle.
# Memory Collision Error on RAMB36E1 : tb_top.U_PCIE_IF_GX.GROUP_DN[0].U_PCIE_DN_CPLD_DPK.U_DBUF.U0.<protected>.<protected>.<protected>.<protected>.<protected>.<protected>.gen_tdp.INT_RAMB_TDP.chk_for_col_msg at simulation time 2282.000 ns.
# A read was performed on address 821f (hex) of port B while a write was requested to the same address on port A.  The write will be successful however the read value on port B is unknown until the next CLKB cycle.
# ---- DRAM write end
# ---- Wait for  16 cycles
# ---- Wait for  16 cycles end
# ---- DRAM write PORT :0x01    ADD :0x0000000    SIZE :0x090
# Memory Collision Error on RAMB36E1 : tb_top.U_PCIE_IF_GX.GROUP_DN[0].U_PCIE_DN_CPLD_DPK.U_DBUF.U0.<protected>.<protected>.<protected>.<protected>.<protected>.<protected>.gen_tdp.INT_RAMB_TDP.chk_for_col_msg at simulation time 2462.000 ns.
# A read was performed on address 841f (hex) of port B while a write was requested to the same address on port A.  The write will be successful however the read value on port B is unknown until the next CLKB cycle.
# Memory Collision Error on RAMB36E1 : tb_top.U_PCIE_IF_GX.GROUP_DN[0].U_PCIE_DN_CPLD_DPK.U_DBUF.U0.<protected>.<protected>.<protected>.<protected>.<protected>.<protected>.gen_tdp.INT_RAMB_TDP.chk_for_col_msg at simulation time 2462.000 ns.
# A read was performed on address 841f (hex) of port B while a write was requested to the same address on port A.  The write will be successful however the read value on port B is unknown until the next CLKB cycle.
# ---- DRAM write end
# ---- Wait for  16 cycles
# ---- Wait for  16 cycles end
# ---- DRAM write PORT :0x01    ADD :0x0000000    SIZE :0x090
# Memory Collision Error on RAMB36E1 : tb_top.U_PCIE_IF_GX.GROUP_DN[0].U_PCIE_DN_CPLD_DPK.U_DBUF.U0.<protected>.<protected>.<protected>.<protected>.<protected>.<protected>.gen_tdp.INT_RAMB_TDP.chk_for_col_msg at simulation time 2642.000 ns.
# A read was performed on address 861f (hex) of port B while a write was requested to the same address on port A.  The write will be successful however the read value on port B is unknown until the next CLKB cycle.
# Memory Collision Error on RAMB36E1 : tb_top.U_PCIE_IF_GX.GROUP_DN[0].U_PCIE_DN_CPLD_DPK.U_DBUF.U0.<protected>.<protected>.<protected>.<protected>.<protected>.<protected>.gen_tdp.INT_RAMB_TDP.chk_for_col_msg at simulation time 2642.000 ns.
# A read was performed on address 861f (hex) of port B while a write was requested to the same address on port A.  The write will be successful however the read value on port B is unknown until the next CLKB cycle.
# ---- DRAM write end
# ---- Wait for  16 cycles
# ---- Wait for  16 cycles end
# ---- DRAM write PORT :0x01    ADD :0x0000000    SIZE :0x090
# Memory Collision Error on RAMB36E1 : tb_top.U_PCIE_IF_GX.GROUP_DN[0].U_PCIE_DN_CPLD_DPK.U_DBUF.U0.<protected>.<protected>.<protected>.<protected>.<protected>.<protected>.gen_tdp.INT_RAMB_TDP.chk_for_col_msg at simulation time 2822.000 ns.
# A read was performed on address 881f (hex) of port B while a write was requested to the same address on port A.  The write will be successful however the read value on port B is unknown until the next CLKB cycle.
# Memory Collision Error on RAMB36E1 : tb_top.U_PCIE_IF_GX.GROUP_DN[0].U_PCIE_DN_CPLD_DPK.U_DBUF.U0.<protected>.<protected>.<protected>.<protected>.<protected>.<protected>.gen_tdp.INT_RAMB_TDP.chk_for_col_msg at simulation time 2822.000 ns.
# A read was performed on address 881f (hex) of port B while a write was requested to the same address on port A.  The write will be successful however the read value on port B is unknown until the next CLKB cycle.
# ---- DRAM write end
# ---- Wait for  16 cycles
# ---- Wait for  16 cycles end
# ---- DRAM write PORT :0x01    ADD :0x0000000    SIZE :0x090
# Memory Collision Error on RAMB36E1 : tb_top.U_PCIE_IF_GX.GROUP_DN[0].U_PCIE_DN_CPLD_DPK.U_DBUF.U0.<protected>.<protected>.<protected>.<protected>.<protected>.<protected>.gen_tdp.INT_RAMB_TDP.chk_for_col_msg at simulation time 3002.000 ns.
# A read was performed on address 8a1f (hex) of port B while a write was requested to the same address on port A.  The write will be successful however the read value on port B is unknown until the next CLKB cycle.
# Memory Collision Error on RAMB36E1 : tb_top.U_PCIE_IF_GX.GROUP_DN[0].U_PCIE_DN_CPLD_DPK.U_DBUF.U0.<protected>.<protected>.<protected>.<protected>.<protected>.<protected>.gen_tdp.INT_RAMB_TDP.chk_for_col_msg at simulation time 3002.000 ns.
# A read was performed on address 8a1f (hex) of port B while a write was requested to the same address on port A.  The write will be successful however the read value on port B is unknown until the next CLKB cycle.
# ---- DRAM write end
# ---- Wait for  16 cycles
# ---- Wait for  16 cycles end
# ---- DRAM write PORT :0x01    ADD :0x0000000    SIZE :0x090
# Memory Collision Error on RAMB36E1 : tb_top.U_PCIE_IF_GX.GROUP_DN[0].U_PCIE_DN_CPLD_DPK.U_DBUF.U0.<protected>.<protected>.<protected>.<protected>.<protected>.<protected>.gen_tdp.INT_RAMB_TDP.chk_for_col_msg at simulation time 3182.000 ns.
# A read was performed on address 8c1f (hex) of port B while a write was requested to the same address on port A.  The write will be successful however the read value on port B is unknown until the next CLKB cycle.
# Memory Collision Error on RAMB36E1 : tb_top.U_PCIE_IF_GX.GROUP_DN[0].U_PCIE_DN_CPLD_DPK.U_DBUF.U0.<protected>.<protected>.<protected>.<protected>.<protected>.<protected>.gen_tdp.INT_RAMB_TDP.chk_for_col_msg at simulation time 3182.000 ns.
# A read was performed on address 8c1f (hex) of port B while a write was requested to the same address on port A.  The write will be successful however the read value on port B is unknown until the next CLKB cycle.
# ---- DRAM write end
# ---- Wait for  16 cycles
# ---- Wait for  16 cycles end
# ---- DRAM write PORT :0x01    ADD :0x0000000    SIZE :0x090
# Memory Collision Error on RAMB36E1 : tb_top.U_PCIE_IF_GX.GROUP_DN[0].U_PCIE_DN_CPLD_DPK.U_DBUF.U0.<protected>.<protected>.<protected>.<protected>.<protected>.<protected>.gen_tdp.INT_RAMB_TDP.chk_for_col_msg at simulation time 3362.000 ns.
# A read was performed on address 8e1f (hex) of port B while a write was requested to the same address on port A.  The write will be successful however the read value on port B is unknown until the next CLKB cycle.
# Memory Collision Error on RAMB36E1 : tb_top.U_PCIE_IF_GX.GROUP_DN[0].U_PCIE_DN_CPLD_DPK.U_DBUF.U0.<protected>.<protected>.<protected>.<protected>.<protected>.<protected>.gen_tdp.INT_RAMB_TDP.chk_for_col_msg at simulation time 3362.000 ns.
# A read was performed on address 8e1f (hex) of port B while a write was requested to the same address on port A.  The write will be successful however the read value on port B is unknown until the next CLKB cycle.
# ---- DRAM write end
# ---- Wait for 255 cycles
# ---- Wait for 255 cycles end
# ---- Wait for   8 us
# ---- Wait           1 us of   8 us
# ---- Wait           2 us of   8 us
# ---- Wait           3 us of   8 us
# ---- Wait           4 us of   8 us
# ---- Wait           5 us of   8 us
# ---- Wait           6 us of   8 us
# ---- Wait           7 us of   8 us
# ---- Wait           8 us of   8 us
# ---- Wait for   8 us end
# ---- tb_02 test completed !
#  
# ******<<<<<<<<<<<<<<<<<<<<Simulation tb_02 Successful End>>>>>>>>>>>>>>>>>>> ******
#  
do do/compile_all.do
# ** Warning: (vlib-34) Library already exists at "work".
# Errors: 0, Warnings: 1
# Model Technology ModelSim SE-64 vmap 2020.4 Lib Mapping Utility 2020.10 Oct 13 2020
# vmap work 
# Reading C:/modeltech64_2020.4/win64/../modelsim.ini
# "work" maps to directory ./work. (Default mapping)
# Model Technology ModelSim SE-64 vlog 2020.4 Compiler 2020.10 Oct 13 2020
# Start time: 13:47:51 on Mar 17,2025
# vlog -reportprogress 300 -work work sim_model/lib/glbl.v 
# -- Compiling module glbl
# 
# Top level modules:
# 	glbl
# End time: 13:47:51 on Mar 17,2025, Elapsed time: 0:00:00
# Errors: 0, Warnings: 0
# ** Warning: (vlib-34) Library already exists at "work".
# Errors: 0, Warnings: 1
# Model Technology ModelSim SE-64 vmap 2020.4 Lib Mapping Utility 2020.10 Oct 13 2020
# vmap work 
# Reading C:/modeltech64_2020.4/win64/../modelsim.ini
# "work" maps to directory ./work. (Default mapping)
# Model Technology ModelSim SE-64 vlog 2020.4 Compiler 2020.10 Oct 13 2020
# Start time: 13:47:52 on Mar 17,2025
# vlog -reportprogress 300 -work work ../rtl/00_xilinx_ip/0_sbram/sram_i64o64_d256/sram_i64o64_d256_sim_netlist.V 
# -- Compiling module sram_i64o64_d256
# -- Compiling module glbl
# 
# Top level modules:
# 	sram_i64o64_d256
# 	glbl
# End time: 13:47:52 on Mar 17,2025, Elapsed time: 0:00:00
# Errors: 0, Warnings: 0
# Model Technology ModelSim SE-64 vlog 2020.4 Compiler 2020.10 Oct 13 2020
# Start time: 13:47:52 on Mar 17,2025
# vlog -reportprogress 300 -work work ../rtl/00_xilinx_ip/1_afifo/afifo_i72o72_d2048/afifo_i72o72_d2048_sim_netlist.V 
# -- Compiling module afifo_i72o72_d2048
# -- Compiling module afifo_i72o72_d2048_xpm_cdc_async_rst
# -- Compiling module afifo_i72o72_d2048_xpm_cdc_async_rst__1
# -- Compiling module afifo_i72o72_d2048_xpm_cdc_gray
# -- Compiling module afifo_i72o72_d2048_xpm_cdc_gray__2
# -- Compiling module afifo_i72o72_d2048_xpm_cdc_single
# -- Compiling module afifo_i72o72_d2048_xpm_cdc_single__2
# -- Compiling module glbl
# 
# Top level modules:
# 	afifo_i72o72_d2048
# 	glbl
# End time: 13:47:52 on Mar 17,2025, Elapsed time: 0:00:00
# Errors: 0, Warnings: 0
# Model Technology ModelSim SE-64 vlog 2020.4 Compiler 2020.10 Oct 13 2020
# Start time: 13:47:53 on Mar 17,2025
# vlog -reportprogress 300 -work work ../rtl/00_xilinx_ip/1_afifo/afifo_i90o90_d512/afifo_i90o90_d512_sim_netlist.V 
# -- Compiling module afifo_i90o90_d512
# -- Compiling module afifo_i90o90_d512_xpm_cdc_async_rst
# -- Compiling module afifo_i90o90_d512_xpm_cdc_async_rst__1
# -- Compiling module afifo_i90o90_d512_xpm_cdc_gray
# -- Compiling module afifo_i90o90_d512_xpm_cdc_gray__2
# -- Compiling module afifo_i90o90_d512_xpm_cdc_single
# -- Compiling module afifo_i90o90_d512_xpm_cdc_single__2
# -- Compiling module glbl
# 
# Top level modules:
# 	afifo_i90o90_d512
# 	glbl
# End time: 13:47:53 on Mar 17,2025, Elapsed time: 0:00:00
# Errors: 0, Warnings: 0
# Model Technology ModelSim SE-64 vlog 2020.4 Compiler 2020.10 Oct 13 2020
# Start time: 13:47:53 on Mar 17,2025
# vlog -reportprogress 300 -work work ../rtl/00_xilinx_ip/2_sfifo/sfifo_i72o72_d512/sfifo_i72o72_d512_sim_netlist.V 
# -- Compiling module sfifo_i72o72_d512
# -- Compiling module glbl
# 
# Top level modules:
# 	sfifo_i72o72_d512
# 	glbl
# End time: 13:47:53 on Mar 17,2025, Elapsed time: 0:00:00
# Errors: 0, Warnings: 0
# Model Technology ModelSim SE-64 vlog 2020.4 Compiler 2020.10 Oct 13 2020
# Start time: 13:47:53 on Mar 17,2025
# vlog -reportprogress 300 -work work ../rtl/00_xilinx_ip/2_sfifo/sfifo_i180_o180_d512/sfifo_i180_o180_d512_sim_netlist.V 
# -- Compiling module sfifo_i180_o180_d512
# -- Compiling module glbl
# 
# Top level modules:
# 	sfifo_i180_o180_d512
# 	glbl
# End time: 13:47:54 on Mar 17,2025, Elapsed time: 0:00:01
# Errors: 0, Warnings: 0
# Model Technology ModelSim SE-64 vlog 2020.4 Compiler 2020.10 Oct 13 2020
# Start time: 13:47:54 on Mar 17,2025
# vlog -reportprogress 300 -work work ../rtl/00_xilinx_ip/2_sfifo/sfifo_i108o108_d512/sfifo_i108o108_d512_sim_netlist.V 
# -- Compiling module sfifo_i108o108_d512
# -- Compiling module glbl
# 
# Top level modules:
# 	sfifo_i108o108_d512
# 	glbl
# End time: 13:47:54 on Mar 17,2025, Elapsed time: 0:00:00
# Errors: 0, Warnings: 0
# Model Technology ModelSim SE-64 vlog 2020.4 Compiler 2020.10 Oct 13 2020
# Start time: 13:47:54 on Mar 17,2025
# vlog -reportprogress 300 -work work ../rtl/01_user_ip/pulse_gen.v 
# -- Compiling module PULSE_GEN
# 
# Top level modules:
# 	PULSE_GEN
# End time: 13:47:54 on Mar 17,2025, Elapsed time: 0:00:00
# Errors: 0, Warnings: 0
# Model Technology ModelSim SE-64 vlog 2020.4 Compiler 2020.10 Oct 13 2020
# Start time: 13:47:54 on Mar 17,2025
# vlog -reportprogress 300 -work work ../rtl/03_pcie_if_gx/pcie_dn_arbit.v ../rtl/03_pcie_if_gx/pcie_dn_cpld_dpk.v ../rtl/03_pcie_if_gx/pcie_dn_cpld_if.v ../rtl/03_pcie_if_gx/pcie_dn_dek.v ../rtl/03_pcie_if_gx/pcie_dn_dma - 副本 (2).v ../rtl/03_pcie_if_gx/pcie_dn_dma - 副本.v ../rtl/03_pcie_if_gx/pcie_dn_dma.v ../rtl/03_pcie_if_gx/pcie_dn_if.v ../rtl/03_pcie_if_gx/pcie_dn_lbuf.v ../rtl/03_pcie_if_gx/pcie_dn_reg.v ../rtl/03_pcie_if_gx/pcie_if_gx_x1.v ../rtl/03_pcie_if_gx/pcie_int.v ../rtl/03_pcie_if_gx/pcie_reg_ack.v ../rtl/03_pcie_if_gx/pcie_reg_if.v ../rtl/03_pcie_if_gx/pcie_reg_int.v ../rtl/03_pcie_if_gx/pcie_rx.v ../rtl/03_pcie_if_gx/pcie_tx.v ../rtl/03_pcie_if_gx/pcie_up_arbit.v ../rtl/03_pcie_if_gx/pcie_up_dma.v ../rtl/03_pcie_if_gx/pcie_up_if.v ../rtl/03_pcie_if_gx/pcie_up_lbuf.v ../rtl/03_pcie_if_gx/pcie_up_reg.v ../rtl/03_pcie_if_gx/pcie_up_ufk.v 
# -- Compiling module PCIE_DN_ARBIT
# -- Compiling module PCIE_DN_CPLD_DPK
# -- Compiling module PCIE_DN_CPLD_IF
# -- Compiling module PCIE_DN_DEK
# -- Compiling module PCIE_DN_DMA
# -- Compiling module PCIE_DN_DMA
# ** Warning: ../rtl/03_pcie_if_gx/pcie_dn_dma - 副本.v(17): (vlog-2275) Existing module 'PCIE_DN_DMA' at ../rtl/03_pcie_if_gx/pcie_dn_dma - 副本 (2).v(17) will be overwritten.
# -- Compiling module PCIE_DN_DMA
# ** Warning: ../rtl/03_pcie_if_gx/pcie_dn_dma.v(17): (vlog-2275) Existing module 'PCIE_DN_DMA' at ../rtl/03_pcie_if_gx/pcie_dn_dma - 副本.v(17) will be overwritten.
# -- Compiling module PCIE_DN_IF
# -- Compiling module PCIE_DN_LBUF
# -- Compiling module PCIE_DN_REG
# -- Compiling module PCIE_IF_GX
# -- Compiling module PCIE_INT
# -- Compiling module PCIE_REG_ACK
# -- Compiling module PCIE_REG_IF
# -- Compiling module PCIE_REG_INT
# -- Compiling module PCIE_RX
# -- Compiling module PCIE_TX
# -- Compiling module PCIE_UP_ARBIT
# -- Compiling module PCIE_UP_DMA
# -- Compiling module PCIE_UP_IF
# -- Compiling module PCIE_UP_LBUF
# -- Compiling module PCIE_UP_REG
# -- Compiling module PCIE_UP_UFK
# 
# Top level modules:
# 	PCIE_IF_GX
# 	PCIE_INT
# End time: 13:47:54 on Mar 17,2025, Elapsed time: 0:00:00
# Errors: 0, Warnings: 2
# Model Technology ModelSim SE-64 vlog 2020.4 Compiler 2020.10 Oct 13 2020
# Start time: 13:47:55 on Mar 17,2025
# vlog -reportprogress 300 -work work ../rtl/04_bist/bist_reg.v ../rtl/04_bist/ram_bist.v 
# -- Compiling module BIST_REG
# -- Compiling module RAM_BIST
# 
# Top level modules:
# 	BIST_REG
# 	RAM_BIST
# End time: 13:47:55 on Mar 17,2025, Elapsed time: 0:00:00
# Errors: 0, Warnings: 0
# Model Technology ModelSim SE-64 vlog 2020.4 Compiler 2020.10 Oct 13 2020
# Start time: 13:47:55 on Mar 17,2025
# vlog -reportprogress 300 -work work ../rtl/05_pc_sim/pc_sim.v 
# -- Compiling module PC_SIM
# 
# Top level modules:
# 	PC_SIM
# End time: 13:47:55 on Mar 17,2025, Elapsed time: 0:00:00
# Errors: 0, Warnings: 0
# Model Technology ModelSim SE-64 vlog 2020.4 Compiler 2020.10 Oct 13 2020
# Start time: 13:47:55 on Mar 17,2025
# vlog -reportprogress 300 -work work ../rtl/fpga_top_sim.V 
# -- Compiling module FPGA_TOP_SIM
# 
# Top level modules:
# 	FPGA_TOP_SIM
# End time: 13:47:55 on Mar 17,2025, Elapsed time: 0:00:00
# Errors: 0, Warnings: 0
# ** Warning: (vlib-34) Library already exists at "work".
# Errors: 0, Warnings: 1
# Model Technology ModelSim SE-64 vmap 2020.4 Lib Mapping Utility 2020.10 Oct 13 2020
# vmap work 
# Reading C:/modeltech64_2020.4/win64/../modelsim.ini
# "work" maps to directory ./work. (Default mapping)
# Model Technology ModelSim SE-64 vlog 2020.4 Compiler 2020.10 Oct 13 2020
# Start time: 13:47:55 on Mar 17,2025
# vlog -reportprogress 300 -work work sim_model/define/define.v 
# End time: 13:47:56 on Mar 17,2025, Elapsed time: 0:00:01
# Errors: 0, Warnings: 0
# Model Technology ModelSim SE-64 vlog 2020.4 Compiler 2020.10 Oct 13 2020
# Start time: 13:47:56 on Mar 17,2025
# vlog -reportprogress 300 "+define+tb_00=1" -work work "+incdir+{sim_model/define}" sim_model/sim_model.v 
# -- Compiling module SIM_MODEL
# 
# Top level modules:
# 	SIM_MODEL
# End time: 13:47:56 on Mar 17,2025, Elapsed time: 0:00:00
# Errors: 0, Warnings: 0
# Model Technology ModelSim SE-64 vlog 2020.4 Compiler 2020.10 Oct 13 2020
# Start time: 13:47:56 on Mar 17,2025
# vlog -reportprogress 300 "+define+tb_00=1" -work work "+incdir+{sim_model/define}" sim_model/tb_top.v 
# -- Compiling module tb_top
# 
# Top level modules:
# 	tb_top
# End time: 13:47:56 on Mar 17,2025, Elapsed time: 0:00:00
# Errors: 0, Warnings: 0
do do/tb_02.do
# Model Technology ModelSim SE-64 vlog 2020.4 Compiler 2020.10 Oct 13 2020
# Start time: 13:47:58 on Mar 17,2025
# vlog -reportprogress 300 "+define+tb_02=1" -work work sim_model\define\define.v 
# End time: 13:47:58 on Mar 17,2025, Elapsed time: 0:00:00
# Errors: 0, Warnings: 0
# Model Technology ModelSim SE-64 vlog 2020.4 Compiler 2020.10 Oct 13 2020
# Start time: 13:47:58 on Mar 17,2025
# vlog -reportprogress 300 "+define+tb_02=1" -work work "+incdir+{sim_modeldefine}" sim_model\tb_top.v 
# -- Compiling module tb_top
# 
# Top level modules:
# 	tb_top
# End time: 13:47:58 on Mar 17,2025, Elapsed time: 0:00:00
# Errors: 0, Warnings: 0
# End time: 13:48:01 on Mar 17,2025, Elapsed time: 0:06:21
# Errors: 0, Warnings: 9
# vsim -t 1ps -c -l ./log/vsim_tb_02_report.log work.tb_top -L fifo_generator_v13_2_5 -L blk_mem_gen_v8_4_4 -L UNISIMS_VER -L SECUREIP -L SIMPRIMS_VER -L work -voptargs="+acc" work.glbl -wav ./wave/tb_02.wlf 
# Start time: 13:48:01 on Mar 17,2025
# ** Note: (vsim-3813) Design is being optimized due to module recompilation...
# ** Note: (vopt-143) Recognized 1 FSM in module "PCIE_DN_DMA(fast__1)".
# ** Note: (vopt-143) Recognized 1 FSM in module "PCIE_DN_DMA(fast)".
# Loading work.tb_top(fast)
# Loading work.SIM_MODEL(fast)
# Loading work.PC_SIM(fast)
# Loading work.PCIE_IF_GX(fast)
# Loading work.PCIE_RX(fast)
# Loading work.sfifo_i180_o180_d512(fast)
# Loading UNISIMS_VER.GND(fast)
# Loading UNISIMS_VER.LUT1(fast)
# Loading UNISIMS_VER.LUT2(fast)
# Loading UNISIMS_VER.LUT3(fast)
# Loading UNISIMS_VER.FDRE(fast)
# Loading UNISIMS_VER.CARRY4(fast)
# Loading UNISIMS_VER.LUT5(fast)
# Loading UNISIMS_VER.LUT5(fast__1)
# Loading UNISIMS_VER.FDSE(fast)
# Loading UNISIMS_VER.LUT4(fast)
# Loading UNISIMS_VER.LUT4(fast__1)
# Loading UNISIMS_VER.LUT3(fast__1)
# Loading UNISIMS_VER.LUT3(fast__2)
# Loading UNISIMS_VER.LUT4(fast__2)
# Loading UNISIMS_VER.LUT6(fast)
# Loading UNISIMS_VER.LUT2(fast__1)
# Loading UNISIMS_VER.LUT3(fast__3)
# Loading UNISIMS_VER.LUT4(fast__3)
# Loading UNISIMS_VER.LUT5(fast__2)
# Loading UNISIMS_VER.LUT6(fast__1)
# Loading UNISIMS_VER.LUT6(fast__2)
# Loading UNISIMS_VER.LUT4(fast__4)
# Loading UNISIMS_VER.LUT2(fast__2)
# Loading UNISIMS_VER.LUT5(fast__3)
# Loading UNISIMS_VER.LUT4(fast__5)
# Loading UNISIMS_VER.LUT6(fast__3)
# Loading UNISIMS_VER.LUT1(fast__1)
# Loading UNISIMS_VER.RAMB18E1(fast)
# Loading UNISIMS_VER.RB18_INTERNAL_VLOG(fast)
# Loading UNISIMS_VER.RAMB36E1(fast)
# Loading UNISIMS_VER.RB36_INTERNAL_VLOG(fast)
# Loading work.PCIE_TX(fast)
# Loading work.sfifo_i72o72_d512(fast)
# Loading UNISIMS_VER.LUT2(fast__3)
# Loading UNISIMS_VER.RAMB36E1(fast__1)
# Loading UNISIMS_VER.RB36_INTERNAL_VLOG(fast__1)
# Loading work.PCIE_REG_IF(fast)
# Loading work.PCIE_REG_ACK(fast)
# Loading work.PCIE_REG_INT(fast)
# Loading work.PCIE_DN_REG(fast)
# Loading work.PCIE_UP_REG(fast)
# Loading work.PCIE_DN_CPLD_IF(fast)
# Loading work.PCIE_DN_IF(fast)
# Loading work.afifo_i90o90_d512(fast)
# Loading work.afifo_i90o90_d512_xpm_cdc_gray(fast)
# Loading UNISIMS_VER.LUT4(fast__6)
# Loading UNISIMS_VER.LUT3(fast__4)
# Loading UNISIMS_VER.LUT6(fast__4)
# Loading UNISIMS_VER.LUT5(fast__4)
# Loading work.afifo_i90o90_d512_xpm_cdc_gray__2(fast)
# Loading UNISIMS_VER.FDPE(fast)
# Loading UNISIMS_VER.LUT4(fast__7)
# Loading UNISIMS_VER.FDCE(fast)
# Loading UNISIMS_VER.LUT4(fast__8)
# Loading UNISIMS_VER.LUT6(fast__5)
# Loading UNISIMS_VER.LUT5(fast__5)
# Loading UNISIMS_VER.LUT6(fast__6)
# Loading UNISIMS_VER.LUT5(fast__6)
# Loading UNISIMS_VER.LUT5(fast__7)
# Loading UNISIMS_VER.LUT5(fast__8)
# Loading UNISIMS_VER.LUT5(fast__9)
# Loading UNISIMS_VER.RAM64M(fast)
# Loading UNISIMS_VER.LUT6(fast__7)
# Loading UNISIMS_VER.MUXF7(fast)
# Loading UNISIMS_VER.LUT2(fast__4)
# Loading work.afifo_i90o90_d512_xpm_cdc_async_rst(fast)
# Loading UNISIMS_VER.FDPE(fast__1)
# Loading UNISIMS_VER.LUT3(fast__5)
# Loading UNISIMS_VER.LUT5(fast__10)
# Loading work.afifo_i90o90_d512_xpm_cdc_single(fast)
# Loading work.afifo_i90o90_d512_xpm_cdc_single__2(fast)
# Loading work.afifo_i90o90_d512_xpm_cdc_async_rst__1(fast)
# Loading work.PCIE_DN_LBUF(fast)
# Loading work.afifo_i72o72_d2048(fast)
# Loading work.afifo_i72o72_d2048_xpm_cdc_gray(fast)
# Loading work.afifo_i72o72_d2048_xpm_cdc_gray__2(fast)
# Loading UNISIMS_VER.LUT6(fast__8)
# Loading UNISIMS_VER.LUT6(fast__9)
# Loading UNISIMS_VER.LUT6(fast__10)
# Loading UNISIMS_VER.LUT6(fast__11)
# Loading UNISIMS_VER.LUT6(fast__12)
# Loading work.afifo_i72o72_d2048_xpm_cdc_async_rst(fast)
# Loading work.afifo_i72o72_d2048_xpm_cdc_single(fast)
# Loading work.afifo_i72o72_d2048_xpm_cdc_single__2(fast)
# Loading work.afifo_i72o72_d2048_xpm_cdc_async_rst__1(fast)
# Loading work.PULSE_GEN(fast)
# Loading work.PCIE_DN_DEK(fast)
# Loading work.PCIE_DN_DMA(fast)
# Loading work.PCIE_DN_CPLD_DPK(fast)
# Loading work.sram_i64o64_d256(fast)
# Loading UNISIMS_VER.RAMB36E1(fast__2)
# Loading UNISIMS_VER.RB36_INTERNAL_VLOG(fast__2)
# Loading UNISIMS_VER.LUT3(fast__6)
# Loading UNISIMS_VER.SRL16E(fast)
# Loading UNISIMS_VER.LUT4(fast__9)
# Loading work.PCIE_DN_DEK(fast__1)
# Loading work.PCIE_DN_DMA(fast__1)
# Loading work.PCIE_DN_ARBIT(fast)
# Loading work.PCIE_UP_IF(fast)
# Loading work.PCIE_UP_LBUF(fast)
# Loading work.PCIE_UP_UFK(fast)
# Loading work.PCIE_UP_DMA(fast)
# Loading work.PCIE_UP_UFK(fast__1)
# Loading work.PCIE_UP_DMA(fast__1)
# Loading work.PCIE_UP_ARBIT(fast)
# Loading work.BIST_REG(fast)
# Loading work.glbl(fast)
# ** Warning: (vsim-3015) [PCDPC] - Port size (12) does not match connection size (16) for port 'DRAM_WR_SIZE'. The port definition is at: ../rtl/05_pc_sim/pc_sim.v(26).
#    Time: 0 ps  Iteration: 0  Instance: /tb_top/U_PC_SIM File: sim_model/tb_top.v Line: 708
# ** Warning: (vsim-3015) [PCDPC] - Port size (1) does not match connection size (64) for port 'rsta_busy'. The port definition is at: ../rtl/00_xilinx_ip/0_sbram/sram_i64o64_d256/sram_i64o64_d256_sim_netlist.V(26).
#    Time: 0 ps  Iteration: 0  Instance: /tb_top/U_PCIE_IF_GX/GROUP_DN[0]/U_PCIE_DN_CPLD_DPK/U_DBUF File: ../rtl/03_pcie_if_gx/pcie_dn_cpld_dpk.v Line: 158
# ** Warning: (vsim-3015) [PCDPC] - Port size (1) does not match connection size (64) for port 'rstb_busy'. The port definition is at: ../rtl/00_xilinx_ip/0_sbram/sram_i64o64_d256/sram_i64o64_d256_sim_netlist.V(27).
#    Time: 0 ps  Iteration: 0  Instance: /tb_top/U_PCIE_IF_GX/GROUP_DN[0]/U_PCIE_DN_CPLD_DPK/U_DBUF File: ../rtl/03_pcie_if_gx/pcie_dn_cpld_dpk.v Line: 158
# ** Warning: (vsim-3015) [PCDPC] - Port size (1) does not match connection size (64) for port 'rsta_busy'. The port definition is at: ../rtl/00_xilinx_ip/0_sbram/sram_i64o64_d256/sram_i64o64_d256_sim_netlist.V(26).
#    Time: 0 ps  Iteration: 0  Instance: /tb_top/U_PCIE_IF_GX/GROUP_DN[1]/U_PCIE_DN_CPLD_DPK/U_DBUF File: ../rtl/03_pcie_if_gx/pcie_dn_cpld_dpk.v Line: 158
# ** Warning: (vsim-3015) [PCDPC] - Port size (1) does not match connection size (64) for port 'rstb_busy'. The port definition is at: ../rtl/00_xilinx_ip/0_sbram/sram_i64o64_d256/sram_i64o64_d256_sim_netlist.V(27).
#    Time: 0 ps  Iteration: 0  Instance: /tb_top/U_PCIE_IF_GX/GROUP_DN[1]/U_PCIE_DN_CPLD_DPK/U_DBUF File: ../rtl/03_pcie_if_gx/pcie_dn_cpld_dpk.v Line: 158
# ** Warning: (vsim-WLF-5000) WLF file currently in use: ./wave/tb_02.wlf
#           File in use by: DELL  Hostname: DESKTOP-OBM7L7C  ProcessID: 13856
#           Attempting to use alternate WLF file "./wave/wlft8igy7c".
# ** Warning: (vsim-WLF-5001) Could not open WLF file: ./wave/tb_02.wlf
#           Using alternate file: ./wave/wlft8igy7c
# ** Warning: (vsim-PLI-3407) Too many data words read on line 8193 of file "tb_pattern/tb_02/file_i/dram0_wr.txt". (Current address [8193], address range [1:8192])    : sim_model/sim_model.v(1198)
#    Time: 0 ps  Iteration: 0  Instance: /tb_top/U_SIM_MODEL
# ** Warning: (vsim-PLI-3407) Too many data words read on line 8193 of file "tb_pattern/tb_02/file_i/dram1_wr.txt". (Current address [8193], address range [1:8192])    : sim_model/sim_model.v(1199)
#    Time: 0 ps  Iteration: 0  Instance: /tb_top/U_SIM_MODEL
#  
# ******<<<<<<<<<<<<<<<<<<<<<<Simulation tb_02 start>>>>>>>>>>>>>>>>>>>>>>> ******
#  
# ---- Initial simulation
# ---- clock ---- 1111 ---- enable
# ---- Wait for  64 cycles
# Memory Collision Error on RAMB36E1 : tb_top.U_PCIE_IF_GX.GROUP_DN[1].U_PCIE_DN_CPLD_DPK.U_DBUF.U0.<protected>.<protected>.<protected>.<protected>.<protected>.<protected>.gen_tdp.INT_RAMB_TDP.chk_for_col_msg at simulation time 118.000 ns.
# A read was performed on address 801f (hex) of port B while a write was requested to the same address on port A.  The write will be successful however the read value on port B is unknown until the next CLKB cycle.
# Memory Collision Error on RAMB36E1 : tb_top.U_PCIE_IF_GX.GROUP_DN[1].U_PCIE_DN_CPLD_DPK.U_DBUF.U0.<protected>.<protected>.<protected>.<protected>.<protected>.<protected>.gen_tdp.INT_RAMB_TDP.chk_for_col_msg at simulation time 118.000 ns.
# A read was performed on address 801f (hex) of port B while a write was requested to the same address on port A.  The write will be successful however the read value on port B is unknown until the next CLKB cycle.
# Memory Collision Error on RAMB36E1 : tb_top.U_PCIE_IF_GX.GROUP_DN[0].U_PCIE_DN_CPLD_DPK.U_DBUF.U0.<protected>.<protected>.<protected>.<protected>.<protected>.<protected>.gen_tdp.INT_RAMB_TDP.chk_for_col_msg at simulation time 118.000 ns.
# A read was performed on address 801f (hex) of port B while a write was requested to the same address on port A.  The write will be successful however the read value on port B is unknown until the next CLKB cycle.
# Memory Collision Error on RAMB36E1 : tb_top.U_PCIE_IF_GX.GROUP_DN[0].U_PCIE_DN_CPLD_DPK.U_DBUF.U0.<protected>.<protected>.<protected>.<protected>.<protected>.<protected>.gen_tdp.INT_RAMB_TDP.chk_for_col_msg at simulation time 118.000 ns.
# A read was performed on address 801f (hex) of port B while a write was requested to the same address on port A.  The write will be successful however the read value on port B is unknown until the next CLKB cycle.
# Memory Collision Error on RAMB36E1 : tb_top.U_PCIE_IF_GX.GROUP_DN[1].U_PCIE_DN_CPLD_DPK.U_DBUF.U0.<protected>.<protected>.<protected>.<protected>.<protected>.<protected>.gen_tdp.INT_RAMB_TDP.chk_for_col_msg at simulation time 122.000 ns.
# A read was performed on address 801f (hex) of port B while a write was requested to the same address on port A.  The write will be successful however the read value on port B is unknown until the next CLKB cycle.
# Memory Collision Error on RAMB36E1 : tb_top.U_PCIE_IF_GX.GROUP_DN[1].U_PCIE_DN_CPLD_DPK.U_DBUF.U0.<protected>.<protected>.<protected>.<protected>.<protected>.<protected>.gen_tdp.INT_RAMB_TDP.chk_for_col_msg at simulation time 122.000 ns.
# A read was performed on address 801f (hex) of port B while a write was requested to the same address on port A.  The write will be successful however the read value on port B is unknown until the next CLKB cycle.
# Memory Collision Error on RAMB36E1 : tb_top.U_PCIE_IF_GX.GROUP_DN[0].U_PCIE_DN_CPLD_DPK.U_DBUF.U0.<protected>.<protected>.<protected>.<protected>.<protected>.<protected>.gen_tdp.INT_RAMB_TDP.chk_for_col_msg at simulation time 122.000 ns.
# A read was performed on address 801f (hex) of port B while a write was requested to the same address on port A.  The write will be successful however the read value on port B is unknown until the next CLKB cycle.
# Memory Collision Error on RAMB36E1 : tb_top.U_PCIE_IF_GX.GROUP_DN[0].U_PCIE_DN_CPLD_DPK.U_DBUF.U0.<protected>.<protected>.<protected>.<protected>.<protected>.<protected>.gen_tdp.INT_RAMB_TDP.chk_for_col_msg at simulation time 122.000 ns.
# A read was performed on address 801f (hex) of port B while a write was requested to the same address on port A.  The write will be successful however the read value on port B is unknown until the next CLKB cycle.
# Memory Collision Error on RAMB36E1 : tb_top.U_PCIE_IF_GX.GROUP_DN[1].U_PCIE_DN_CPLD_DPK.U_DBUF.U0.<protected>.<protected>.<protected>.<protected>.<protected>.<protected>.gen_tdp.INT_RAMB_TDP.chk_for_col_msg at simulation time 126.000 ns.
# A read was performed on address 801f (hex) of port B while a write was requested to the same address on port A.  The write will be successful however the read value on port B is unknown until the next CLKB cycle.
# Memory Collision Error on RAMB36E1 : tb_top.U_PCIE_IF_GX.GROUP_DN[1].U_PCIE_DN_CPLD_DPK.U_DBUF.U0.<protected>.<protected>.<protected>.<protected>.<protected>.<protected>.gen_tdp.INT_RAMB_TDP.chk_for_col_msg at simulation time 126.000 ns.
# A read was performed on address 801f (hex) of port B while a write was requested to the same address on port A.  The write will be successful however the read value on port B is unknown until the next CLKB cycle.
# Memory Collision Error on RAMB36E1 : tb_top.U_PCIE_IF_GX.GROUP_DN[0].U_PCIE_DN_CPLD_DPK.U_DBUF.U0.<protected>.<protected>.<protected>.<protected>.<protected>.<protected>.gen_tdp.INT_RAMB_TDP.chk_for_col_msg at simulation time 126.000 ns.
# A read was performed on address 801f (hex) of port B while a write was requested to the same address on port A.  The write will be successful however the read value on port B is unknown until the next CLKB cycle.
# Memory Collision Error on RAMB36E1 : tb_top.U_PCIE_IF_GX.GROUP_DN[0].U_PCIE_DN_CPLD_DPK.U_DBUF.U0.<protected>.<protected>.<protected>.<protected>.<protected>.<protected>.gen_tdp.INT_RAMB_TDP.chk_for_col_msg at simulation time 126.000 ns.
# A read was performed on address 801f (hex) of port B while a write was requested to the same address on port A.  The write will be successful however the read value on port B is unknown until the next CLKB cycle.
# Memory Collision Error on RAMB36E1 : tb_top.U_PCIE_IF_GX.GROUP_DN[1].U_PCIE_DN_CPLD_DPK.U_DBUF.U0.<protected>.<protected>.<protected>.<protected>.<protected>.<protected>.gen_tdp.INT_RAMB_TDP.chk_for_col_msg at simulation time 130.000 ns.
# A read was performed on address 801f (hex) of port B while a write was requested to the same address on port A.  The write will be successful however the read value on port B is unknown until the next CLKB cycle.
# Memory Collision Error on RAMB36E1 : tb_top.U_PCIE_IF_GX.GROUP_DN[1].U_PCIE_DN_CPLD_DPK.U_DBUF.U0.<protected>.<protected>.<protected>.<protected>.<protected>.<protected>.gen_tdp.INT_RAMB_TDP.chk_for_col_msg at simulation time 130.000 ns.
# A read was performed on address 801f (hex) of port B while a write was requested to the same address on port A.  The write will be successful however the read value on port B is unknown until the next CLKB cycle.
# Memory Collision Error on RAMB36E1 : tb_top.U_PCIE_IF_GX.GROUP_DN[0].U_PCIE_DN_CPLD_DPK.U_DBUF.U0.<protected>.<protected>.<protected>.<protected>.<protected>.<protected>.gen_tdp.INT_RAMB_TDP.chk_for_col_msg at simulation time 130.000 ns.
# A read was performed on address 801f (hex) of port B while a write was requested to the same address on port A.  The write will be successful however the read value on port B is unknown until the next CLKB cycle.
# Memory Collision Error on RAMB36E1 : tb_top.U_PCIE_IF_GX.GROUP_DN[0].U_PCIE_DN_CPLD_DPK.U_DBUF.U0.<protected>.<protected>.<protected>.<protected>.<protected>.<protected>.gen_tdp.INT_RAMB_TDP.chk_for_col_msg at simulation time 130.000 ns.
# A read was performed on address 801f (hex) of port B while a write was requested to the same address on port A.  The write will be successful however the read value on port B is unknown until the next CLKB cycle.
# ---- Wait for  64 cycles end
# ---- Wait for  16 cycles
# ---- Wait for  16 cycles end
# ---- reseting by cycle
# ---- reset0   64 cycle end
# ---- Wait for  16 cycles
# ---- Wait for  16 cycles end
# ---- reseting by ns
# ---- reset1  255 ns end
# ---- Wait for  16 cycles
# ---- Wait for  16 cycles end
# ---- DRAM write PORT :0x01    ADD :0x0000000    SIZE :0x010
# ---- DRAM write end
# ---- Wait for  16 cycles
# ---- Wait for  16 cycles end
# ---- DRAM write PORT :0x01    ADD :0x0000000    SIZE :0x010
# ---- DRAM write end
# ---- Wait for  16 cycles
# ---- Wait for  16 cycles end
# ---- DRAM write PORT :0x01    ADD :0x0000000    SIZE :0x010
# ---- DRAM write end
# ---- Wait for  16 cycles
# ---- Wait for  16 cycles end
# ---- DRAM write PORT :0x01    ADD :0x0000000    SIZE :0x010
# ---- DRAM write end
# ---- Wait for  16 cycles
# ---- Wait for  16 cycles end
# ---- DRAM write PORT :0x01    ADD :0x0000000    SIZE :0x010
# ---- DRAM write end
# ---- Wait for  16 cycles
# ---- Wait for  16 cycles end
# ---- DRAM write PORT :0x01    ADD :0x0000000    SIZE :0x010
# ---- DRAM write end
# ---- Wait for  16 cycles
# ---- Wait for  16 cycles end
# ---- DRAM write PORT :0x01    ADD :0x0000000    SIZE :0x010
# ---- DRAM write end
# ---- Wait for  16 cycles
# ---- Wait for  16 cycles end
# ---- DRAM write PORT :0x01    ADD :0x0000000    SIZE :0x010
# ---- DRAM write end
# ---- Wait for  16 cycles
# ---- Wait for  16 cycles end
# ---- DRAM write PORT :0x01    ADD :0x0000000    SIZE :0x010
# ---- DRAM write end
# ---- Wait for  16 cycles
# ---- Wait for  16 cycles end
# ---- DRAM write PORT :0x01    ADD :0x0000000    SIZE :0x090
# Memory Collision Error on RAMB36E1 : tb_top.U_PCIE_IF_GX.GROUP_DN[0].U_PCIE_DN_CPLD_DPK.U_DBUF.U0.<protected>.<protected>.<protected>.<protected>.<protected>.<protected>.gen_tdp.INT_RAMB_TDP.chk_for_col_msg at simulation time 2102.000 ns.
# A read was performed on address 801f (hex) of port B while a write was requested to the same address on port A.  The write will be successful however the read value on port B is unknown until the next CLKB cycle.
# Memory Collision Error on RAMB36E1 : tb_top.U_PCIE_IF_GX.GROUP_DN[0].U_PCIE_DN_CPLD_DPK.U_DBUF.U0.<protected>.<protected>.<protected>.<protected>.<protected>.<protected>.gen_tdp.INT_RAMB_TDP.chk_for_col_msg at simulation time 2102.000 ns.
# A read was performed on address 801f (hex) of port B while a write was requested to the same address on port A.  The write will be successful however the read value on port B is unknown until the next CLKB cycle.
# ---- DRAM write end
# ---- Wait for  16 cycles
# ---- Wait for  16 cycles end
# ---- DRAM write PORT :0x01    ADD :0x0000000    SIZE :0x090
# Memory Collision Error on RAMB36E1 : tb_top.U_PCIE_IF_GX.GROUP_DN[0].U_PCIE_DN_CPLD_DPK.U_DBUF.U0.<protected>.<protected>.<protected>.<protected>.<protected>.<protected>.gen_tdp.INT_RAMB_TDP.chk_for_col_msg at simulation time 2282.000 ns.
# A read was performed on address 821f (hex) of port B while a write was requested to the same address on port A.  The write will be successful however the read value on port B is unknown until the next CLKB cycle.
# Memory Collision Error on RAMB36E1 : tb_top.U_PCIE_IF_GX.GROUP_DN[0].U_PCIE_DN_CPLD_DPK.U_DBUF.U0.<protected>.<protected>.<protected>.<protected>.<protected>.<protected>.gen_tdp.INT_RAMB_TDP.chk_for_col_msg at simulation time 2282.000 ns.
# A read was performed on address 821f (hex) of port B while a write was requested to the same address on port A.  The write will be successful however the read value on port B is unknown until the next CLKB cycle.
# ---- DRAM write end
# ---- Wait for  16 cycles
# ---- Wait for  16 cycles end
# ---- DRAM write PORT :0x01    ADD :0x0000000    SIZE :0x090
# Memory Collision Error on RAMB36E1 : tb_top.U_PCIE_IF_GX.GROUP_DN[0].U_PCIE_DN_CPLD_DPK.U_DBUF.U0.<protected>.<protected>.<protected>.<protected>.<protected>.<protected>.gen_tdp.INT_RAMB_TDP.chk_for_col_msg at simulation time 2462.000 ns.
# A read was performed on address 841f (hex) of port B while a write was requested to the same address on port A.  The write will be successful however the read value on port B is unknown until the next CLKB cycle.
# Memory Collision Error on RAMB36E1 : tb_top.U_PCIE_IF_GX.GROUP_DN[0].U_PCIE_DN_CPLD_DPK.U_DBUF.U0.<protected>.<protected>.<protected>.<protected>.<protected>.<protected>.gen_tdp.INT_RAMB_TDP.chk_for_col_msg at simulation time 2462.000 ns.
# A read was performed on address 841f (hex) of port B while a write was requested to the same address on port A.  The write will be successful however the read value on port B is unknown until the next CLKB cycle.
# ---- DRAM write end
# ---- Wait for  16 cycles
# ---- Wait for  16 cycles end
# ---- DRAM write PORT :0x01    ADD :0x0000000    SIZE :0x090
# Memory Collision Error on RAMB36E1 : tb_top.U_PCIE_IF_GX.GROUP_DN[0].U_PCIE_DN_CPLD_DPK.U_DBUF.U0.<protected>.<protected>.<protected>.<protected>.<protected>.<protected>.gen_tdp.INT_RAMB_TDP.chk_for_col_msg at simulation time 2642.000 ns.
# A read was performed on address 861f (hex) of port B while a write was requested to the same address on port A.  The write will be successful however the read value on port B is unknown until the next CLKB cycle.
# Memory Collision Error on RAMB36E1 : tb_top.U_PCIE_IF_GX.GROUP_DN[0].U_PCIE_DN_CPLD_DPK.U_DBUF.U0.<protected>.<protected>.<protected>.<protected>.<protected>.<protected>.gen_tdp.INT_RAMB_TDP.chk_for_col_msg at simulation time 2642.000 ns.
# A read was performed on address 861f (hex) of port B while a write was requested to the same address on port A.  The write will be successful however the read value on port B is unknown until the next CLKB cycle.
# ---- DRAM write end
# ---- Wait for  16 cycles
# ---- Wait for  16 cycles end
# ---- DRAM write PORT :0x01    ADD :0x0000000    SIZE :0x090
# Memory Collision Error on RAMB36E1 : tb_top.U_PCIE_IF_GX.GROUP_DN[0].U_PCIE_DN_CPLD_DPK.U_DBUF.U0.<protected>.<protected>.<protected>.<protected>.<protected>.<protected>.gen_tdp.INT_RAMB_TDP.chk_for_col_msg at simulation time 2822.000 ns.
# A read was performed on address 881f (hex) of port B while a write was requested to the same address on port A.  The write will be successful however the read value on port B is unknown until the next CLKB cycle.
# Memory Collision Error on RAMB36E1 : tb_top.U_PCIE_IF_GX.GROUP_DN[0].U_PCIE_DN_CPLD_DPK.U_DBUF.U0.<protected>.<protected>.<protected>.<protected>.<protected>.<protected>.gen_tdp.INT_RAMB_TDP.chk_for_col_msg at simulation time 2822.000 ns.
# A read was performed on address 881f (hex) of port B while a write was requested to the same address on port A.  The write will be successful however the read value on port B is unknown until the next CLKB cycle.
# ---- DRAM write end
# ---- Wait for  16 cycles
# ---- Wait for  16 cycles end
# ---- DRAM write PORT :0x01    ADD :0x0000000    SIZE :0x090
# Memory Collision Error on RAMB36E1 : tb_top.U_PCIE_IF_GX.GROUP_DN[0].U_PCIE_DN_CPLD_DPK.U_DBUF.U0.<protected>.<protected>.<protected>.<protected>.<protected>.<protected>.gen_tdp.INT_RAMB_TDP.chk_for_col_msg at simulation time 3002.000 ns.
# A read was performed on address 8a1f (hex) of port B while a write was requested to the same address on port A.  The write will be successful however the read value on port B is unknown until the next CLKB cycle.
# Memory Collision Error on RAMB36E1 : tb_top.U_PCIE_IF_GX.GROUP_DN[0].U_PCIE_DN_CPLD_DPK.U_DBUF.U0.<protected>.<protected>.<protected>.<protected>.<protected>.<protected>.gen_tdp.INT_RAMB_TDP.chk_for_col_msg at simulation time 3002.000 ns.
# A read was performed on address 8a1f (hex) of port B while a write was requested to the same address on port A.  The write will be successful however the read value on port B is unknown until the next CLKB cycle.
# ---- DRAM write end
# ---- Wait for  16 cycles
# ---- Wait for  16 cycles end
# ---- DRAM write PORT :0x01    ADD :0x0000000    SIZE :0x090
# Memory Collision Error on RAMB36E1 : tb_top.U_PCIE_IF_GX.GROUP_DN[0].U_PCIE_DN_CPLD_DPK.U_DBUF.U0.<protected>.<protected>.<protected>.<protected>.<protected>.<protected>.gen_tdp.INT_RAMB_TDP.chk_for_col_msg at simulation time 3182.000 ns.
# A read was performed on address 8c1f (hex) of port B while a write was requested to the same address on port A.  The write will be successful however the read value on port B is unknown until the next CLKB cycle.
# Memory Collision Error on RAMB36E1 : tb_top.U_PCIE_IF_GX.GROUP_DN[0].U_PCIE_DN_CPLD_DPK.U_DBUF.U0.<protected>.<protected>.<protected>.<protected>.<protected>.<protected>.gen_tdp.INT_RAMB_TDP.chk_for_col_msg at simulation time 3182.000 ns.
# A read was performed on address 8c1f (hex) of port B while a write was requested to the same address on port A.  The write will be successful however the read value on port B is unknown until the next CLKB cycle.
# ---- DRAM write end
# ---- Wait for  16 cycles
# ---- Wait for  16 cycles end
# ---- DRAM write PORT :0x01    ADD :0x0000000    SIZE :0x090
# Memory Collision Error on RAMB36E1 : tb_top.U_PCIE_IF_GX.GROUP_DN[0].U_PCIE_DN_CPLD_DPK.U_DBUF.U0.<protected>.<protected>.<protected>.<protected>.<protected>.<protected>.gen_tdp.INT_RAMB_TDP.chk_for_col_msg at simulation time 3362.000 ns.
# A read was performed on address 8e1f (hex) of port B while a write was requested to the same address on port A.  The write will be successful however the read value on port B is unknown until the next CLKB cycle.
# Memory Collision Error on RAMB36E1 : tb_top.U_PCIE_IF_GX.GROUP_DN[0].U_PCIE_DN_CPLD_DPK.U_DBUF.U0.<protected>.<protected>.<protected>.<protected>.<protected>.<protected>.gen_tdp.INT_RAMB_TDP.chk_for_col_msg at simulation time 3362.000 ns.
# A read was performed on address 8e1f (hex) of port B while a write was requested to the same address on port A.  The write will be successful however the read value on port B is unknown until the next CLKB cycle.
# ---- DRAM write end
# ---- Wait for 255 cycles
# ---- Wait for 255 cycles end
# ---- Wait for   8 us
# ---- Wait           1 us of   8 us
# ---- Wait           2 us of   8 us
# ---- Wait           3 us of   8 us
# ---- Wait           4 us of   8 us
# ---- Wait           5 us of   8 us
# ---- Wait           6 us of   8 us
# ---- Wait           7 us of   8 us
# ---- Wait           8 us of   8 us
# ---- Wait for   8 us end
# ---- tb_02 test completed !
#  
# ******<<<<<<<<<<<<<<<<<<<<Simulation tb_02 Successful End>>>>>>>>>>>>>>>>>>> ******
#  
do do/tb_02.do
# Model Technology ModelSim SE-64 vlog 2020.4 Compiler 2020.10 Oct 13 2020
# Start time: 13:52:10 on Mar 17,2025
# vlog -reportprogress 300 "+define+tb_02=1" -work work sim_model\define\define.v 
# End time: 13:52:10 on Mar 17,2025, Elapsed time: 0:00:00
# Errors: 0, Warnings: 0
# Model Technology ModelSim SE-64 vlog 2020.4 Compiler 2020.10 Oct 13 2020
# Start time: 13:52:10 on Mar 17,2025
# vlog -reportprogress 300 "+define+tb_02=1" -work work "+incdir+{sim_modeldefine}" sim_model\tb_top.v 
# -- Compiling module tb_top
# 
# Top level modules:
# 	tb_top
# End time: 13:52:10 on Mar 17,2025, Elapsed time: 0:00:00
# Errors: 0, Warnings: 0
# End time: 13:52:13 on Mar 17,2025, Elapsed time: 0:04:12
# Errors: 0, Warnings: 9
# vsim -t 1ps -c -l ./log/vsim_tb_02_report.log work.tb_top -L fifo_generator_v13_2_5 -L blk_mem_gen_v8_4_4 -L UNISIMS_VER -L SECUREIP -L SIMPRIMS_VER -L work -voptargs="+acc" work.glbl -wav ./wave/tb_02.wlf 
# Start time: 13:52:13 on Mar 17,2025
# ** Note: (vsim-8009) Loading existing optimized design _opt
# Loading work.tb_top(fast)
# Loading work.SIM_MODEL(fast)
# Loading work.PC_SIM(fast)
# Loading work.PCIE_IF_GX(fast)
# Loading work.PCIE_RX(fast)
# Loading work.sfifo_i180_o180_d512(fast)
# Loading UNISIMS_VER.GND(fast)
# Loading UNISIMS_VER.LUT1(fast)
# Loading UNISIMS_VER.LUT2(fast)
# Loading UNISIMS_VER.LUT3(fast)
# Loading UNISIMS_VER.FDRE(fast)
# Loading UNISIMS_VER.CARRY4(fast)
# Loading UNISIMS_VER.LUT5(fast)
# Loading UNISIMS_VER.LUT5(fast__1)
# Loading UNISIMS_VER.FDSE(fast)
# Loading UNISIMS_VER.LUT4(fast)
# Loading UNISIMS_VER.LUT4(fast__1)
# Loading UNISIMS_VER.LUT3(fast__1)
# Loading UNISIMS_VER.LUT3(fast__2)
# Loading UNISIMS_VER.LUT4(fast__2)
# Loading UNISIMS_VER.LUT6(fast)
# Loading UNISIMS_VER.LUT2(fast__1)
# Loading UNISIMS_VER.LUT3(fast__3)
# Loading UNISIMS_VER.LUT4(fast__3)
# Loading UNISIMS_VER.LUT5(fast__2)
# Loading UNISIMS_VER.LUT6(fast__1)
# Loading UNISIMS_VER.LUT6(fast__2)
# Loading UNISIMS_VER.LUT4(fast__4)
# Loading UNISIMS_VER.LUT2(fast__2)
# Loading UNISIMS_VER.LUT5(fast__3)
# Loading UNISIMS_VER.LUT4(fast__5)
# Loading UNISIMS_VER.LUT6(fast__3)
# Loading UNISIMS_VER.LUT1(fast__1)
# Loading UNISIMS_VER.RAMB18E1(fast)
# Loading UNISIMS_VER.RB18_INTERNAL_VLOG(fast)
# Loading UNISIMS_VER.RAMB36E1(fast)
# Loading UNISIMS_VER.RB36_INTERNAL_VLOG(fast)
# Loading work.PCIE_TX(fast)
# Loading work.sfifo_i72o72_d512(fast)
# Loading UNISIMS_VER.LUT2(fast__3)
# Loading UNISIMS_VER.RAMB36E1(fast__1)
# Loading UNISIMS_VER.RB36_INTERNAL_VLOG(fast__1)
# Loading work.PCIE_REG_IF(fast)
# Loading work.PCIE_REG_ACK(fast)
# Loading work.PCIE_REG_INT(fast)
# Loading work.PCIE_DN_REG(fast)
# Loading work.PCIE_UP_REG(fast)
# Loading work.PCIE_DN_CPLD_IF(fast)
# Loading work.PCIE_DN_IF(fast)
# Loading work.afifo_i90o90_d512(fast)
# Loading work.afifo_i90o90_d512_xpm_cdc_gray(fast)
# Loading UNISIMS_VER.LUT4(fast__6)
# Loading UNISIMS_VER.LUT3(fast__4)
# Loading UNISIMS_VER.LUT6(fast__4)
# Loading UNISIMS_VER.LUT5(fast__4)
# Loading work.afifo_i90o90_d512_xpm_cdc_gray__2(fast)
# Loading UNISIMS_VER.FDPE(fast)
# Loading UNISIMS_VER.LUT4(fast__7)
# Loading UNISIMS_VER.FDCE(fast)
# Loading UNISIMS_VER.LUT4(fast__8)
# Loading UNISIMS_VER.LUT6(fast__5)
# Loading UNISIMS_VER.LUT5(fast__5)
# Loading UNISIMS_VER.LUT6(fast__6)
# Loading UNISIMS_VER.LUT5(fast__6)
# Loading UNISIMS_VER.LUT5(fast__7)
# Loading UNISIMS_VER.LUT5(fast__8)
# Loading UNISIMS_VER.LUT5(fast__9)
# Loading UNISIMS_VER.RAM64M(fast)
# Loading UNISIMS_VER.LUT6(fast__7)
# Loading UNISIMS_VER.MUXF7(fast)
# Loading UNISIMS_VER.LUT2(fast__4)
# Loading work.afifo_i90o90_d512_xpm_cdc_async_rst(fast)
# Loading UNISIMS_VER.FDPE(fast__1)
# Loading UNISIMS_VER.LUT3(fast__5)
# Loading UNISIMS_VER.LUT5(fast__10)
# Loading work.afifo_i90o90_d512_xpm_cdc_single(fast)
# Loading work.afifo_i90o90_d512_xpm_cdc_single__2(fast)
# Loading work.afifo_i90o90_d512_xpm_cdc_async_rst__1(fast)
# Loading work.PCIE_DN_LBUF(fast)
# Loading work.afifo_i72o72_d2048(fast)
# Loading work.afifo_i72o72_d2048_xpm_cdc_gray(fast)
# Loading work.afifo_i72o72_d2048_xpm_cdc_gray__2(fast)
# Loading UNISIMS_VER.LUT6(fast__8)
# Loading UNISIMS_VER.LUT6(fast__9)
# Loading UNISIMS_VER.LUT6(fast__10)
# Loading UNISIMS_VER.LUT6(fast__11)
# Loading UNISIMS_VER.LUT6(fast__12)
# Loading work.afifo_i72o72_d2048_xpm_cdc_async_rst(fast)
# Loading work.afifo_i72o72_d2048_xpm_cdc_single(fast)
# Loading work.afifo_i72o72_d2048_xpm_cdc_single__2(fast)
# Loading work.afifo_i72o72_d2048_xpm_cdc_async_rst__1(fast)
# Loading work.PULSE_GEN(fast)
# Loading work.PCIE_DN_DEK(fast)
# Loading work.PCIE_DN_DMA(fast)
# Loading work.PCIE_DN_CPLD_DPK(fast)
# Loading work.sram_i64o64_d256(fast)
# Loading UNISIMS_VER.RAMB36E1(fast__2)
# Loading UNISIMS_VER.RB36_INTERNAL_VLOG(fast__2)
# Loading UNISIMS_VER.LUT3(fast__6)
# Loading UNISIMS_VER.SRL16E(fast)
# Loading UNISIMS_VER.LUT4(fast__9)
# Loading work.PCIE_DN_DEK(fast__1)
# Loading work.PCIE_DN_DMA(fast__1)
# Loading work.PCIE_DN_ARBIT(fast)
# Loading work.PCIE_UP_IF(fast)
# Loading work.PCIE_UP_LBUF(fast)
# Loading work.PCIE_UP_UFK(fast)
# Loading work.PCIE_UP_DMA(fast)
# Loading work.PCIE_UP_UFK(fast__1)
# Loading work.PCIE_UP_DMA(fast__1)
# Loading work.PCIE_UP_ARBIT(fast)
# Loading work.BIST_REG(fast)
# Loading work.glbl(fast)
# ** Warning: (vsim-3015) [PCDPC] - Port size (12) does not match connection size (16) for port 'DRAM_WR_SIZE'. The port definition is at: ../rtl/05_pc_sim/pc_sim.v(26).
#    Time: 0 ps  Iteration: 0  Instance: /tb_top/U_PC_SIM File: sim_model/tb_top.v Line: 708
# ** Warning: (vsim-3015) [PCDPC] - Port size (1) does not match connection size (64) for port 'rsta_busy'. The port definition is at: ../rtl/00_xilinx_ip/0_sbram/sram_i64o64_d256/sram_i64o64_d256_sim_netlist.V(26).
#    Time: 0 ps  Iteration: 0  Instance: /tb_top/U_PCIE_IF_GX/GROUP_DN[0]/U_PCIE_DN_CPLD_DPK/U_DBUF File: ../rtl/03_pcie_if_gx/pcie_dn_cpld_dpk.v Line: 158
# ** Warning: (vsim-3015) [PCDPC] - Port size (1) does not match connection size (64) for port 'rstb_busy'. The port definition is at: ../rtl/00_xilinx_ip/0_sbram/sram_i64o64_d256/sram_i64o64_d256_sim_netlist.V(27).
#    Time: 0 ps  Iteration: 0  Instance: /tb_top/U_PCIE_IF_GX/GROUP_DN[0]/U_PCIE_DN_CPLD_DPK/U_DBUF File: ../rtl/03_pcie_if_gx/pcie_dn_cpld_dpk.v Line: 158
# ** Warning: (vsim-3015) [PCDPC] - Port size (1) does not match connection size (64) for port 'rsta_busy'. The port definition is at: ../rtl/00_xilinx_ip/0_sbram/sram_i64o64_d256/sram_i64o64_d256_sim_netlist.V(26).
#    Time: 0 ps  Iteration: 0  Instance: /tb_top/U_PCIE_IF_GX/GROUP_DN[1]/U_PCIE_DN_CPLD_DPK/U_DBUF File: ../rtl/03_pcie_if_gx/pcie_dn_cpld_dpk.v Line: 158
# ** Warning: (vsim-3015) [PCDPC] - Port size (1) does not match connection size (64) for port 'rstb_busy'. The port definition is at: ../rtl/00_xilinx_ip/0_sbram/sram_i64o64_d256/sram_i64o64_d256_sim_netlist.V(27).
#    Time: 0 ps  Iteration: 0  Instance: /tb_top/U_PCIE_IF_GX/GROUP_DN[1]/U_PCIE_DN_CPLD_DPK/U_DBUF File: ../rtl/03_pcie_if_gx/pcie_dn_cpld_dpk.v Line: 158
# ** Warning: (vsim-WLF-5000) WLF file currently in use: ./wave/tb_02.wlf
#           File in use by: DELL  Hostname: DESKTOP-OBM7L7C  ProcessID: 13856
#           Attempting to use alternate WLF file "./wave/wlftyvdk0w".
# ** Warning: (vsim-WLF-5001) Could not open WLF file: ./wave/tb_02.wlf
#           Using alternate file: ./wave/wlftyvdk0w
# ** Warning: (vsim-PLI-3407) Too many data words read on line 8193 of file "tb_pattern/tb_02/file_i/dram0_wr.txt". (Current address [8193], address range [1:8192])    : sim_model/sim_model.v(1198)
#    Time: 0 ps  Iteration: 0  Instance: /tb_top/U_SIM_MODEL
# ** Warning: (vsim-PLI-3407) Too many data words read on line 8193 of file "tb_pattern/tb_02/file_i/dram1_wr.txt". (Current address [8193], address range [1:8192])    : sim_model/sim_model.v(1199)
#    Time: 0 ps  Iteration: 0  Instance: /tb_top/U_SIM_MODEL
#  
# ******<<<<<<<<<<<<<<<<<<<<<<Simulation tb_02 start>>>>>>>>>>>>>>>>>>>>>>> ******
#  
# ---- Initial simulation
# ---- clock ---- 1111 ---- enable
# ---- Wait for  64 cycles
# Memory Collision Error on RAMB36E1 : tb_top.U_PCIE_IF_GX.GROUP_DN[1].U_PCIE_DN_CPLD_DPK.U_DBUF.U0.<protected>.<protected>.<protected>.<protected>.<protected>.<protected>.gen_tdp.INT_RAMB_TDP.chk_for_col_msg at simulation time 118.000 ns.
# A read was performed on address 801f (hex) of port B while a write was requested to the same address on port A.  The write will be successful however the read value on port B is unknown until the next CLKB cycle.
# Memory Collision Error on RAMB36E1 : tb_top.U_PCIE_IF_GX.GROUP_DN[1].U_PCIE_DN_CPLD_DPK.U_DBUF.U0.<protected>.<protected>.<protected>.<protected>.<protected>.<protected>.gen_tdp.INT_RAMB_TDP.chk_for_col_msg at simulation time 118.000 ns.
# A read was performed on address 801f (hex) of port B while a write was requested to the same address on port A.  The write will be successful however the read value on port B is unknown until the next CLKB cycle.
# Memory Collision Error on RAMB36E1 : tb_top.U_PCIE_IF_GX.GROUP_DN[0].U_PCIE_DN_CPLD_DPK.U_DBUF.U0.<protected>.<protected>.<protected>.<protected>.<protected>.<protected>.gen_tdp.INT_RAMB_TDP.chk_for_col_msg at simulation time 118.000 ns.
# A read was performed on address 801f (hex) of port B while a write was requested to the same address on port A.  The write will be successful however the read value on port B is unknown until the next CLKB cycle.
# Memory Collision Error on RAMB36E1 : tb_top.U_PCIE_IF_GX.GROUP_DN[0].U_PCIE_DN_CPLD_DPK.U_DBUF.U0.<protected>.<protected>.<protected>.<protected>.<protected>.<protected>.gen_tdp.INT_RAMB_TDP.chk_for_col_msg at simulation time 118.000 ns.
# A read was performed on address 801f (hex) of port B while a write was requested to the same address on port A.  The write will be successful however the read value on port B is unknown until the next CLKB cycle.
# Memory Collision Error on RAMB36E1 : tb_top.U_PCIE_IF_GX.GROUP_DN[1].U_PCIE_DN_CPLD_DPK.U_DBUF.U0.<protected>.<protected>.<protected>.<protected>.<protected>.<protected>.gen_tdp.INT_RAMB_TDP.chk_for_col_msg at simulation time 122.000 ns.
# A read was performed on address 801f (hex) of port B while a write was requested to the same address on port A.  The write will be successful however the read value on port B is unknown until the next CLKB cycle.
# Memory Collision Error on RAMB36E1 : tb_top.U_PCIE_IF_GX.GROUP_DN[1].U_PCIE_DN_CPLD_DPK.U_DBUF.U0.<protected>.<protected>.<protected>.<protected>.<protected>.<protected>.gen_tdp.INT_RAMB_TDP.chk_for_col_msg at simulation time 122.000 ns.
# A read was performed on address 801f (hex) of port B while a write was requested to the same address on port A.  The write will be successful however the read value on port B is unknown until the next CLKB cycle.
# Memory Collision Error on RAMB36E1 : tb_top.U_PCIE_IF_GX.GROUP_DN[0].U_PCIE_DN_CPLD_DPK.U_DBUF.U0.<protected>.<protected>.<protected>.<protected>.<protected>.<protected>.gen_tdp.INT_RAMB_TDP.chk_for_col_msg at simulation time 122.000 ns.
# A read was performed on address 801f (hex) of port B while a write was requested to the same address on port A.  The write will be successful however the read value on port B is unknown until the next CLKB cycle.
# Memory Collision Error on RAMB36E1 : tb_top.U_PCIE_IF_GX.GROUP_DN[0].U_PCIE_DN_CPLD_DPK.U_DBUF.U0.<protected>.<protected>.<protected>.<protected>.<protected>.<protected>.gen_tdp.INT_RAMB_TDP.chk_for_col_msg at simulation time 122.000 ns.
# A read was performed on address 801f (hex) of port B while a write was requested to the same address on port A.  The write will be successful however the read value on port B is unknown until the next CLKB cycle.
# Memory Collision Error on RAMB36E1 : tb_top.U_PCIE_IF_GX.GROUP_DN[1].U_PCIE_DN_CPLD_DPK.U_DBUF.U0.<protected>.<protected>.<protected>.<protected>.<protected>.<protected>.gen_tdp.INT_RAMB_TDP.chk_for_col_msg at simulation time 126.000 ns.
# A read was performed on address 801f (hex) of port B while a write was requested to the same address on port A.  The write will be successful however the read value on port B is unknown until the next CLKB cycle.
# Memory Collision Error on RAMB36E1 : tb_top.U_PCIE_IF_GX.GROUP_DN[1].U_PCIE_DN_CPLD_DPK.U_DBUF.U0.<protected>.<protected>.<protected>.<protected>.<protected>.<protected>.gen_tdp.INT_RAMB_TDP.chk_for_col_msg at simulation time 126.000 ns.
# A read was performed on address 801f (hex) of port B while a write was requested to the same address on port A.  The write will be successful however the read value on port B is unknown until the next CLKB cycle.
# Memory Collision Error on RAMB36E1 : tb_top.U_PCIE_IF_GX.GROUP_DN[0].U_PCIE_DN_CPLD_DPK.U_DBUF.U0.<protected>.<protected>.<protected>.<protected>.<protected>.<protected>.gen_tdp.INT_RAMB_TDP.chk_for_col_msg at simulation time 126.000 ns.
# A read was performed on address 801f (hex) of port B while a write was requested to the same address on port A.  The write will be successful however the read value on port B is unknown until the next CLKB cycle.
# Memory Collision Error on RAMB36E1 : tb_top.U_PCIE_IF_GX.GROUP_DN[0].U_PCIE_DN_CPLD_DPK.U_DBUF.U0.<protected>.<protected>.<protected>.<protected>.<protected>.<protected>.gen_tdp.INT_RAMB_TDP.chk_for_col_msg at simulation time 126.000 ns.
# A read was performed on address 801f (hex) of port B while a write was requested to the same address on port A.  The write will be successful however the read value on port B is unknown until the next CLKB cycle.
# Memory Collision Error on RAMB36E1 : tb_top.U_PCIE_IF_GX.GROUP_DN[1].U_PCIE_DN_CPLD_DPK.U_DBUF.U0.<protected>.<protected>.<protected>.<protected>.<protected>.<protected>.gen_tdp.INT_RAMB_TDP.chk_for_col_msg at simulation time 130.000 ns.
# A read was performed on address 801f (hex) of port B while a write was requested to the same address on port A.  The write will be successful however the read value on port B is unknown until the next CLKB cycle.
# Memory Collision Error on RAMB36E1 : tb_top.U_PCIE_IF_GX.GROUP_DN[1].U_PCIE_DN_CPLD_DPK.U_DBUF.U0.<protected>.<protected>.<protected>.<protected>.<protected>.<protected>.gen_tdp.INT_RAMB_TDP.chk_for_col_msg at simulation time 130.000 ns.
# A read was performed on address 801f (hex) of port B while a write was requested to the same address on port A.  The write will be successful however the read value on port B is unknown until the next CLKB cycle.
# Memory Collision Error on RAMB36E1 : tb_top.U_PCIE_IF_GX.GROUP_DN[0].U_PCIE_DN_CPLD_DPK.U_DBUF.U0.<protected>.<protected>.<protected>.<protected>.<protected>.<protected>.gen_tdp.INT_RAMB_TDP.chk_for_col_msg at simulation time 130.000 ns.
# A read was performed on address 801f (hex) of port B while a write was requested to the same address on port A.  The write will be successful however the read value on port B is unknown until the next CLKB cycle.
# Memory Collision Error on RAMB36E1 : tb_top.U_PCIE_IF_GX.GROUP_DN[0].U_PCIE_DN_CPLD_DPK.U_DBUF.U0.<protected>.<protected>.<protected>.<protected>.<protected>.<protected>.gen_tdp.INT_RAMB_TDP.chk_for_col_msg at simulation time 130.000 ns.
# A read was performed on address 801f (hex) of port B while a write was requested to the same address on port A.  The write will be successful however the read value on port B is unknown until the next CLKB cycle.
# ---- Wait for  64 cycles end
# ---- Wait for  16 cycles
# ---- Wait for  16 cycles end
# ---- reseting by cycle
# ---- reset0   64 cycle end
# ---- Wait for  16 cycles
# ---- Wait for  16 cycles end
# ---- reseting by ns
# ---- reset1  255 ns end
# ---- Wait for  16 cycles
# ---- Wait for  16 cycles end
# ---- DRAM write PORT :0x01    ADD :0x0000000    SIZE :0x010
# ---- DRAM write end
# ---- Wait for  16 cycles
# ---- Wait for  16 cycles end
# ---- DRAM write PORT :0x01    ADD :0x0000000    SIZE :0x010
# ---- DRAM write end
# ---- Wait for  16 cycles
# ---- Wait for  16 cycles end
# ---- DRAM write PORT :0x01    ADD :0x0000000    SIZE :0x010
# ---- DRAM write end
# ---- Wait for  16 cycles
# ---- Wait for  16 cycles end
# ---- DRAM write PORT :0x01    ADD :0x0000000    SIZE :0x010
# ---- DRAM write end
# ---- Wait for  16 cycles
# ---- Wait for  16 cycles end
# ---- DRAM write PORT :0x01    ADD :0x0000000    SIZE :0x010
# ---- DRAM write end
# ---- Wait for  16 cycles
# ---- Wait for  16 cycles end
# ---- DRAM write PORT :0x01    ADD :0x0000000    SIZE :0x010
# ---- DRAM write end
# ---- Wait for  16 cycles
# ---- Wait for  16 cycles end
# ---- DRAM write PORT :0x01    ADD :0x0000000    SIZE :0x010
# ---- DRAM write end
# ---- Wait for  16 cycles
# ---- Wait for  16 cycles end
# ---- DRAM write PORT :0x01    ADD :0x0000000    SIZE :0x010
# ---- DRAM write end
# ---- Wait for  16 cycles
# ---- Wait for  16 cycles end
# ---- DRAM write PORT :0x01    ADD :0x0000000    SIZE :0x010
# ---- DRAM write end
# ---- Wait for  16 cycles
# ---- Wait for  16 cycles end
# ---- DRAM write PORT :0x01    ADD :0x0000000    SIZE :0x090
# Memory Collision Error on RAMB36E1 : tb_top.U_PCIE_IF_GX.GROUP_DN[0].U_PCIE_DN_CPLD_DPK.U_DBUF.U0.<protected>.<protected>.<protected>.<protected>.<protected>.<protected>.gen_tdp.INT_RAMB_TDP.chk_for_col_msg at simulation time 2102.000 ns.
# A read was performed on address 801f (hex) of port B while a write was requested to the same address on port A.  The write will be successful however the read value on port B is unknown until the next CLKB cycle.
# Memory Collision Error on RAMB36E1 : tb_top.U_PCIE_IF_GX.GROUP_DN[0].U_PCIE_DN_CPLD_DPK.U_DBUF.U0.<protected>.<protected>.<protected>.<protected>.<protected>.<protected>.gen_tdp.INT_RAMB_TDP.chk_for_col_msg at simulation time 2102.000 ns.
# A read was performed on address 801f (hex) of port B while a write was requested to the same address on port A.  The write will be successful however the read value on port B is unknown until the next CLKB cycle.
# ---- DRAM write end
# ---- Wait for  16 cycles
# ---- Wait for  16 cycles end
# ---- DRAM write PORT :0x01    ADD :0x0000000    SIZE :0x090
# Memory Collision Error on RAMB36E1 : tb_top.U_PCIE_IF_GX.GROUP_DN[0].U_PCIE_DN_CPLD_DPK.U_DBUF.U0.<protected>.<protected>.<protected>.<protected>.<protected>.<protected>.gen_tdp.INT_RAMB_TDP.chk_for_col_msg at simulation time 2282.000 ns.
# A read was performed on address 821f (hex) of port B while a write was requested to the same address on port A.  The write will be successful however the read value on port B is unknown until the next CLKB cycle.
# Memory Collision Error on RAMB36E1 : tb_top.U_PCIE_IF_GX.GROUP_DN[0].U_PCIE_DN_CPLD_DPK.U_DBUF.U0.<protected>.<protected>.<protected>.<protected>.<protected>.<protected>.gen_tdp.INT_RAMB_TDP.chk_for_col_msg at simulation time 2282.000 ns.
# A read was performed on address 821f (hex) of port B while a write was requested to the same address on port A.  The write will be successful however the read value on port B is unknown until the next CLKB cycle.
# ---- DRAM write end
# ---- Wait for  16 cycles
# ---- Wait for  16 cycles end
# ---- DRAM write PORT :0x01    ADD :0x0000000    SIZE :0x090
# Memory Collision Error on RAMB36E1 : tb_top.U_PCIE_IF_GX.GROUP_DN[0].U_PCIE_DN_CPLD_DPK.U_DBUF.U0.<protected>.<protected>.<protected>.<protected>.<protected>.<protected>.gen_tdp.INT_RAMB_TDP.chk_for_col_msg at simulation time 2462.000 ns.
# A read was performed on address 841f (hex) of port B while a write was requested to the same address on port A.  The write will be successful however the read value on port B is unknown until the next CLKB cycle.
# Memory Collision Error on RAMB36E1 : tb_top.U_PCIE_IF_GX.GROUP_DN[0].U_PCIE_DN_CPLD_DPK.U_DBUF.U0.<protected>.<protected>.<protected>.<protected>.<protected>.<protected>.gen_tdp.INT_RAMB_TDP.chk_for_col_msg at simulation time 2462.000 ns.
# A read was performed on address 841f (hex) of port B while a write was requested to the same address on port A.  The write will be successful however the read value on port B is unknown until the next CLKB cycle.
# ---- DRAM write end
# ---- Wait for  16 cycles
# ---- Wait for  16 cycles end
# ---- DRAM write PORT :0x01    ADD :0x0000000    SIZE :0x090
# Memory Collision Error on RAMB36E1 : tb_top.U_PCIE_IF_GX.GROUP_DN[0].U_PCIE_DN_CPLD_DPK.U_DBUF.U0.<protected>.<protected>.<protected>.<protected>.<protected>.<protected>.gen_tdp.INT_RAMB_TDP.chk_for_col_msg at simulation time 2642.000 ns.
# A read was performed on address 861f (hex) of port B while a write was requested to the same address on port A.  The write will be successful however the read value on port B is unknown until the next CLKB cycle.
# Memory Collision Error on RAMB36E1 : tb_top.U_PCIE_IF_GX.GROUP_DN[0].U_PCIE_DN_CPLD_DPK.U_DBUF.U0.<protected>.<protected>.<protected>.<protected>.<protected>.<protected>.gen_tdp.INT_RAMB_TDP.chk_for_col_msg at simulation time 2642.000 ns.
# A read was performed on address 861f (hex) of port B while a write was requested to the same address on port A.  The write will be successful however the read value on port B is unknown until the next CLKB cycle.
# ---- DRAM write end
# ---- Wait for  16 cycles
# ---- Wait for  16 cycles end
# ---- DRAM write PORT :0x01    ADD :0x0000000    SIZE :0x090
# Memory Collision Error on RAMB36E1 : tb_top.U_PCIE_IF_GX.GROUP_DN[0].U_PCIE_DN_CPLD_DPK.U_DBUF.U0.<protected>.<protected>.<protected>.<protected>.<protected>.<protected>.gen_tdp.INT_RAMB_TDP.chk_for_col_msg at simulation time 2822.000 ns.
# A read was performed on address 881f (hex) of port B while a write was requested to the same address on port A.  The write will be successful however the read value on port B is unknown until the next CLKB cycle.
# Memory Collision Error on RAMB36E1 : tb_top.U_PCIE_IF_GX.GROUP_DN[0].U_PCIE_DN_CPLD_DPK.U_DBUF.U0.<protected>.<protected>.<protected>.<protected>.<protected>.<protected>.gen_tdp.INT_RAMB_TDP.chk_for_col_msg at simulation time 2822.000 ns.
# A read was performed on address 881f (hex) of port B while a write was requested to the same address on port A.  The write will be successful however the read value on port B is unknown until the next CLKB cycle.
# ---- DRAM write end
# ---- Wait for  16 cycles
# ---- Wait for  16 cycles end
# ---- DRAM write PORT :0x01    ADD :0x0000000    SIZE :0x090
# Memory Collision Error on RAMB36E1 : tb_top.U_PCIE_IF_GX.GROUP_DN[0].U_PCIE_DN_CPLD_DPK.U_DBUF.U0.<protected>.<protected>.<protected>.<protected>.<protected>.<protected>.gen_tdp.INT_RAMB_TDP.chk_for_col_msg at simulation time 3002.000 ns.
# A read was performed on address 8a1f (hex) of port B while a write was requested to the same address on port A.  The write will be successful however the read value on port B is unknown until the next CLKB cycle.
# Memory Collision Error on RAMB36E1 : tb_top.U_PCIE_IF_GX.GROUP_DN[0].U_PCIE_DN_CPLD_DPK.U_DBUF.U0.<protected>.<protected>.<protected>.<protected>.<protected>.<protected>.gen_tdp.INT_RAMB_TDP.chk_for_col_msg at simulation time 3002.000 ns.
# A read was performed on address 8a1f (hex) of port B while a write was requested to the same address on port A.  The write will be successful however the read value on port B is unknown until the next CLKB cycle.
# ---- DRAM write end
# ---- Wait for  16 cycles
# ---- Wait for  16 cycles end
# ---- DRAM write PORT :0x01    ADD :0x0000000    SIZE :0x090
# Memory Collision Error on RAMB36E1 : tb_top.U_PCIE_IF_GX.GROUP_DN[0].U_PCIE_DN_CPLD_DPK.U_DBUF.U0.<protected>.<protected>.<protected>.<protected>.<protected>.<protected>.gen_tdp.INT_RAMB_TDP.chk_for_col_msg at simulation time 3182.000 ns.
# A read was performed on address 8c1f (hex) of port B while a write was requested to the same address on port A.  The write will be successful however the read value on port B is unknown until the next CLKB cycle.
# Memory Collision Error on RAMB36E1 : tb_top.U_PCIE_IF_GX.GROUP_DN[0].U_PCIE_DN_CPLD_DPK.U_DBUF.U0.<protected>.<protected>.<protected>.<protected>.<protected>.<protected>.gen_tdp.INT_RAMB_TDP.chk_for_col_msg at simulation time 3182.000 ns.
# A read was performed on address 8c1f (hex) of port B while a write was requested to the same address on port A.  The write will be successful however the read value on port B is unknown until the next CLKB cycle.
# ---- DRAM write end
# ---- Wait for  16 cycles
# ---- Wait for  16 cycles end
# ---- DRAM write PORT :0x01    ADD :0x0000000    SIZE :0x090
# Memory Collision Error on RAMB36E1 : tb_top.U_PCIE_IF_GX.GROUP_DN[0].U_PCIE_DN_CPLD_DPK.U_DBUF.U0.<protected>.<protected>.<protected>.<protected>.<protected>.<protected>.gen_tdp.INT_RAMB_TDP.chk_for_col_msg at simulation time 3362.000 ns.
# A read was performed on address 8e1f (hex) of port B while a write was requested to the same address on port A.  The write will be successful however the read value on port B is unknown until the next CLKB cycle.
# Memory Collision Error on RAMB36E1 : tb_top.U_PCIE_IF_GX.GROUP_DN[0].U_PCIE_DN_CPLD_DPK.U_DBUF.U0.<protected>.<protected>.<protected>.<protected>.<protected>.<protected>.gen_tdp.INT_RAMB_TDP.chk_for_col_msg at simulation time 3362.000 ns.
# A read was performed on address 8e1f (hex) of port B while a write was requested to the same address on port A.  The write will be successful however the read value on port B is unknown until the next CLKB cycle.
# ---- DRAM write end
# ---- Wait for 255 cycles
# ---- Wait for 255 cycles end
# ---- Wait for   8 us
# ---- Wait           1 us of   8 us
# ---- Wait           2 us of   8 us
# ---- Wait           3 us of   8 us
# ---- Wait           4 us of   8 us
# ---- Wait           5 us of   8 us
# ---- Wait           6 us of   8 us
# ---- Wait           7 us of   8 us
# ---- Wait           8 us of   8 us
# ---- Wait for   8 us end
# ---- tb_02 test completed !
#  
# ******<<<<<<<<<<<<<<<<<<<<Simulation tb_02 Successful End>>>>>>>>>>>>>>>>>>> ******
#  
do do/compile_all.do
# ** Warning: (vlib-34) Library already exists at "work".
# Errors: 0, Warnings: 1
# Model Technology ModelSim SE-64 vmap 2020.4 Lib Mapping Utility 2020.10 Oct 13 2020
# vmap work 
# Reading C:/modeltech64_2020.4/win64/../modelsim.ini
# "work" maps to directory ./work. (Default mapping)
# Model Technology ModelSim SE-64 vlog 2020.4 Compiler 2020.10 Oct 13 2020
# Start time: 13:57:20 on Mar 17,2025
# vlog -reportprogress 300 -work work sim_model/lib/glbl.v 
# -- Compiling module glbl
# 
# Top level modules:
# 	glbl
# End time: 13:57:21 on Mar 17,2025, Elapsed time: 0:00:01
# Errors: 0, Warnings: 0
# ** Warning: (vlib-34) Library already exists at "work".
# Errors: 0, Warnings: 1
# Model Technology ModelSim SE-64 vmap 2020.4 Lib Mapping Utility 2020.10 Oct 13 2020
# vmap work 
# Reading C:/modeltech64_2020.4/win64/../modelsim.ini
# "work" maps to directory ./work. (Default mapping)
# Model Technology ModelSim SE-64 vlog 2020.4 Compiler 2020.10 Oct 13 2020
# Start time: 13:57:21 on Mar 17,2025
# vlog -reportprogress 300 -work work ../rtl/00_xilinx_ip/0_sbram/sram_i64o64_d256/sram_i64o64_d256_sim_netlist.V 
# -- Compiling module sram_i64o64_d256
# -- Compiling module glbl
# 
# Top level modules:
# 	sram_i64o64_d256
# 	glbl
# End time: 13:57:21 on Mar 17,2025, Elapsed time: 0:00:00
# Errors: 0, Warnings: 0
# Model Technology ModelSim SE-64 vlog 2020.4 Compiler 2020.10 Oct 13 2020
# Start time: 13:57:22 on Mar 17,2025
# vlog -reportprogress 300 -work work ../rtl/00_xilinx_ip/1_afifo/afifo_i72o72_d2048/afifo_i72o72_d2048_sim_netlist.V 
# -- Compiling module afifo_i72o72_d2048
# -- Compiling module afifo_i72o72_d2048_xpm_cdc_async_rst
# -- Compiling module afifo_i72o72_d2048_xpm_cdc_async_rst__1
# -- Compiling module afifo_i72o72_d2048_xpm_cdc_gray
# -- Compiling module afifo_i72o72_d2048_xpm_cdc_gray__2
# -- Compiling module afifo_i72o72_d2048_xpm_cdc_single
# -- Compiling module afifo_i72o72_d2048_xpm_cdc_single__2
# -- Compiling module glbl
# 
# Top level modules:
# 	afifo_i72o72_d2048
# 	glbl
# End time: 13:57:22 on Mar 17,2025, Elapsed time: 0:00:00
# Errors: 0, Warnings: 0
# Model Technology ModelSim SE-64 vlog 2020.4 Compiler 2020.10 Oct 13 2020
# Start time: 13:57:22 on Mar 17,2025
# vlog -reportprogress 300 -work work ../rtl/00_xilinx_ip/1_afifo/afifo_i90o90_d512/afifo_i90o90_d512_sim_netlist.V 
# -- Compiling module afifo_i90o90_d512
# -- Compiling module afifo_i90o90_d512_xpm_cdc_async_rst
# -- Compiling module afifo_i90o90_d512_xpm_cdc_async_rst__1
# -- Compiling module afifo_i90o90_d512_xpm_cdc_gray
# -- Compiling module afifo_i90o90_d512_xpm_cdc_gray__2
# -- Compiling module afifo_i90o90_d512_xpm_cdc_single
# -- Compiling module afifo_i90o90_d512_xpm_cdc_single__2
# -- Compiling module glbl
# 
# Top level modules:
# 	afifo_i90o90_d512
# 	glbl
# End time: 13:57:23 on Mar 17,2025, Elapsed time: 0:00:01
# Errors: 0, Warnings: 0
# Model Technology ModelSim SE-64 vlog 2020.4 Compiler 2020.10 Oct 13 2020
# Start time: 13:57:23 on Mar 17,2025
# vlog -reportprogress 300 -work work ../rtl/00_xilinx_ip/2_sfifo/sfifo_i72o72_d512/sfifo_i72o72_d512_sim_netlist.V 
# -- Compiling module sfifo_i72o72_d512
# -- Compiling module glbl
# 
# Top level modules:
# 	sfifo_i72o72_d512
# 	glbl
# End time: 13:57:23 on Mar 17,2025, Elapsed time: 0:00:00
# Errors: 0, Warnings: 0
# Model Technology ModelSim SE-64 vlog 2020.4 Compiler 2020.10 Oct 13 2020
# Start time: 13:57:23 on Mar 17,2025
# vlog -reportprogress 300 -work work ../rtl/00_xilinx_ip/2_sfifo/sfifo_i180_o180_d512/sfifo_i180_o180_d512_sim_netlist.V 
# -- Compiling module sfifo_i180_o180_d512
# -- Compiling module glbl
# 
# Top level modules:
# 	sfifo_i180_o180_d512
# 	glbl
# End time: 13:57:23 on Mar 17,2025, Elapsed time: 0:00:00
# Errors: 0, Warnings: 0
# Model Technology ModelSim SE-64 vlog 2020.4 Compiler 2020.10 Oct 13 2020
# Start time: 13:57:23 on Mar 17,2025
# vlog -reportprogress 300 -work work ../rtl/00_xilinx_ip/2_sfifo/sfifo_i108o108_d512/sfifo_i108o108_d512_sim_netlist.V 
# -- Compiling module sfifo_i108o108_d512
# -- Compiling module glbl
# 
# Top level modules:
# 	sfifo_i108o108_d512
# 	glbl
# End time: 13:57:24 on Mar 17,2025, Elapsed time: 0:00:01
# Errors: 0, Warnings: 0
# Model Technology ModelSim SE-64 vlog 2020.4 Compiler 2020.10 Oct 13 2020
# Start time: 13:57:24 on Mar 17,2025
# vlog -reportprogress 300 -work work ../rtl/01_user_ip/pulse_gen.v 
# -- Compiling module PULSE_GEN
# 
# Top level modules:
# 	PULSE_GEN
# End time: 13:57:24 on Mar 17,2025, Elapsed time: 0:00:00
# Errors: 0, Warnings: 0
# Model Technology ModelSim SE-64 vlog 2020.4 Compiler 2020.10 Oct 13 2020
# Start time: 13:57:24 on Mar 17,2025
# vlog -reportprogress 300 -work work ../rtl/03_pcie_if_gx/pcie_dn_arbit.v ../rtl/03_pcie_if_gx/pcie_dn_cpld_dpk.v ../rtl/03_pcie_if_gx/pcie_dn_cpld_if.v ../rtl/03_pcie_if_gx/pcie_dn_dek.v ../rtl/03_pcie_if_gx/pcie_dn_dma - 副本 (2).v ../rtl/03_pcie_if_gx/pcie_dn_dma - 副本.v ../rtl/03_pcie_if_gx/pcie_dn_dma.v ../rtl/03_pcie_if_gx/pcie_dn_if.v ../rtl/03_pcie_if_gx/pcie_dn_lbuf.v ../rtl/03_pcie_if_gx/pcie_dn_reg.v ../rtl/03_pcie_if_gx/pcie_if_gx_x1.v ../rtl/03_pcie_if_gx/pcie_int.v ../rtl/03_pcie_if_gx/pcie_reg_ack.v ../rtl/03_pcie_if_gx/pcie_reg_if.v ../rtl/03_pcie_if_gx/pcie_reg_int.v ../rtl/03_pcie_if_gx/pcie_rx.v ../rtl/03_pcie_if_gx/pcie_tx.v ../rtl/03_pcie_if_gx/pcie_up_arbit.v ../rtl/03_pcie_if_gx/pcie_up_dma.v ../rtl/03_pcie_if_gx/pcie_up_if.v ../rtl/03_pcie_if_gx/pcie_up_lbuf.v ../rtl/03_pcie_if_gx/pcie_up_reg.v ../rtl/03_pcie_if_gx/pcie_up_ufk.v 
# -- Compiling module PCIE_DN_ARBIT
# -- Compiling module PCIE_DN_CPLD_DPK
# -- Compiling module PCIE_DN_CPLD_IF
# -- Compiling module PCIE_DN_DEK
# -- Compiling module PCIE_DN_DMA
# -- Compiling module PCIE_DN_DMA
# ** Warning: ../rtl/03_pcie_if_gx/pcie_dn_dma - 副本.v(17): (vlog-2275) Existing module 'PCIE_DN_DMA' at ../rtl/03_pcie_if_gx/pcie_dn_dma - 副本 (2).v(17) will be overwritten.
# -- Compiling module PCIE_DN_DMA
# ** Warning: ../rtl/03_pcie_if_gx/pcie_dn_dma.v(17): (vlog-2275) Existing module 'PCIE_DN_DMA' at ../rtl/03_pcie_if_gx/pcie_dn_dma - 副本.v(17) will be overwritten.
# -- Compiling module PCIE_DN_IF
# -- Compiling module PCIE_DN_LBUF
# -- Compiling module PCIE_DN_REG
# -- Compiling module PCIE_IF_GX
# -- Compiling module PCIE_INT
# -- Compiling module PCIE_REG_ACK
# -- Compiling module PCIE_REG_IF
# -- Compiling module PCIE_REG_INT
# -- Compiling module PCIE_RX
# -- Compiling module PCIE_TX
# -- Compiling module PCIE_UP_ARBIT
# -- Compiling module PCIE_UP_DMA
# -- Compiling module PCIE_UP_IF
# -- Compiling module PCIE_UP_LBUF
# -- Compiling module PCIE_UP_REG
# -- Compiling module PCIE_UP_UFK
# 
# Top level modules:
# 	PCIE_IF_GX
# 	PCIE_INT
# End time: 13:57:24 on Mar 17,2025, Elapsed time: 0:00:00
# Errors: 0, Warnings: 2
# Model Technology ModelSim SE-64 vlog 2020.4 Compiler 2020.10 Oct 13 2020
# Start time: 13:57:24 on Mar 17,2025
# vlog -reportprogress 300 -work work ../rtl/04_bist/bist_reg.v ../rtl/04_bist/ram_bist.v 
# -- Compiling module BIST_REG
# -- Compiling module RAM_BIST
# 
# Top level modules:
# 	BIST_REG
# 	RAM_BIST
# End time: 13:57:24 on Mar 17,2025, Elapsed time: 0:00:00
# Errors: 0, Warnings: 0
# Model Technology ModelSim SE-64 vlog 2020.4 Compiler 2020.10 Oct 13 2020
# Start time: 13:57:25 on Mar 17,2025
# vlog -reportprogress 300 -work work ../rtl/05_pc_sim/pc_sim.v 
# -- Compiling module PC_SIM
# 
# Top level modules:
# 	PC_SIM
# End time: 13:57:25 on Mar 17,2025, Elapsed time: 0:00:00
# Errors: 0, Warnings: 0
# Model Technology ModelSim SE-64 vlog 2020.4 Compiler 2020.10 Oct 13 2020
# Start time: 13:57:25 on Mar 17,2025
# vlog -reportprogress 300 -work work ../rtl/fpga_top_sim.V 
# -- Compiling module FPGA_TOP_SIM
# 
# Top level modules:
# 	FPGA_TOP_SIM
# End time: 13:57:25 on Mar 17,2025, Elapsed time: 0:00:00
# Errors: 0, Warnings: 0
# ** Warning: (vlib-34) Library already exists at "work".
# Errors: 0, Warnings: 1
# Model Technology ModelSim SE-64 vmap 2020.4 Lib Mapping Utility 2020.10 Oct 13 2020
# vmap work 
# Reading C:/modeltech64_2020.4/win64/../modelsim.ini
# "work" maps to directory ./work. (Default mapping)
# Model Technology ModelSim SE-64 vlog 2020.4 Compiler 2020.10 Oct 13 2020
# Start time: 13:57:25 on Mar 17,2025
# vlog -reportprogress 300 -work work sim_model/define/define.v 
# End time: 13:57:25 on Mar 17,2025, Elapsed time: 0:00:00
# Errors: 0, Warnings: 0
# Model Technology ModelSim SE-64 vlog 2020.4 Compiler 2020.10 Oct 13 2020
# Start time: 13:57:25 on Mar 17,2025
# vlog -reportprogress 300 "+define+tb_00=1" -work work "+incdir+{sim_model/define}" sim_model/sim_model.v 
# -- Compiling module SIM_MODEL
# 
# Top level modules:
# 	SIM_MODEL
# End time: 13:57:25 on Mar 17,2025, Elapsed time: 0:00:00
# Errors: 0, Warnings: 0
# Model Technology ModelSim SE-64 vlog 2020.4 Compiler 2020.10 Oct 13 2020
# Start time: 13:57:25 on Mar 17,2025
# vlog -reportprogress 300 "+define+tb_00=1" -work work "+incdir+{sim_model/define}" sim_model/tb_top.v 
# -- Compiling module tb_top
# 
# Top level modules:
# 	tb_top
# End time: 13:57:25 on Mar 17,2025, Elapsed time: 0:00:00
# Errors: 0, Warnings: 0
do do/tb_02.do
# Model Technology ModelSim SE-64 vlog 2020.4 Compiler 2020.10 Oct 13 2020
# Start time: 13:57:28 on Mar 17,2025
# vlog -reportprogress 300 "+define+tb_02=1" -work work sim_model\define\define.v 
# End time: 13:57:28 on Mar 17,2025, Elapsed time: 0:00:00
# Errors: 0, Warnings: 0
# Model Technology ModelSim SE-64 vlog 2020.4 Compiler 2020.10 Oct 13 2020
# Start time: 13:57:28 on Mar 17,2025
# vlog -reportprogress 300 "+define+tb_02=1" -work work "+incdir+{sim_modeldefine}" sim_model\tb_top.v 
# -- Compiling module tb_top
# 
# Top level modules:
# 	tb_top
# End time: 13:57:28 on Mar 17,2025, Elapsed time: 0:00:00
# Errors: 0, Warnings: 0
# End time: 13:57:31 on Mar 17,2025, Elapsed time: 0:05:18
# Errors: 0, Warnings: 9
# vsim -t 1ps -c -l ./log/vsim_tb_02_report.log work.tb_top -L fifo_generator_v13_2_5 -L blk_mem_gen_v8_4_4 -L UNISIMS_VER -L SECUREIP -L SIMPRIMS_VER -L work -voptargs="+acc" work.glbl -wav ./wave/tb_02.wlf 
# Start time: 13:57:31 on Mar 17,2025
# ** Note: (vsim-3813) Design is being optimized due to module recompilation...
# ** Note: (vopt-143) Recognized 1 FSM in module "PCIE_DN_DMA(fast__1)".
# ** Note: (vopt-143) Recognized 1 FSM in module "PCIE_DN_DMA(fast)".
# Loading work.tb_top(fast)
# Loading work.SIM_MODEL(fast)
# Loading work.PC_SIM(fast)
# Loading work.PCIE_IF_GX(fast)
# Loading work.PCIE_RX(fast)
# Loading work.sfifo_i180_o180_d512(fast)
# Loading UNISIMS_VER.GND(fast)
# Loading UNISIMS_VER.LUT1(fast)
# Loading UNISIMS_VER.LUT2(fast)
# Loading UNISIMS_VER.LUT3(fast)
# Loading UNISIMS_VER.FDRE(fast)
# Loading UNISIMS_VER.CARRY4(fast)
# Loading UNISIMS_VER.LUT5(fast)
# Loading UNISIMS_VER.LUT5(fast__1)
# Loading UNISIMS_VER.FDSE(fast)
# Loading UNISIMS_VER.LUT4(fast)
# Loading UNISIMS_VER.LUT4(fast__1)
# Loading UNISIMS_VER.LUT3(fast__1)
# Loading UNISIMS_VER.LUT3(fast__2)
# Loading UNISIMS_VER.LUT4(fast__2)
# Loading UNISIMS_VER.LUT6(fast)
# Loading UNISIMS_VER.LUT2(fast__1)
# Loading UNISIMS_VER.LUT3(fast__3)
# Loading UNISIMS_VER.LUT4(fast__3)
# Loading UNISIMS_VER.LUT5(fast__2)
# Loading UNISIMS_VER.LUT6(fast__1)
# Loading UNISIMS_VER.LUT6(fast__2)
# Loading UNISIMS_VER.LUT4(fast__4)
# Loading UNISIMS_VER.LUT2(fast__2)
# Loading UNISIMS_VER.LUT5(fast__3)
# Loading UNISIMS_VER.LUT4(fast__5)
# Loading UNISIMS_VER.LUT6(fast__3)
# Loading UNISIMS_VER.LUT1(fast__1)
# Loading UNISIMS_VER.RAMB18E1(fast)
# Loading UNISIMS_VER.RB18_INTERNAL_VLOG(fast)
# Loading UNISIMS_VER.RAMB36E1(fast)
# Loading UNISIMS_VER.RB36_INTERNAL_VLOG(fast)
# Loading work.PCIE_TX(fast)
# Loading work.sfifo_i72o72_d512(fast)
# Loading UNISIMS_VER.LUT2(fast__3)
# Loading UNISIMS_VER.RAMB36E1(fast__1)
# Loading UNISIMS_VER.RB36_INTERNAL_VLOG(fast__1)
# Loading work.PCIE_REG_IF(fast)
# Loading work.PCIE_REG_ACK(fast)
# Loading work.PCIE_REG_INT(fast)
# Loading work.PCIE_DN_REG(fast)
# Loading work.PCIE_UP_REG(fast)
# Loading work.PCIE_DN_CPLD_IF(fast)
# Loading work.PCIE_DN_IF(fast)
# Loading work.afifo_i90o90_d512(fast)
# Loading work.afifo_i90o90_d512_xpm_cdc_gray(fast)
# Loading UNISIMS_VER.LUT4(fast__6)
# Loading UNISIMS_VER.LUT3(fast__4)
# Loading UNISIMS_VER.LUT6(fast__4)
# Loading UNISIMS_VER.LUT5(fast__4)
# Loading work.afifo_i90o90_d512_xpm_cdc_gray__2(fast)
# Loading UNISIMS_VER.FDPE(fast)
# Loading UNISIMS_VER.LUT4(fast__7)
# Loading UNISIMS_VER.FDCE(fast)
# Loading UNISIMS_VER.LUT4(fast__8)
# Loading UNISIMS_VER.LUT6(fast__5)
# Loading UNISIMS_VER.LUT5(fast__5)
# Loading UNISIMS_VER.LUT6(fast__6)
# Loading UNISIMS_VER.LUT5(fast__6)
# Loading UNISIMS_VER.LUT5(fast__7)
# Loading UNISIMS_VER.LUT5(fast__8)
# Loading UNISIMS_VER.LUT5(fast__9)
# Loading UNISIMS_VER.RAM64M(fast)
# Loading UNISIMS_VER.LUT6(fast__7)
# Loading UNISIMS_VER.MUXF7(fast)
# Loading UNISIMS_VER.LUT2(fast__4)
# Loading work.afifo_i90o90_d512_xpm_cdc_async_rst(fast)
# Loading UNISIMS_VER.FDPE(fast__1)
# Loading UNISIMS_VER.LUT3(fast__5)
# Loading UNISIMS_VER.LUT5(fast__10)
# Loading work.afifo_i90o90_d512_xpm_cdc_single(fast)
# Loading work.afifo_i90o90_d512_xpm_cdc_single__2(fast)
# Loading work.afifo_i90o90_d512_xpm_cdc_async_rst__1(fast)
# Loading work.PCIE_DN_LBUF(fast)
# Loading work.afifo_i72o72_d2048(fast)
# Loading work.afifo_i72o72_d2048_xpm_cdc_gray(fast)
# Loading work.afifo_i72o72_d2048_xpm_cdc_gray__2(fast)
# Loading UNISIMS_VER.LUT6(fast__8)
# Loading UNISIMS_VER.LUT6(fast__9)
# Loading UNISIMS_VER.LUT6(fast__10)
# Loading UNISIMS_VER.LUT6(fast__11)
# Loading UNISIMS_VER.LUT6(fast__12)
# Loading work.afifo_i72o72_d2048_xpm_cdc_async_rst(fast)
# Loading work.afifo_i72o72_d2048_xpm_cdc_single(fast)
# Loading work.afifo_i72o72_d2048_xpm_cdc_single__2(fast)
# Loading work.afifo_i72o72_d2048_xpm_cdc_async_rst__1(fast)
# Loading work.PULSE_GEN(fast)
# Loading work.PCIE_DN_DEK(fast)
# Loading work.PCIE_DN_DMA(fast)
# Loading work.PCIE_DN_CPLD_DPK(fast)
# Loading work.sram_i64o64_d256(fast)
# Loading UNISIMS_VER.RAMB36E1(fast__2)
# Loading UNISIMS_VER.RB36_INTERNAL_VLOG(fast__2)
# Loading UNISIMS_VER.LUT3(fast__6)
# Loading UNISIMS_VER.SRL16E(fast)
# Loading UNISIMS_VER.LUT4(fast__9)
# Loading work.PCIE_DN_DEK(fast__1)
# Loading work.PCIE_DN_DMA(fast__1)
# Loading work.PCIE_DN_ARBIT(fast)
# Loading work.PCIE_UP_IF(fast)
# Loading work.PCIE_UP_LBUF(fast)
# Loading work.PCIE_UP_UFK(fast)
# Loading work.PCIE_UP_DMA(fast)
# Loading work.PCIE_UP_UFK(fast__1)
# Loading work.PCIE_UP_DMA(fast__1)
# Loading work.PCIE_UP_ARBIT(fast)
# Loading work.BIST_REG(fast)
# Loading work.glbl(fast)
# ** Warning: (vsim-3015) [PCDPC] - Port size (12) does not match connection size (16) for port 'DRAM_WR_SIZE'. The port definition is at: ../rtl/05_pc_sim/pc_sim.v(26).
#    Time: 0 ps  Iteration: 0  Instance: /tb_top/U_PC_SIM File: sim_model/tb_top.v Line: 708
# ** Warning: (vsim-3015) [PCDPC] - Port size (1) does not match connection size (64) for port 'rsta_busy'. The port definition is at: ../rtl/00_xilinx_ip/0_sbram/sram_i64o64_d256/sram_i64o64_d256_sim_netlist.V(26).
#    Time: 0 ps  Iteration: 0  Instance: /tb_top/U_PCIE_IF_GX/GROUP_DN[0]/U_PCIE_DN_CPLD_DPK/U_DBUF File: ../rtl/03_pcie_if_gx/pcie_dn_cpld_dpk.v Line: 158
# ** Warning: (vsim-3015) [PCDPC] - Port size (1) does not match connection size (64) for port 'rstb_busy'. The port definition is at: ../rtl/00_xilinx_ip/0_sbram/sram_i64o64_d256/sram_i64o64_d256_sim_netlist.V(27).
#    Time: 0 ps  Iteration: 0  Instance: /tb_top/U_PCIE_IF_GX/GROUP_DN[0]/U_PCIE_DN_CPLD_DPK/U_DBUF File: ../rtl/03_pcie_if_gx/pcie_dn_cpld_dpk.v Line: 158
# ** Warning: (vsim-3015) [PCDPC] - Port size (1) does not match connection size (64) for port 'rsta_busy'. The port definition is at: ../rtl/00_xilinx_ip/0_sbram/sram_i64o64_d256/sram_i64o64_d256_sim_netlist.V(26).
#    Time: 0 ps  Iteration: 0  Instance: /tb_top/U_PCIE_IF_GX/GROUP_DN[1]/U_PCIE_DN_CPLD_DPK/U_DBUF File: ../rtl/03_pcie_if_gx/pcie_dn_cpld_dpk.v Line: 158
# ** Warning: (vsim-3015) [PCDPC] - Port size (1) does not match connection size (64) for port 'rstb_busy'. The port definition is at: ../rtl/00_xilinx_ip/0_sbram/sram_i64o64_d256/sram_i64o64_d256_sim_netlist.V(27).
#    Time: 0 ps  Iteration: 0  Instance: /tb_top/U_PCIE_IF_GX/GROUP_DN[1]/U_PCIE_DN_CPLD_DPK/U_DBUF File: ../rtl/03_pcie_if_gx/pcie_dn_cpld_dpk.v Line: 158
# ** Warning: (vsim-WLF-5000) WLF file currently in use: ./wave/tb_02.wlf
#           File in use by: DELL  Hostname: DESKTOP-OBM7L7C  ProcessID: 13856
#           Attempting to use alternate WLF file "./wave/wlfti96hvq".
# ** Warning: (vsim-WLF-5001) Could not open WLF file: ./wave/tb_02.wlf
#           Using alternate file: ./wave/wlfti96hvq
# ** Warning: (vsim-PLI-3407) Too many data words read on line 8193 of file "tb_pattern/tb_02/file_i/dram0_wr.txt". (Current address [8193], address range [1:8192])    : sim_model/sim_model.v(1198)
#    Time: 0 ps  Iteration: 0  Instance: /tb_top/U_SIM_MODEL
# ** Warning: (vsim-PLI-3407) Too many data words read on line 8193 of file "tb_pattern/tb_02/file_i/dram1_wr.txt". (Current address [8193], address range [1:8192])    : sim_model/sim_model.v(1199)
#    Time: 0 ps  Iteration: 0  Instance: /tb_top/U_SIM_MODEL
#  
# ******<<<<<<<<<<<<<<<<<<<<<<Simulation tb_02 start>>>>>>>>>>>>>>>>>>>>>>> ******
#  
# ---- Initial simulation
# ---- clock ---- 1111 ---- enable
# ---- Wait for  64 cycles
# Memory Collision Error on RAMB36E1 : tb_top.U_PCIE_IF_GX.GROUP_DN[1].U_PCIE_DN_CPLD_DPK.U_DBUF.U0.<protected>.<protected>.<protected>.<protected>.<protected>.<protected>.gen_tdp.INT_RAMB_TDP.chk_for_col_msg at simulation time 118.000 ns.
# A read was performed on address 801f (hex) of port B while a write was requested to the same address on port A.  The write will be successful however the read value on port B is unknown until the next CLKB cycle.
# Memory Collision Error on RAMB36E1 : tb_top.U_PCIE_IF_GX.GROUP_DN[1].U_PCIE_DN_CPLD_DPK.U_DBUF.U0.<protected>.<protected>.<protected>.<protected>.<protected>.<protected>.gen_tdp.INT_RAMB_TDP.chk_for_col_msg at simulation time 118.000 ns.
# A read was performed on address 801f (hex) of port B while a write was requested to the same address on port A.  The write will be successful however the read value on port B is unknown until the next CLKB cycle.
# Memory Collision Error on RAMB36E1 : tb_top.U_PCIE_IF_GX.GROUP_DN[0].U_PCIE_DN_CPLD_DPK.U_DBUF.U0.<protected>.<protected>.<protected>.<protected>.<protected>.<protected>.gen_tdp.INT_RAMB_TDP.chk_for_col_msg at simulation time 118.000 ns.
# A read was performed on address 801f (hex) of port B while a write was requested to the same address on port A.  The write will be successful however the read value on port B is unknown until the next CLKB cycle.
# Memory Collision Error on RAMB36E1 : tb_top.U_PCIE_IF_GX.GROUP_DN[0].U_PCIE_DN_CPLD_DPK.U_DBUF.U0.<protected>.<protected>.<protected>.<protected>.<protected>.<protected>.gen_tdp.INT_RAMB_TDP.chk_for_col_msg at simulation time 118.000 ns.
# A read was performed on address 801f (hex) of port B while a write was requested to the same address on port A.  The write will be successful however the read value on port B is unknown until the next CLKB cycle.
# Memory Collision Error on RAMB36E1 : tb_top.U_PCIE_IF_GX.GROUP_DN[1].U_PCIE_DN_CPLD_DPK.U_DBUF.U0.<protected>.<protected>.<protected>.<protected>.<protected>.<protected>.gen_tdp.INT_RAMB_TDP.chk_for_col_msg at simulation time 122.000 ns.
# A read was performed on address 801f (hex) of port B while a write was requested to the same address on port A.  The write will be successful however the read value on port B is unknown until the next CLKB cycle.
# Memory Collision Error on RAMB36E1 : tb_top.U_PCIE_IF_GX.GROUP_DN[1].U_PCIE_DN_CPLD_DPK.U_DBUF.U0.<protected>.<protected>.<protected>.<protected>.<protected>.<protected>.gen_tdp.INT_RAMB_TDP.chk_for_col_msg at simulation time 122.000 ns.
# A read was performed on address 801f (hex) of port B while a write was requested to the same address on port A.  The write will be successful however the read value on port B is unknown until the next CLKB cycle.
# Memory Collision Error on RAMB36E1 : tb_top.U_PCIE_IF_GX.GROUP_DN[0].U_PCIE_DN_CPLD_DPK.U_DBUF.U0.<protected>.<protected>.<protected>.<protected>.<protected>.<protected>.gen_tdp.INT_RAMB_TDP.chk_for_col_msg at simulation time 122.000 ns.
# A read was performed on address 801f (hex) of port B while a write was requested to the same address on port A.  The write will be successful however the read value on port B is unknown until the next CLKB cycle.
# Memory Collision Error on RAMB36E1 : tb_top.U_PCIE_IF_GX.GROUP_DN[0].U_PCIE_DN_CPLD_DPK.U_DBUF.U0.<protected>.<protected>.<protected>.<protected>.<protected>.<protected>.gen_tdp.INT_RAMB_TDP.chk_for_col_msg at simulation time 122.000 ns.
# A read was performed on address 801f (hex) of port B while a write was requested to the same address on port A.  The write will be successful however the read value on port B is unknown until the next CLKB cycle.
# Memory Collision Error on RAMB36E1 : tb_top.U_PCIE_IF_GX.GROUP_DN[1].U_PCIE_DN_CPLD_DPK.U_DBUF.U0.<protected>.<protected>.<protected>.<protected>.<protected>.<protected>.gen_tdp.INT_RAMB_TDP.chk_for_col_msg at simulation time 126.000 ns.
# A read was performed on address 801f (hex) of port B while a write was requested to the same address on port A.  The write will be successful however the read value on port B is unknown until the next CLKB cycle.
# Memory Collision Error on RAMB36E1 : tb_top.U_PCIE_IF_GX.GROUP_DN[1].U_PCIE_DN_CPLD_DPK.U_DBUF.U0.<protected>.<protected>.<protected>.<protected>.<protected>.<protected>.gen_tdp.INT_RAMB_TDP.chk_for_col_msg at simulation time 126.000 ns.
# A read was performed on address 801f (hex) of port B while a write was requested to the same address on port A.  The write will be successful however the read value on port B is unknown until the next CLKB cycle.
# Memory Collision Error on RAMB36E1 : tb_top.U_PCIE_IF_GX.GROUP_DN[0].U_PCIE_DN_CPLD_DPK.U_DBUF.U0.<protected>.<protected>.<protected>.<protected>.<protected>.<protected>.gen_tdp.INT_RAMB_TDP.chk_for_col_msg at simulation time 126.000 ns.
# A read was performed on address 801f (hex) of port B while a write was requested to the same address on port A.  The write will be successful however the read value on port B is unknown until the next CLKB cycle.
# Memory Collision Error on RAMB36E1 : tb_top.U_PCIE_IF_GX.GROUP_DN[0].U_PCIE_DN_CPLD_DPK.U_DBUF.U0.<protected>.<protected>.<protected>.<protected>.<protected>.<protected>.gen_tdp.INT_RAMB_TDP.chk_for_col_msg at simulation time 126.000 ns.
# A read was performed on address 801f (hex) of port B while a write was requested to the same address on port A.  The write will be successful however the read value on port B is unknown until the next CLKB cycle.
# Memory Collision Error on RAMB36E1 : tb_top.U_PCIE_IF_GX.GROUP_DN[1].U_PCIE_DN_CPLD_DPK.U_DBUF.U0.<protected>.<protected>.<protected>.<protected>.<protected>.<protected>.gen_tdp.INT_RAMB_TDP.chk_for_col_msg at simulation time 130.000 ns.
# A read was performed on address 801f (hex) of port B while a write was requested to the same address on port A.  The write will be successful however the read value on port B is unknown until the next CLKB cycle.
# Memory Collision Error on RAMB36E1 : tb_top.U_PCIE_IF_GX.GROUP_DN[1].U_PCIE_DN_CPLD_DPK.U_DBUF.U0.<protected>.<protected>.<protected>.<protected>.<protected>.<protected>.gen_tdp.INT_RAMB_TDP.chk_for_col_msg at simulation time 130.000 ns.
# A read was performed on address 801f (hex) of port B while a write was requested to the same address on port A.  The write will be successful however the read value on port B is unknown until the next CLKB cycle.
# Memory Collision Error on RAMB36E1 : tb_top.U_PCIE_IF_GX.GROUP_DN[0].U_PCIE_DN_CPLD_DPK.U_DBUF.U0.<protected>.<protected>.<protected>.<protected>.<protected>.<protected>.gen_tdp.INT_RAMB_TDP.chk_for_col_msg at simulation time 130.000 ns.
# A read was performed on address 801f (hex) of port B while a write was requested to the same address on port A.  The write will be successful however the read value on port B is unknown until the next CLKB cycle.
# Memory Collision Error on RAMB36E1 : tb_top.U_PCIE_IF_GX.GROUP_DN[0].U_PCIE_DN_CPLD_DPK.U_DBUF.U0.<protected>.<protected>.<protected>.<protected>.<protected>.<protected>.gen_tdp.INT_RAMB_TDP.chk_for_col_msg at simulation time 130.000 ns.
# A read was performed on address 801f (hex) of port B while a write was requested to the same address on port A.  The write will be successful however the read value on port B is unknown until the next CLKB cycle.
# ---- Wait for  64 cycles end
# ---- Wait for  16 cycles
# ---- Wait for  16 cycles end
# ---- reseting by cycle
# ---- reset0   64 cycle end
# ---- Wait for  16 cycles
# ---- Wait for  16 cycles end
# ---- reseting by ns
# ---- reset1  255 ns end
# ---- Wait for  16 cycles
# ---- Wait for  16 cycles end
# ---- DRAM write PORT :0x01    ADD :0x0000000    SIZE :0x010
# ---- DRAM write end
# ---- Wait for  16 cycles
# ---- Wait for  16 cycles end
# ---- DRAM write PORT :0x01    ADD :0x0000000    SIZE :0x010
# ---- DRAM write end
# ---- Wait for  16 cycles
# ---- Wait for  16 cycles end
# ---- DRAM write PORT :0x01    ADD :0x0000000    SIZE :0x010
# ---- DRAM write end
# ---- Wait for  16 cycles
# ---- Wait for  16 cycles end
# ---- DRAM write PORT :0x01    ADD :0x0000000    SIZE :0x010
# ---- DRAM write end
# ---- Wait for  16 cycles
# ---- Wait for  16 cycles end
# ---- DRAM write PORT :0x01    ADD :0x0000000    SIZE :0x010
# ---- DRAM write end
# ---- Wait for  16 cycles
# ---- Wait for  16 cycles end
# ---- DRAM write PORT :0x01    ADD :0x0000000    SIZE :0x010
# ---- DRAM write end
# ---- Wait for  16 cycles
# ---- Wait for  16 cycles end
# ---- DRAM write PORT :0x01    ADD :0x0000000    SIZE :0x010
# ---- DRAM write end
# ---- Wait for  16 cycles
# ---- Wait for  16 cycles end
# ---- DRAM write PORT :0x01    ADD :0x0000000    SIZE :0x010
# ---- DRAM write end
# ---- Wait for  16 cycles
# ---- Wait for  16 cycles end
# ---- DRAM write PORT :0x01    ADD :0x0000000    SIZE :0x010
# ---- DRAM write end
# ---- Wait for  16 cycles
# ---- Wait for  16 cycles end
# ---- DRAM write PORT :0x01    ADD :0x0000000    SIZE :0x090
# Memory Collision Error on RAMB36E1 : tb_top.U_PCIE_IF_GX.GROUP_DN[0].U_PCIE_DN_CPLD_DPK.U_DBUF.U0.<protected>.<protected>.<protected>.<protected>.<protected>.<protected>.gen_tdp.INT_RAMB_TDP.chk_for_col_msg at simulation time 2102.000 ns.
# A read was performed on address 801f (hex) of port B while a write was requested to the same address on port A.  The write will be successful however the read value on port B is unknown until the next CLKB cycle.
# Memory Collision Error on RAMB36E1 : tb_top.U_PCIE_IF_GX.GROUP_DN[0].U_PCIE_DN_CPLD_DPK.U_DBUF.U0.<protected>.<protected>.<protected>.<protected>.<protected>.<protected>.gen_tdp.INT_RAMB_TDP.chk_for_col_msg at simulation time 2102.000 ns.
# A read was performed on address 801f (hex) of port B while a write was requested to the same address on port A.  The write will be successful however the read value on port B is unknown until the next CLKB cycle.
# ---- DRAM write end
# ---- Wait for  16 cycles
# ---- Wait for  16 cycles end
# ---- DRAM write PORT :0x01    ADD :0x0000000    SIZE :0x090
# Memory Collision Error on RAMB36E1 : tb_top.U_PCIE_IF_GX.GROUP_DN[0].U_PCIE_DN_CPLD_DPK.U_DBUF.U0.<protected>.<protected>.<protected>.<protected>.<protected>.<protected>.gen_tdp.INT_RAMB_TDP.chk_for_col_msg at simulation time 2282.000 ns.
# A read was performed on address 821f (hex) of port B while a write was requested to the same address on port A.  The write will be successful however the read value on port B is unknown until the next CLKB cycle.
# Memory Collision Error on RAMB36E1 : tb_top.U_PCIE_IF_GX.GROUP_DN[0].U_PCIE_DN_CPLD_DPK.U_DBUF.U0.<protected>.<protected>.<protected>.<protected>.<protected>.<protected>.gen_tdp.INT_RAMB_TDP.chk_for_col_msg at simulation time 2282.000 ns.
# A read was performed on address 821f (hex) of port B while a write was requested to the same address on port A.  The write will be successful however the read value on port B is unknown until the next CLKB cycle.
# ---- DRAM write end
# ---- Wait for  16 cycles
# ---- Wait for  16 cycles end
# ---- DRAM write PORT :0x01    ADD :0x0000000    SIZE :0x090
# Memory Collision Error on RAMB36E1 : tb_top.U_PCIE_IF_GX.GROUP_DN[0].U_PCIE_DN_CPLD_DPK.U_DBUF.U0.<protected>.<protected>.<protected>.<protected>.<protected>.<protected>.gen_tdp.INT_RAMB_TDP.chk_for_col_msg at simulation time 2462.000 ns.
# A read was performed on address 841f (hex) of port B while a write was requested to the same address on port A.  The write will be successful however the read value on port B is unknown until the next CLKB cycle.
# Memory Collision Error on RAMB36E1 : tb_top.U_PCIE_IF_GX.GROUP_DN[0].U_PCIE_DN_CPLD_DPK.U_DBUF.U0.<protected>.<protected>.<protected>.<protected>.<protected>.<protected>.gen_tdp.INT_RAMB_TDP.chk_for_col_msg at simulation time 2462.000 ns.
# A read was performed on address 841f (hex) of port B while a write was requested to the same address on port A.  The write will be successful however the read value on port B is unknown until the next CLKB cycle.
# ---- DRAM write end
# ---- Wait for  16 cycles
# ---- Wait for  16 cycles end
# ---- DRAM write PORT :0x01    ADD :0x0000000    SIZE :0x090
# Memory Collision Error on RAMB36E1 : tb_top.U_PCIE_IF_GX.GROUP_DN[0].U_PCIE_DN_CPLD_DPK.U_DBUF.U0.<protected>.<protected>.<protected>.<protected>.<protected>.<protected>.gen_tdp.INT_RAMB_TDP.chk_for_col_msg at simulation time 2642.000 ns.
# A read was performed on address 861f (hex) of port B while a write was requested to the same address on port A.  The write will be successful however the read value on port B is unknown until the next CLKB cycle.
# Memory Collision Error on RAMB36E1 : tb_top.U_PCIE_IF_GX.GROUP_DN[0].U_PCIE_DN_CPLD_DPK.U_DBUF.U0.<protected>.<protected>.<protected>.<protected>.<protected>.<protected>.gen_tdp.INT_RAMB_TDP.chk_for_col_msg at simulation time 2642.000 ns.
# A read was performed on address 861f (hex) of port B while a write was requested to the same address on port A.  The write will be successful however the read value on port B is unknown until the next CLKB cycle.
# ---- DRAM write end
# ---- Wait for  16 cycles
# ---- Wait for  16 cycles end
# ---- DRAM write PORT :0x01    ADD :0x0000000    SIZE :0x090
# Memory Collision Error on RAMB36E1 : tb_top.U_PCIE_IF_GX.GROUP_DN[0].U_PCIE_DN_CPLD_DPK.U_DBUF.U0.<protected>.<protected>.<protected>.<protected>.<protected>.<protected>.gen_tdp.INT_RAMB_TDP.chk_for_col_msg at simulation time 2822.000 ns.
# A read was performed on address 881f (hex) of port B while a write was requested to the same address on port A.  The write will be successful however the read value on port B is unknown until the next CLKB cycle.
# Memory Collision Error on RAMB36E1 : tb_top.U_PCIE_IF_GX.GROUP_DN[0].U_PCIE_DN_CPLD_DPK.U_DBUF.U0.<protected>.<protected>.<protected>.<protected>.<protected>.<protected>.gen_tdp.INT_RAMB_TDP.chk_for_col_msg at simulation time 2822.000 ns.
# A read was performed on address 881f (hex) of port B while a write was requested to the same address on port A.  The write will be successful however the read value on port B is unknown until the next CLKB cycle.
# ---- DRAM write end
# ---- Wait for  16 cycles
# ---- Wait for  16 cycles end
# ---- DRAM write PORT :0x01    ADD :0x0000000    SIZE :0x090
# Memory Collision Error on RAMB36E1 : tb_top.U_PCIE_IF_GX.GROUP_DN[0].U_PCIE_DN_CPLD_DPK.U_DBUF.U0.<protected>.<protected>.<protected>.<protected>.<protected>.<protected>.gen_tdp.INT_RAMB_TDP.chk_for_col_msg at simulation time 3002.000 ns.
# A read was performed on address 8a1f (hex) of port B while a write was requested to the same address on port A.  The write will be successful however the read value on port B is unknown until the next CLKB cycle.
# Memory Collision Error on RAMB36E1 : tb_top.U_PCIE_IF_GX.GROUP_DN[0].U_PCIE_DN_CPLD_DPK.U_DBUF.U0.<protected>.<protected>.<protected>.<protected>.<protected>.<protected>.gen_tdp.INT_RAMB_TDP.chk_for_col_msg at simulation time 3002.000 ns.
# A read was performed on address 8a1f (hex) of port B while a write was requested to the same address on port A.  The write will be successful however the read value on port B is unknown until the next CLKB cycle.
# ---- DRAM write end
# ---- Wait for  16 cycles
# ---- Wait for  16 cycles end
# ---- DRAM write PORT :0x01    ADD :0x0000000    SIZE :0x090
# Memory Collision Error on RAMB36E1 : tb_top.U_PCIE_IF_GX.GROUP_DN[0].U_PCIE_DN_CPLD_DPK.U_DBUF.U0.<protected>.<protected>.<protected>.<protected>.<protected>.<protected>.gen_tdp.INT_RAMB_TDP.chk_for_col_msg at simulation time 3182.000 ns.
# A read was performed on address 8c1f (hex) of port B while a write was requested to the same address on port A.  The write will be successful however the read value on port B is unknown until the next CLKB cycle.
# Memory Collision Error on RAMB36E1 : tb_top.U_PCIE_IF_GX.GROUP_DN[0].U_PCIE_DN_CPLD_DPK.U_DBUF.U0.<protected>.<protected>.<protected>.<protected>.<protected>.<protected>.gen_tdp.INT_RAMB_TDP.chk_for_col_msg at simulation time 3182.000 ns.
# A read was performed on address 8c1f (hex) of port B while a write was requested to the same address on port A.  The write will be successful however the read value on port B is unknown until the next CLKB cycle.
# ---- DRAM write end
# ---- Wait for  16 cycles
# ---- Wait for  16 cycles end
# ---- DRAM write PORT :0x01    ADD :0x0000000    SIZE :0x090
# Memory Collision Error on RAMB36E1 : tb_top.U_PCIE_IF_GX.GROUP_DN[0].U_PCIE_DN_CPLD_DPK.U_DBUF.U0.<protected>.<protected>.<protected>.<protected>.<protected>.<protected>.gen_tdp.INT_RAMB_TDP.chk_for_col_msg at simulation time 3362.000 ns.
# A read was performed on address 8e1f (hex) of port B while a write was requested to the same address on port A.  The write will be successful however the read value on port B is unknown until the next CLKB cycle.
# Memory Collision Error on RAMB36E1 : tb_top.U_PCIE_IF_GX.GROUP_DN[0].U_PCIE_DN_CPLD_DPK.U_DBUF.U0.<protected>.<protected>.<protected>.<protected>.<protected>.<protected>.gen_tdp.INT_RAMB_TDP.chk_for_col_msg at simulation time 3362.000 ns.
# A read was performed on address 8e1f (hex) of port B while a write was requested to the same address on port A.  The write will be successful however the read value on port B is unknown until the next CLKB cycle.
# ---- DRAM write end
# ---- Wait for 255 cycles
# ---- Wait for 255 cycles end
# ---- Wait for   8 us
# ---- Wait           1 us of   8 us
# ---- Wait           2 us of   8 us
# ---- Wait           3 us of   8 us
# ---- Wait           4 us of   8 us
# ---- Wait           5 us of   8 us
# ---- Wait           6 us of   8 us
# ---- Wait           7 us of   8 us
# ---- Wait           8 us of   8 us
# ---- Wait for   8 us end
# ---- tb_02 test completed !
#  
# ******<<<<<<<<<<<<<<<<<<<<Simulation tb_02 Successful End>>>>>>>>>>>>>>>>>>> ******
#  
do do/tb_02.do
# Model Technology ModelSim SE-64 vlog 2020.4 Compiler 2020.10 Oct 13 2020
# Start time: 13:59:01 on Mar 17,2025
# vlog -reportprogress 300 "+define+tb_02=1" -work work sim_model\define\define.v 
# End time: 13:59:01 on Mar 17,2025, Elapsed time: 0:00:00
# Errors: 0, Warnings: 0
# Model Technology ModelSim SE-64 vlog 2020.4 Compiler 2020.10 Oct 13 2020
# Start time: 13:59:02 on Mar 17,2025
# vlog -reportprogress 300 "+define+tb_02=1" -work work "+incdir+{sim_modeldefine}" sim_model\tb_top.v 
# -- Compiling module tb_top
# 
# Top level modules:
# 	tb_top
# End time: 13:59:02 on Mar 17,2025, Elapsed time: 0:00:00
# Errors: 0, Warnings: 0
# End time: 13:59:04 on Mar 17,2025, Elapsed time: 0:01:33
# Errors: 0, Warnings: 9
# vsim -t 1ps -c -l ./log/vsim_tb_02_report.log work.tb_top -L fifo_generator_v13_2_5 -L blk_mem_gen_v8_4_4 -L UNISIMS_VER -L SECUREIP -L SIMPRIMS_VER -L work -voptargs="+acc" work.glbl -wav ./wave/tb_02.wlf 
# Start time: 13:59:04 on Mar 17,2025
# ** Note: (vsim-8009) Loading existing optimized design _opt
# Loading work.tb_top(fast)
# Loading work.SIM_MODEL(fast)
# Loading work.PC_SIM(fast)
# Loading work.PCIE_IF_GX(fast)
# Loading work.PCIE_RX(fast)
# Loading work.sfifo_i180_o180_d512(fast)
# Loading UNISIMS_VER.GND(fast)
# Loading UNISIMS_VER.LUT1(fast)
# Loading UNISIMS_VER.LUT2(fast)
# Loading UNISIMS_VER.LUT3(fast)
# Loading UNISIMS_VER.FDRE(fast)
# Loading UNISIMS_VER.CARRY4(fast)
# Loading UNISIMS_VER.LUT5(fast)
# Loading UNISIMS_VER.LUT5(fast__1)
# Loading UNISIMS_VER.FDSE(fast)
# Loading UNISIMS_VER.LUT4(fast)
# Loading UNISIMS_VER.LUT4(fast__1)
# Loading UNISIMS_VER.LUT3(fast__1)
# Loading UNISIMS_VER.LUT3(fast__2)
# Loading UNISIMS_VER.LUT4(fast__2)
# Loading UNISIMS_VER.LUT6(fast)
# Loading UNISIMS_VER.LUT2(fast__1)
# Loading UNISIMS_VER.LUT3(fast__3)
# Loading UNISIMS_VER.LUT4(fast__3)
# Loading UNISIMS_VER.LUT5(fast__2)
# Loading UNISIMS_VER.LUT6(fast__1)
# Loading UNISIMS_VER.LUT6(fast__2)
# Loading UNISIMS_VER.LUT4(fast__4)
# Loading UNISIMS_VER.LUT2(fast__2)
# Loading UNISIMS_VER.LUT5(fast__3)
# Loading UNISIMS_VER.LUT4(fast__5)
# Loading UNISIMS_VER.LUT6(fast__3)
# Loading UNISIMS_VER.LUT1(fast__1)
# Loading UNISIMS_VER.RAMB18E1(fast)
# Loading UNISIMS_VER.RB18_INTERNAL_VLOG(fast)
# Loading UNISIMS_VER.RAMB36E1(fast)
# Loading UNISIMS_VER.RB36_INTERNAL_VLOG(fast)
# Loading work.PCIE_TX(fast)
# Loading work.sfifo_i72o72_d512(fast)
# Loading UNISIMS_VER.LUT2(fast__3)
# Loading UNISIMS_VER.RAMB36E1(fast__1)
# Loading UNISIMS_VER.RB36_INTERNAL_VLOG(fast__1)
# Loading work.PCIE_REG_IF(fast)
# Loading work.PCIE_REG_ACK(fast)
# Loading work.PCIE_REG_INT(fast)
# Loading work.PCIE_DN_REG(fast)
# Loading work.PCIE_UP_REG(fast)
# Loading work.PCIE_DN_CPLD_IF(fast)
# Loading work.PCIE_DN_IF(fast)
# Loading work.afifo_i90o90_d512(fast)
# Loading work.afifo_i90o90_d512_xpm_cdc_gray(fast)
# Loading UNISIMS_VER.LUT4(fast__6)
# Loading UNISIMS_VER.LUT3(fast__4)
# Loading UNISIMS_VER.LUT6(fast__4)
# Loading UNISIMS_VER.LUT5(fast__4)
# Loading work.afifo_i90o90_d512_xpm_cdc_gray__2(fast)
# Loading UNISIMS_VER.FDPE(fast)
# Loading UNISIMS_VER.LUT4(fast__7)
# Loading UNISIMS_VER.FDCE(fast)
# Loading UNISIMS_VER.LUT4(fast__8)
# Loading UNISIMS_VER.LUT6(fast__5)
# Loading UNISIMS_VER.LUT5(fast__5)
# Loading UNISIMS_VER.LUT6(fast__6)
# Loading UNISIMS_VER.LUT5(fast__6)
# Loading UNISIMS_VER.LUT5(fast__7)
# Loading UNISIMS_VER.LUT5(fast__8)
# Loading UNISIMS_VER.LUT5(fast__9)
# Loading UNISIMS_VER.RAM64M(fast)
# Loading UNISIMS_VER.LUT6(fast__7)
# Loading UNISIMS_VER.MUXF7(fast)
# Loading UNISIMS_VER.LUT2(fast__4)
# Loading work.afifo_i90o90_d512_xpm_cdc_async_rst(fast)
# Loading UNISIMS_VER.FDPE(fast__1)
# Loading UNISIMS_VER.LUT3(fast__5)
# Loading UNISIMS_VER.LUT5(fast__10)
# Loading work.afifo_i90o90_d512_xpm_cdc_single(fast)
# Loading work.afifo_i90o90_d512_xpm_cdc_single__2(fast)
# Loading work.afifo_i90o90_d512_xpm_cdc_async_rst__1(fast)
# Loading work.PCIE_DN_LBUF(fast)
# Loading work.afifo_i72o72_d2048(fast)
# Loading work.afifo_i72o72_d2048_xpm_cdc_gray(fast)
# Loading work.afifo_i72o72_d2048_xpm_cdc_gray__2(fast)
# Loading UNISIMS_VER.LUT6(fast__8)
# Loading UNISIMS_VER.LUT6(fast__9)
# Loading UNISIMS_VER.LUT6(fast__10)
# Loading UNISIMS_VER.LUT6(fast__11)
# Loading UNISIMS_VER.LUT6(fast__12)
# Loading work.afifo_i72o72_d2048_xpm_cdc_async_rst(fast)
# Loading work.afifo_i72o72_d2048_xpm_cdc_single(fast)
# Loading work.afifo_i72o72_d2048_xpm_cdc_single__2(fast)
# Loading work.afifo_i72o72_d2048_xpm_cdc_async_rst__1(fast)
# Loading work.PULSE_GEN(fast)
# Loading work.PCIE_DN_DEK(fast)
# Loading work.PCIE_DN_DMA(fast)
# Loading work.PCIE_DN_CPLD_DPK(fast)
# Loading work.sram_i64o64_d256(fast)
# Loading UNISIMS_VER.RAMB36E1(fast__2)
# Loading UNISIMS_VER.RB36_INTERNAL_VLOG(fast__2)
# Loading UNISIMS_VER.LUT3(fast__6)
# Loading UNISIMS_VER.SRL16E(fast)
# Loading UNISIMS_VER.LUT4(fast__9)
# Loading work.PCIE_DN_DEK(fast__1)
# Loading work.PCIE_DN_DMA(fast__1)
# Loading work.PCIE_DN_ARBIT(fast)
# Loading work.PCIE_UP_IF(fast)
# Loading work.PCIE_UP_LBUF(fast)
# Loading work.PCIE_UP_UFK(fast)
# Loading work.PCIE_UP_DMA(fast)
# Loading work.PCIE_UP_UFK(fast__1)
# Loading work.PCIE_UP_DMA(fast__1)
# Loading work.PCIE_UP_ARBIT(fast)
# Loading work.BIST_REG(fast)
# Loading work.glbl(fast)
# ** Warning: (vsim-3015) [PCDPC] - Port size (12) does not match connection size (16) for port 'DRAM_WR_SIZE'. The port definition is at: ../rtl/05_pc_sim/pc_sim.v(26).
#    Time: 0 ps  Iteration: 0  Instance: /tb_top/U_PC_SIM File: sim_model/tb_top.v Line: 708
# ** Warning: (vsim-3015) [PCDPC] - Port size (1) does not match connection size (64) for port 'rsta_busy'. The port definition is at: ../rtl/00_xilinx_ip/0_sbram/sram_i64o64_d256/sram_i64o64_d256_sim_netlist.V(26).
#    Time: 0 ps  Iteration: 0  Instance: /tb_top/U_PCIE_IF_GX/GROUP_DN[0]/U_PCIE_DN_CPLD_DPK/U_DBUF File: ../rtl/03_pcie_if_gx/pcie_dn_cpld_dpk.v Line: 158
# ** Warning: (vsim-3015) [PCDPC] - Port size (1) does not match connection size (64) for port 'rstb_busy'. The port definition is at: ../rtl/00_xilinx_ip/0_sbram/sram_i64o64_d256/sram_i64o64_d256_sim_netlist.V(27).
#    Time: 0 ps  Iteration: 0  Instance: /tb_top/U_PCIE_IF_GX/GROUP_DN[0]/U_PCIE_DN_CPLD_DPK/U_DBUF File: ../rtl/03_pcie_if_gx/pcie_dn_cpld_dpk.v Line: 158
# ** Warning: (vsim-3015) [PCDPC] - Port size (1) does not match connection size (64) for port 'rsta_busy'. The port definition is at: ../rtl/00_xilinx_ip/0_sbram/sram_i64o64_d256/sram_i64o64_d256_sim_netlist.V(26).
#    Time: 0 ps  Iteration: 0  Instance: /tb_top/U_PCIE_IF_GX/GROUP_DN[1]/U_PCIE_DN_CPLD_DPK/U_DBUF File: ../rtl/03_pcie_if_gx/pcie_dn_cpld_dpk.v Line: 158
# ** Warning: (vsim-3015) [PCDPC] - Port size (1) does not match connection size (64) for port 'rstb_busy'. The port definition is at: ../rtl/00_xilinx_ip/0_sbram/sram_i64o64_d256/sram_i64o64_d256_sim_netlist.V(27).
#    Time: 0 ps  Iteration: 0  Instance: /tb_top/U_PCIE_IF_GX/GROUP_DN[1]/U_PCIE_DN_CPLD_DPK/U_DBUF File: ../rtl/03_pcie_if_gx/pcie_dn_cpld_dpk.v Line: 158
# ** Warning: (vsim-WLF-5000) WLF file currently in use: ./wave/tb_02.wlf
#           File in use by: DELL  Hostname: DESKTOP-OBM7L7C  ProcessID: 13856
#           Attempting to use alternate WLF file "./wave/wlftrnvm46".
# ** Warning: (vsim-WLF-5001) Could not open WLF file: ./wave/tb_02.wlf
#           Using alternate file: ./wave/wlftrnvm46
# ** Warning: (vsim-PLI-3407) Too many data words read on line 8193 of file "tb_pattern/tb_02/file_i/dram0_wr.txt". (Current address [8193], address range [1:8192])    : sim_model/sim_model.v(1198)
#    Time: 0 ps  Iteration: 0  Instance: /tb_top/U_SIM_MODEL
# ** Warning: (vsim-PLI-3407) Too many data words read on line 8193 of file "tb_pattern/tb_02/file_i/dram1_wr.txt". (Current address [8193], address range [1:8192])    : sim_model/sim_model.v(1199)
#    Time: 0 ps  Iteration: 0  Instance: /tb_top/U_SIM_MODEL
#  
# ******<<<<<<<<<<<<<<<<<<<<<<Simulation tb_02 start>>>>>>>>>>>>>>>>>>>>>>> ******
#  
# ---- Initial simulation
# ---- clock ---- 1111 ---- enable
# ---- Wait for  64 cycles
# Memory Collision Error on RAMB36E1 : tb_top.U_PCIE_IF_GX.GROUP_DN[1].U_PCIE_DN_CPLD_DPK.U_DBUF.U0.<protected>.<protected>.<protected>.<protected>.<protected>.<protected>.gen_tdp.INT_RAMB_TDP.chk_for_col_msg at simulation time 118.000 ns.
# A read was performed on address 801f (hex) of port B while a write was requested to the same address on port A.  The write will be successful however the read value on port B is unknown until the next CLKB cycle.
# Memory Collision Error on RAMB36E1 : tb_top.U_PCIE_IF_GX.GROUP_DN[1].U_PCIE_DN_CPLD_DPK.U_DBUF.U0.<protected>.<protected>.<protected>.<protected>.<protected>.<protected>.gen_tdp.INT_RAMB_TDP.chk_for_col_msg at simulation time 118.000 ns.
# A read was performed on address 801f (hex) of port B while a write was requested to the same address on port A.  The write will be successful however the read value on port B is unknown until the next CLKB cycle.
# Memory Collision Error on RAMB36E1 : tb_top.U_PCIE_IF_GX.GROUP_DN[0].U_PCIE_DN_CPLD_DPK.U_DBUF.U0.<protected>.<protected>.<protected>.<protected>.<protected>.<protected>.gen_tdp.INT_RAMB_TDP.chk_for_col_msg at simulation time 118.000 ns.
# A read was performed on address 801f (hex) of port B while a write was requested to the same address on port A.  The write will be successful however the read value on port B is unknown until the next CLKB cycle.
# Memory Collision Error on RAMB36E1 : tb_top.U_PCIE_IF_GX.GROUP_DN[0].U_PCIE_DN_CPLD_DPK.U_DBUF.U0.<protected>.<protected>.<protected>.<protected>.<protected>.<protected>.gen_tdp.INT_RAMB_TDP.chk_for_col_msg at simulation time 118.000 ns.
# A read was performed on address 801f (hex) of port B while a write was requested to the same address on port A.  The write will be successful however the read value on port B is unknown until the next CLKB cycle.
# Memory Collision Error on RAMB36E1 : tb_top.U_PCIE_IF_GX.GROUP_DN[1].U_PCIE_DN_CPLD_DPK.U_DBUF.U0.<protected>.<protected>.<protected>.<protected>.<protected>.<protected>.gen_tdp.INT_RAMB_TDP.chk_for_col_msg at simulation time 122.000 ns.
# A read was performed on address 801f (hex) of port B while a write was requested to the same address on port A.  The write will be successful however the read value on port B is unknown until the next CLKB cycle.
# Memory Collision Error on RAMB36E1 : tb_top.U_PCIE_IF_GX.GROUP_DN[1].U_PCIE_DN_CPLD_DPK.U_DBUF.U0.<protected>.<protected>.<protected>.<protected>.<protected>.<protected>.gen_tdp.INT_RAMB_TDP.chk_for_col_msg at simulation time 122.000 ns.
# A read was performed on address 801f (hex) of port B while a write was requested to the same address on port A.  The write will be successful however the read value on port B is unknown until the next CLKB cycle.
# Memory Collision Error on RAMB36E1 : tb_top.U_PCIE_IF_GX.GROUP_DN[0].U_PCIE_DN_CPLD_DPK.U_DBUF.U0.<protected>.<protected>.<protected>.<protected>.<protected>.<protected>.gen_tdp.INT_RAMB_TDP.chk_for_col_msg at simulation time 122.000 ns.
# A read was performed on address 801f (hex) of port B while a write was requested to the same address on port A.  The write will be successful however the read value on port B is unknown until the next CLKB cycle.
# Memory Collision Error on RAMB36E1 : tb_top.U_PCIE_IF_GX.GROUP_DN[0].U_PCIE_DN_CPLD_DPK.U_DBUF.U0.<protected>.<protected>.<protected>.<protected>.<protected>.<protected>.gen_tdp.INT_RAMB_TDP.chk_for_col_msg at simulation time 122.000 ns.
# A read was performed on address 801f (hex) of port B while a write was requested to the same address on port A.  The write will be successful however the read value on port B is unknown until the next CLKB cycle.
# Memory Collision Error on RAMB36E1 : tb_top.U_PCIE_IF_GX.GROUP_DN[1].U_PCIE_DN_CPLD_DPK.U_DBUF.U0.<protected>.<protected>.<protected>.<protected>.<protected>.<protected>.gen_tdp.INT_RAMB_TDP.chk_for_col_msg at simulation time 126.000 ns.
# A read was performed on address 801f (hex) of port B while a write was requested to the same address on port A.  The write will be successful however the read value on port B is unknown until the next CLKB cycle.
# Memory Collision Error on RAMB36E1 : tb_top.U_PCIE_IF_GX.GROUP_DN[1].U_PCIE_DN_CPLD_DPK.U_DBUF.U0.<protected>.<protected>.<protected>.<protected>.<protected>.<protected>.gen_tdp.INT_RAMB_TDP.chk_for_col_msg at simulation time 126.000 ns.
# A read was performed on address 801f (hex) of port B while a write was requested to the same address on port A.  The write will be successful however the read value on port B is unknown until the next CLKB cycle.
# Memory Collision Error on RAMB36E1 : tb_top.U_PCIE_IF_GX.GROUP_DN[0].U_PCIE_DN_CPLD_DPK.U_DBUF.U0.<protected>.<protected>.<protected>.<protected>.<protected>.<protected>.gen_tdp.INT_RAMB_TDP.chk_for_col_msg at simulation time 126.000 ns.
# A read was performed on address 801f (hex) of port B while a write was requested to the same address on port A.  The write will be successful however the read value on port B is unknown until the next CLKB cycle.
# Memory Collision Error on RAMB36E1 : tb_top.U_PCIE_IF_GX.GROUP_DN[0].U_PCIE_DN_CPLD_DPK.U_DBUF.U0.<protected>.<protected>.<protected>.<protected>.<protected>.<protected>.gen_tdp.INT_RAMB_TDP.chk_for_col_msg at simulation time 126.000 ns.
# A read was performed on address 801f (hex) of port B while a write was requested to the same address on port A.  The write will be successful however the read value on port B is unknown until the next CLKB cycle.
# Memory Collision Error on RAMB36E1 : tb_top.U_PCIE_IF_GX.GROUP_DN[1].U_PCIE_DN_CPLD_DPK.U_DBUF.U0.<protected>.<protected>.<protected>.<protected>.<protected>.<protected>.gen_tdp.INT_RAMB_TDP.chk_for_col_msg at simulation time 130.000 ns.
# A read was performed on address 801f (hex) of port B while a write was requested to the same address on port A.  The write will be successful however the read value on port B is unknown until the next CLKB cycle.
# Memory Collision Error on RAMB36E1 : tb_top.U_PCIE_IF_GX.GROUP_DN[1].U_PCIE_DN_CPLD_DPK.U_DBUF.U0.<protected>.<protected>.<protected>.<protected>.<protected>.<protected>.gen_tdp.INT_RAMB_TDP.chk_for_col_msg at simulation time 130.000 ns.
# A read was performed on address 801f (hex) of port B while a write was requested to the same address on port A.  The write will be successful however the read value on port B is unknown until the next CLKB cycle.
# Memory Collision Error on RAMB36E1 : tb_top.U_PCIE_IF_GX.GROUP_DN[0].U_PCIE_DN_CPLD_DPK.U_DBUF.U0.<protected>.<protected>.<protected>.<protected>.<protected>.<protected>.gen_tdp.INT_RAMB_TDP.chk_for_col_msg at simulation time 130.000 ns.
# A read was performed on address 801f (hex) of port B while a write was requested to the same address on port A.  The write will be successful however the read value on port B is unknown until the next CLKB cycle.
# Memory Collision Error on RAMB36E1 : tb_top.U_PCIE_IF_GX.GROUP_DN[0].U_PCIE_DN_CPLD_DPK.U_DBUF.U0.<protected>.<protected>.<protected>.<protected>.<protected>.<protected>.gen_tdp.INT_RAMB_TDP.chk_for_col_msg at simulation time 130.000 ns.
# A read was performed on address 801f (hex) of port B while a write was requested to the same address on port A.  The write will be successful however the read value on port B is unknown until the next CLKB cycle.
# ---- Wait for  64 cycles end
# ---- Wait for  16 cycles
# ---- Wait for  16 cycles end
# ---- reseting by cycle
# ---- reset0   64 cycle end
# ---- Wait for  16 cycles
# ---- Wait for  16 cycles end
# ---- reseting by ns
# ---- reset1  255 ns end
# ---- Wait for  16 cycles
# ---- Wait for  16 cycles end
# ---- DRAM write PORT :0x01    ADD :0x0000000    SIZE :0x010
# ---- DRAM write end
# ---- Wait for  16 cycles
# ---- Wait for  16 cycles end
# ---- DRAM write PORT :0x01    ADD :0x0000000    SIZE :0x010
# ---- DRAM write end
# ---- Wait for  16 cycles
# ---- Wait for  16 cycles end
# ---- DRAM write PORT :0x01    ADD :0x0000000    SIZE :0x010
# ---- DRAM write end
# ---- Wait for  16 cycles
# ---- Wait for  16 cycles end
# ---- DRAM write PORT :0x01    ADD :0x0000000    SIZE :0x010
# ---- DRAM write end
# ---- Wait for  16 cycles
# ---- Wait for  16 cycles end
# ---- DRAM write PORT :0x01    ADD :0x0000000    SIZE :0x010
# ---- DRAM write end
# ---- Wait for  16 cycles
# ---- Wait for  16 cycles end
# ---- DRAM write PORT :0x01    ADD :0x0000000    SIZE :0x010
# ---- DRAM write end
# ---- Wait for  16 cycles
# ---- Wait for  16 cycles end
# ---- DRAM write PORT :0x01    ADD :0x0000000    SIZE :0x010
# ---- DRAM write end
# ---- Wait for  16 cycles
# ---- Wait for  16 cycles end
# ---- DRAM write PORT :0x01    ADD :0x0000000    SIZE :0x010
# ---- DRAM write end
# ---- Wait for  16 cycles
# ---- Wait for  16 cycles end
# ---- DRAM write PORT :0x01    ADD :0x0000000    SIZE :0x010
# ---- DRAM write end
# ---- Wait for  16 cycles
# ---- Wait for  16 cycles end
# ---- DRAM write PORT :0x01    ADD :0x0000000    SIZE :0x090
# Memory Collision Error on RAMB36E1 : tb_top.U_PCIE_IF_GX.GROUP_DN[0].U_PCIE_DN_CPLD_DPK.U_DBUF.U0.<protected>.<protected>.<protected>.<protected>.<protected>.<protected>.gen_tdp.INT_RAMB_TDP.chk_for_col_msg at simulation time 2102.000 ns.
# A read was performed on address 801f (hex) of port B while a write was requested to the same address on port A.  The write will be successful however the read value on port B is unknown until the next CLKB cycle.
# Memory Collision Error on RAMB36E1 : tb_top.U_PCIE_IF_GX.GROUP_DN[0].U_PCIE_DN_CPLD_DPK.U_DBUF.U0.<protected>.<protected>.<protected>.<protected>.<protected>.<protected>.gen_tdp.INT_RAMB_TDP.chk_for_col_msg at simulation time 2102.000 ns.
# A read was performed on address 801f (hex) of port B while a write was requested to the same address on port A.  The write will be successful however the read value on port B is unknown until the next CLKB cycle.
# ---- DRAM write end
# ---- Wait for  16 cycles
# ---- Wait for  16 cycles end
# ---- DRAM write PORT :0x01    ADD :0x0000000    SIZE :0x090
# Memory Collision Error on RAMB36E1 : tb_top.U_PCIE_IF_GX.GROUP_DN[0].U_PCIE_DN_CPLD_DPK.U_DBUF.U0.<protected>.<protected>.<protected>.<protected>.<protected>.<protected>.gen_tdp.INT_RAMB_TDP.chk_for_col_msg at simulation time 2282.000 ns.
# A read was performed on address 821f (hex) of port B while a write was requested to the same address on port A.  The write will be successful however the read value on port B is unknown until the next CLKB cycle.
# Memory Collision Error on RAMB36E1 : tb_top.U_PCIE_IF_GX.GROUP_DN[0].U_PCIE_DN_CPLD_DPK.U_DBUF.U0.<protected>.<protected>.<protected>.<protected>.<protected>.<protected>.gen_tdp.INT_RAMB_TDP.chk_for_col_msg at simulation time 2282.000 ns.
# A read was performed on address 821f (hex) of port B while a write was requested to the same address on port A.  The write will be successful however the read value on port B is unknown until the next CLKB cycle.
# ---- DRAM write end
# ---- Wait for  16 cycles
# ---- Wait for  16 cycles end
# ---- DRAM write PORT :0x01    ADD :0x0000000    SIZE :0x090
# Memory Collision Error on RAMB36E1 : tb_top.U_PCIE_IF_GX.GROUP_DN[0].U_PCIE_DN_CPLD_DPK.U_DBUF.U0.<protected>.<protected>.<protected>.<protected>.<protected>.<protected>.gen_tdp.INT_RAMB_TDP.chk_for_col_msg at simulation time 2462.000 ns.
# A read was performed on address 841f (hex) of port B while a write was requested to the same address on port A.  The write will be successful however the read value on port B is unknown until the next CLKB cycle.
# Memory Collision Error on RAMB36E1 : tb_top.U_PCIE_IF_GX.GROUP_DN[0].U_PCIE_DN_CPLD_DPK.U_DBUF.U0.<protected>.<protected>.<protected>.<protected>.<protected>.<protected>.gen_tdp.INT_RAMB_TDP.chk_for_col_msg at simulation time 2462.000 ns.
# A read was performed on address 841f (hex) of port B while a write was requested to the same address on port A.  The write will be successful however the read value on port B is unknown until the next CLKB cycle.
# ---- DRAM write end
# ---- Wait for  16 cycles
# ---- Wait for  16 cycles end
# ---- DRAM write PORT :0x01    ADD :0x0000000    SIZE :0x090
# Memory Collision Error on RAMB36E1 : tb_top.U_PCIE_IF_GX.GROUP_DN[0].U_PCIE_DN_CPLD_DPK.U_DBUF.U0.<protected>.<protected>.<protected>.<protected>.<protected>.<protected>.gen_tdp.INT_RAMB_TDP.chk_for_col_msg at simulation time 2642.000 ns.
# A read was performed on address 861f (hex) of port B while a write was requested to the same address on port A.  The write will be successful however the read value on port B is unknown until the next CLKB cycle.
# Memory Collision Error on RAMB36E1 : tb_top.U_PCIE_IF_GX.GROUP_DN[0].U_PCIE_DN_CPLD_DPK.U_DBUF.U0.<protected>.<protected>.<protected>.<protected>.<protected>.<protected>.gen_tdp.INT_RAMB_TDP.chk_for_col_msg at simulation time 2642.000 ns.
# A read was performed on address 861f (hex) of port B while a write was requested to the same address on port A.  The write will be successful however the read value on port B is unknown until the next CLKB cycle.
# ---- DRAM write end
# ---- Wait for  16 cycles
# ---- Wait for  16 cycles end
# ---- DRAM write PORT :0x01    ADD :0x0000000    SIZE :0x090
# Memory Collision Error on RAMB36E1 : tb_top.U_PCIE_IF_GX.GROUP_DN[0].U_PCIE_DN_CPLD_DPK.U_DBUF.U0.<protected>.<protected>.<protected>.<protected>.<protected>.<protected>.gen_tdp.INT_RAMB_TDP.chk_for_col_msg at simulation time 2822.000 ns.
# A read was performed on address 881f (hex) of port B while a write was requested to the same address on port A.  The write will be successful however the read value on port B is unknown until the next CLKB cycle.
# Memory Collision Error on RAMB36E1 : tb_top.U_PCIE_IF_GX.GROUP_DN[0].U_PCIE_DN_CPLD_DPK.U_DBUF.U0.<protected>.<protected>.<protected>.<protected>.<protected>.<protected>.gen_tdp.INT_RAMB_TDP.chk_for_col_msg at simulation time 2822.000 ns.
# A read was performed on address 881f (hex) of port B while a write was requested to the same address on port A.  The write will be successful however the read value on port B is unknown until the next CLKB cycle.
# ---- DRAM write end
# ---- Wait for  16 cycles
# ---- Wait for  16 cycles end
# ---- DRAM write PORT :0x01    ADD :0x0000000    SIZE :0x090
# Memory Collision Error on RAMB36E1 : tb_top.U_PCIE_IF_GX.GROUP_DN[0].U_PCIE_DN_CPLD_DPK.U_DBUF.U0.<protected>.<protected>.<protected>.<protected>.<protected>.<protected>.gen_tdp.INT_RAMB_TDP.chk_for_col_msg at simulation time 3002.000 ns.
# A read was performed on address 8a1f (hex) of port B while a write was requested to the same address on port A.  The write will be successful however the read value on port B is unknown until the next CLKB cycle.
# Memory Collision Error on RAMB36E1 : tb_top.U_PCIE_IF_GX.GROUP_DN[0].U_PCIE_DN_CPLD_DPK.U_DBUF.U0.<protected>.<protected>.<protected>.<protected>.<protected>.<protected>.gen_tdp.INT_RAMB_TDP.chk_for_col_msg at simulation time 3002.000 ns.
# A read was performed on address 8a1f (hex) of port B while a write was requested to the same address on port A.  The write will be successful however the read value on port B is unknown until the next CLKB cycle.
# ---- DRAM write end
# ---- Wait for  16 cycles
# ---- Wait for  16 cycles end
# ---- DRAM write PORT :0x01    ADD :0x0000000    SIZE :0x090
# Memory Collision Error on RAMB36E1 : tb_top.U_PCIE_IF_GX.GROUP_DN[0].U_PCIE_DN_CPLD_DPK.U_DBUF.U0.<protected>.<protected>.<protected>.<protected>.<protected>.<protected>.gen_tdp.INT_RAMB_TDP.chk_for_col_msg at simulation time 3182.000 ns.
# A read was performed on address 8c1f (hex) of port B while a write was requested to the same address on port A.  The write will be successful however the read value on port B is unknown until the next CLKB cycle.
# Memory Collision Error on RAMB36E1 : tb_top.U_PCIE_IF_GX.GROUP_DN[0].U_PCIE_DN_CPLD_DPK.U_DBUF.U0.<protected>.<protected>.<protected>.<protected>.<protected>.<protected>.gen_tdp.INT_RAMB_TDP.chk_for_col_msg at simulation time 3182.000 ns.
# A read was performed on address 8c1f (hex) of port B while a write was requested to the same address on port A.  The write will be successful however the read value on port B is unknown until the next CLKB cycle.
# ---- DRAM write end
# ---- Wait for  16 cycles
# ---- Wait for  16 cycles end
# ---- DRAM write PORT :0x01    ADD :0x0000000    SIZE :0x090
# Memory Collision Error on RAMB36E1 : tb_top.U_PCIE_IF_GX.GROUP_DN[0].U_PCIE_DN_CPLD_DPK.U_DBUF.U0.<protected>.<protected>.<protected>.<protected>.<protected>.<protected>.gen_tdp.INT_RAMB_TDP.chk_for_col_msg at simulation time 3362.000 ns.
# A read was performed on address 8e1f (hex) of port B while a write was requested to the same address on port A.  The write will be successful however the read value on port B is unknown until the next CLKB cycle.
# Memory Collision Error on RAMB36E1 : tb_top.U_PCIE_IF_GX.GROUP_DN[0].U_PCIE_DN_CPLD_DPK.U_DBUF.U0.<protected>.<protected>.<protected>.<protected>.<protected>.<protected>.gen_tdp.INT_RAMB_TDP.chk_for_col_msg at simulation time 3362.000 ns.
# A read was performed on address 8e1f (hex) of port B while a write was requested to the same address on port A.  The write will be successful however the read value on port B is unknown until the next CLKB cycle.
# ---- DRAM write end
# ---- Wait for 255 cycles
# ---- Wait for 255 cycles end
# ---- Wait for   8 us
# ---- Wait           1 us of   8 us
# ---- Wait           2 us of   8 us
# ---- Wait           3 us of   8 us
# ---- Wait           4 us of   8 us
# ---- Wait           5 us of   8 us
# ---- Wait           6 us of   8 us
# ---- Wait           7 us of   8 us
# ---- Wait           8 us of   8 us
# ---- Wait for   8 us end
# ---- tb_02 test completed !
#  
# ******<<<<<<<<<<<<<<<<<<<<Simulation tb_02 Successful End>>>>>>>>>>>>>>>>>>> ******
#  
# End time: 14:00:19 on Mar 17,2025, Elapsed time: 0:01:15
# Errors: 0, Warnings: 9
